0
238402
318631
359668
416181
470878
500707
523061
523062
547997
700145
1808565
1808566
1808567
1836345
1836347
1836349
1836351
1836352
1836354
1836356
1836358
1836359
1836360
1836361
1836362
1836364
1836366
1836367
1836368
1836370
1836372
1836374
1836376
1836378
1836380
1836381
1836382
1836383
1836385
1836387
1836389
1836391
1836392
1836394
1836396
1836398
1836400
1836401
1836403
1836481
1836565
1836566
1836567
1836568
1836569
1836570
1836571
1836572
1836573
1836574
1836575
1836576
1836577
1836578
1836579
1836580
1836581
1836582
1836653
1836654
1836719
1836787
1836788
1836789
1836790
1836791
1836792
1836793
1836855
1836924
1836992
1836993
1837061
1837129
1837203
1837273
1837343
1837418
1837420
1837422
1837424
1837426
1837427
1837429
1837430
1837432
1837434
1837436
1837438
1837440
1837442
1837444
1837446
1837448
1837450
1837451
1837452
1837453
1837454
1837456
1837457
1837458
1837460
1837523
1837769
1837770
1837771
1837772
1837776
1837777
1837781
1837782
1837783
1837784
1837785
1837786
1837787
1837788
1837789
1837793
1837797
1837798
1837799
1837800
1837801
1837802
1837803
1837807
1837811
1837812
1837813
1837814
1837815
1837819
1837823
1837827
1837831
1837835
1837839
1837843
1837844
1837845
1837849
1837853
1837854
1837858
1837859
1837863
1837867
1837868
1837872
1837873
1837874
1837875
1837876
1837877
1837881
1837882
1837883
1837884
1837888
1837889
1837890
1837891
1837892
1837893
1837897
1837901
1837905
1837909
1837913
1837917
1837921
1837925
1837929
1837933
1837937
1837941
1837945
1837949
1837976
1837978
1837980
1837982
1837984
1837986
1837988
1837990
1837991
1837992
1837993
1837995
1837997
1837998
1837999
1838000
1838002
1838004
1838013
1838014
1838015
1838016
1838017
1838018
1838019
1838020
1838021
1838022
1838023
1838024
1838025
1838026
1838035
1838044
1838045
1838046
1838047
1838048
1838049
1838050
1838051
1838052
1838053
1838054
1838055
1838056
1838057
1838067
1838076
1838077
1838078
1838079
1838088
1838097
1838106
1838115
1838124
1838125
1838134
1838135
1838136
1838137
1838145
1838150
1838151
1838152
1838153
1838154
1838155
1838156
1838161
1838162
1838163
1838164
1838165
1838166
1838167
1838168
1838169
1838170
1838171
1838176
1838181
1838182
1838183
1838184
1838189
1838194
1838199
1838200
1838205
1838210
1838215
1838216
1838217
1838222
1838223
1838224
1838225
1838226
1838227
1838228
1838229
1838234
1838239
1838249
1838259
1838260
1838263
1838266
1838267
1838268
1838271
1838272
1838275
1838278
1838281
1838284
1838287
1838288
1838289
1838290
1838293
1838295
1838297
1838298
1838299
1838300
1838302
1838304
1838306
1838308
1838309
1838310
1838311
1838314
1838317
1838318
1838328
1838338
1838348
1838358
1838359
1838360
1838370
1838380
1838389
1838398
1838407
1838416
1838417
1838418
1838419
1838428
1838437
1838438
1838439
1838440
1838448
1838456
1838464
1838465
1838473
1838481
1838482
1838483
1838484
1838485
1838493
1838501
1838509
1838518
1838520
1838521
1838522
1838524
1838526
1838528
1838530
1838532
1838534
1838535
1838537
1838539
1838541
1838543
1838545
1838547
1838549
1838551
1838553
1838569
1838585
1838600
1838615
1838630
1838645
1838646
1838647
1838648
1838663
1838679
1838682
1838685
1838688
1838691
1838694
1838697
1838698
1838699
1838700
1838703
1838704
1838705
1838706
1838707
1838708
1838711
1838714
1838717
1838720
1838721
1838722
1838723
1838724
1838725
1838728
1838729
1838730
1838731
1838732
1838733
1838736
1838737
1838738
1838739
1838740
1838741
1838742
1838743
1838744
1838747
1838748
1838749
1838752
1838755
1838756
1838757
1838760
1838763
1838764
1838765
1838766
1838767
1838768
1838783
1838798
1838799
1838800
1838801
1838802
1838803
1838804
1838805
1838806
1838807
1838808
1838809
1838810
1838811
1838826
1838865
1838872
1838879
1838886
1838893
1838900
1838907
1838914
1838921
1838922
1838923
1838924
1838925
1838926
1838927
1838928
1838929
1838936
1838937
1838938
1838939
1838940
1838945
1838947
1838948
1838950
1838952
1838954
1838955
1838956
1838958
1838960
1838962
1838963
1838964
1838969
1838970
1838971
1838972
1838973
1838974
1838979
1838980
1838981
1838982
1838987
1838988
1838989
1838994
1838999
1839004
1839005
1839006
1839007
1839012
1839019
1839026
1839033
1839041
1839042
1839043
1839044
1839045
1839046
1839047
1839048
1839049
1839050
1839057
1839064
1839066
1839068
1839070
1839072
1839073
1839074
1839075
1839076
1839078
1839080
1839082
1839083
1839084
1839085
1839087
1839089
1839091
1839093
1839095
1839097
1839098
1839107
1839114
1839121
1839122
1839123
1839124
1839125
1839126
1839127
1839134
1839141
1839148
1839149
1839156
1839157
1839158
1839159
1839161
1839162
1839164
1839166
1839168
1839170
1839171
1839172
1839173
1839175
1839177
1839179
1839181
1839183
1839185
1839187
1839194
1839195
1839196
1839197
1839198
1839199
1839200
1839207
1839208
1839215
1839216
1839223
1839230
1839237
1839238
1839239
1839240
1839241
1839242
1839243
1839244
1839245
1839246
1839247
1839248
1839249
1839250
1839251
1839252
1839260
1839261
1839262
1839263
1839264
1839265
1839266
1839267
1839268
1839269
1839270
1839277
1839284
1839285
1839286
1839287
1839288
1839294
1839300
1839301
1839303
1839305
1839307
1839309
1839311
1839313
1839315
1839317
1839319
1839321
1839323
1839325
1839327
1839328
1839334
1839340
1839342
1839344
1839346
1839347
1839348
1839350
1839352
1839354
1839356
1839357
1839358
1839359
1839360
1839362
1839364
1839366
1839368
1839370
1839377
1839378
1839379
1839381
1839383
1839385
1839387
1839389
1839390
1839392
1839393
1839394
1839396
1839398
1839400
1839402
1839403
1839404
1839406
1839408
1839409
1839410
1839417
1839418
1839425
1839432
1839439
1839440
1839447
1839454
1839461
1839468
1839475
1839482
1839483
1839484
1839491
1839499
1839511
1839513
1839515
1839516
1839518
1839520
1839521
1839522
1839523
1839525
1839527
1839529
1839531
1839532
1839534
1839536
1839538
1839540
1839542
1839544
1839546
1839547
1839549
1839551
1839566
1839567
1839582
1839597
1839598
1839610
1839623
1839624
1839636
1839651
1839652
1839653
1839654
1839668
1839690
1839692
1839694
1839696
1839698
1839700
1839702
1839703
1839705
1839707
1839709
1839711
1839713
1839715
1839716
1839717
1839718
1839720
1839722
1839723
1839724
1839726
1839728
1839729
1839731
1839733
1839734
1839789
1839790
1839791
1839857
1839859
1839861
1839863
1839864
1839865
1839866
1839867
1839869
1839870
1839871
1839872
1839874
1839875
1839876
1839877
1839879
1839881
1839883
1839884
1839885
1839886
1839887
1839889
1839891
1839893
1839894
1839895
1839897
1839899
1839901
1839903
1839904
1839906
1839908
1839910
1839912
1839940
1839941
1839942
1839943
1839944
1839945
1839946
1839947
1839948
1839949
1839950
1839951
1839952
1839953
1839954
1839955
1839956
1839957
1839958
1839976
1839994
1840012
1840030
1840048
1840066
1840084
1840102
1840120
1840121
1840143
1840144
1840145
1840146
1840147
1840148
1840149
1840150
1840178
1840201
1840224
1840246
1840268
1840290
1840291
1840292
1840293
1840316
1840365
1840403
1840404
1840405
1840442
1840443
1840480
1840481
1840482
1840483
1840484
1840522
1840523
1840524
1840525
1840526
1840527
1840535
1840543
1840544
1840545
1840546
1840547
1840548
1840549
1840557
1840564
1840571
1840578
1840585
1840586
1840587
1840588
1840589
1840590
1840591
1840592
1840593
1840594
1840595
1840602
1840609
1840610
1840611
1840612
1840613
1840614
1840615
1840616
1840617
1840618
1840619
1840626
1840633
1840634
1840641
1840649
1840650
1840651
1840652
1840653
1840654
1840655
1840656
1840657
1840664
1840671
1840678
1840685
1840686
1840693
1840700
1840707
1840708
1840709
1840710
1840711
1840712
1840719
1840726
1840733
1840741
1840742
1840743
1840751
1840752
1840753
1840754
1840755
1840763
1840766
1840769
1840772
1840775
1840776
1840777
1840778
1840779
1840780
1840783
1840786
1840788
1840790
1840791
1840792
1840793
1840795
1840796
1840797
1840798
1840800
1840802
1840803
1840804
1840805
1840806
1840808
1840869
1840873
1840875
1840877
1840879
1840881
1840882
1840884
1840886
1840887
1840889
1840891
1840895
1840896
1840897
1840898
1840899
1840903
1840907
1840911
1840912
1840916
1840920
1840924
1840925
1840926
1840927
1840928
1840929
1840933
1840934
1840938
1840942
1840946
1840947
1840951
1840952
1840953
1840954
1840955
1840959
1840960
1840961
1840965
1840966
1840967
1840968
1840971
1840972
1840973
1840974
1840977
1840980
1840981
1840982
1840983
1840986
1840987
1840988
1840989
1840992
1840995
1840996
1840997
1840998
1841001
1841004
1841007
1841010
1841013
1841017
1841018
1841019
1841020
1841021
1841022
1841023
1841024
1841025
1841099
1841108
1841109
1841110
1841111
1841120
1841129
1841130
1841131
1841132
1841133
1841134
1841135
1841136
1841137
1841146
1841155
1841156
1841157
1841158
1841159
1841160
1841161
1841168
1841175
1841176
1841177
1841178
1841179
1841180
1841181
1841182
1841183
1841184
1841185
1841186
1841194
1841195
1841196
1841197
1841198
1841199
1841200
1841201
1841202
1841203
1841204
1841212
1841214
1841216
1841218
1841220
1841221
1841222
1841223
1841225
1841227
1841229
1841231
1841233
1841235
1841237
1841238
1841240
1841241
1841250
1841251
1841252
1841253
1841254
1841255
1841256
1841257
1841258
1841259
1841260
1841261
1841262
1841263
1841264
1841265
1841274
1841275
1841284
1841285
1841294
1841303
1841312
1841313
1841322
1841329
1841335
1841341
1841347
1841348
1841349
1841355
1841358
1841361
1841362
1841363
1841366
1841369
1841372
1841375
1841376
1841377
1841378
1841381
1841382
1841383
1841384
1841385
1841388
1841391
1841394
1841397
1841403
1841409
1841410
1841411
1841412
1841421
1841430
1841439
1841440
1841449
1841512
1841574
1841634
1841696
1841758
1841807
1841808
1841809
1841859
1841860
1841861
1841862
1841863
1841864
1841912
1841913
1841914
1841915
1841916
1841917
1841962
1841963
1841964
1841965
1841966
1841967
1842017
1842018
1842019
1842020
1842021
1842072
1842123
1842173
1842223
1842282
1842335
1842388
1842441
1842442
1842443
1842501
1842502
1842503
1842504
1842505
1842506
1842579
1842580
1842581
1842582
1842583
1842584
1842585
1842586
1842587
1842899
1842901
1842903
1842905
1842907
1842908
1842909
1842910
1842911
1842912
1842913
1842915
1842916
1842917
1842918
1842920
1842922
1842924
1842925
1842927
1842928
1842930
1842932
1842933
1842934
1842935
1842936
1842938
1842948
1842949
1842950
1842951
1842952
1842953
1842954
1842955
1842956
1842957
1842958
1842959
1842960
1842961
1842962
1842972
1842979
1842986
1842993
1842994
1842995
1842996
1842997
1842998
1842999
1843000
1843001
1843002
1843009
1843015
1843021
1843027
1843028
1843029
1843030
1843031
1843037
1843038
1843039
1843040
1843041
1843047
1843049
1843050
1843051
1843053
1843055
1843057
1843059
1843060
1843061
1843062
1843063
1843064
1843066
1843068
1843069
1843070
1843072
1843074
1843076
1843078
1843080
1843090
1843100
1843101
1843102
1843103
1843104
1843105
1843106
1843107
1843108
1843109
1843119
1843120
1843121
1843122
1843123
1843124
1843125
1843126
1843127
1843128
1843129
1843130
1843140
1843142
1843144
1843146
1843147
1843148
1843150
1843151
1843153
1843154
1843156
1843158
1843159
1843161
1843163
1843165
1843167
1843169
1843171
1843172
1843174
1843184
1843192
1843193
1843201
1843207
1843208
1843213
1843219
1843220
1843221
1843227
1843228
1843229
1843230
1843231
1843232
1843233
1843234
1843240
1843246
1843249
1843252
1843255
1843258
1843259
1843260
1843263
1843264
1843265
1843266
1843267
1843268
1843271
1843272
1843273
1843274
1843275
1843276
1843277
1843280
1843283
1843289
1843290
1843291
1843292
1843293
1843296
1843299
1843302
1843303
1843306
1843309
1843310
1843313
1843314
1843317
1843320
1843323
1843326
1843327
1843330
1843331
1843334
1843335
1843338
1843341
1843344
1843347
1843348
1843353
1843355
1843357
1843358
1843360
1843362
1843364
1843366
1843368
1843370
1843371
1843372
1843374
1843384
1843385
1843386
1843387
1843389
1843391
1843392
1843394
1843396
1843398
1843400
1843402
1843404
1843406
1843408
1843410
1843411
1843413
1843414
1843416
1843417
1843418
1843419
1843432
1843444
1843456
1843457
1843458
1843459
1843460
1843461
1843462
1843474
1843486
1843498
1843499
1843500
1843501
1843502
1843515
1843528
1843541
1843554
1843555
1843568
1843580
1843592
1843604
1843617
1843630
1843631
1843644
1843659
1843674
1843675
1843676
1843677
1843689
1843701
1843702
1843714
1843726
1843727
1843728
1843729
1843730
1843731
1843732
1843733
1843734
1843735
1843736
1843737
1843789
1843790
1843791
1843792
1843835
1843878
1843921
1843922
1843923
1843967
1843968
1843969
1843970
1843971
1843972
1843973
1843974
1843975
1843976
1843977
1843978
1843979
1843980
1843981
1843982
1843983
1844024
1844025
1844026
1844067
1844068
1844069
1844070
1844071
1844072
1844073
1844074
1844075
1844076
1844077
1844078
1844079
1844080
1844081
1844082
1844126
1844160
1844192
1844193
1844222
1844223
1844252
1844253
1844254
1844255
1844284
1844315
1844346
1844377
1844409
1844410
1844411
1844412
1844413
1844414
1844415
1844416
1844417
1844418
1844419
1844420
1844421
1844455
1844456
1844457
1844458
1844459
1844460
1844461
1844462
1844495
1844528
1844561
1844604
1844605
1844606
1844607
1844712
1844713
1844714
1844715
1844716
1844718
1844720
1844722
1844724
1844725
1844726
1844728
1844730
1844731
1844732
1844734
1844736
1844738
1844740
1844742
1844744
1844746
1844748
1844750
1844751
1844753
1844754
1844756
1844758
1844759
1844760
1844762
1844763
1844764
1844766
1844768
1844769
1844770
1844771
1844772
1844774
1844776
1844778
1844780
1844782
1844784
1844786
1844788
1844908
1844912
1844913
1844914
1844915
1844916
1844917
1844918
1844919
1844923
1844927
1844931
1844935
1844939
1844943
1844947
1844948
1844949
1844950
1844951
1844952
1844953
1844954
1844955
1844956
1844960
1844961
1844965
1844970
1844971
1844972
1844973
1844974
1844977
1844980
1844983
1844986
1844987
1844988
1844991
1844992
1844995
1844998
1845001
1845004
1845005
1845006
1845007
1845010
1845014
1845018
1845022
1845026
1845027
1845028
1845032
1845036
1845040
1845070
1845071
1845072
1845101
1845130
1845159
1845188
1845216
1845243
1845270
1845297
1845298
1845299
1845300
1845301
1845302
1845303
1845330
1845331
1845332
1845333
1845334
1845335
1845336
1845363
1845390
1845420
1845423
1845424
1845427
1845430
1845431
1845432
1845433
1845434
1845437
1845438
1845441
1845444
1845447
1845450
1845451
1845454
1845455
1845456
1845457
1845460
1845461
1845462
1845465
1845466
1845469
1845470
1845473
1845474
1845477
1845480
1845483
1845484
1845485
1845488
1845491
1845492
1845495
1845497
1845499
1845501
1845503
1845505
1845506
1845507
1845508
1845510
1845512
1845513
1845516
1845519
1845522
1845525
1845526
1845527
1845528
1845531
1845534
1845535
1845536
1845537
1845538
1845572
1845573
1845574
1845576
1845578
1845579
1845580
1845582
1845584
1845585
1845586
1845588
1845590
1845591
1845593
1845595
1845597
1845599
1845600
1845601
1845603
1845605
1845607
1845609
1845611
1845612
1845613
1845614
1845749
1845750
1845751
1845752
1845753
1845754
1845755
1845756
1845757
1845758
1845759
1845760
1845761
1845762
1845763
1845776
1845784
1845792
1845800
1845808
1845816
1845817
1845818
1845826
1845834
1845837
1845840
1845843
1845846
1845849
1845852
1845853
1845854
1845857
1845858
1845859
1845862
1845863
1845866
1845869
1845870
1845871
1845874
1845875
1845876
1845877
1845878
1845879
1845882
1845885
1845886
1845889
1845892
1845900
1845903
1845906
1845909
1845912
1845913
1845914
1845915
1845918
1845921
1845924
1845925
1845928
1845929
1845930
1845933
1845936
1845939
1845940
1845941
1845944
1845947
1845950
1845951
1845959
1845960
1845961
1845962
1845963
1845964
1845965
1845966
1845967
1845968
1845969
1845982
1845983
1845984
1845985
1845986
1845987
1845999
1846011
1846023
1846035
1846036
1846037
1846038
1846050
1846062
1846063
1846064
1846065
1846066
1846067
1846068
1846073
1846078
1846079
1846080
1846081
1846082
1846083
1846084
1846089
1846094
1846099
1846100
1846101
1846102
1846103
1846104
1846105
1846106
1846107
1846108
1846109
1846114
1846119
1846120
1846121
1846122
1846123
1846124
1846125
1846126
1846127
1846131
1846135
1846139
1846140
1846141
1846142
1846143
1846144
1846145
1846146
1846147
1846148
1846149
1846154
1846159
1846160
1846172
1846173
1846174
1846185
1846196
1846197
1846198
1846209
1846220
1846231
1846232
1846233
1846244
1846257
1846270
1846283
1846296
1846297
1846298
1846299
1846300
1846301
1846302
1846303
1846304
1846358
1846360
1846362
1846364
1846365
1846366
1846368
1846370
1846372
1846374
1846376
1846378
1846380
1846382
1846386
1846387
1846388
1846392
1846396
1846399
1846400
1846401
1846404
1846405
1846406
1846407
1846408
1846409
1846410
1846411
1846414
1846418
1846419
1846420
1846421
1846422
1846426
1846430
1846434
1846435
1846436
1846440
1846444
1846448
1846452
1846453
1846457
1846474
1846475
1846476
1846477
1846494
1846511
1846528
1846545
1846546
1846563
1846564
1846585
1846592
1846599
1846600
1846601
1846608
1846609
1846610
1846611
1846612
1846619
1846626
1846633
1846640
1846647
1846648
1846655
1846662
1846669
1846670
1846671
1846672
1846673
1846674
1846675
1846676
1846677
1846684
1846691
1846692
1846698
1846699
1846705
1846706
1846712
1846713
1846714
1846715
1846716
1846717
1846718
1846719
1846725
1846727
1846729
1846730
1846731
1846733
1846734
1846735
1846737
1846738
1846740
1846742
1846744
1846750
1846751
1846757
1846763
1846770
1846777
1846784
1846791
1846794
1846797
1846800
1846803
1846806
1846809
1846812
1846815
1846818
1846821
1846824
1846827
1846829
1846830
1846831
1846833
1846834
1846836
1846838
1846840
1846841
1846842
1846845
1846852
1846853
1846854
1846855
1847022
1847024
1847025
1847026
1847027
1847029
1847031
1847032
1847034
1847036
1847037
1847039
1847040
1847041
1847042
1847043
1847045
1847048
1847051
1847054
1847055
1847056
1847057
1847058
1847061
1847062
1847063
1847064
1847065
1847066
1847067
1847068
1847071
1847074
1847077
1847080
1847083
1847086
1847087
1847088
1847089
1847090
1847091
1847092
1847095
1847096
1847099
1847102
1847105
1847106
1847107
1847108
1847109
1847153
1847157
1847161
1847165
1847166
1847167
1847168
1847169
1847170
1847171
1847175
1847179
1847180
1847181
1847182
1847183
1847184
1847185
1847189
1847193
1847197
1847201
1847205
1847209
1847213
1847214
1847215
1847216
1847217
1847221
1847225
1847229
1847230
1847231
1847232
1847233
1847234
1847235
1847236
1847240
1847241
1847242
1847243
1847247
1847248
1847252
1847256
1847260
1847261
1847262
1847263
1847264
1847265
1847269
1847273
1847274
1847278
1847279
1847283
1847284
1847285
1847286
1847287
1847291
1847320
1847348
1847372
1847373
1847374
1847375
1847376
1847377
1847378
1847379
1847403
1847429
1847454
1847455
1847480
1847506
1847557
1847558
1847559
1847560
1847561
1847562
1847563
1847564
1847565
1847566
1847567
1847608
1847610
1847612
1847614
1847616
1847618
1847620
1847622
1847624
1847626
1847627
1847628
1847629
1847630
1847631
1847633
1847635
1847637
1847639
1847641
1847643
1847645
1847647
1847648
1847649
1847651
1847653
1847655
1847657
1847659
1847661
1847662
1847664
1847666
1847667
1847669
1847671
1847673
1847675
1847677
1847679
1847681
1847683
1847685
1847687
1847689
1847691
1847693
1847695
1847697
1847698
1847699
1847743
1847775
1847782
1847789
1847796
1847797
1847804
1847811
1847812
1847813
1847814
1847815
1847816
1847817
1847824
1847831
1847832
1847833
1847834
1847835
1847836
1847837
1847838
1847845
1847846
1847847
1847848
1847849
1847850
1847851
1847852
1847853
1847854
1847855
1847862
1847869
1847876
1847883
1847884
1847885
1847886
1847887
1847888
1847895
1847902
1847909
1847916
1847917
1847918
1847919
1847920
1847921
1847928
1847935
1847936
1847943
1847944
1847945
1847946
1847953
1847960
1847967
1847969
1847971
1847973
1847975
1847977
1847979
1847981
1847983
1847985
1847986
1847987
1847988
1847989
1847990
1847991
1847993
1847994
1847996
1848003
1848004
1848005
1848006
1848013
1848020
1848027
1848028
1848029
1848030
1848037
1848108
1848109
1848119
1848129
1848139
1848149
1848150
1848160
1848161
1848171
1848181
1848182
1848192
1848202
1848212
1848222
1848223
1848224
1848225
1848235
1848236
1848237
1848238
1848239
1848240
1848241
1848242
1848243
1848244
1848245
1848246
1848256
1848258
1848259
1848261
1848263
1848265
1848267
1848268
1848270
1848272
1848274
1848276
1848277
1848278
1848279
1848280
1848281
1848291
1848292
1848293
1848303
1848305
1848307
1848309
1848311
1848313
1848315
1848317
1848319
1848321
1848323
1848325
1848326
1848327
1848328
1848330
1848332
1848334
1848336
1848338
1848340
1848350
1848351
1848352
1848353
1848354
1848355
1848356
1848357
1848358
1848359
1848360
1848361
1848371
1848381
1848391
1848401
1848411
1848412
1848413
1848423
1848433
1848443
1848444
1848454
1848456
1848457
1848459
1848460
1848461
1848463
1848465
1848467
1848468
1848469
1848470
1848472
1848474
1848475
1848477
1848479
1848489
1848490
1848491
1848492
1848493
1848494
1848504
1848505
1848506
1848516
1848608
1848612
1848613
1848614
1848618
1848619
1848620
1848624
1848625
1848626
1848630
1848634
1848636
1848638
1848640
1848642
1848644
1848645
1848646
1848647
1848648
1848650
1848651
1848653
1848654
1848656
1848657
1848659
1848663
1848664
1848665
1848666
1848667
1848671
1848672
1848673
1848674
1848675
1848679
1848683
1848687
1848691
1848701
1848711
1848712
1848713
1848723
1848724
1848734
1848735
1848736
1848737
1848738
1848748
1848758
1848759
1848760
1848761
1848762
1848763
1848773
1848777
1848778
1848779
1848780
1848781
1848782
1848786
1848787
1848788
1848789
1848790
1848791
1848792
1848793
1848794
1848795
1848799
1848803
1848807
1848808
1848809
1848810
1848811
1848812
1848813
1848817
1848821
1848822
1848823
1848824
1848825
1848826
1848827
1848828
1848831
1848832
1848833
1848834
1848835
1848836
1848837
1848838
1848848
1848849
1848850
1848851
1848852
1848853
1848854
1848855
1848856
1848857
1848858
1848859
1848860
1848861
1848862
1848872
1848873
1848874
1848875
1848876
1848877
1848878
1848879
1848880
1848881
1848882
1848883
1848884
1848885
1848886
1848897
1848902
1848907
1848912
1848917
1848922
1848925
1848928
1848929
1848932
1848935
1848938
1848941
1848944
1848947
1848950
1848953
1848956
1848959
1848960
1848961
1848964
1848967
1848970
1848973
1848974
1848975
1848978
1848981
1848982
1848988
1848989
1848990
1848991
1848993
1848994
1848996
1848998
1849000
1849002
1849004
1849006
1849007
1849009
1849010
1849015
1849016
1849017
1849018
1849019
1849020
1849021
1849022
1849023
1849024
1849025
1849043
1849044
1849045
1849046
1849047
1849048
1849051
1849052
1849053
1849054
1849055
1849056
1849057
1849058
1849061
1849062
1849063
1849064
1849065
1849066
1849069
1849072
1849075
1849076
1849079
1849082
1849085
1849086
1849087
1849088
1849089
1849092
1849093
1849094
1849097
1849100
1849111
1849112
1849113
1849114
1849115
1849116
1849117
1849118
1849119
1849120
1849131
1849142
1849153
1849164
1849175
1849186
1849187
1849188
1849189
1849193
1849194
1849198
1849202
1849203
1849207
1849211
1849212
1849213
1849214
1849218
1849222
1849224
1849226
1849228
1849230
1849232
1849233
1849234
1849236
1849237
1849238
1849240
1849244
1849248
1849252
1849256
1849260
1849264
1849281
1849282
1849283
1849284
1849285
1849286
1849287
1849288
1849289
1849290
1849291
1849292
1849293
1849294
1849295
1849296
1849297
1849298
1849311
1849313
1849315
1849317
1849319
1849321
1849323
1849324
1849325
1849327
1849329
1849330
1849332
1849334
1849336
1849338
1849340
1849342
1849344
1849357
1849370
1849373
1849374
1849375
1849376
1849377
1849378
1849379
1849380
1849383
1849384
1849385
1849386
1849387
1849388
1849391
1849392
1849393
1849394
1849395
1849396
1849399
1849402
1849403
1849404
1849405
1849406
1849409
1849412
1849415
1849418
1849419
1849422
1849425
1849426
1849427
1849430
1849431
1849434
1849437
1849440
1849443
1849457
1849471
1849485
1849499
1849500
1849501
1849515
1849529
1849543
1849544
1849545
1849585
1849586
1849587
1849588
1849589
1849590
1849591
1849592
1849593
1849594
1849595
1849596
1849597
1849606
1849607
1849608
1849611
1849614
1849615
1849618
1849619
1849620
1849621
1849622
1849625
1849626
1849629
1849630
1849633
1849636
1849637
1849638
1849639
1849640
1849641
1849642
1849643
1849646
1849649
1849652
1849655
1849663
1849664
1849665
1849666
1849667
1849668
1849669
1849670
1849671
1849679
1849687
1849695
1849703
1849711
1849719
1849727
1849728
1849729
1849737
1849738
1849746
1849754
1849762
1849763
1849764
1849765
1849766
1849767
1849768
1849769
1849770
1849778
1849787
1849796
1849826
1849827
1849828
1849829
1849830
1849831
1849860
1849861
1849862
1849863
1849864
1849865
1849866
1849867
1849896
1849925
1849926
1849955
1849981
1849982
1849983
1850006
1850029
1850052
1850075
1850101
1850130
1850293
1850296
1850299
1850300
1850301
1850302
1850303
1850306
1850307
1850310
1850311
1850312
1850313
1850314
1850317
1850318
1850319
1850320
1850321
1850324
1850325
1850328
1850329
1850332
1850335
1850336
1850337
1850338
1850339
1850340
1850341
1850344
1850347
1850350
1850351
1850352
1850353
1850354
1850355
1850358
1850359
1850360
1850361
1850362
1850363
1850366
1850369
1850427
1850428
1850429
1850516
1850517
1850518
1850519
1850520
1850521
1850522
1850523
1850524
1850525
1850526
1850527
1850528
1850529
1850617
1850625
1850626
1850628
1850630
1850632
1850634
1850636
1850638
1850640
1850642
1850644
1850646
1850648
1850650
1850652
1850654
1850656
1850658
1850660
1850668
1850669
1850670
1850671
1850679
1850687
1850695
1850697
1850699
1850701
1850702
1850703
1850705
1850707
1850709
1850711
1850713
1850715
1850717
1850718
1850719
1850720
1850722
1850724
1850736
1850748
1850760
1850772
1850784
1850796
1850807
1850808
1850819
1850830
1850841
1850852
1850863
1850874
1850885
1850886
1850887
1850888
1850889
1850890
1850891
1850892
1850893
1850905
1850916
1850927
1850938
1850939
1850940
1850951
1850963
1850975
1850986
1850987
1850998
1851009
1851020
1851021
1851022
1851023
1851024
1851025
1851026
1851027
1851038
1851039
1851050
1851051
1851062
1851073
1851084
1851095
1851096
1851097
1851108
1851119
1851130
1851141
1851152
1851164
1851165
1851166
1851167
1851168
1851169
1851170
1851171
1851172
1851173
1851185
1851186
1851187
1851188
1851189
1851190
1851191
1851192
1851204
1851216
1851217
1851229
1851230
1851231
1851232
1851233
1851234
1851235
1851236
1851237
1851238
1851239
1851240
1851252
1851264
1851265
1851266
1851267
1851268
1851269
1851270
1851271
1851272
1851273
1851274
1851275
1851276
1851277
1851287
1851290
1851293
1851296
1851297
1851298
1851299
1851300
1851301
1851302
1851305
1851306
1851307
1851308
1851309
1851310
1851311
1851312
1851315
1851318
1851321
1851324
1851327
1851333
1851339
1851345
1851351
1851352
1851353
1851354
1851355
1851361
1851367
1851373
1851379
1851385
1851386
1851387
1851393
1851399
1851405
1851411
1851417
1851423
1851424
1851425
1851431
1851437
1851443
1851449
1851450
1851451
1851452
1851453
1851454
1851455
1851542
1851543
1851544
1851545
1851547
1851548
1851550
1851552
1851554
1851555
1851557
1851559
1851562
1851565
1851566
1851569
1851570
1851571
1851572
1851573
1851576
1851579
1851580
1851581
1851582
1851583
1851584
1851585
1851586
1851587
1851589
1851592
1851595
1851598
1851601
1851602
1851603
1851606
1851609
1851610
1851611
1851614
1851639
1851641
1851643
1851645
1851647
1851649
1851650
1851651
1851653
1851655
1851657
1851658
1851659
1851661
1851663
1851667
1851671
1851675
1851679
1851683
1851684
1851685
1851686
1851687
1851688
1851689
1851690
1851691
1851695
1851699
1851703
1851707
1851711
1851715
1851716
1851720
1851721
1851725
1851729
1851730
1851731
1851732
1851736
1851740
1851744
1851748
1851762
1851763
1851775
1851776
1851788
1851800
1851801
1851813
1851825
1851826
1851839
1851853
1851854
1851855
1851856
1851857
1851858
1851859
1851860
1851861
1851862
1851863
1851864
1851865
1851866
1851867
1851868
1851882
1851883
1851884
1851948
1851949
1851950
1851951
1851952
1851953
1851954
1851955
1851956
1851957
1851958
1851959
1851960
1851961
1851962
1851963
1851964
1851965
1851966
1851967
1851968
1852074
1852076
1852078
1852080
1852082
1852083
1852084
1852085
1852087
1852089
1852091
1852092
1852093
1852094
1852095
1852096
1852098
1852100
1852101
1852103
1852110
1852111
1852115
1852119
1852123
1852124
1852125
1852126
1852130
1852134
1852137
1852139
1852141
1852143
1852145
1852146
1852148
1852150
1852152
1852153
1852154
1852155
1852157
1852160
1852163
1852164
1852167
1852170
1852174
1852175
1852176
1852177
1852184
1852191
1852198
1852199
1852200
1852201
1852202
1852203
1852204
1852205
1852206
1852207
1852208
1852215
1852222
1852223
1852224
1852225
1852226
1852227
1852228
1852229
1852230
1852231
1852232
1852233
1852234
1852241
1852248
1852249
1852256
1852265
1852266
1852267
1852269
1852271
1852273
1852275
1852277
1852279
1852281
1852282
1852283
1852284
1852285
1852286
1852287
1852289
1852291
1852293
1852294
1852296
1852298
1852300
1852309
1852310
1852405
1852406
1852407
1852408
1852409
1852410
1852411
1852412
1852413
1852414
1852419
1852420
1852421
1852426
1852431
1852432
1852437
1852442
1852447
1852452
1852453
1852458
1852459
1852464
1852465
1852466
1852467
1852472
1852477
1852482
1852487
1852488
1852489
1852490
1852491
1852492
1852501
1852510
1852511
1852520
1852522
1852524
1852526
1852527
1852529
1852530
1852532
1852534
1852536
1852538
1852540
1852542
1852543
1852544
1852546
1852548
1852550
1852552
1852561
1852569
1852574
1852579
1852580
1852581
1852582
1852583
1852587
1852592
1852597
1852602
1852604
1852606
1852608
1852610
1852612
1852614
1852616
1852618
1852620
1852622
1852623
1852624
1852629
1852630
1852631
1852632
1852633
1852634
1852635
1852640
1852645
1852646
1852651
1852656
1852661
1852666
1852674
1852682
1852690
1852698
1852706
1852714
1852715
1852716
1852724
1852735
1852740
1852745
1852746
1852747
1852748
1852749
1852750
1852751
1852756
1852761
1852762
1852767
1852772
1852777
1852778
1852779
1852780
1852781
1852782
1852787
1852792
1852793
1852794
1852795
1852796
1852797
1852798
1852804
1852805
1852806
1852807
1852808
1852809
1852810
1852815
1852820
1852821
1852822
1852827
1852828
1852829
1852830
1852831
1852832
1852833
1852838
1852843
1852844
1852849
1852850
1852855
1852856
1852857
1852858
1852859
1852860
1852861
1852862
1852863
1852864
1852869
1852874
1852875
1852876
1852886
1852888
1852890
1852892
1852894
1852895
1852896
1852897
1852899
1852901
1852903
1852905
1852907
1852909
1852911
1852913
1852915
1852924
1852925
1852926
1852927
1852928
1852929
1852930
1852939
1852940
1852941
1852950
1852959
1852968
1852977
1852986
1852995
1853004
1853012
1853013
1853014
1853015
1853016
1853017
1853018
1853019
1853020
1853029
1853038
1853039
1853040
1853041
1853050
1853059
1853068
1853069
1853070
1853071
1853072
1853073
1853074
1853075
1853076
1853077
1853078
1853087
1853096
1853097
1853098
1853099
1853108
1853117
1853118
1853119
1853120
1853121
1853122
1853123
1853124
1853125
1853126
1853127
1853128
1853129
1853235
1853236
1853239
1853240
1853241
1853242
1853243
1853244
1853247
1853248
1853249
1853250
1853251
1853252
1853253
1853256
1853257
1853258
1853259
1853260
1853261
1853262
1853265
1853268
1853269
1853272
1853275
1853276
1853277
1853278
1853279
1853280
1853281
1853284
1853285
1853286
1853287
1853288
1853289
1853290
1853293
1853294
1853295
1853296
1853297
1853298
1853299
1853300
1853301
1853365
1853367
1853369
1853370
1853372
1853374
1853376
1853378
1853379
1853381
1853383
1853385
1853387
1853388
1853390
1853399
1853400
1853402
1853403
1853405
1853407
1853408
1853409
1853410
1853412
1853414
1853415
1853416
1853418
1853420
1853422
1853424
1853425
1853427
1853428
1853430
1853431
1853433
1853435
1853436
1853438
1853439
1853441
1853442
1853444
1853455
1853456
1853457
1853458
1853459
1853460
1853461
1853462
1853463
1853466
1853467
1853468
1853469
1853470
1853471
1853472
1853473
1853474
1853477
1853480
1853481
1853484
1853487
1853488
1853491
1853494
1853497
1853500
1853503
1853513
1853523
1853533
1853534
1853535
1853536
1853537
1853538
1853548
1853549
1853550
1853551
1853552
1853564
1853565
1853566
1853567
1853568
1853569
1853570
1853571
1853572
1853573
1853574
1853575
1853586
1853587
1853588
1853589
1853590
1853591
1853592
1853593
1853604
1853615
1853617
1853619
1853620
1853621
1853622
1853624
1853626
1853628
1853629
1853630
1853631
1853633
1853635
1853637
1853639
1853641
1853643
1853645
1853646
1853657
1853658
1853659
1853660
1853661
1853662
1853663
1853664
1853665
1853666
1853667
1853668
1853669
1853670
1853681
1853682
1853683
1853694
1853705
1853716
1853727
1853728
1853739
1853740
1853751
1853762
1853763
1853774
1853785
1853839
1853840
1853841
1853872
1853903
1853908
1853909
1853910
1853911
1853916
1853921
1853926
1853927
1853928
1853929
1853930
1853931
1853932
1853937
1853942
1853947
1853950
1853953
1853956
1853958
1853959
1853961
1853963
1853965
1853967
1853969
1853970
1853972
1853974
1853976
1853977
1853979
1853982
1853985
1853988
1853991
1853994
1853997
1854000
1854005
1854010
1854011
1854012
1854013
1854014
1854019
1854020
1854025
1854026
1854031
1854032
1854033
1854034
1854035
1854036
1854037
1854042
1854047
1854052
1854054
1854056
1854057
1854059
1854061
1854063
1854065
1854067
1854069
1854071
1854073
1854078
1854083
1854088
1854089
1854090
1854091
1854092
1854093
1854094
1854121
1854122
1854123
1854124
1854125
1854126
1854153
1854154
1854155
1854156
1854157
1854158
1854159
1854160
1854161
1854187
1854212
1854213
1854238
1854239
1854264
1854265
1854266
1854267
1854268
1854269
1854270
1854271
1854272
1854273
1854274
1854275
1854364
1854375
1854386
1854397
1854398
1854409
1854420
1854421
1854422
1854423
1854424
1854425
1854435
1854446
1854447
1854448
1854449
1854450
1854451
1854452
1854453
1854454
1854465
1854476
1854487
1854488
1854499
1854510
1854521
1854522
1854523
1854524
1854525
1854526
1854527
1854528
1854539
1854540
1854541
1854542
1854543
1854544
1854548
1854549
1854550
1854551
1854552
1854553
1854557
1854558
1854562
1854563
1854564
1854565
1854566
1854567
1854571
1854575
1854576
1854577
1854581
1854585
1854589
1854590
1854594
1854595
1854596
1854600
1854604
1854605
1854606
1854610
1854611
1854612
1854616
1854620
1854624
1854635
1854639
1854643
1854647
1854648
1854652
1854653
1854654
1854657
1854660
1854661
1854662
1854665
1854668
1854671
1854672
1854675
1854678
1854681
1854684
1854685
1854686
1854687
1854688
1854691
1854695
1854696
1854697
1854698
1854699
1854700
1854704
1854705
1854706
1854707
1854708
1854709
1854721
1854722
1854723
1854726
1854727
1854730
1854733
1854736
1854739
1854742
1854745
1854746
1854749
1854752
1854753
1854754
1854755
1854756
1854759
1854761
1854763
1854765
1854767
1854769
1854770
1854771
1854772
1854773
1854775
1854786
1854787
1854788
1854789
1854800
1854801
1854812
1854823
1854824
1854835
1854887
1854888
1854889
1854890
1854891
1854892
1854893
1854894
1854895
1854896
1854897
1854956
1854998
1854999
1855042
1855085
1855086
1855087
1855088
1855089
1855130
1855171
1855211
1855252
1855293
1855294
1855295
1855296
1855339
1855340
1855341
1855342
1855343
1855344
1855345
1855346
1855350
1855354
1855355
1855359
1855362
1855363
1855364
1855365
1855366
1855367
1855370
1855373
1855376
1855379
1855380
1855381
1855382
1855383
1855384
1855385
1855386
1855390
1855391
1855395
1855397
1855399
1855400
1855401
1855403
1855405
1855406
1855407
1855409
1855410
1855411
1855412
1855414
1855416
1855420
1855424
1855425
1855426
1855427
1855431
1855435
1855436
1855440
1855461
1855462
1855463
1855464
1855485
1855506
1855507
1855508
1855529
1855551
1855552
1855553
1855554
1855555
1855556
1855559
1855562
1855563
1855564
1855565
1855568
1855570
1855571
1855573
1855575
1855577
1855579
1855580
1855582
1855584
1855585
1855588
1855591
1855592
1855593
1855594
1855595
1855596
1855597
1855598
1855601
1855604
1855607
1855610
1855613
1855616
1855619
1855622
1855625
1855628
1855631
1855634
1855635
1855636
1855637
1855638
1855639
1855640
1855641
1855642
1855643
1855646
1855649
1855652
1855653
1855654
1855676
1855696
1855716
1855736
1855756
1855757
1855758
1855759
1855760
1855761
1855781
1855801
1855821
1855841
1855861
1855862
1855863
1855864
1855865
1855866
1855867
1855868
1855869
1855890
1855891
1855892
1855893
1855894
1855895
1855918
1855919
1855941
1855963
1855984
1855985
1855986
1855987
1855988
1855989
1855990
1856012
1856034
1856035
1856036
1856037
1856038
1856039
1856059
1856061
1856062
1856063
1856064
1856065
1856066
1856068
1856070
1856072
1856073
1856075
1856077
1856079
1856080
1856081
1856082
1856084
1856086
1856088
1856095
1856102
1856109
1856116
1856123
1856130
1856137
1856144
1856151
1856158
1856165
1856166
1856173
1856180
1856187
1856194
1856200
1856206
1856207
1856213
1856219
1856225
1856226
1856227
1856228
1856231
1856232
1856233
1856234
1856235
1856238
1856241
1856244
1856245
1856248
1856249
1856250
1856251
1856254
1856257
1856258
1856259
1856262
1856265
1856266
1856267
1856268
1856269
1856270
1856276
1856285
1856294
1856303
1856304
1856313
1856334
1856338
1856342
1856346
1856350
1856354
1856355
1856356
1856357
1856358
1856359
1856360
1856361
1856365
1856366
1856367
1856368
1856372
1856373
1856374
1856375
1856379
1856383
1856387
1856389
1856391
1856393
1856395
1856397
1856399
1856400
1856402
1856404
1856406
1856408
1856410
1856412
1856413
1856417
1856421
1856424
1856427
1856428
1856429
1856430
1856433
1856436
1856437
1856438
1856439
1856440
1856441
1856442
1856445
1856446
1856447
1856448
1856449
1856450
1856451
1856472
1856476
1856480
1856481
1856483
1856484
1856486
1856488
1856489
1856491
1856493
1856495
1856497
1856499
1856503
1856504
1856505
1856506
1856507
1856508
1856509
1856510
1856511
1856515
1856519
1856520
1856524
1856528
1856530
1856532
1856533
1856534
1856536
1856538
1856540
1856541
1856542
1856544
1856545
1856546
1856547
1856551
1856555
1856556
1856560
1856561
1856562
1856563
1856567
1856571
1856572
1856573
1856574
1856575
1856576
1856577
1856578
1856597
1856598
1856617
1856618
1856645
1856669
1856693
1856717
1856742
1856743
1856766
1856789
1856812
1856813
1856836
1856837
1856838
1856840
1856842
1856844
1856846
1856848
1856850
1856852
1856854
1856856
1856858
1856860
1856862
1856863
1856864
1856866
1856867
1856868
1856936
1856937
1856938
1856984
1856985
1856986
1856987
1856988
1856989
1856990
1856991
1856992
1856993
1856994
1856995
1856996
1856997
1856998
1856999
1857000
1857052
1857053
1857054
1857055
1857056
1857057
1857058
1857059
1857060
1857061
1857062
1857063
1857064
1857065
1857066
1857116
1857164
1857210
1857258
1857259
1857260
1857261
1857262
1857310
1857312
1857314
1857315
1857317
1857318
1857319
1857321
1857323
1857324
1857325
1857327
1857329
1857331
1857333
1857335
1857336
1857338
1857340
1857341
1857342
1857343
1857345
1857346
1857347
1857348
1857402
1857758
1857759
1857760
1857761
1857762
1857763
1857764
1857765
1857768
1857771
1857774
1857775
1857778
1857781
1857782
1857783
1857784
1857785
1857786
1857789
1857792
1857795
1857798
1857801
1857802
1857803
1857804
1857805
1857806
1857809
1857812
1857815
1857818
1857819
1857820
1857821
1857824
1857825
1857826
1857827
1857828
1857829
1857832
1857833
1857834
1857863
1857865
1857867
1857869
1857870
1857872
1857873
1857875
1857877
1857879
1857880
1857881
1857882
1857884
1857886
1857888
1857890
1857892
1857894
1857896
1857898
1857900
1857902
1857904
1857925
1857926
1857927
1857928
1857949
1857950
1857951
1857952
1857953
1857954
1857955
1857956
1857957
1857958
1857959
1857960
1857961
1857962
1857983
1858004
1858025
1858046
1858067
1858088
1858109
1858130
1858151
1858172
1858193
1858214
1858235
1858265
1858266
1858296
1858324
1858352
1858380
1858408
1858438
1858468
1858498
1858528
1858529
1858530
1858560
1858589
1858590
1858619
1858648
1858683
1858691
1858699
1858701
1858703
1858705
1858707
1858709
1858711
1858713
1858715
1858717
1858718
1858720
1858722
1858724
1858726
1858728
1858730
1858732
1858740
1858743
1858746
1858749
1858752
1858755
1858756
1858757
1858758
1858759
1858760
1858761
1858764
1858767
1858770
1858771
1858774
1858777
1858780
1858783
1858784
1858787
1858788
1858789
1858790
1858791
1858792
1858800
1858801
1858802
1858803
1858804
1858805
1858806
1858807
1858808
1858809
1858815
1858816
1858817
1858818
1858819
1858820
1858821
1858822
1858823
1858829
1858835
1858841
1858842
1858848
1858849
1858855
1858857
1858859
1858860
1858861
1858863
1858865
1858866
1858868
1858870
1858871
1858872
1858874
1858880
1858881
1858882
1858883
1858885
1858887
1858888
1858890
1858891
1858893
1858894
1858895
1858896
1858898
1858899
1858900
1858906
1858907
1858908
1858909
1858910
1858911
1858912
1858913
1858914
1858915
1858921
1858922
1858923
1858924
1858925
1858926
1858932
1858933
1858968
1858972
1858976
1858977
1858978
1858979
1858980
1858984
1858985
1858986
1858987
1858988
1858989
1858993
1858994
1858998
1859002
1859006
1859010
1859011
1859012
1859016
1859020
1859021
1859025
1859028
1859031
1859034
1859035
1859038
1859041
1859042
1859043
1859046
1859047
1859050
1859051
1859052
1859055
1859056
1859057
1859058
1859059
1859060
1859063
1859066
1859070
1859074
1859078
1859079
1859080
1859081
1859082
1859083
1859084
1859085
1859089
1859090
1859091
1859095
1859099
1859103
1859107
1859111
1859112
1859113
1859167
1859168
1859169
1859170
1859171
1859172
1859173
1859174
1859175
1859176
1859177
1859178
1859179
1859180
1859181
1859182
1859183
1859184
1859236
1859238
1859240
1859242
1859244
1859246
1859248
1859249
1859251
1859253
1859255
1859256
1859258
1859260
1859261
1859262
1859263
1859264
1859265
1859267
1859269
1859271
1859272
1859274
1859276
1859277
1859278
1859280
1859282
1859284
1859286
1859287
1859289
1859341
1859342
1859343
1859395
1859452
1859455
1859456
1859459
1859460
1859463
1859466
1859469
1859472
1859475
1859478
1859481
1859482
1859483
1859486
1859489
1859492
1859493
1859494
1859495
1859496
1859497
1859498
1859499
1859502
1859505
1859508
1859511
1859514
1859517
1859520
1859523
1859524
1859525
1859526
1859527
1859528
1859531
1859532
1859535
1859538
1859541
1859544
1859545
1859546
1859547
1859550
1859551
1859552
1859553
1859554
1859555
1859558
1859559
1859562
1859563
1859564
1859565
1859566
1859567
1859568
1859569
1859572
1859573
1859574
1859575
1859576
1859577
1859578
1859579
1859582
1859583
1859584
1859587
1859588
1859589
1859590
1859591
1859592
1859593
1859594
1859597
1859598
1859599
1859600
1859601
1859604
1859607
1859608
1859611
1859613
1859615
1859616
1859617
1859618
1859619
1859621
1859622
1859623
1859624
1859625
1859628
1859631
1859634
1859683
1859729
1859776
1859823
1859824
1859825
1859826
1859827
1859828
1859829
1859830
1859831
1859832
1859833
1859834
1859835
1859836
1859837
1859838
1859839
1859840
1859899
1859900
1859901
1859902
1859903
1859904
1859905
1859906
1859907
1859908
1859909
1859910
1859911
1859912
1859913
1859914
1859915
1859916
1859969
1859970
1859971
1859972
1859974
1859975
1859976
1859977
1859979
1859981
1859983
1859985
1859986
1859987
1859989
1859991
1859993
1859995
1859997
1859998
1860000
1860002
1860003
1860057
1860058
1860059
1860060
1860064
1860065
1860066
1860070
1860071
1860075
1860076
1860077
1860078
1860079
1860080
1860084
1860085
1860086
1860087
1860088
1860092
1860096
1860100
1860101
1860102
1860103
1860104
1860105
1860106
1860107
1860108
1860112
1860116
1860117
1860118
1860122
1860126
1860130
1860131
1860132
1860133
1860134
1860135
1860139
1860143
1860147
1860148
1860149
1860150
1860151
1860152
1860153
1860157
1860161
1860162
1860163
1860167
1860171
1860172
1860173
1860174
1860175
1860177
1860179
1860180
1860181
1860182
1860183
1860185
1860227
1860264
1860301
1860338
1860375
1860412
1860413
1860414
1860451
1860489
1860490
1860491
1860492
1860493
1860494
1860495
1860496
1860497
1860498
1860499
1860540
1860541
1860542
1860582
1860622
1860663
1860707
1860745
1860746
1860747
1860768
1860769
1860770
1860771
1860772
1860773
1860774
1860775
1860776
1860777
1860778
1860797
1860816
1860835
1860836
1860948
1860949
1860950
1860951
1860952
1860953
1860954
1860955
1860956
1860957
1860963
1860965
1860967
1860969
1860971
1860973
1860975
1860977
1860978
1860980
1860982
1860984
1860986
1860988
1860989
1860994
1860995
1860996
1860997
1860998
1861003
1861006
1861009
1861010
1861011
1861012
1861013
1861014
1861017
1861020
1861021
1861022
1861025
1861026
1861027
1861028
1861031
1861034
1861035
1861036
1861037
1861040
1861041
1861042
1861043
1861048
1861049
1861050
1861051
1861052
1861058
1861064
1861070
1861076
1861082
1861088
1861089
1861090
1861096
1861097
1861098
1861099
1861100
1861101
1861102
1861103
1861104
1861105
1861106
1861112
1861120
1861123
1861126
1861129
1861130
1861131
1861133
1861135
1861137
1861139
1861141
1861143
1861145
1861147
1861149
1861150
1861151
1861152
1861155
1861158
1861159
1861167
1861175
1861183
1861191
1861192
1861193
1861194
1861196
1861198
1861200
1861201
1861203
1861204
1861205
1861207
1861208
1861209
1861211
1861213
1861215
1861223
1861224
1861225
1861226
1861227
1861228
1861229
1861237
1861238
1861239
1861240
1861241
1861242
1861243
1861244
1861245
1861246
1861247
1861255
1861256
1861257
1861258
1861259
1861260
1861261
1861262
1861263
1861271
1861279
1861287
1861295
1861303
1861311
1861319
1861320
1861328
1861336
1861344
1861355
1861358
1861359
1861360
1861361
1861362
1861363
1861366
1861368
1861370
1861372
1861374
1861375
1861376
1861377
1861379
1861381
1861384
1861386
1861388
1861390
1861392
1861394
1861396
1861398
1861400
1861402
1861404
1861406
1861407
1861408
1861410
1861411
1861412
1861415
1861416
1861417
1861418
1861419
1861420
1861428
1861436
1861444
1861445
1861453
1861461
1861462
1861463
1861464
1861465
1861466
1861467
1861468
1861476
1861484
1861485
1861493
1861494
1861497
1861498
1861499
1861500
1861503
1861506
1861509
1861512
1861513
1861514
1861517
1861520
1861521
1861524
1861525
1861526
1861527
1861530
1861533
1861534
1861535
1861536
1861537
1861540
1861543
1861546
1861554
1861562
1861570
1861578
1861586
1861594
1861602
1861603
1861611
1861619
1861620
1861621
1861629
1861637
1861671
1861672
1861676
1861677
1861678
1861681
1861682
1861683
1861686
1861687
1861688
1861689
1861692
1861695
1861696
1861699
1861702
1861705
1861708
1861711
1861712
1861713
1861716
1861719
1861722
1861723
1861724
1861727
1861728
1861729
1861730
1861731
1861734
1861737
1861740
1861741
1861742
1861743
1861746
1861749
1861753
1861757
1861761
1861765
1861769
1861773
1861777
1861781
1861785
1861789
1861793
1861794
1861798
1861802
1861806
1861810
1861811
1861812
1861813
1861814
1861815
1861819
1861820
1861848
1861875
1861902
1861903
1861930
1861957
1861984
1862011
1862038
1862065
1862092
1862118
1862144
1862145
1862146
1862172
1862198
1862224
1862225
1862251
1862277
1862303
1862330
1862358
1862359
1862360
1862361
1862362
1862363
1862364
1862365
1862366
1862367
1862368
1862369
1862370
1862371
1862372
1862373
1862374
1862375
1862376
1862414
1862443
1862444
1862445
1862472
1862473
1862474
1862501
1862527
1862528
1862554
1862555
1862581
1862582
1862583
1862584
1862585
1862586
1862612
1862638
1862664
1862690
1862716
1862744
1862771
1862799
1862827
1862828
1862859
1862860
1862862
1862864
1862866
1862868
1862870
1862872
1862874
1862876
1862878
1862880
1862882
1862884
1862886
1862888
1862890
1862891
1862892
1862894
1862896
1862897
1862898
1862899
1862916
1862917
1862918
1862919
1862920
1862921
1862922
1862923
1862924
1862925
1862941
1862958
1862961
1862962
1862963
1862964
1862965
1862968
1862969
1862970
1862971
1862972
1862973
1862974
1862975
1862976
1862979
1862980
1862981
1862982
1862983
1862984
1862987
1862990
1862993
1862994
1862995
1862998
1863001
1863004
1863007
1863010
1863013
1863016
1863017
1863020
1863023
1863024
1863025
1863026
1863053
1863074
1863096
1863117
1863138
1863159
1863181
1863184
1863187
1863190
1863193
1863196
1863199
1863202
1863203
1863206
1863207
1863208
1863209
1863210
1863211
1863214
1863217
1863220
1863223
1863226
1863229
1863230
1863231
1863232
1863233
1863236
1863237
1863240
1863241
1863244
1863247
1863248
1863249
1863250
1863251
1863253
1863255
1863256
1863258
1863259
1863261
1863263
1863285
1863307
1863332
1863333
1863334
1863335
1863336
1863337
1863338
1863339
1863340
1863341
1863342
1863343
1863344
1863379
1863380
1863381
1863382
1863383
1863384
1863385
1863386
1863387
1863395
1863403
1863411
1863419
1863420
1863421
1863429
1863437
1863440
1863441
1863442
1863443
1863446
1863447
1863448
1863449
1863450
1863451
1863454
1863455
1863456
1863457
1863458
1863459
1863462
1863463
1863464
1863467
1863470
1863471
1863472
1863475
1863478
1863481
1863482
1863489
1863490
1863491
1863499
1863507
1863509
1863511
1863513
1863515
1863517
1863519
1863520
1863521
1863523
1863525
1863526
1863527
1863529
1863530
1863532
1863534
1863542
1863550
1863558
1863566
1863574
1863582
1863590
1863598
1863606
1863608
1863609
1863611
1863612
1863613
1863615
1863616
1863618
1863620
1863622
1863624
1863626
1863628
1863629
1863630
1863632
1863640
1863642
1863643
1863645
1863647
1863649
1863650
1863652
1863654
1863655
1863656
1863658
1863659
1863660
1863662
1863664
1863666
1863673
1863680
1863687
1863694
1863701
1863702
1863709
1863716
1863724
1863732
1863740
1863741
1863742
1863743
1863744
1863751
1863752
1863753
1863762
1863771
1863780
1863789
1863798
1863807
1863816
1863817
1863826
1863827
1863828
1863829
1863830
1863831
1863832
1863833
1863834
1863835
1863836
1863844
1863845
1863846
1863847
1863848
1863849
1863850
1863851
1863852
1863853
1863854
1863855
1863856
1863857
1863858
1863859
1863868
1863869
1863870
1863871
1863872
1863873
1863874
1863875
1863876
1863885
1863936
1863953
1863954
1863955
1863956
1863957
1863958
1863959
1863960
1863961
1863962
1863963
1863964
1863965
1863966
1863983
1863984
1863985
1863986
1863987
1864003
1864019
1864020
1864021
1864022
1864023
1864024
1864025
1864026
1864041
1864042
1864056
1864070
1864084
1864098
1864112
1864113
1864114
1864115
1864130
1864145
1864146
1864147
1864148
1864149
1864150
1864151
1864152
1864153
1864154
1864155
1864156
1864171
1864172
1864173
1864174
1864175
1864176
1864177
1864192
1864193
1864194
1864208
1864209
1864223
1864224
1864238
1864239
1864253
1864267
1864285
1864286
1864287
1864288
1864289
1864290
1864292
1864294
1864295
1864296
1864297
1864298
1864299
1864300
1864302
1864304
1864306
1864308
1864316
1864324
1864325
1864333
1864341
1864342
1864343
1864345
1864347
1864349
1864350
1864352
1864353
1864354
1864355
1864356
1864357
1864359
1864360
1864361
1864362
1864363
1864369
1864375
1864376
1864377
1864378
1864379
1864385
1864391
1864392
1864393
1864394
1864395
1864396
1864397
1864403
1864409
1864410
1864412
1864413
1864415
1864417
1864419
1864420
1864422
1864424
1864425
1864427
1864428
1864430
1864432
1864434
1864442
1864450
1864453
1864454
1864455
1864456
1864457
1864460
1864463
1864466
1864469
1864470
1864473
1864476
1864479
1864482
1864483
1864486
1864490
1864493
1864494
1864497
1864500
1864503
1864504
1864505
1864508
1864511
1864514
1864517
1864525
1864526
1864527
1864528
1864529
1864530
1864531
1864532
1864533
1864534
1864535
1864536
1864537
1864538
1864539
1864540
1864550
1864551
1864552
1864553
1864554
1864555
1864556
1864557
1864558
1864559
1864560
1864561
1864562
1864563
1864572
1864581
1864590
1864656
1864661
1864662
1864663
1864664
1864665
1864666
1864671
1864672
1864673
1864674
1864675
1864676
1864677
1864678
1864679
1864680
1864681
1864682
1864687
1864688
1864689
1864690
1864691
1864696
1864701
1864706
1864707
1864712
1864717
1864718
1864719
1864720
1864721
1864722
1864727
1864728
1864729
1864735
1864736
1864737
1864738
1864739
1864740
1864741
1864742
1864743
1864744
1864750
1864756
1864757
1864763
1864764
1864765
1864766
1864767
1864768
1864774
1864777
1864780
1864783
1864786
1864787
1864790
1864793
1864794
1864795
1864798
1864801
1864804
1864805
1864808
1864811
1864812
1864813
1864816
1864819
1864822
1864828
1864834
1864840
1864846
1864852
1864858
1864864
1864870
1864876
1864882
1864888
1864894
1864900
1864906
1864912
1864913
1864914
1864915
1864916
1864917
1864918
1864939
1864940
1864941
1864946
1864951
1864953
1864955
1864957
1864958
1864959
1864960
1864962
1864964
1864965
1864966
1864968
1864969
1864970
1864972
1864977
1864978
1864979
1864980
1864981
1864982
1864983
1864984
1864985
1864986
1864987
1864992
1864997
1865002
1865007
1865008
1865009
1865010
1865015
1865016
1865017
1865018
1865019
1865020
1865021
1865022
1865027
1865028
1865029
1865030
1865031
1865040
1865041
1865042
1865043
1865044
1865052
1865053
1865054
1865055
1865062
1865063
1865066
1865067
1865068
1865069
1865070
1865071
1865072
1865073
1865076
1865077
1865078
1865079
1865080
1865081
1865082
1865085
1865088
1865089
1865092
1865093
1865099
1865100
1865102
1865104
1865106
1865108
1865110
1865112
1865114
1865116
1865118
1865120
1865122
1865129
1865136
1865143
1865151
1865157
1865163
1865169
1865170
1865171
1865172
1865178
1865179
1865180
1865181
1865182
1865183
1865184
1865185
1865186
1865187
1865188
1865194
1865200
1865206
1865212
1865218
1865224
1865225
1865226
1865227
1865233
1865239
1865240
1865241
1865242
1865243
1865244
1865245
1865251
1865257
1865258
1865259
1865260
1865261
1865262
1865263
1865264
1865265
1865266
1865267
1865273
1865274
1865282
1865290
1865291
1865292
1865293
1865294
1865295
1865296
1865297
1865298
1865299
1865300
1865301
1865306
1865307
1865312
1865313
1865315
1865316
1865317
1865318
1865320
1865322
1865323
1865325
1865326
1865327
1865328
1865333
1865338
1865339
1865344
1865345
1865350
1865355
1865360
1865361
1865394
1865395
1865396
1865397
1865398
1865401
1865404
1865407
1865410
1865413
1865416
1865417
1865418
1865421
1865424
1865427
1865430
1865433
1865436
1865437
1865438
1865439
1865440
1865441
1865442
1865445
1865448
1865449
1865452
1865462
1865465
1865467
1865469
1865470
1865472
1865473
1865475
1865477
1865479
1865481
1865483
1865485
1865487
1865489
1865491
1865493
1865495
1865497
1865499
1865501
1865503
1865504
1865505
1865506
1865507
1865508
1865511
1865514
1865515
1865518
1865519
1865531
1865532
1865533
1865534
1865535
1865536
1865537
1865538
1865542
1865546
1865547
1865548
1865549
1865550
1865551
1865552
1865553
1865557
1865561
1865562
1865563
1865564
1865565
1865569
1865570
1865571
1865572
1865573
1865574
1865575
1865576
1865577
1865581
1865585
1865586
1865587
1865588
1865597
1865606
1865615
1865616
1865617
1865618
1865626
1865627
1865635
1865643
1865644
1865645
1865646
1865647
1865648
1865649
1865650
1865651
1865659
1865668
1865677
1865686
1865687
1865688
1865689
1865690
1865691
1865692
1865693
1865694
1865695
1865696
1865697
1865698
1865699
1865708
1865716
1865724
1865725
1865726
1865727
1865728
1865729
1865730
1865731
1865739
1865747
1865756
1865757
1865759
1865760
1865761
1865762
1865763
1865764
1865766
1865767
1865769
1865771
1865773
1865775
1865777
1865779
1865781
1865782
1865784
1865786
1865795
1865804
1865813
1865822
1865823
1865824
1865825
1865834
1865843
1865844
1865853
1865862
1865863
1865872
1865873
1865882
1865883
1865884
1865885
1865886
1865887
1865888
1865889
1865890
1865899
1865900
1865901
1865910
1865919
1865928
1865937
1865946
1865947
1865948
1865949
1865950
1865951
1865952
1865953
1865954
1865955
1865956
1865957
1865958
1865959
1866294
1866295
1866296
1866297
1866298
1866299
1866300
1866301
1866326
1866327
1866353
1866354
1866355
1866381
1866382
1866383
1866384
1866385
1866386
1866387
1866388
1866389
1866419
1866420
1866444
1866468
1866469
1866470
1866471
1866473
1866474
1866476
1866477
1866478
1866479
1866481
1866482
1866483
1866484
1866485
1866486
1866488
1866490
1866491
1866492
1866494
1866496
1866498
1866500
1866502
1866504
1866506
1866508
1866510
1866512
1866513
1866515
1866516
1866518
1866519
1866520
1866521
1866522
1866554
1866586
1866618
1866619
1866651
1866652
1866683
1866715
1866716
1866717
1866718
1866719
1866720
1866721
1866725
1866726
1866727
1866728
1866729
1866733
1866734
1866735
1866736
1866737
1866738
1866739
1866743
1866747
1866748
1866749
1866753
1866754
1866755
1866759
1866763
1866767
1866771
1866772
1866773
1866774
1866775
1866776
1866777
1866781
1866785
1866786
1866787
1866788
1866793
1866794
1866795
1866796
1866797
1866798
1866799
1866800
1866804
1866805
1866806
1866811
1866812
1866813
1866817
1866821
1866825
1866826
1866830
1866835
1866836
1866841
1866846
1866851
1866853
1866855
1866857
1866858
1866860
1866861
1866863
1866865
1866867
1866869
1866871
1866873
1866875
1866876
1866878
1866883
1866888
1866890
1866892
1866894
1866896
1866897
1866899
1866901
1866903
1866905
1866906
1866907
1866908
1866910
1866912
1866914
1866919
1866953
1866993
1866995
1866997
1866998
1867000
1867001
1867002
1867003
1867004
1867006
1867007
1867008
1867010
1867012
1867013
1867015
1867019
1867023
1867024
1867028
1867029
1867030
1867031
1867035
1867039
1867043
1867047
1867051
1867052
1867053
1867054
1867055
1867056
1867058
1867060
1867061
1867062
1867063
1867064
1867065
1867067
1867071
1867072
1867073
1867074
1867075
1867076
1867077
1867078
1867082
1867086
1867090
1867091
1867095
1867100
1867105
1867106
1867111
1867116
1867121
1867126
1867127
1867128
1867129
1867130
1867135
1867140
1867143
1867146
1867147
1867148
1867149
1867150
1867151
1867154
1867155
1867156
1867159
1867162
1867165
1867168
1867171
1867174
1867175
1867176
1867179
1867182
1867187
1867192
1867194
1867196
1867197
1867198
1867200
1867202
1867204
1867206
1867208
1867209
1867210
1867212
1867217
1867222
1867262
1867295
1867296
1867297
1867298
1867299
1867300
1867301
1867302
1867303
1867304
1867305
1867306
1867307
1867308
1867309
1867340
1867378
1867379
1867380
1867381
1867382
1867383
1867384
1867385
1867386
1867428
1867429
1867430
1867431
1867432
1867433
1867434
1867435
1867436
1867437
1867438
1867439
1867440
1867441
1867442
1867451
1867454
1867457
1867460
1867461
1867462
1867463
1867464
1867467
1867469
1867470
1867471
1867472
1867473
1867474
1867476
1867478
1867480
1867482
1867485
1867488
1867489
1867490
1867491
1867498
1867500
1867501
1867502
1867504
1867506
1867507
1867508
1867509
1867510
1867512
1867513
1867514
1867515
1867516
1867517
1867519
1867521
1867528
1867530
1867532
1867533
1867534
1867535
1867536
1867537
1867539
1867540
1867541
1867542
1867544
1867545
1867546
1867548
1867549
1867550
1867551
1867553
1867567
1867568
1867569
1867570
1867571
1867572
1867573
1867574
1867575
1867595
1867606
1867607
1867618
1867627
1867636
1867637
1867638
1867639
1867648
1867657
1867666
1867667
1867676
1867679
1867682
1867683
1867686
1867689
1867690
1867691
1867694
1867695
1867696
1867699
1867702
1867705
1867708
1867709
1867710
1867711
1867712
1867715
1867718
1867719
1867720
1867721
1867722
1867723
1867724
1867727
1867736
1867737
1867738
1867740
1867742
1867743
1867745
1867747
1867749
1867751
1867752
1867753
1867754
1867756
1867758
1867760
1867762
1867764
1867773
1867782
1867791
1867800
1867812
1867813
1867814
1867815
1867816
1867817
1867818
1867830
1867831
1867832
1867844
1867856
1867868
1867880
1867881
1867882
1867883
1867895
1867907
1867919
1867931
1867932
1867933
1867934
1867935
1867936
1867937
1867938
1867939
1867959
1867961
1867962
1867964
1867965
1867966
1867967
1867969
1867971
1867973
1867974
1867975
1867976
1867977
1867978
1867980
1867981
1867982
1867983
1867985
1867986
1867987
1867988
1867989
1867990
1867992
1867994
1867995
1867997
1868013
1868027
1868028
1868040
1868053
1868054
1868055
1868069
1868083
1868096
1868109
1868122
1868135
1868148
1868161
1868174
1868187
1868200
1868213
1868214
1868227
1868240
1868253
1868266
1868279
1868292
1868307
1868322
1868323
1868324
1868325
1868326
1868327
1868328
1868330
1868332
1868334
1868336
1868338
1868340
1868341
1868342
1868344
1868345
1868346
1868347
1868349
1868350
1868351
1868352
1868353
1868355
1868356
1868357
1868358
1868374
1868376
1868377
1868378
1868379
1868381
1868383
1868385
1868387
1868388
1868390
1868392
1868393
1868395
1868397
1868398
1868400
1868403
1868404
1868407
1868408
1868409
1868410
1868411
1868412
1868413
1868416
1868419
1868422
1868425
1868426
1868429
1868432
1868435
1868436
1868437
1868438
1868439
1868440
1868441
1868442
1868443
1868444
1868447
1868448
1868449
1868450
1868451
1868452
1868470
1868486
1868487
1868488
1868489
1868490
1868491
1868507
1868523
1868540
1868557
1868574
1868575
1868576
1868577
1868578
1868579
1868580
1868581
1868598
1868614
1868630
1868646
1868663
1868680
1868681
1868682
1868683
1868684
1868685
1868703
1868704
1868705
1868706
1868707
1868708
1868709
1868710
1868711
1868712
1868713
1868714
1868715
1868716
1868717
1868718
1868719
1868720
1868737
1868753
1868769
1868770
1868771
1868772
1868773
1868790
1868791
1868792
1868793
1868794
1868795
1868811
1868829
1868846
1868863
1868880
1868897
1868914
1868931
1868932
1868933
1868934
1868935
1868936
1868937
1868938
1868955
1868972
1868989
1869007
1869024
1869025
1869026
1869043
1869060
1869077
1869078
1869079
1869080
1869081
1869082
1869083
1869084
1869101
1869116
1869131
1869146
1869161
1869176
1869191
1869208
1869209
1869210
1869211
1869212
1869213
1869230
1869231
1869232
1869233
1869234
1869235
1869252
1869274
1869296
1869318
1869340
1869362
1869448
1869449
1869450
1869451
1869452
1869453
1869454
1869455
1869456
1869457
1869458
1869459
1869460
1869461
1869462
1869463
1869464
1869465
1869466
1869467
1869504
1869505
1869506
1869507
1869508
1869509
1869510
1869511
1869512
1869513
1869514
1869515
1869516
1869517
1869518
1869519
1869520
1869521
1869522
1869523
1869555
1869586
1869587
1869618
1869649
1869680
1869681
1869682
1869683
1869684
1869685
1869686
1869687
1869688
1869719
1869720
1869751
1869827
1869829
1869830
1869832
1869834
1869836
1869837
1869839
1869841
1869842
1869843
1869844
1869845
1869846
1869848
1869850
1869851
1869852
1869861
1869862
1869863
1869864
1869873
1869882
1869883
1869884
1869893
1869903
1869904
1869905
1869914
1869915
1869916
1869926
1869935
1869944
1869945
1869946
1869947
1869956
1869965
1869974
1869975
1869976
1869977
1869986
1869996
1870006
1870007
1870008
1870011
1870013
1870015
1870017
1870019
1870021
1870023
1870025
1870027
1870029
1870031
1870033
1870035
1870037
1870039
1870041
1870042
1870045
1870048
1870051
1870054
1870057
1870060
1870063
1870066
1870069
1870071
1870073
1870074
1870076
1870078
1870080
1870082
1870084
1870086
1870088
1870098
1870108
1870118
1870119
1870120
1870121
1870122
1870125
1870128
1870131
1870134
1870137
1870140
1870143
1870144
1870145
1870146
1870149
1870152
1870155
1870158
1870161
1870164
1870165
1870166
1870167
1870170
1870173
1870176
1870177
1870178
1870181
1870182
1870185
1870186
1870187
1870188
1870189
1870190
1870191
1870192
1870193
1870202
1870203
1870204
1870205
1870206
1870207
1870208
1870209
1870210
1870211
1870212
1870213
1870214
1870215
1870225
1870226
1870227
1870228
1870237
1870247
1870248
1870249
1870250
1870251
1870252
1870253
1870254
1870264
1870274
1870284
1870311
1870312
1870313
1870314
1870328
1870343
1870344
1870363
1870382
1870401
1870402
1870403
1870404
1870405
1870406
1870407
1870408
1870409
1870410
1870411
1870430
1870452
1870474
1870496
1870518
1870519
1870520
1870521
1870522
1870523
1870524
1870525
1870547
1870569
1870591
1870613
1870615
1870617
1870618
1870619
1870621
1870622
1870623
1870624
1870625
1870626
1870628
1870629
1870631
1870632
1870633
1870635
1870637
1870639
1870640
1870641
1870642
1870643
1870644
1870646
1870647
1870648
1870649
1870651
1870653
1870655
1870657
1870658
1870660
1870661
1870683
1870704
1870705
1870706
1870707
1870708
1870729
1870750
1870771
1870792
1870813
1870814
1870815
1870816
1870817
1870818
1870819
1870820
1870821
1870822
1870823
1870824
1870825
1870826
1870827
1870828
1870829
1870830
1870831
1870860
1870887
1870888
1870889
1870890
1870891
1870892
1870893
1870894
1870921
1870948
1870975
1871003
1871030
1871031
1871036
1871037
1871042
1871047
1871052
1871057
1871058
1871059
1871060
1871061
1871063
1871065
1871067
1871069
1871071
1871073
1871075
1871077
1871079
1871081
1871086
1871088
1871090
1871091
1871093
1871095
1871097
1871099
1871101
1871103
1871105
1871107
1871109
1871114
1871115
1871116
1871117
1871118
1871119
1871121
1871122
1871123
1871124
1871126
1871128
1871130
1871135
1871136
1871141
1871193
1871195
1871196
1871198
1871199
1871201
1871202
1871203
1871205
1871206
1871207
1871209
1871210
1871211
1871213
1871215
1871217
1871219
1871220
1871222
1871224
1871225
1871227
1871229
1871231
1871233
1871235
1871236
1871237
1871238
1871239
1871240
1871241
1871279
1871280
1871281
1871282
1871315
1871316
1871317
1871318
1871319
1871320
1871321
1871322
1871354
1871386
1871418
1871449
1871480
1871523
1871565
1871566
1871608
1871650
1871651
1871652
1871653
1871654
1871695
1871696
1871741
1871784
1871827
1871869
1871870
1871912
1871913
1871956
1871997
1872038
1872079
1872120
1872161
1872201
1872249
1872297
1872344
1872392
1872440
1872488
1872536
1872609
1872766
1872767
1872768
1872878
1872988
1873120
1873238
1873239
1873349
1873350
1873351
1873352
1873353
1873442
1873552
1873553
1873684
1873685
1873813
1873948
1873949
1874084
1874236
1874318
1874319
1874320
1874321
1874395
1874469
1874550
1874630
1874710
1874791
1874928
1875097
1875098
1875099
1875100
1875101
1875106
1875111
1875116
1875121
1875126
1875131
1875135
1875139
1875143
1875144
1875148
1875152
1875153
1875154
1875158
1875162
1875163
1875164
1875168
1875169
1875170
1875171
1875175
1875176
1875177
1875178
1875179
1875180
1875181
1875185
1875189
1875190
1875195
1875199
1875201
1875203
1875205
1875207
1875209
1875211
1875213
1875215
1875216
1875217
1875218
1875222
1875226
1875230
1875234
1875238
1875242
1875246
1875247
1875248
1875249
1875250
1875251
1875255
1875259
1875260
1875264
1875268
1875269
1875270
1875271
1875272
1875273
1875299
1875300
1875301
1875302
1875310
1875311
1875312
1875313
1875314
1875315
1875323
1875331
1875339
1875347
1875355
1875363
1875371
1875379
1875380
1875381
1875389
1875397
1875405
1875413
1875418
1875419
1875420
1875424
1875425
1875426
1875430
1875431
1875435
1875438
1875439
1875440
1875443
1875444
1875447
1875448
1875449
1875450
1875451
1875452
1875453
1875454
1875457
1875460
1875465
1875466
1875467
1875468
1875470
1875472
1875473
1875474
1875475
1875476
1875478
1875480
1875482
1875494
1875496
1875498
1875500
1875502
1875504
1875505
1875507
1875509
1875510
1875511
1875512
1875514
1875516
1875518
1875520
1875521
1875522
1875523
1875524
1875525
1875526
1875528
1875529
1875542
1875562
1875572
1875582
1875583
1875584
1875585
1875588
1875591
1875594
1875597
1875598
1875599
1875600
1875603
1875606
1875609
1875610
1875613
1875614
1875615
1875616
1875617
1875618
1875619
1875620
1875621
1875631
1875634
1875635
1875636
1875637
1875638
1875639
1875640
1875641
1875644
1875647
1875648
1875650
1875651
1875653
1875655
1875657
1875659
1875661
1875663
1875666
1875668
1875669
1875671
1875672
1875674
1875676
1875678
1875680
1875682
1875685
1875686
1875687
1875688
1875689
1875690
1875691
1875692
1875703
1875705
1875706
1875707
1875709
1875711
1875713
1875715
1875717
1875719
1875721
1875723
1875724
1875725
1875726
1875727
1875728
1875738
1875748
1875758
1875768
1875778
1875788
1875798
1875799
1875800
1875810
1875811
1875812
1875813
1875814
1875835
1875836
1875837
1875838
1875839
1875840
1875841
1875842
1875843
1875844
1875845
1875846
1875847
1875848
1875849
1875850
1875851
1875852
1875853
1875874
1875875
1875876
1875877
1875878
1875879
1875880
1875893
1875894
1875895
1875908
1875922
1875923
1875924
1875925
1875926
1875927
1875928
1875929
1875930
1875931
1875932
1875933
1875934
1875935
1875936
1875937
1876001
1876002
1876003
1876064
1876125
1876126
1876127
1876128
1876129
1876190
1876191
1876192
1876193
1876194
1876195
1876196
1876197
1876198
1876199
1876200
1876201
1876202
1876203
1876204
1876205
1876206
1876207
1876208
1876209
1876310
1876311
1876312
1876313
1876351
1876352
1876353
1876354
1876355
1876356
1876357
1876358
1876359
1876360
1876361
1876370
1876378
1876386
1876387
1876388
1876396
1876404
1876412
1876413
1876414
1876423
1876424
1876425
1876426
1876427
1876428
1876429
1876430
1876431
1876439
1876447
1876455
1876463
1876471
1876479
1876480
1876481
1876482
1876483
1876484
1876492
1876493
1876494
1876495
1876496
1876497
1876498
1876499
1876500
1876501
1876502
1876503
1876504
1876505
1876513
1876521
1876522
1876523
1876524
1876525
1876526
1876527
1876528
1876529
1876537
1876538
1876539
1876540
1876541
1876542
1876550
1876563
1876564
1876575
1876585
1876586
1876587
1876598
1876599
1876600
1876601
1876602
1876603
1876604
1876605
1876606
1876607
1876608
1876609
1876619
1876620
1876621
1876622
1876623
1876624
1876634
1876635
1876636
1876637
1876640
1876641
1876642
1876643
1876646
1876648
1876649
1876650
1876651
1876652
1876654
1876656
1876657
1876658
1876660
1876663
1876664
1876665
1876666
1876669
1876670
1876671
1876672
1876682
1876683
1876684
1876686
1876687
1876688
1876690
1876692
1876694
1876696
1876697
1876698
1876699
1876700
1876702
1876703
1876704
1876706
1876708
1876710
1876711
1876712
1876713
1876723
1876733
1876743
1876755
1876756
1876757
1876758
1876762
1876763
1876767
1876768
1876769
1876770
1876774
1876778
1876779
1876783
1876785
1876787
1876789
1876790
1876791
1876793
1876795
1876797
1876799
1876801
1876803
1876805
1876807
1876809
1876813
1876817
1876821
1876822
1876826
1876831
1876832
1876833
1876834
1876837
1876840
1876843
1876846
1876847
1876850
1876853
1876854
1876855
1876856
1876857
1876858
1876861
1876864
1876867
1876870
1876871
1876884
1876885
1876886
1876887
1876888
1876890
1876891
1876892
1876893
1876895
1876897
1876899
1876900
1876902
1876903
1876905
1876907
1876909
1876910
1876911
1876912
1876913
1876915
1876917
1876953
1876956
1876959
1876962
1876965
1876968
1876971
1876974
1876977
1876980
1876983
1876986
1876987
1876988
1876989
1876990
1876993
1876996
1876999
1877000
1877001
1877002
1877005
1877008
1877016
1877017
1877018
1877019
1877020
1877021
1877022
1877023
1877024
1877032
1877040
1877048
1877056
1877064
1877065
1877066
1877067
1877068
1877069
1877070
1877071
1877072
1877079
1877086
1877093
1877100
1877101
1877102
1877103
1877104
1877105
1877106
1877107
1877108
1877109
1877110
1877111
1877112
1877119
1877120
1877121
1877122
1877123
1877124
1877125
1877126
1877127
1877128
1877129
1877130
1877131
1877139
1877140
1877141
1877142
1877143
1877144
1877145
1877146
1877147
1877148
1877149
1877150
1877151
1877161
1877171
1877180
1877190
1877191
1877201
1877202
1877203
1877204
1877214
1877224
1877225
1877226
1877227
1877228
1877229
1877230
1877231
1877232
1877233
1877234
1877235
1877236
1877237
1877238
1877248
1877257
1877266
1877275
1877284
1877308
1877310
1877311
1877313
1877315
1877317
1877319
1877321
1877323
1877325
1877327
1877329
1877331
1877333
1877335
1877337
1877339
1877341
1877342
1877344
1877346
1877348
1877349
1877350
1877365
1877367
1877368
1877370
1877371
1877373
1877375
1877377
1877379
1877381
1877383
1877385
1877386
1877387
1877388
1877389
1877391
1877394
1877395
1877396
1877397
1877398
1877401
1877404
1877407
1877410
1877413
1877414
1877422
1877427
1877432
1877437
1877442
1877447
1877452
1877457
1877462
1877467
1877472
1877477
1877482
1877487
1877492
1877493
1877494
1877495
1877496
1877497
1877498
1877499
1877500
1877501
1877502
1877507
1877508
1877509
1877510
1877511
1877519
1877520
1877521
1877522
1877527
1877532
1877537
1877542
1877543
1877548
1877553
1877558
1877559
1877560
1877565
1877570
1877571
1877572
1877573
1877574
1877575
1877576
1877581
1877582
1877587
1877592
1877597
1877602
1877603
1877604
1877614
1877615
1877616
1877617
1877618
1877619
1877620
1877621
1877622
1877623
1877624
1877625
1877635
1877645
1877655
1877665
1877675
1877685
1877695
1877705
1877715
1877716
1877725
1877734
1877735
1877744
1877745
1877746
1877747
1877756
1877766
1877777
1877778
1877779
1877780
1877781
1877782
1877784
1877786
1877787
1877788
1877790
1877791
1877792
1877793
1877794
1877796
1877798
1877800
1877801
1877803
1877805
1877807
1877809
1877811
1877813
1877815
1877817
1877819
1877986
1878136
1878286
1878610
1880959
1881005
1881008
1881009
1881012
1881015
1881016
1881017
1881020
1881021
1881022
1881025
1881028
1881029
1881032
1881033
1881034
1881035
1881036
1881039
1881042
1881043
1881046
1881047
1881050
1881053
1881056
1881059
1881062
1881063
1881064
1881065
1881066
1881067
1881070
1881073
1881076
1881079
1881082
1881085
1881088
1881091
1881092
1881095
1881098
1881101
1881102
1881103
1881104
1881107
1881108
1881111
1881114
1881149
1881150
1881151
1881190
1881227
1881264
1881265
1881302
1881303
1881341
1881342
1881380
1881381
1881382
1881422
1881424
1881425
1881427
1881429
1881431
1881433
1881435
1881437
1881439
1881441
1881443
1881445
1881447
1881449
1881451
1881453
1881455
1881456
1881458
1881460
1881462
1881497
1881536
1881566
1881596
1881597
1881598
1881628
1881629
1881630
1881659
1881686
1881714
1881742
1881770
1881798
1881826
1881854
1881882
1881883
1881884
1881885
1881913
1881914
1881915
1881916
1881917
1881918
1881948
1881949
1881950
1881951
1881952
1881953
1881954
1881983
1882012
1882013
1882056
1882057
1882058
1882059
1882060
1882061
1882062
1882063
1882064
1882065
1882066
1882067
1882068
1882069
1882070
1882071
1882072
1882073
1882115
1882163
1882165
1882167
1882169
1882171
1882173
1882175
1882177
1882179
1882181
1882182
1882183
1882185
1882190
1882195
1882197
1882199
1882201
1882203
1882205
1882206
1882208
1882210
1882212
1882214
1882216
1882218
1882219
1882220
1882221
1882222
1882224
1882226
1882228
1882229
1882230
1882231
1882232
1882233
1882234
1882236
1882238
1882240
1882241
1882246
1882248
1882249
1882251
1882252
1882253
1882255
1882257
1882258
1882260
1882262
1882264
1882266
1882267
1882268
1882273
1882274
1882275
1882280
1882281
1882282
1882287
1882292
1882297
1882298
1882299
1882300
1882301
1882302
1882332
1882334
1882336
1882338
1882340
1882342
1882344
1882346
1882348
1882350
1882352
1882354
1882355
1882356
1882358
1882359
1882361
1882363
1882365
1882367
1882369
1882371
1882373
1882397
1882422
1882423
1882424
1882425
1882426
1882427
1882428
1882429
1882430
1882431
1882432
1882433
1882434
1882435
1882467
1882468
1882469
1882470
1882471
1882489
1882490
1882491
1882492
1882505
1882506
1882507
1882508
1882522
1882523
1882524
1882525
1882539
1882549
1882559
1882560
1882570
1882580
1882590
1882598
1882606
1882614
1882615
1882616
1882624
1882625
1882626
1882627
1882628
1882629
1882630
1882631
1882632
1882633
1882634
1882635
1882636
1882637
1882645
1882646
1882652
1882658
1882659
1882660
1882661
1882662
1882668
1882670
1882671
1882672
1882674
1882676
1882678
1882679
1882680
1882681
1882682
1882683
1882684
1882686
1882687
1882688
1882690
1882697
1882704
1882710
1882716
1882723
1882729
1882735
1882742
1882743
1882744
1882745
1882746
1882747
1882754
1882755
1882756
1882757
1882758
1882759
1882760
1882761
1882762
1882772
1882773
1882774
1882775
1882776
1882786
1882796
1882806
1882820
1882822
1882824
1882826
1882828
1882830
1882831
1882833
1882835
1882837
1882839
1882841
1882843
1882844
1882845
1882847
1882849
1882851
1882853
1882867
1882868
1882869
1882889
1882890
1882901
1882912
1882923
1882934
1882935
1882946
1882957
1882968
1882979
1882990
1882991
1883002
1883010
1883011
1883012
1883013
1883021
1883022
1883023
1883024
1883025
1883026
1883027
1883028
1883036
1883040
1883041
1883042
1883046
1883047
1883051
1883055
1883056
1883057
1883058
1883059
1883063
1883064
1883068
1883072
1883076
1883080
1883084
1883085
1883086
1883087
1883088
1883089
1883090
1883091
1883099
1883106
1883113
1883120
1883121
1883128
1883135
1883136
1883143
1883150
1883157
1883164
1883171
1883172
1883179
1883186
1883193
1883200
1883201
1883202
1883203
1883204
1883205
1883206
1883207
1883208
1883209
1883210
1883217
1883219
1883221
1883223
1883224
1883225
1883226
1883227
1883229
1883231
1883233
1883235
1883236
1883238
1883240
1883242
1883243
1883248
1883253
1883256
1883259
1883260
1883263
1883266
1883269
1883272
1883275
1883278
1883281
1883282
1883285
1883288
1883289
1883292
1883295
1883296
1883299
1883302
1883309
1883315
1883316
1883317
1883323
1883324
1883325
1883326
1883327
1883333
1883339
1883341
1883342
1883344
1883346
1883347
1883348
1883350
1883351
1883352
1883354
1883356
1883358
1883359
1883360
1883362
1883373
1883375
1883377
1883379
1883380
1883381
1883382
1883383
1883384
1883386
1883388
1883390
1883392
1883394
1883396
1883398
1883400
1883402
1883411
1883412
1883413
1883414
1883423
1883424
1883425
1883426
1883427
1883428
1883429
1883430
1883431
1883432
1883433
1883434
1883435
1883444
1883453
1883462
1883471
1883480
1883489
1883498
1883499
1883500
1883501
1883502
1883511
1883520
1883529
1883530
1883531
1883532
1883541
1883549
1883557
1883558
1883559
1883560
1883568
1883569
1883570
1883571
1883572
1883573
1883574
1883575
1883576
1883577
1883578
1883612
1883613
1883614
1883615
1883616
1883617
1883618
1883619
1883620
1883621
1883622
1883627
1883632
1883637
1883638
1883643
1883644
1883645
1883646
1883651
1883652
1883653
1883654
1883655
1883660
1883661
1883662
1883667
1883672
1883673
1883678
1883679
1883684
1883685
1883686
1883687
1883688
1883689
1883690
1883691
1883692
1883693
1883698
1883703
1883704
1883709
1883714
1883719
1883724
1883729
1883730
1883735
1883736
1883737
1883738
1883739
1883745
1883750
1883755
1883760
1883765
1883770
1883775
1883780
1883785
1883786
1883791
1883792
1883793
1883794
1883799
1883800
1883805
1883806
1883807
1883808
1883813
1883818
1883819
1883820
1883821
1883822
1883823
1883828
1883833
1883838
1883839
1883844
1883845
1883850
1883851
1883856
1883861
1883866
1883867
1883868
1883873
1883878
1883879
1883880
1883881
1883882
1883883
1883884
1883885
1883886
1883887
1883888
1883889
1883920
1883921
1883922
1883923
1883924
1883925
1883926
1883927
1883928
1883959
1883970
1883971
1883972
1883973
1883974
1883985
1883986
1883987
1883988
1883989
1883990
1883991
1883992
1883993
1883994
1884005
1884006
1884007
1884017
1884027
1884037
1884047
1884048
1884049
1884050
1884060
1884061
1884062
1884063
1884064
1884065
1884066
1884067
1884077
1884088
1884099
1884100
1884101
1884102
1884103
1884104
1884105
1884106
1884117
1884128
1884129
1884130
1884131
1884132
1884148
1884150
1884152
1884154
1884155
1884156
1884158
1884159
1884161
1884163
1884164
1884166
1884168
1884170
1884172
1884173
1884174
1884175
1884177
1884179
1884180
1884182
1884183
1884185
1884187
1884188
1884189
1884191
1884192
1884193
1884195
1884211
1884212
1884213
1884214
1884215
1884216
1884217
1884218
1884219
1884220
1884221
1884222
1884236
1884237
1884238
1884248
1884250
1884252
1884254
1884255
1884256
1884257
1884259
1884261
1884262
1884264
1884265
1884266
1884267
1884268
1884270
1884271
1884272
1884273
1884274
1884276
1884278
1884288
1884289
1884299
1884300
1884310
1884320
1884330
1884340
1884350
1884351
1884361
1884371
1884381
1884391
1884392
1884393
1884394
1884395
1884396
1884397
1884398
1884399
1884400
1884401
1884402
1884403
1884404
1884415
1884416
1884417
1884418
1884419
1884420
1884421
1884430
1884431
1884432
1884433
1884434
1884435
1884436
1884445
1884454
1884455
1884464
1884473
1884482
1884491
1884500
1884509
1884518
1884519
1884528
1884537
1884546
1884547
1884556
1884565
1884566
1884567
1884568
1884579
1884590
1884601
1884602
1884603
1884604
1884615
1884626
1884637
1884638
1884639
1884640
1884641
1884642
1884643
1884644
1884645
1884677
1884684
1884691
1884698
1884705
1884712
1884719
1884726
1884727
1884728
1884729
1884730
1884731
1884732
1884733
1884734
1884735
1884736
1884737
1884744
1884745
1884746
1884747
1884748
1884749
1884756
1884762
1884763
1884764
1884765
1884766
1884767
1884768
1884769
1884775
1884782
1884784
1884786
1884788
1884790
1884792
1884794
1884796
1884798
1884800
1884803
1884806
1884809
1884812
1884815
1884818
1884819
1884820
1884821
1884822
1884823
1884826
1884827
1884830
1884833
1884836
1884839
1884842
1884852
1884862
1884872
1884873
1884874
1884875
1884876
1884877
1884887
1884898
1884908
1884909
1884910
1884911
1884912
1884913
1884923
1884924
1884925
1884926
1884928
1884930
1884932
1884934
1884936
1884938
1884940
1884942
1884944
1884946
1884948
1884949
1884951
1884953
1884955
1884957
1884959
1884961
1884967
1884968
1884969
1884970
1884971
1884972
1884973
1884974
1884975
1884976
1884977
1884978
1884979
1884985
1884991
1884997
1885003
1885009
1885011
1885012
1885013
1885015
1885017
1885019
1885021
1885023
1885025
1885026
1885027
1885029
1885031
1885032
1885033
1885044
1885055
1885056
1885057
1885058
1885059
1885060
1885061
1885062
1885063
1885064
1885075
1885085
1885095
1885106
1885117
1885128
1885129
1885140
1885141
1885152
1885163
1885174
1885185
1885196
1885207
1885218
1885219
1885220
1885221
1885222
1885224
1885226
1885228
1885230
1885232
1885234
1885236
1885238
1885240
1885242
1885244
1885246
1885248
1885264
1885265
1885280
1885295
1885308
1885309
1885310
1885311
1885312
1885313
1885314
1885315
1885316
1885317
1885318
1885319
1885320
1885321
1885322
1885323
1885324
1885339
1885340
1885341
1885356
1885357
1885358
1885373
1885388
1885403
1885404
1885419
1885488
1885490
1885492
1885493
1885495
1885497
1885498
1885500
1885501
1885502
1885503
1885505
1885507
1885509
1885513
1885514
1885515
1885516
1885520
1885524
1885528
1885532
1885536
1885537
1885538
1885539
1885540
1885545
1885549
1885550
1885554
1885558
1885562
1885566
1885567
1885568
1885569
1885570
1885571
1885575
1885576
1885577
1885578
1885579
1885580
1885581
1885582
1885587
1885592
1885597
1885598
1885599
1885600
1885601
1885602
1885603
1885604
1885605
1885606
1885611
1885612
1885613
1885614
1885615
1885616
1885617
1885618
1885623
1885628
1885633
1885638
1885639
1885644
1885649
1885652
1885653
1885654
1885655
1885656
1885657
1885658
1885660
1885662
1885664
1885666
1885668
1885671
1885672
1885673
1885675
1885676
1885678
1885702
1885703
1885704
1885705
1885706
1885708
1885710
1885711
1885713
1885715
1885717
1885719
1885721
1885723
1885725
1885727
1885729
1885731
1885733
1885734
1885735
1885736
1885738
1885747
1885748
1885749
1885750
1885751
1885752
1885753
1885754
1885755
1885763
1885764
1885772
1885780
1885781
1885782
1885783
1885784
1885785
1885786
1885787
1885788
1885789
1885790
1885798
1885799
1885807
1885808
1885809
1885810
1885811
1885812
1885813
1885814
1885815
1885816
1885817
1885818
1885826
1885828
1885830
1885832
1885834
1885836
1885838
1885839
1885841
1885842
1885843
1885844
1885846
1885848
1885850
1885858
1885861
1885864
1885867
1885870
1885871
1885874
1885877
1885880
1885883
1885884
1885885
1885886
1885887
1885888
1885889
1885892
1885893
1885894
1885895
1885896
1885897
1885898
1885901
1885910
1885918
1885926
1885934
1885935
1885936
1885937
1885938
1885939
1885940
1885941
1885942
1885943
1885944
1885952
1885960
1885961
1885962
1885963
1885964
1885965
1885966
1885967
1885968
1885976
1885977
1885978
1885979
1885983
1885984
1885985
1885986
1885987
1885988
1885989
1885993
1885997
1885998
1885999
1886000
1886001
1886006
1886007
1886008
1886009
1886010
1886015
1886020
1886025
1886026
1886031
1886036
1886041
1886046
1886047
1886048
1886049
1886050
1886051
1886052
1886053
1886054
1886055
1886060
1886061
1886063
1886065
1886067
1886069
1886071
1886073
1886075
1886076
1886077
1886078
1886080
1886085
1886183
1886185
1886187
1886189
1886191
1886193
1886195
1886196
1886198
1886200
1886202
1886204
1886205
1886207
1886209
1886210
1886211
1886212
1886213
1886214
1886216
1886218
1886220
1886222
1886223
1886224
1886225
1886226
1886228
1886229
1886230
1886232
1886256
1886266
1886276
1886286
1886296
1886306
1886308
1886310
1886312
1886314
1886316
1886317
1886318
1886319
1886321
1886323
1886325
1886327
1886328
1886330
1886331
1886333
1886335
1886340
1886341
1886342
1886343
1886348
1886353
1886358
1886363
1886368
1886373
1886374
1886375
1886376
1886377
1886382
1886387
1886396
1886397
1886406
1886415
1886424
1886425
1886426
1886427
1886428
1886429
1886430
1886431
1886432
1886440
1886448
1886456
1886457
1886458
1886459
1886460
1886468
1886469
1886478
1886489
1886492
1886495
1886496
1886497
1886498
1886499
1886502
1886503
1886504
1886505
1886506
1886509
1886512
1886513
1886516
1886519
1886522
1886525
1886528
1886529
1886530
1886531
1886534
1886539
1886540
1886541
1886543
1886545
1886547
1886549
1886550
1886551
1886553
1886555
1886557
1886559
1886564
1886572
1886573
1886574
1886575
1886576
1886577
1886578
1886579
1886580
1886588
1886589
1886590
1886591
1886592
1886593
1886594
1886595
1886603
1886611
1886619
1886627
1886635
1886637
1886639
1886641
1886643
1886645
1886646
1886647
1886648
1886649
1886651
1886653
1886655
1886656
1886658
1886660
1886662
1886664
1886666
1886668
1886670
1886672
1886680
1886689
1886690
1886698
1886719
1886723
1886727
1886731
1886735
1886736
1886737
1886738
1886739
1886740
1886744
1886745
1886746
1886747
1886751
1886754
1886755
1886758
1886761
1886764
1886767
1886770
1886773
1886776
1886779
1886781
1886783
1886785
1886787
1886789
1886790
1886791
1886794
1886798
1886799
1886800
1886801
1886802
1886803
1886804
1886805
1886809
1886812
1886813
1886814
1886815
1886818
1886821
1886824
1886825
1886826
1886827
1886828
1886829
1886830
1886831
1886832
1886835
1886838
1886841
1886871
1886872
1886873
1886874
1886875
1886883
1886884
1886885
1886886
1886887
1886888
1886896
1886904
1886912
1886913
1886914
1886915
1886916
1886917
1886918
1886919
1886920
1886928
1886929
1886930
1886931
1886932
1886933
1886934
1886935
1886936
1886944
1886952
1886960
1886968
1886976
1886984
1886992
1887000
1887008
1887016
1887017
1887018
1887026
1887034
1887036
1887038
1887040
1887042
1887044
1887046
1887047
1887049
1887051
1887052
1887054
1887056
1887057
1887059
1887061
1887063
1887065
1887067
1887075
1887083
1887084
1887085
1887093
1887101
1887109
1887117
1887125
1887133
1887141
1887142
1887143
1887144
1887145
1887146
1887147
1887148
1887156
1887157
1887158
1887166
1887174
1887182
1887190
1887198
1887206
1887215
1887216
1887217
1887218
1887219
1887220
1887221
1887222
1887223
1887224
1887225
1887234
1887239
1887240
1887241
1887242
1887243
1887244
1887249
1887250
1887251
1887252
1887253
1887254
1887259
1887263
1887267
1887268
1887269
1887270
1887271
1887272
1887273
1887278
1887283
1887288
1887293
1887298
1887303
1887308
1887309
1887310
1887311
1887312
1887313
1887314
1887319
1887324
1887325
1887334
1887342
1887350
1887358
1887366
1887374
1887382
1887390
1887391
1887399
1887407
1887408
1887416
1887424
1887432
1887440
1887448
1887456
1887464
1887465
1887466
1887467
1887468
1887469
1887472
1887473
1887474
1887475
1887478
1887481
1887482
1887483
1887484
1887485
1887486
1887487
1887490
1887493
1887494
1887495
1887496
1887505
1887514
1887523
1887524
1887525
1887526
1887527
1887528
1887529
1887530
1887531
1887532
1887541
1887552
1887563
1887564
1887565
1887566
1887570
1887571
1887572
1887573
1887577
1887581
1887582
1887586
1887590
1887594
1887597
1887600
1887603
1887606
1887609
1887610
1887611
1887614
1887617
1887620
1887623
1887626
1887627
1887630
1887631
1887634
1887637
1887640
1887644
1887648
1887652
1887656
1887660
1887664
1887668
1887669
1887673
1887677
1887687
1887688
1887698
1887708
1887709
1887710
1887711
1887712
1887713
1887723
1887733
1887743
1887744
1887745
1887755
1887765
1887776
1887778
1887779
1887780
1887782
1887784
1887785
1887787
1887789
1887790
1887792
1887793
1887795
1887797
1887799
1887801
1887803
1887805
1887807
1887809
1887810
1887811
1887812
1887822
1887823
1887824
1887825
1887826
1887827
1887828
1887829
1887830
1887831
1887837
1887843
1887849
1887855
1887861
1887867
1887873
1887874
1887875
1887876
1887877
1887878
1887883
1887884
1887885
1887886
1887887
1887888
1887889
1887890
1887891
1887897
1887898
1887899
1887900
1887901
1887902
1887903
1887904
1887905
1887911
1887916
1887921
1887923
1887925
1887927
1887928
1887930
1887931
1887932
1887934
1887936
1887938
1887939
1887941
1887942
1887952
1887954
1887955
1887956
1887958
1887960
1887962
1887964
1887966
1887968
1887969
1887971
1887973
1887975
1887977
1887979
1887981
1887983
1887985
1887994
1887995
1887996
1887997
1887998
1887999
1888000
1888001
1888002
1888011
1888019
1888027
1888035
1888043
1888051
1888052
1888060
1888061
1888062
1888070
1888078
1888086
1888087
1888088
1888089
1888090
1888091
1888123
1888152
1888153
1888155
1888156
1888158
1888160
1888161
1888163
1888165
1888167
1888169
1888171
1888173
1888175
1888177
1888178
1888180
1888182
1888184
1888186
1888187
1888188
1888190
1888192
1888194
1888215
1888217
1888218
1888219
1888221
1888223
1888225
1888227
1888229
1888231
1888233
1888235
1888236
1888237
1888239
1888241
1888243
1888245
1888247
1888249
1888251
1888253
1888255
1888257
1888259
1888281
1888282
1888283
1888284
1888298
1888312
1888326
1888339
1888352
1888365
1888378
1888391
1888405
1888419
1888433
1888447
1888461
1888475
1888489
1888503
1888517
1888518
1888519
1888520
1888521
1888522
1888523
1888524
1888525
1888539
1888553
1888567
1888584
1888605
1888626
1888627
1888645
1888648
1888649
1888650
1888653
1888656
1888657
1888658
1888659
1888660
1888661
1888664
1888667
1888670
1888673
1888674
1888675
1888676
1888677
1888678
1888681
1888682
1888683
1888684
1888685
1888686
1888689
1888692
1888695
1888696
1888697
1888701
1888702
1888706
1888710
1888714
1888718
1888719
1888723
1888727
1888728
1888729
1888730
1888734
1888738
1888742
1888746
1888747
1888751
1888755
1888759
1888763
1888767
1888768
1888772
1888776
1888780
1888781
1888785
1888789
1888793
1888794
1888798
1888803
1888804
1888805
1888810
1888815
1888816
1888821
1888826
1888827
1888828
1888829
1888830
1888831
1888832
1888833
1888834
1888853
1888854
1888855
1888857
1888859
1888860
1888861
1888863
1888865
1888866
1888868
1888869
1888871
1888873
1888875
1888876
1888880
1888884
1888888
1888892
1888893
1888894
1888898
1888902
1888906
1888910
1888911
1888912
1888913
1888914
1888915
1888919
1888920
1888921
1888922
1888923
1888924
1888925
1888926
1888931
1888936
1888937
1888942
1888947
1888948
1888949
1888950
1888955
1888960
1888961
1888966
1888985
1889002
1889019
1889036
1889063
1889064
1889065
1889084
1889085
1889103
1889121
1889122
1889140
1889158
1889177
1889178
1889179
1889180
1889181
1889203
1889224
1889245
1889265
1889285
1889305
1889325
1889345
1889365
1889385
1889407
1889420
1889433
1889446
1889459
1889472
1889485
1889486
1889487
1889488
1889489
1889490
1889491
1889492
1889493
1889494
1889495
1889496
1889497
1889498
1889499
1889500
1889513
1889526
1889539
1889552
1889565
1889587
1889588
1889589
1889590
1889591
1889592
1889593
1889614
1889635
1889636
1889637
1889638
1889639
1889640
1889661
1889682
1889701
1889720
1889740
1889760
1889761
1889762
1889782
1889783
1889784
1889785
1889786
1889787
1889788
1889789
1889790
1889791
1889816
1889817
1889818
1889819
1889820
1889821
1889846
1889871
1889895
1889919
1889920
1889944
1889968
1889991
1890014
1890015
1890039
1890040
1890041
1890042
1890043
1890068
1890070
1890071
1890073
1890074
1890076
1890077
1890078
1890079
1890080
1890082
1890084
1890086
1890087
1890088
1890089
1890091
1890093
1890095
1890097
1890098
1890100
1890102
1890104
1890106
1890128
1890154
1890159
1890164
1890169
1890170
1890175
1890180
1890185
1890190
1890191
1890192
1890193
1890194
1890195
1890200
1890205
1890210
1890211
1890213
1890215
1890217
1890219
1890220
1890222
1890224
1890226
1890228
1890229
1890234
1890239
1890244
1890249
1890254
1890259
1890260
1890261
1890262
1890263
1890268
1890269
1890270
1890271
1890272
1890277
1890278
1890279
1890284
1890285
1890286
1890287
1890288
1890315
1890321
1890327
1890333
1890339
1890345
1890346
1890347
1890348
1890349
1890355
1890356
1890357
1890363
1890364
1890365
1890366
1890372
1890374
1890375
1890377
1890379
1890381
1890383
1890384
1890386
1890388
1890390
1890392
1890393
1890399
1890405
1890411
1890417
1890418
1890419
1890426
1890433
1890434
1890435
1890436
1890437
1890438
1890439
1890440
1890447
1890448
1890449
1890456
1890463
1890470
1890471
1890472
1890480
1890481
1890482
1890484
1890485
1890487
1890489
1890491
1890492
1890494
1890496
1890497
1890498
1890499
1890501
1890503
1890504
1890507
1890510
1890511
1890514
1890515
1890516
1890519
1890522
1890525
1890528
1890531
1890534
1890537
1890538
1890539
1890542
1890543
1890544
1890545
1890546
1890547
1890548
1890551
1890563
1890587
1890608
1890629
1890650
1890671
1890672
1890673
1890674
1890675
1890676
1890677
1890678
1890698
1890719
1890765
1890789
1890790
1890791
1890792
1890816
1890840
1890841
1890865
1890866
1890867
1890868
1890869
1890870
1890894
1890895
1890896
1890897
1890909
1890921
1890933
1890944
1890945
1890946
1890947
1890948
1890949
1890950
1890951
1890952
1890953
1890954
1890955
1890967
1890981
1890995
1891009
1891023
1891024
1891025
1891026
1891040
1891054
1891068
1891082
1891085
1891086
1891089
1891092
1891095
1891098
1891101
1891104
1891107
1891110
1891113
1891116
1891117
1891120
1891123
1891124
1891127
1891130
1891133
1891136
1891139
1891142
1891145
1891148
1891151
1891152
1891155
1891156
1891159
1891162
1891165
1891168
1891171
1891185
1891186
1891187
1891188
1891189
1891190
1891191
1891192
1891193
1891194
1891195
1891196
1891197
1891211
1891225
1891226
1891240
1891255
1891256
1891257
1891258
1891259
1891260
1891261
1891262
1891263
1891264
1891265
1891266
1891267
1891285
1891286
1891287
1891288
1891289
1891290
1891291
1891292
1891293
1891294
1891295
1891296
1891297
1891298
1891299
1891300
1891301
1891302
1891320
1891338
1891356
1891374
1891392
1891410
1891428
1891429
1891430
1891431
1891432
1891451
1891452
1891471
1891472
1891473
1891474
1891475
1891476
1891477
1891478
1891479
1891577
1891582
1891584
1891585
1891586
1891587
1891589
1891591
1891593
1891595
1891597
1891599
1891601
1891606
1891611
1891613
1891615
1891617
1891619
1891620
1891622
1891624
1891626
1891628
1891630
1891632
1891634
1891639
1891640
1891641
1891642
1891643
1891644
1891645
1891649
1891653
1891657
1891659
1891661
1891663
1891665
1891666
1891667
1891669
1891671
1891673
1891675
1891676
1891678
1891680
1891684
1891685
1891686
1891687
1891691
1891692
1891693
1891694
1891698
1891702
1891706
1891707
1891708
1891712
1891716
1891720
1891724
1891728
1891729
1891733
1891737
1891741
1891781
1891819
1891820
1891821
1891822
1891823
1891824
1891825
1891826
1891827
1891828
1891829
1891870
1891871
1891872
1891873
1891874
1891875
1891876
1891877
1891878
1891879
1891880
1891881
1891882
1891883
1891884
1891885
1891886
1891902
1891903
1891905
1891907
1891909
1891910
1891911
1891913
1891915
1891916
1891918
1891920
1891921
1891922
1891924
1891926
1891927
1891928
1891935
1891936
1891937
1891944
1891951
1891953
1891954
1891955
1891956
1891958
1891960
1891962
1891964
1891966
1891968
1891970
1891971
1891972
1891974
1891981
1891982
1891988
1891989
1891990
1891991
1891997
1891998
1891999
1892000
1892001
1892002
1892008
1892014
1892028
1892029
1892030
1892043
1892056
1892058
1892060
1892062
1892064
1892066
1892068
1892070
1892071
1892073
1892075
1892077
1892078
1892079
1892080
1892082
1892083
1892084
1892090
1892096
1892097
1892098
1892099
1892100
1892106
1892107
1892110
1892111
1892114
1892117
1892120
1892121
1892122
1892123
1892126
1892129
1892130
1892131
1892132
1892133
1892136
1892139
1892142
1892145
1892146
1892149
1892164
1892165
1892166
1892181
1892196
1892211
1892225
1892239
1892253
1892254
1892255
1892256
1892270
1892284
1892285
1892286
1892287
1892301
1892315
1892332
1892333
1892334
1892335
1892336
1892337
1892338
1892339
1892340
1892341
1892361
1892362
1892363
1892364
1892365
1892384
1892385
1892404
1892423
1892442
1892461
1892462
1892463
1892482
1892501
1892520
1892539
1892558
1892578
1892579
1892580
1892581
1892582
1892583
1892584
1892585
1892604
1892605
1892624
1892625
1892626
1892627
1892628
1892647
1892666
1892667
1892668
1892669
1892670
1892671
1892672
1892673
1892674
1892675
1892676
1893065
1893066
1893067
1893068
1893069
1893070
1893071
1893072
1893081
1893082
1893083
1893092
1893101
1893104
1893106
1893108
1893110
1893112
1893114
1893116
1893117
1893120
1893123
1893124
1893125
1893128
1893131
1893134
1893137
1893138
1893141
1893144
1893147
1893150
1893151
1893154
1893157
1893160
1893161
1893162
1893165
1893174
1893183
1893184
1893185
1893186
1893187
1893188
1893189
1893190
1893191
1893192
1893193
1893194
1893195
1893196
1893205
1893213
1893214
1893215
1893223
1893231
1893232
1893233
1893234
1893235
1893236
1893237
1893238
1893239
1893247
1893248
1893257
1893266
1893275
1893276
1893277
1893278
1893279
1893287
1893295
1893296
1893297
1893305
1893313
1893322
1893331
1893332
1893341
1893350
1893359
1893368
1893377
1893386
1893395
1893396
1893397
1893398
1893399
1893400
1893423
1893446
1893469
1893492
1893515
1893538
1893561
1893584
1893607
1893630
1893653
1893676
1893677
1893719
1893720
1893721
1893722
1893723
1893724
1893725
1893726
1893727
1893728
1893729
1893730
1893731
1893732
1893733
1893734
1893771
1893772
1893773
1893810
1893870
1893871
1893873
1893875
1893877
1893879
1893880
1893882
1893884
1893886
1893888
1893890
1893891
1893892
1893894
1893896
1893898
1893899
1893901
1893913
1893924
1893925
1893926
1893927
1893928
1893929
1893930
1893931
1893932
1893933
1893934
1893935
1893936
1893937
1893948
1893949
1893950
1893951
1893952
1893963
1893974
1893986
1893987
1893998
1893999
1894000
1894001
1894002
1894003
1894014
1894025
1894033
1894040
1894047
1894049
1894050
1894051
1894053
1894054
1894055
1894056
1894057
1894059
1894061
1894062
1894063
1894065
1894067
1894074
1894081
1894088
1894095
1894102
1894109
1894115
1894116
1894117
1894118
1894119
1894120
1894121
1894122
1894123
1894124
1894130
1894132
1894134
1894135
1894137
1894138
1894140
1894141
1894142
1894143
1894145
1894147
1894152
1894157
1894162
1894163
1894164
1894169
1894174
1894175
1894180
1894181
1894182
1894183
1894184
1894185
1894192
1894193
1894195
1894197
1894199
1894201
1894203
1894204
1894205
1894207
1894208
1894209
1894210
1894212
1894214
1894216
1894218
1894220
1894229
1894237
1894245
1894253
1894261
1894269
1894277
1894285
1894298
1894299
1894300
1894301
1894302
1894315
1894316
1894317
1894318
1894319
1894320
1894321
1894322
1894323
1894336
1894337
1894338
1894339
1894340
1894342
1894343
1894344
1894345
1894346
1894348
1894349
1894350
1894351
1894352
1894353
1894355
1894356
1894357
1894359
1894361
1894363
1894365
1894366
1894367
1894369
1894371
1894383
1894395
1894407
1894409
1894410
1894411
1894413
1894414
1894416
1894418
1894419
1894420
1894422
1894424
1894426
1894427
1894429
1894430
1894431
1894432
1894433
1894445
1894457
1894464
1894465
1894466
1894467
1894468
1894469
1894470
1894471
1894472
1894479
1894480
1894487
1894494
1894495
1894496
1894497
1894504
1894508
1894512
1894516
1894520
1894521
1894525
1894529
1894530
1894531
1894532
1894533
1894534
1894538
1894541
1894544
1894547
1894550
1894551
1894554
1894557
1894560
1894563
1894566
1894569
1894571
1894572
1894573
1894574
1894575
1894577
1894579
1894586
1894593
1894600
1894607
1894609
1894611
1894612
1894614
1894616
1894618
1894620
1894622
1894624
1894626
1894628
1894630
1894632
1894633
1894640
1894647
1894649
1894651
1894653
1894654
1894655
1894656
1894657
1894659
1894661
1894663
1894665
1894667
1894669
1894671
1894672
1894674
1894676
1894678
1894679
1894692
1894704
1894705
1894706
1894707
1894708
1894709
1894710
1894722
1894734
1894735
1894736
1894737
1894749
1894750
1894751
1894752
1894753
1894754
1894755
1894756
1894757
1894768
1894780
1894790
1894800
1894810
1894820
1894830
1894837
1894838
1894839
1894840
1894841
1894842
1894845
1894848
1894851
1894854
1894855
1894856
1894859
1894862
1894865
1894867
1894868
1894870
1894872
1894873
1894875
1894876
1894878
1894880
1894887
1894894
1894901
1894902
1894903
1894904
1894911
1894912
1894913
1894914
1894915
1894916
1894917
1894918
1894919
1894920
1894931
1894932
1894933
1894934
1894935
1894936
1894946
1894947
1894957
1894967
1894968
1894978
1894988
1894989
1894990
1894991
1894992
1894993
1894994
1894995
1895005
1895007
1895008
1895009
1895011
1895013
1895015
1895017
1895018
1895020
1895021
1895022
1895024
1895029
1895030
1895031
1895032
1895034
1895035
1895037
1895038
1895040
1895042
1895044
1895046
1895050
1895052
1895054
1895056
1895058
1895060
1895062
1895064
1895066
1895068
1895070
1895072
1895073
1895074
1895075
1895079
1895080
1895081
1895082
1895083
1895084
1895085
1895086
1895098
1895099
1895100
1895101
1895102
1895103
1895219
1895220
1895221
1895222
1895227
1895228
1895229
1895230
1895231
1895232
1895236
1895237
1895238
1895239
1895240
1895241
1895245
1895249
1895250
1895254
1895258
1895263
1895268
1895273
1895278
1895283
1895284
1895285
1895286
1895287
1895288
1895289
1895290
1895295
1895296
1895297
1895298
1895305
1895312
1895313
1895314
1895315
1895316
1895317
1895324
1895325
1895331
1895332
1895333
1895339
1895345
1895351
1895357
1895358
1895359
1895360
1895361
1895367
1895374
1895379
1895384
1895389
1895394
1895399
1895404
1895409
1895411
1895413
1895415
1895417
1895419
1895421
1895422
1895424
1895426
1895428
1895430
1895432
1895433
1895434
1895436
1895437
1895442
1895444
1895446
1895448
1895450
1895452
1895454
1895455
1895457
1895459
1895460
1895462
1895467
1895468
1895469
1895470
1895471
1895472
1895477
1895478
1895479
1895480
1895481
1895482
1895487
1895488
1895493
1895499
1895505
1895511
1895517
1895523
1895524
1895525
1895531
1895537
1895543
1895544
1895803
1896062
1896631
1896632
1896633
1896634
1896635
1896636
1896637
1896638
1896639
1896640
1896641
1896642
1896643
1896644
1896645
1896646
1896647
1896680
1896711
1896741
1896771
1896802
1896833
1896864
1896895
1896896
1896897
1896898
1896899
1896900
1896901
1896902
1896903
1896936
1896937
1896938
1896939
1896940
1896941
1896942
1896971
1896974
1896977
1896980
1896983
1896984
1896985
1896986
1896987
1896988
1896991
1896992
1896995
1896998
1897001
1897002
1897005
1897006
1897007
1897008
1897011
1897012
1897013
1897014
1897017
1897020
1897023
1897026
1897029
1897032
1897035
1897038
1897039
1897042
1897045
1897048
1897049
1897050
1897051
1897054
1897057
1897060
1897091
1897092
1897093
1897094
1897095
1897113
1897114
1897115
1897116
1897117
1897135
1897153
1897173
1897174
1897175
1897176
1897191
1897192
1897193
1897194
1897195
1897196
1897197
1897212
1897227
1897242
1897257
1897272
1897273
1897274
1897289
1897304
1897319
1897334
1897349
1897364
1897379
1897394
1897395
1897410
1897425
1897440
1897457
1897458
1897460
1897462
1897464
1897465
1897467
1897469
1897471
1897473
1897475
1897477
1897481
1897482
1897483
1897487
1897488
1897492
1897493
1897497
1897498
1897499
1897500
1897501
1897502
1897503
1897504
1897506
1897508
1897510
1897514
1897516
1897517
1897518
1897519
1897521
1897523
1897525
1897526
1897528
1897529
1897533
1897535
1897537
1897538
1897539
1897541
1897543
1897545
1897547
1897549
1897551
1897553
1897554
1897556
1897558
1897563
1897568
1897569
1897574
1897579
1897580
1897581
1897582
1897583
1897588
1897593
1897598
1897609
1897620
1897621
1897638
1897639
1897640
1897657
1897674
1897675
1897676
1897677
1897678
1897696
1897697
1897698
1897699
1897700
1897703
1897704
1897705
1897706
1897707
1897708
1897709
1897710
1897711
1897714
1897715
1897716
1897719
1897720
1897721
1897722
1897725
1897728
1897729
1897730
1897731
1897734
1897737
1897740
1897741
1897742
1897743
1897744
1897745
1897746
1897747
1897748
1897794
1897795
1897796
1897797
1897798
1897799
1897800
1897801
1897828
1897855
1897856
1897884
1897885
1897886
1897887
1897888
1897906
1897924
1897925
1897926
1897927
1897928
1897929
1897930
1897931
1897932
1897933
1897934
1897951
1897953
1897954
1897956
1897957
1897959
1897960
1897961
1897962
1897963
1897964
1897966
1897968
1897969
1897971
1897972
1897974
1897975
1897976
1897977
1897979
1897981
1897982
1897983
1897984
1897985
1897987
1897988
1897990
1898006
1898022
1898038
1898054
1898070
1898088
1898099
1898101
1898103
1898105
1898106
1898108
1898110
1898111
1898112
1898113
1898114
1898115
1898117
1898119
1898121
1898123
1898125
1898127
1898129
1898131
1898132
1898134
1898136
1898147
1898158
1898169
1898179
1898180
1898181
1898182
1898183
1898184
1898185
1898186
1898187
1898197
1898198
1898208
1898218
1898228
1898238
1898248
1898258
1898259
1898269
1898278
1898287
1898296
1898305
1898314
1898323
1898332
1898341
1898342
1898343
1898353
1898354
1898355
1898356
1898357
1898358
1898360
1898362
1898364
1898366
1898368
1898370
1898371
1898373
1898374
1898376
1898378
1898380
1898381
1898390
1898399
1898408
1898417
1898426
1898435
1898444
1898445
1898455
1898472
1898488
1898504
1898505
1898521
1898537
1898553
1898569
1898585
1898601
1898617
1898633
1898649
1898665
1898681
1898710
1898711
1898714
1898716
1898718
1898720
1898721
1898722
1898724
1898725
1898727
1898728
1898730
1898732
1898734
1898735
1898736
1898737
1898738
1898740
1898742
1898744
1898746
1898747
1898749
1898750
1898752
1898754
1898756
1898758
1898759
1898761
1898763
1898764
1898766
1898767
1898769
1898787
1898792
1898797
1898802
1898807
1898812
1898813
1898814
1898815
1898816
1898817
1898818
1898822
1898823
1898824
1898825
1898826
1898827
1898828
1898832
1898836
1898837
1898838
1898840
1898842
1898844
1898846
1898848
1898850
1898851
1898853
1898854
1898859
1898861
1898862
1898863
1898865
1898866
1898868
1898870
1898872
1898874
1898876
1898878
1898883
1898888
1898889
1898894
1898899
1898904
1898909
1898914
1898919
1898920
1898921
1898922
1898923
1898924
1898925
1898926
1898927
1898932
1898933
1898934
1898935
1898936
1898937
1898942
1898943
1898944
1898945
1898946
1898947
1898952
1898953
1898954
1898955
1898960
1898965
1898983
1899001
1899019
1899037
1899055
1899073
1899092
1899093
1899094
1899095
1899096
1899097
1899098
1899099
1899100
1899101
1899102
1899103
1899104
1899135
1899140
1899142
1899143
1899144
1899145
1899147
1899149
1899151
1899152
1899153
1899155
1899157
1899158
1899160
1899165
1899170
1899171
1899172
1899173
1899174
1899175
1899176
1899177
1899178
1899179
1899184
1899185
1899190
1899194
1899198
1899202
1899203
1899204
1899208
1899209
1899210
1899211
1899215
1899216
1899220
1899221
1899222
1899226
1899230
1899234
1899235
1899239
1899243
1899247
1899251
1899256
1899257
1899258
1899259
1899260
1899261
1899262
1899265
1899266
1899267
1899270
1899273
1899276
1899279
1899282
1899285
1899286
1899287
1899288
1899289
1899292
1899293
1899296
1899312
1899313
1899314
1899315
1899317
1899319
1899321
1899322
1899323
1899325
1899327
1899328
1899330
1899332
1899333
1899334
1899335
1899337
1899339
1899341
1899343
1899345
1899361
1899377
1899393
1899409
1899425
1899440
1899441
1899442
1899443
1899458
1899462
1899465
1899468
1899471
1899474
1899477
1899480
1899483
1899486
1899489
1899490
1899491
1899492
1899493
1899496
1899497
1899498
1899499
1899500
1899503
1899507
1899511
1899515
1899516
1899517
1899518
1899519
1899520
1899521
1899522
1899526
1899527
1899528
1899529
1899530
1899532
1899533
1899534
1899535
1899536
1899538
1899539
1899541
1899543
1899545
1899559
1899560
1899561
1899562
1899563
1899564
1899565
1899566
1899567
1899568
1899569
1899570
1899571
1899572
1899573
1899574
1899588
1899602
1899616
1899630
1899644
1899658
1899671
1899684
1899696
1899708
1899720
1899741
1899762
1899763
1899783
1899784
1899785
1899786
1899806
1899829
1899830
1899831
1899832
1899833
1899834
1899835
1899836
1899837
1899838
1899839
1899840
1899862
1899864
1899865
1899866
1899867
1899868
1899869
1899870
1899872
1899874
1899876
1899878
1899881
1899884
1899887
1899888
1899891
1899892
1899895
1899898
1899901
1899902
1899903
1899904
1899905
1899906
1899907
1899908
1899911
1899914
1899917
1899920
1899923
1899924
1899925
1899928
1899931
1899934
1899935
1899936
1899939
1899971
1899977
1899983
1899989
1899990
1899991
1899997
1900003
1900004
1900005
1900006
1900007
1900008
1900009
1900010
1900011
1900012
1900018
1900019
1900020
1900026
1900027
1900028
1900034
1900036
1900037
1900038
1900039
1900040
1900042
1900044
1900045
1900047
1900049
1900051
1900053
1900055
1900056
1900057
1900058
1900060
1900062
1900064
1900070
1900071
1900072
1900073
1900074
1900075
1900076
1900082
1900088
1900094
1900095
1900096
1900097
1900098
1900104
1900105
1900106
1900107
1900108
1900114
1900120
1900121
1900127
1900133
1900134
1900136
1900138
1900140
1900142
1900144
1900146
1900148
1900150
1900151
1900152
1900154
1900155
1900156
1900158
1900164
1900170
1900171
1900172
1900173
1900174
1900175
1900176
1900182
1900188
1900189
1900190
1900191
1900192
1900193
1900199
1900205
1900206
1900207
1900208
1900209
1900210
1900211
1900213
1900215
1900217
1900218
1900219
1900221
1900223
1900225
1900227
1900229
1900235
1900236
1900237
1900238
1900239
1900240
1900241
1900242
1900243
1900244
1900250
1900251
1900252
1900253
1900254
1900255
1900256
1900257
1900258
1900277
1900294
1900311
1900328
1900345
1900362
1900379
1900380
1900381
1900382
1900383
1900384
1900385
1900386
1900387
1900388
1900389
1900390
1900391
1900392
1900409
1900411
1900413
1900414
1900415
1900416
1900417
1900418
1900420
1900422
1900423
1900424
1900426
1900428
1900429
1900430
1900431
1900433
1900434
1900435
1900436
1900438
1900440
1900441
1900443
1900459
1900475
1900491
1900507
1900523
1900539
1900554
1900569
1900570
1900586
1900608
1900609
1900610
1900611
1900612
1900613
1900614
1900615
1900616
1900617
1900618
1900619
1900620
1900621
1900622
1900635
1900648
1900649
1900650
1900663
1900666
1900669
1900672
1900675
1900676
1900677
1900678
1900681
1900682
1900683
1900686
1900687
1900690
1900691
1900694
1900697
1900698
1900699
1900700
1900703
1900704
1900705
1900706
1900707
1900708
1900709
1900710
1900713
1900716
1900719
1900722
1900723
1900724
1900727
1900730
1900733
1900734
1900735
1900736
1900737
1900740
1900743
1900756
1900757
1900758
1900759
1900760
1900761
1900762
1900763
1900774
1900785
1900786
1900788
1900790
1900792
1900794
1900796
1900798
1900800
1900801
1900802
1900803
1900804
1900806
1900808
1900810
1900811
1900813
1900815
1900817
1900819
1900821
1900823
1900825
1900827
1900838
1900849
1900850
1900861
1900872
1900883
1900884
1900885
1900887
1900889
1900890
1900891
1900893
1900894
1900895
1900897
1900898
1900899
1900900
1900902
1900903
1900905
1900907
1900909
1900911
1900913
1900914
1900915
1900916
1900918
1900920
1900921
1900948
1900949
1900950
1900951
1900952
1900953
1900954
1900955
1900956
1900957
1900958
1900959
1900960
1900961
1900962
1900963
1900964
1900965
1900966
1901040
1901042
1901044
1901046
1901047
1901049
1901051
1901053
1901055
1901056
1901058
1901059
1901061
1901062
1901064
1901066
1901067
1901069
1901077
1901085
1901086
1901087
1901088
1901089
1901090
1901098
1901106
1901114
1901116
1901118
1901119
1901120
1901121
1901122
1901123
1901124
1901126
1901128
1901130
1901132
1901133
1901141
1901149
1901157
1901165
1901173
1901181
1901189
1901197
1901205
1901213
1901221
1901229
1901237
1901245
1901253
1901254
1901255
1901262
1901268
1901274
1901275
1901276
1901278
1901279
1901280
1901281
1901282
1901283
1901284
1901286
1901287
1901288
1901293
1901294
1901295
1901296
1901297
1901298
1901299
1901300
1901301
1901306
1901311
1901318
1901325
1901326
1901327
1901328
1901329
1901330
1901331
1901332
1901333
1901340
1901347
1901354
1901361
1901368
1901375
1901376
1901377
1901378
1901379
1901380
1901381
1901382
1901383
1901384
1901392
1901393
1901394
1901395
1901396
1901397
1901400
1901401
1901402
1901403
1901404
1901405
1901408
1901409
1901410
1901413
1901414
1901416
1901418
1901420
1901422
1901424
1901425
1901426
1901428
1901429
1901431
1901434
1901439
1901440
1901441
1901446
1901447
1901448
1901449
1901450
1901455
1901460
1901461
1901462
1901467
1901472
1901473
1901474
1901475
1901476
1901477
1901478
1901479
1901487
1901495
1901496
1901497
1901498
1901499
1901500
1901508
1901561
1901612
1901662
1901663
1901712
1901713
1901762
1901813
1901814
1901865
1901916
1901917
1901918
1901970
1902023
1902067
1902111
1902154
1902197
1902198
1902242
1902273
1902274
1902275
1902276
1902277
1902369
1902370
1902371
1902372
1902373
1902374
1902375
1902376
1902395
1902396
1902397
1902398
1902399
1902418
1902437
1902456
1902475
1902494
1902513
1902532
1902551
1902570
1902590
1902591
1902592
1902612
1902632
1902652
1902685
1902718
1902719
1902720
1902721
1902722
1902723
1902724
1902757
1902786
1902815
1902844
1902879
1902886
1902893
1902900
1902907
1902908
1902915
1902922
1902923
1902924
1902925
1902926
1902927
1902928
1902935
1902942
1902943
1902944
1902945
1902946
1902947
1902948
1902949
1902950
1902951
1902958
1902965
1902966
1902967
1902968
1902969
1902972
1902975
1902978
1902981
1902982
1902983
1902986
1902989
1902992
1902995
1902998
1903001
1903004
1903007
1903010
1903011
1903012
1903013
1903016
1903023
1903025
1903026
1903028
1903030
1903032
1903034
1903035
1903036
1903037
1903039
1903041
1903043
1903045
1903046
1903047
1903053
1903054
1903055
1903056
1903057
1903058
1903059
1903060
1903061
1903062
1903068
1903069
1903075
1903081
1903087
1903093
1903094
1903095
1903096
1903097
1903098
1903099
1903100
1903101
1903102
1903103
1903104
1903105
1903111
1903112
1903113
1903114
1903120
1903121
1903127
1903133
1903139
1903145
1903151
1903157
1903158
1903159
1903160
1903166
1903167
1903168
1903169
1903170
1903171
1903172
1903173
1903174
1903175
1903211
1903212
1903213
1903214
1903215
1903219
1903223
1903224
1903225
1903226
1903227
1903231
1903235
1903236
1903237
1903241
1903242
1903246
1903250
1903251
1903252
1903253
1903254
1903255
1903259
1903263
1903264
1903265
1903266
1903270
1903271
1903272
1903273
1903274
1903275
1903276
1903277
1903281
1903285
1903286
1903290
1903294
1903298
1903302
1903303
1903304
1903308
1903312
1903316
1903320
1903321
1903322
1903323
1903334
1903335
1903336
1903337
1903338
1903339
1903340
1903341
1903342
1903343
1903353
1903363
1903364
1903374
1903384
1903394
1903404
1903414
1903424
1903434
1903444
1903454
1903455
1903456
1903457
1903458
1903459
1903460
1903470
1903471
1903472
1903473
1903474
1903475
1903476
1903486
1903496
1903497
1903507
1903517
1903518
1903519
1903529
1903539
1903549
1903559
1903569
1903579
1903589
1903599
1903609
1903619
1903620
1903621
1903631
1903641
1903651
1903661
1903672
1903682
1903683
1903684
1903685
1903686
1903696
1903697
1903698
1903699
1903700
1903701
1903702
1903703
1903704
1903705
1903706
1903707
1903708
1903709
1903710
1903720
1903730
1903740
1903750
1903761
1903762
1903763
1903764
1903765
1903766
1903767
1903768
1903769
1903773
1903774
1903775
1903776
1903777
1903778
1903779
1903780
1903784
1903785
1903786
1903787
1903788
1903789
1903793
1903797
1903798
1903802
1903806
1903810
1903814
1903818
1903819
1903823
1903827
1903831
1903835
1903839
1903840
1903841
1903842
1903843
1903844
1903854
1903855
1903856
1903857
1903858
1903859
1903860
1903861
1903862
1903863
1903864
1903865
1903866
1903876
1903877
1903878
1903879
1903889
1903899
1903900
1903901
1903902
1903903
1903904
1903914
1903915
1903916
1903917
1903918
1903920
1903922
1903924
1903926
1903928
1903930
1903932
1903933
1903934
1903935
1903936
1903938
1903939
1903940
1903941
1903943
1903952
1903953
1903954
1903967
1903968
1903969
1903970
1903971
1903983
1903995
1903996
1904008
1904009
1904021
1904022
1904023
1904035
1904036
1904048
1904061
1904062
1904063
1904076
1904086
1904087
1904088
1904098
1904108
1904109
1904110
1904111
1904121
1904122
1904123
1904124
1904125
1904135
1904145
1904157
1904158
1904160
1904162
1904164
1904166
1904167
1904168
1904169
1904170
1904171
1904173
1904174
1904176
1904178
1904180
1904182
1904184
1904186
1904188
1904189
1904191
1904192
1904194
1904195
1904196
1904198
1904200
1904202
1904204
1904217
1904251
1904253
1904255
1904257
1904259
1904261
1904263
1904265
1904267
1904268
1904270
1904271
1904273
1904275
1904276
1904277
1904278
1904280
1904282
1904284
1904286
1904287
1904288
1904289
1904291
1904307
1904308
1904309
1904324
1904339
1904354
1904369
1904384
1904399
1904400
1904401
1904402
1904417
1904432
1904433
1904448
1904463
1904478
1904492
1904506
1904520
1904521
1904536
1904551
1904552
1904556
1904560
1904561
1904565
1904569
1904570
1904574
1904575
1904576
1904577
1904578
1904579
1904580
1904581
1904585
1904586
1904587
1904591
1904595
1904596
1904600
1904605
1904606
1904611
1904616
1904621
1904626
1904631
1904632
1904633
1904634
1904639
1904644
1904649
1904654
1904659
1904660
1904661
1904662
1904663
1904664
1904665
1904678
1904691
1904692
1904693
1904694
1904695
1904696
1904697
1904698
1904699
1904700
1904701
1904702
1904707
1904712
1904717
1904718
1904719
1904720
1904721
1904722
1904723
1904724
1904725
1904726
1904731
1904732
1904737
1904742
1904747
1904748
1904749
1904750
1904751
1904756
1904757
1904758
1904759
1904764
1904769
1904770
1904775
1904780
1904783
1904786
1904789
1904790
1904793
1904796
1904797
1904798
1904799
1904800
1904801
1904804
1904805
1904806
1904807
1904808
1904811
1904814
1904817
1904820
1904823
1904824
1904827
1904830
1904831
1904832
1904835
1904900
1904901
1904902
1904903
1904904
1904905
1904906
1904907
1904908
1904909
1904910
1904911
1904918
1904924
1904925
1904931
1904937
1904938
1904939
1904940
1904941
1904947
1904948
1904949
1904950
1904956
1904963
1904964
1904965
1904969
1904970
1904974
1904978
1904982
1904983
1904984
1904988
1904992
1904996
1905000
1905001
1905002
1905003
1905004
1905005
1905006
1905007
1905011
1905015
1905019
1905020
1905021
1905025
1905029
1905033
1905037
1905041
1905045
1905049
1905053
1905058
1905062
1905066
1905067
1905071
1905075
1905076
1905077
1905078
1905082
1905083
1905084
1905085
1905086
1905087
1905088
1905092
1905096
1905097
1905098
1905099
1905103
1905107
1905111
1905113
1905115
1905117
1905118
1905119
1905120
1905122
1905123
1905125
1905127
1905129
1905133
1905134
1905135
1905136
1905137
1905138
1905139
1905140
1905141
1905142
1905146
1905151
1905156
1905161
1905166
1905223
1905228
1905233
1905238
1905243
1905248
1905249
1905250
1905251
1905256
1905261
1905265
1905269
1905273
1905274
1905275
1905276
1905277
1905278
1905279
1905280
1905281
1905282
1905286
1905287
1905291
1905295
1905299
1905303
1905307
1905311
1905315
1905316
1905317
1905320
1905323
1905324
1905325
1905327
1905329
1905331
1905333
1905335
1905337
1905339
1905341
1905343
1905345
1905348
1905349
1905351
1905352
1905353
1905355
1905357
1905359
1905362
1905365
1905368
1905369
1905370
1905373
1905391
1905392
1905393
1905394
1905395
1905396
1905397
1905398
1905399
1905400
1905401
1905402
1905403
1905418
1905419
1905420
1905421
1905435
1905436
1905437
1905438
1905439
1905440
1905441
1905442
1905443
1905444
1905445
1905446
1905447
1905448
1905461
1905475
1905477
1905479
1905481
1905482
1905483
1905484
1905485
1905486
1905487
1905489
1905491
1905493
1905495
1905497
1905499
1905501
1905502
1905504
1905506
1905508
1905510
1905512
1905514
1905516
1905518
1905520
1905522
1905523
1905543
1905544
1905552
1905561
1905570
1905579
1905588
1905589
1905590
1905591
1905592
1905593
1905594
1905595
1905596
1905597
1905598
1905599
1905600
1905609
1905610
1905611
1905619
1905620
1905621
1905622
1905623
1905624
1905625
1905626
1905627
1905628
1905629
1905630
1905631
1905632
1905640
1905641
1905642
1905650
1905651
1905652
1905653
1905654
1905655
1905656
1905657
1905665
1905666
1905674
1905682
1905683
1905684
1905685
1905686
1905687
1905695
1905696
1905697
1905698
1905699
1905700
1905701
1905702
1905713
1905716
1905717
1905718
1905719
1905722
1905723
1905726
1905729
1905732
1905735
1905736
1905737
1905738
1905741
1905742
1905745
1905748
1905750
1905752
1905754
1905756
1905758
1905759
1905760
1905761
1905763
1905765
1905768
1905771
1905774
1905782
1905788
1905790
1905792
1905793
1905795
1905797
1905799
1905801
1905803
1905805
1905807
1905809
1905810
1905811
1905812
1905813
1905814
1905816
1905817
1905818
1905819
1905821
1905827
1905829
1905830
1905831
1905832
1905834
1905836
1905838
1905840
1905842
1905844
1905846
1905848
1905849
1905851
1905857
1905858
1905864
1905870
1905871
1905877
1905883
1905889
1905890
1905896
1905897
1905898
1905899
1905900
1905901
1905902
1905903
1905904
1905905
1905906
1905907
1905913
1905919
1905925
1905931
1905937
1905943
1905949
1905955
1905957
1905959
1905961
1905963
1905965
1905967
1905969
1905971
1905973
1905974
1905975
1905976
1905978
1905979
1905980
1905981
1905983
1905984
1905985
1905986
1905988
1905995
1905996
1906003
1906010
1906017
1906018
1906025
1906026
1906027
1906028
1906035
1906036
1906043
1906050
1906057
1906064
1906065
1906072
1906079
1906080
1906081
1906082
1906083
1906084
1906085
1906086
1906087
1906093
1906095
1906097
1906099
1906100
1906102
1906104
1906106
1906108
1906109
1906111
1906113
1906115
1906116
1906117
1906119
1906121
1906122
1906124
1906130
1906131
1906138
1906145
1906146
1906153
1906160
1906167
1906174
1906181
1906188
1906195
1906202
1906209
1906216
1906223
1906230
1906231
1906232
1906233
1906234
1906235
1906236
1906237
1906238
1906239
1906246
1906252
1906258
1906264
1906270
1906276
1906282
1906283
1906289
1906295
1906301
1906307
1906313
1906319
1906325
1906326
1906327
1906333
1906334
1906335
1906336
1906349
1906351
1906353
1906354
1906355
1906357
1906359
1906360
1906362
1906364
1906365
1906369
1906373
1906377
1906378
1906382
1906386
1906387
1906388
1906389
1906390
1906391
1906392
1906393
1906397
1906401
1906402
1906403
1906404
1906405
1906409
1906410
1906411
1906412
1906416
1906420
1906424
1906425
1906429
1906433
1906434
1906435
1906436
1906437
1906438
1906453
1906457
1906461
1906462
1906466
1906470
1906471
1906472
1906473
1906474
1906475
1906476
1906477
1906481
1906485
1906486
1906487
1906488
1906489
1906490
1906491
1906492
1906493
1906497
1906498
1906499
1906500
1906501
1906502
1906503
1906504
1906505
1906512
1906519
1906520
1906521
1906523
1906525
1906527
1906529
1906530
1906531
1906532
1906534
1906536
1906538
1906540
1906542
1906549
1906550
1906551
1906552
1906553
1906560
1906568
1906569
1906570
1906571
1906572
1906573
1906574
1906575
1906576
1906577
1906578
1906579
1906587
1907944
1907959
1907974
1907989
1908004
1908019
1908034
1908049
1908066
1908067
1908068
1908069
1908070
1908071
1908072
1908073
1908074
1908075
1908076
1908077
1908094
1908097
1908099
1908101
1908103
1908104
1908105
1908106
1908107
1908109
1908111
1908112
1908114
1908117
1908120
1908121
1908122
1908123
1908124
1908127
1908130
1908131
1908134
1908135
1908138
1908139
1908142
1908143
1908144
1908145
1908146
1908147
1908150
1908151
1908152
1908153
1908154
1908155
1908158
1908159
1908160
1908163
1908166
1908169
1908170
1908171
1908172
1908173
1908174
1908177
1908180
1908183
1908200
1908217
1908234
1908251
1908268
1908285
1908302
1908319
1908335
1908353
1908358
1908359
1908364
1908365
1908370
1908371
1908376
1908377
1908382
1908387
1908392
1908397
1908398
1908399
1908400
1908401
1908402
1908403
1908404
1908405
1908406
1908407
1908408
1908413
1908417
1908421
1908425
1908426
1908427
1908428
1908432
1908433
1908437
1908441
1908442
1908446
1908447
1908448
1908449
1908450
1908451
1908452
1908453
1908454
1908458
1908462
1908466
1908470
1908474
1908478
1908483
1908484
1908486
1908488
1908489
1908491
1908493
1908495
1908497
1908499
1908501
1908502
1908503
1908505
1908521
1908522
1908523
1908524
1908525
1908526
1908527
1908528
1908529
1908530
1908531
1908532
1908533
1908565
1908584
1908603
1908622
1908623
1908624
1908625
1908626
1908627
1908628
1908629
1908648
1908667
1908687
1908688
1908689
1908709
1908710
1908711
1908731
1908732
1908733
1908734
1908735
1908736
1908737
1908741
1908742
1908743
1908744
1908745
1908746
1908750
1908751
1908752
1908753
1908754
1908758
1908759
1908760
1908761
1908762
1908766
1908767
1908771
1908772
1908773
1908774
1908775
1908776
1908777
1908778
1908782
1908786
1908787
1908788
1908789
1908790
1908791
1908792
1908793
1908794
1908798
1908802
1908822
1908823
1908824
1908825
1908826
1908827
1908828
1908829
1908830
1908831
1908832
1908833
1908834
1908835
1908836
1908837
1908852
1908853
1908854
1908856
1908858
1908859
1908860
1908861
1908863
1908865
1908867
1908869
1908870
1908872
1908874
1908876
1908877
1908879
1908880
1908882
1908883
1908884
1908886
1908888
1908890
1908891
1908906
1908920
1908934
1908949
1908963
1908964
1908965
1908978
1908979
1908980
1908981
1908982
1908983
1908984
1908997
1909010
1909011
1909024
1909037
1909038
1909039
1909040
1909055
1909056
1909057
1909058
1909059
1909060
1909061
1909062
1909063
1909077
1909091
1909107
1909125
1909128
1909131
1909134
1909137
1909140
1909143
1909146
1909149
1909152
1909155
1909158
1909161
1909164
1909167
1909170
1909173
1909174
1909175
1909176
1909179
1909182
1909185
1909188
1909195
1909196
1909197
1909198
1909199
1909200
1909201
1909202
1909203
1909204
1909205
1909206
1909214
1909215
1909223
1909230
1909237
1909244
1909251
1909258
1909265
1909272
1909279
1909286
1909294
1909302
1909310
1909311
1909312
1909313
1909314
1909315
1909316
1909317
1909318
1909319
1909333
1909347
1909361
1909375
1909389
1909390
1909391
1909392
1909393
1909394
1909395
1909409
1909410
1909411
1909412
1909426
1909446
1909447
1909448
1909449
1909450
1909453
1909456
1909457
1909458
1909459
1909462
1909465
1909468
1909471
1909472
1909473
1909474
1909475
1909478
1909479
1909480
1909483
1909486
1909487
1909488
1909489
1909490
1909491
1909492
1909495
1909496
1909499
1909502
1909505
1909506
1909509
1909510
1909513
1909516
1909517
1909518
1909521
1909524
1909525
1909528
1909529
1909530
1909531
1909532
1909533
1909536
1909539
1909542
1909545
1909567
1909568
1909569
1909570
1909571
1909572
1909573
1909574
1909575
1909576
1909577
1909578
1909599
1909600
1909613
1909626
1909639
1909652
1909665
1909678
1909691
1909693
1909695
1909697
1909699
1909701
1909703
1909705
1909706
1909708
1909710
1909712
1909714
1909716
1909718
1909720
1909722
1909724
1909726
1909777
1909780
1909783
1909786
1909787
1909788
1909789
1909790
1909791
1909792
1909793
1909796
1909799
1909802
1909805
1909808
1909811
1909814
1909817
1909818
1909819
1909820
1909821
1909824
1909825
1909826
1909827
1909828
1909831
1909834
1909835
1909836
1909837
1909840
1909843
1909847
1909851
1909855
1909859
1909863
1909866
1909867
1909870
1909873
1909876
1909879
1909882
1909885
1909886
1909887
1909888
1909891
1909907
1909909
1909911
1909913
1909915
1909917
1909918
1909919
1909921
1909923
1909924
1909925
1909927
1909929
1909930
1909932
1909933
1909934
1909935
1909936
1909943
1909944
1909945
1909946
1909947
1909948
1909949
1909956
1909963
1909970
1909972
1909974
1909976
1909977
1909978
1909980
1909982
1909984
1909985
1909986
1909988
1909990
1909992
1909993
1909994
1909995
1909997
1910004
1910005
1910006
1910007
1910008
1910009
1910010
1910011
1910012
1910013
1910014
1910015
1910016
1910017
1910018
1910019
1910028
1910039
1910040
1910049
1910058
1910060
1910062
1910064
1910066
1910068
1910070
1910072
1910074
1910076
1910078
1910079
1910080
1910082
1910089
1910090
1910091
1910092
1910099
1910106
1910113
1910120
1910127
1910134
1910141
1910148
1910155
1910159
1910163
1910164
1910165
1910169
1910173
1910177
1910178
1910179
1910183
1910187
1910188
1910192
1910193
1910194
1910195
1910196
1910197
1910198
1910199
1910200
1910201
1910205
1910206
1910210
1910214
1910218
1910219
1910229
1910231
1910232
1910233
1910234
1910236
1910237
1910239
1910241
1910243
1910245
1910247
1910249
1910251
1910253
1910255
1910257
1910259
1910260
1910262
1910264
1910265
1910267
1910276
1910277
1910278
1910279
1910280
1910281
1910282
1910291
1910300
1910473
1910487
1910488
1910489
1910503
1910516
1910528
1910540
1910552
1910565
1910580
1910595
1910597
1910599
1910601
1910603
1910605
1910607
1910609
1910611
1910613
1910615
1910617
1910618
1910620
1910622
1910623
1910624
1910625
1910627
1910629
1910631
1910633
1910635
1910637
1910638
1910653
1910654
1910669
1910684
1910685
1910700
1910701
1910702
1910703
1910704
1910705
1910706
1910707
1910722
1910737
1910756
1910774
1910775
1910793
1910794
1910795
1910796
1910797
1910817
1910821
1910825
1910826
1910830
1910834
1910835
1910836
1910837
1910838
1910842
1910846
1910847
1910851
1910855
1910856
1910857
1910858
1910859
1910860
1910864
1910865
1910869
1910873
1910877
1910881
1910882
1910883
1910884
1910885
1910886
1910887
1910888
1910892
1910893
1910894
1910895
1910899
1910900
1910904
1910908
1910912
1910913
1910917
1910918
1910922
1910926
1910930
1910934
1910938
1910942
1910946
1910963
1910965
1910967
1910968
1910970
1910972
1910974
1910975
1910977
1910979
1910981
1910982
1910983
1910985
1910986
1910988
1910990
1910992
1910994
1910996
1910997
1910999
1911001
1911002
1911003
1911005
1911006
1911007
1911008
1911009
1911010
1911012
1911024
1911035
1911046
1911057
1911058
1911059
1911060
1911061
1911062
1911063
1911064
1911065
1911066
1911078
1911080
1911081
1911082
1911083
1911085
1911086
1911088
1911089
1911091
1911092
1911093
1911095
1911096
1911098
1911099
1911100
1911101
1911102
1911103
1911104
1911106
1911108
1911110
1911120
1911130
1911140
1911141
1911151
1911161
1911171
1911181
1911193
1911205
1911206
1911217
1911218
1911219
1911220
1911221
1911231
1911242
1911243
1911254
1911255
1911256
1911257
1911268
1911279
1911291
1911306
1911307
1911308
1911309
1911310
1911311
1911312
1911313
1911314
1911315
1911316
1911328
1911340
1911352
1911353
1911365
1911377
1911378
1911379
1911391
1911406
1911421
1911441
1911461
1911462
1911463
1911464
1911465
1911466
1911467
1911468
1911474
1911481
1911487
1911493
1911499
1911500
1911506
1911508
1911510
1911511
1911513
1911515
1911516
1911517
1911518
1911520
1911522
1911523
1911525
1911526
1911527
1911528
1911529
1911530
1911536
1911542
1911543
1911544
1911550
1911556
1911557
1911558
1911564
1911565
1911566
1911572
1911578
1911579
1911580
1911586
1911590
1911594
1911598
1911599
1911600
1911601
1911602
1911603
1911604
1911605
1911606
1911610
1911611
1911612
1911616
1911617
1911618
1911619
1911620
1911624
1911628
1911632
1911636
1911640
1911644
1911648
1911649
1911650
1911651
1911652
1911653
1911654
1911655
1911656
1911657
1911661
1911665
1911669
1911673
1911677
1911681
1911685
1911689
1911693
1911697
1911701
1911705
1911709
1911713
1911717
1911721
1911749
1911753
1911756
1911759
1911762
1911765
1911767
1911769
1911771
1911773
1911775
1911777
1911779
1911780
1911781
1911785
1911786
1911787
1911788
1911789
1911790
1911791
1911792
1911793
1911797
1911798
1911802
1911803
1911807
1911811
1911815
1911819
1911823
1911827
1911831
1911835
1911836
1911840
1911841
1911845
1911846
1911847
1911848
1911852
1911856
1911857
1911858
1911859
1911860
1911861
1911862
1911863
1911867
1911868
1911872
1911873
1911877
1911885
1911886
1911887
1911888
1911889
1911890
1911893
1911896
1911899
1911902
1911905
1911907
1911908
1911909
1911910
1911912
1911914
1911915
1911916
1911917
1911919
1911921
1911923
1911925
1911927
1911928
1911931
1911938
1911939
1911962
1911984
1912006
1912028
1912049
1912071
1912072
1912073
1912095
1912096
1912097
1912119
1912140
1912161
1912182
1912204
1912226
1912398
1912399
1912400
1912401
1912404
1912405
1912406
1912407
1912410
1912413
1912416
1912417
1912418
1912419
1912422
1912425
1912426
1912427
1912428
1912429
1912430
1912431
1912432
1912433
1912434
1912437
1912440
1912443
1912446
1912447
1912450
1912453
1912454
1912455
1912456
1912457
1912458
1912459
1912462
1912465
1912468
1912469
1912470
1912471
1912472
1912475
1912476
1912477
1912480
1912483
1912486
1912489
1912492
1912496
1912497
1912498
1912499
1912502
1912503
1912504
1912505
1912506
1912507
1912508
1912509
1912512
1912515
1912516
1912517
1912520
1912523
1912527
1912530
1912533
1912536
1912539
1912542
1912545
1912548
1912551
1912554
1912557
1912560
1912563
1912564
1912565
1912566
1912567
1912570
1912840
1912941
1913043
1913064
1913085
1913087
1913088
1913090
1913091
1913092
1913093
1913095
1913096
1913097
1913098
1913100
1913101
1913103
1913105
1913107
1913108
1913109
1913110
1913111
1913112
1913113
1913115
1913117
1913118
1913119
1913142
1913165
1913187
1913209
1913231
1913232
1913254
1913276
1913299
1913322
1913323
1913324
1913325
1913326
1913327
1913328
1913329
1913333
1913334
1913338
1913342
1913344
1913346
1913348
1913350
1913352
1913354
1913356
1913358
1913360
1913362
1913364
1913366
1913367
1913369
1913371
1913375
1913379
1913380
1913381
1913382
1913386
1913387
1913388
1913392
1913393
1913394
1913398
1913399
1913400
1913404
1913408
1913412
1913413
1913414
1913418
1913422
1913479
1913480
1913481
1913482
1913483
1913484
1913485
1913486
1913487
1913488
1913489
1913490
1913491
1913492
1913493
1913744
1913904
1914045
1914180
1914313
1914446
1914447
1914448
1914582
1914722
1914863
1915009
1915149
1915150
1915295
1915442
1915443
1915444
1915612
1915613
1915614
1915615
1915619
1915623
1915624
1915628
1915632
1915633
1915634
1915635
1915636
1915637
1915638
1915639
1915643
1915644
1915645
1915649
1915653
1915654
1915658
1915659
1915660
1915664
1915668
1915669
1915673
1915674
1915675
1915679
1915683
1915687
1915691
1915692
1915696
1915700
1915704
1915708
1915712
1915716
1915720
1915721
1915722
1915726
1915730
1915732
1915733
1915735
1915737
1915738
1915739
1915740
1915742
1915744
1915746
1915748
1915750
1915752
1915754
1916576
1916678
1916780
1916883
1916884
1916885
1916886
1916887
1916888
1916889
1916890
1917002
1917115
1917116
1917198
1917286
1917348
1917349
1917350
1917351
1917414
1917477
1917539
1917602
1917664
1917665
1917666
1917667
1917668
1917669
1917670
1917745
1917746
1917747
1917748
1917749
1917750
1917751
1917752
1917753
1917838
1917839
1917930
1918018
1918019
1918020
1918021
1918022
1918023
1918024
1918025
1918026
1918027
1918028
1918029
1918030
1918031
1918406
1918620
1918621
1918622
1918804
1918805
1918806
1918807
1918808
1918809
1918810
1918811
1918812
1919006
1919007
1919008
1919009
1919010
1919011
1919012
1919013
1919014
1919015
1919016
1919017
1919018
1919019
1919020
1919021
1919022
1919098
1919324
1919534
1919747
1919748
1919749
1919961
1920764
1920765
1921410
1922090
1922092
1922093
1922095
1922097
1922099
1922101
1922103
1922104
1922106
1922108
1922110
1922111
1922113
1922115
1922117
1922119
1922121
1922123
1922125
1922127
1922129
1922131
1922133
1922135
1922137
1922139
1922141
1922142
1922143
1922144
1922145
1922147
1922149
1922151
1922152
1922154
1922156
1922158
1923012
1923018
1923024
1923030
1923036
1923038
1923040
1923042
1923044
1923045
1923046
1923047
1923049
1923051
1923053
1923054
1923056
1923058
1923060
1923061
1923066
1923072
1923073
1923079
1923085
1923091
1923097
1923098
1923099
1923100
1923106
1923108
1923110
1923112
1923114
1923116
1923118
1923119
1923120
1923121
1923123
1923125
1923127
1923133
1923138
1923139
1923140
1923141
1923146
1923151
1923156
1923161
1923162
1923163
1923164
1923165
1923166
1923167
1923168
1923173
1923178
1923179
1923180
1923181
1923182
1923183
1923188
1923189
1923190
1923191
1923192
1923193
1923194
1923195
1923200
1923201
1923202
1923207
1923212
1923213
1923214
1923215
1923216
1923217
1923218
1923219
1923224
1923225
1923226
1923231
1923236
1923241
1923245
1923246
1923250
1923251
1923252
1923253
1923254
1923255
1923256
1923257
1923262
1923267
1923271
1923275
1923279
1923283
1923287
1923291
1923295
1923299
1923303
1923304
1923305
1923309
1923313
1923317
1923318
1923319
1923320
1923321
1923327
1923328
1923329
1923330
1923331
1923332
1923333
1923334
1923335
1923336
1923337
1923338
1923593
1923605
1923617
1923629
1923641
1923653
1923665
1923677
1923689
1923701
1923702
1923703
1923704
1923705
1923706
1923707
1923719
1923721
1923723
1923725
1923727
1923728
1923730
1923732
1923734
1923736
1923737
1923739
1923741
1923743
1923745
1923747
1923749
1923761
1923765
1923769
1923772
1923775
1923778
1923779
1923780
1923781
1923782
1923786
1923789
1923792
1923795
1923798
1923801
1923805
1923806
1923810
1923811
1923812
1923814
1923816
1923818
1923819
1923820
1923822
1923824
1923826
1923830
1923831
1923835
1923836
1923837
1923838
1923839
1923840
1923855
1923870
1923871
1923872
1923888
1923892
1923896
1923900
1923904
1923905
1923906
1923910
1923912
1923914
1923916
1923917
1923918
1923919
1923920
1923922
1923924
1923926
1923928
1923931
1923934
1923937
1923940
1923941
1923944
1923945
1923946
1923949
1923952
1923956
1923960
1923961
1923965
1923966
1923970
1923974
1923975
1923979
1923980
1923984
1923985
1923989
1923990
1923991
1923992
1923993
1923994
1923995
1923996
1923997
1924001
1924005
1924009
1924013
1924017
1924021
1924025
1924026
1924027
1924029
1924031
1924033
1924035
1924037
1924039
1924040
1924042
1924043
1924058
1924214
1924219
1924220
1924221
1924222
1924223
1924224
1924225
1924226
1924227
1924228
1924233
1924234
1924235
1924236
1924237
1924238
1924239
1924240
1924241
1924246
1924247
1924248
1924249
1924251
1924252
1924253
1924254
1924255
1924256
1924258
1924259
1924260
1924261
1924265
1924269
1924273
1924278
1924283
1924288
1924293
1924298
1924303
1924304
1924306
1924307
1924309
1924311
1924313
1924315
1924317
1924319
1924321
1924323
1924325
1924326
1924328
1924330
1924332
1924337
1924338
1924339
1924341
1924343
1924345
1924347
1924349
1924351
1924352
1924354
1924356
1924357
1924362
1924363
1924364
1924365
1924366
1924367
1924368
1924374
1924380
1924381
1924382
1924383
1924384
1924385
1924386
1924392
1924393
1924394
1924395
1924396
1924397
1924398
1924399
1924400
1924406
1924412
1924413
1924414
1924415
1924416
1924417
1924422
1924427
1924428
1924429
1924430
1924431
1924437
1924443
1924449
1924508
1924512
1924513
1924514
1924515
1924516
1924517
1924518
1924519
1924520
1924521
1924525
1924529
1924533
1924537
1924541
1924545
1924549
1924553
1924554
1924555
1924556
1924557
1924558
1924559
1924563
1924564
1924565
1924566
1924567
1924568
1924569
1924573
1924577
1924581
1924582
1924586
1924590
1924594
1924598
1924602
1924606
1924607
1924608
1924609
1924610
1924611
1924615
1924619
1924623
1924627
1924631
1924635
1924636
1924637
1924920
1924921
1924922
1924923
1924924
1924925
1924926
1924927
1924928
1924929
1925088
1925294
1925295
1925296
1925297
1925298
1925299
1925300
1925301
1925302
1925408
1925511
1925612
1925713
1925823
1926016
1926017
1926018
1926019
1926020
1926021
1926022
1926196
1926359
1926515
1926670
1926825
1926994
1927170
1927338
1927339
1927340
1927341
1927508
1927721
1927722
1927723
1927724
1927725
1927726
1927727
1927728
1927729
1927730
1927912
1927913
1928011
1928109
1928110
1928111
1928209
1928308
1928395
1928482
1928569
1928671
1928764
1928857
1928953
1929050
1929146
1929243
1929338
1929339
1929340
1929341
1929342
1929437
1929534
1929632
1929720
1929721
1929809
1930047
1930048
1930050
1930052
1930054
1930056
1930058
1930060
1930062
1930064
1930065
1930067
1930069
1930071
1930072
1930073
1930075
1930077
1930078
1930079
1930081
1930083
1930084
1930085
1930087
1930089
1930091
1930224
1930355
1930356
1930357
1930358
1930359
1930360
1930503
1930504
1930505
1930506
1930507
1930508
1930509
1930510
1930511
1930512
1930513
1930514
1930515
1930516
1930517
1930518
1930519
1930520
1930521
1930522
1930523
1930524
1930525
1930658
1930839
1930849
1930850
1930851
1930852
1930853
1930854
1930865
1930876
1930877
1930878
1930879
1930890
1930891
1930902
1930908
1930909
1930910
1930911
1930912
1930913
1930914
1930915
1930916
1930917
1930922
1930923
1930928
1930929
1930930
1930931
1930932
1930933
1930934
1930935
1930936
1930937
1930938
1930939
1930945
1930951
1930957
1930963
1930964
1930965
1930966
1930967
1930968
1930969
1930970
1930971
1930972
1930978
1930984
1930990
1930996
1931002
1931003
1931004
1931005
1931006
1931012
1931018
1931019
1931025
1931031
1931032
1931038
1931039
1931040
1931041
1931047
1931048
1931049
1931055
1931058
1931060
1931061
1931063
1931065
1931067
1931069
1931071
1931074
1931075
1931078
1931081
1931084
1931087
1931088
1931089
1931090
1931093
1931094
1931095
1931096
1931102
1931103
1931104
1931105
1931106
1931107
1931108
1931109
1931110
1931209
1931210
1931211
1931212
1931213
1931304
1931395
1931464
1931533
1931602
1931671
1931741
1931742
1931817
1931891
1931965
1931966
1931967
1931968
1932065
1932067
1932069
1932071
1932073
1932075
1932077
1932079
1932081
1932082
1932083
1932084
1932085
1932086
1932087
1932089
1932090
1932092
1932094
1932096
1932098
1932100
1932101
1932103
1932105
1932280
1932393
1932394
1932506
1932507
1932508
1932509
1932510
1932511
1932627
1932628
1932629
1932630
1932631
1932632
1932698
1932758
1932814
1932870
1932926
1932982
1933038
1933095
1933152
1933215
1933288
1933289
1933290
1933291
1933292
1933365
1933366
1933367
1933368
1933369
1933370
1933371
1933372
1933373
1933374
1933375
1933376
1933377
1933378
1933379
1933380
1933381
1933382
1933459
1933460
1933461
1933462
1933463
1933464
1933465
1933466
1933467
1933468
1933469
1933470
1933566
1933567
1933568
1933757
1933758
1933759
1933760
1933761
1933762
1933763
1933764
1933765
1933766
1933767
1933768
1933769
1933770
1933771
1933772
1933773
1933774
1933775
1933776
1933777
1933947
1934471
1934476
1934478
1934480
1934482
1934483
1934485
1934487
1934489
1934491
1934493
1934495
1934497
1934502
1934503
1934504
1934505
1934506
1934507
1934508
1934509
1934510
1934514
1934518
1934522
1934526
1934527
1934528
1934529
1934530
1934531
1934532
1934536
1934540
1934541
1934542
1934543
1934544
1934545
1934549
1934553
1934554
1934563
1934567
1934568
1934569
1934570
1934571
1934572
1934576
1934580
1934581
1934582
1934583
1934584
1934585
1934586
1934590
1934594
1934598
1934602
1934606
1934607
1934608
1934612
1934614
1934616
1934618
1934619
1934620
1934622
1934623
1934624
1934625
1934626
1934627
1934629
1934633
1934634
1934635
1934636
1934637
1934638
1934640
1934642
1934643
1934645
1934647
1934649
1934651
1934653
1934657
1934659
1934660
1934661
1934663
1934665
1934667
1934668
1934669
1934670
1934671
1934672
1934674
1934676
1934681
1934685
1934686
1934687
1934688
1934689
1934690
1934694
1934698
1934699
1934703
1934706
1934709
1934712
1934715
1934718
1934721
1934724
1934727
1934730
1934733
1934736
1934739
1934742
1934745
1934746
1934747
1934750
1934755
1934756
1934757
1934758
1934759
1934760
1934761
1934766
1934770
1934771
1934772
1934773
1934774
1934775
1934776
1934778
1934779
1934780
1934781
1934782
1934783
1934784
1934786
1934790
1934791
1934795
1934799
1934803
1934808
1934813
1934814
1934900
1934901
1934902
1934903
1934904
1934905
1934906
1934940
1934941
1934942
1934943
1934944
1934978
1935012
1935046
1935081
1935082
1935083
1935084
1935085
1935119
1935121
1935123
1935125
1935127
1935129
1935131
1935133
1935135
1935137
1935139
1935141
1935143
1935145
1935147
1935148
1935150
1935152
1935154
1935156
1935158
1935160
1935207
1935233
1935259
1935285
1935310
1935311
1935312
1935337
1935338
1935339
1935340
1935341
1935342
1935343
1935344
1935345
1935346
1935347
1935348
1935349
1935376
1935384
1935385
1935386
1935387
1935388
1935389
1935390
1935391
1935392
1935393
1935394
1935402
1935410
1935418
1935419
1935427
1935428
1935429
1935437
1935438
1935439
1935440
1935441
1935442
1935443
1935444
1935445
1935453
1935454
1935456
1935458
1935459
1935460
1935462
1935464
1935465
1935467
1935468
1935469
1935471
1935473
1935474
1935475
1935477
1935485
1935486
1935487
1935488
1935489
1935490
1935491
1935492
1935493
1935494
1935495
1935496
1935497
1935498
1935499
1935500
1935508
1935514
1935520
1935521
1935522
1935528
1935534
1935540
1935541
1935542
1935543
1935544
1935545
1935546
1935547
1935548
1935549
1935555
1935556
1935557
1935558
1935559
1935564
1935565
1935566
1935567
1935568
1935569
1935570
1935571
1935572
1935573
1935574
1935580
1935586
1935592
1935593
1935594
1935595
1935639
1935640
1935641
1935642
1935643
1935644
1935645
1935646
1935647
1935648
1935649
1935650
1935651
1935652
1935653
1935654
1935655
1935656
1935657
1935658
1935659
1935660
1935703
1935704
1935749
1935750
1935751
1935752
1935755
1935756
1935757
1935758
1935761
1935764
1935767
1935770
1935771
1935772
1935775
1935778
1935779
1935782
1935783
1935784
1935785
1935786
1935789
1935790
1935791
1935792
1935793
1935794
1935795
1935798
1935799
1935802
1935804
1935806
1935807
1935808
1935809
1935811
1935813
1935815
1935817
1935819
1935821
1935823
1935824
1935825
1935826
1936065
1936066
1936251
1936252
1936253
1936254
1936315
1936377
1936439
1936440
1936441
1936442
1936443
1936444
1936445
1936446
1936447
1936448
1936449
1936450
1936460
1936464
1936465
1936469
1936473
1936474
1936478
1936482
1936486
1936490
1936491
1936495
1936499
1936503
1936507
1936508
1936512
1936516
1936517
1936518
1936522
1936526
1936527
1936528
1936529
1936533
1936534
1936535
1936536
1936537
1936538
1936539
1936543
1936544
1936545
1936546
1936547
1936548
1936549
1936550
1936551
1936555
1936565
1936575
1936576
1936577
1936578
1936579
1936580
1936581
1936582
1936592
1936601
1936610
1936619
1936628
1936629
1936638
1936639
1936648
1936649
1936650
1936651
1936652
1936662
1936668
1936669
1936670
1936671
1936672
1936673
1936674
1936675
1936676
1936682
1936688
1936689
1936690
1936691
1936692
1936698
1936704
1936710
1936711
1936717
1936723
1936724
1936725
1936731
1936737
1936738
1936744
1936750
1936751
1936752
1936753
1936754
1936760
1936763
1936764
1936765
1936766
1936769
1936770
1936773
1936774
1936775
1936778
1936779
1936781
1936783
1936785
1936787
1936788
1936789
1936790
1936791
1936792
1936793
1936796
1937350
1937351
1937352
1937353
1937354
1937355
1937356
1937357
1937358
1937359
1937360
1937361
1937362
1937363
1937364
1937365
1937366
1937367
1937368
1937369
1937370
1937371
1937409
1937410
1937411
1937412
1937413
1937414
1937415
1937416
1937417
1937418
1937455
1937456
1937457
1937458
1937459
1937460
1937461
1937462
1937463
1937464
1937465
1937466
1937467
1937507
1937509
1937511
1937513
1937515
1937517
1937519
1937520
1937521
1937523
1937524
1937525
1937527
1937528
1937529
1937530
1937532
1937534
1937535
1937547
1937559
1937560
1937572
1937573
1937585
1937588
1937591
1937592
1937593
1937594
1937597
1937598
1937599
1937602
1937603
1937604
1937607
1937608
1937609
1937610
1937613
1937616
1937619
1937622
1937625
1937628
1937631
1937634
1937637
1937640
1937643
1937646
1937647
1937648
1937649
1937652
1937660
1937668
1937676
1937677
1937678
1937679
1937680
1937681
1937682
1937683
1937684
1937685
1937686
1937687
1937688
1937689
1937698
1937699
1937700
1937701
1937702
1937703
1937704
1937705
1937706
1937707
1937708
1937709
1937710
1937711
1937712
1937713
1937723
1937724
1937725
1937726
1937727
1937728
1937758
1937759
1937760
1937761
1937762
1937763
1937764
1937765
1937766
1937767
1937768
1937769
1937770
1937771
1937772
1937773
1937809
1937810
1937811
1937839
1937862
1937863
1937864
1937865
1937866
1937889
1937912
1937935
1937958
1937959
1937960
1937984
1937985
1938005
1938024
1938043
1938062
1938063
1938082
1938083
1938102
1938121
1938122
1938142
1938143
1938144
1938164
1938184
1938204
1938224
1938225
1938226
1938227
1938250
1938251
1938252
1938253
1938275
1938295
1938296
1938297
1938298
1938299
1938300
1938301
1938302
1938303
1938326
1938349
1938350
1938375
1938376
1938400
1938422
1938423
1938424
1938446
1938469
1938492
1938513
1938514
1938515
1938516
1938537
1938560
1938583
1938607
1938658
1938659
1938660
1938661
1938671
1938681
1938691
1938692
1938693
1938694
1938695
1938696
1938697
1938698
1938708
1938718
1938719
1938720
1938721
1938731
1938741
1938751
1938752
1938762
1938772
1938782
1938792
1938802
1938812
1938822
1938823
1938824
1938825
1938826
1938827
1938828
1938829
1938830
1938834
1938836
1938838
1938839
1938840
1938841
1938842
1938843
1938845
1938847
1938849
1938851
1938852
1938854
1938855
1938859
1938860
1938863
1938864
1938865
1938866
1938867
1938870
1938873
1938876
1938879
1938882
1938885
1938886
1938889
1938892
1938895
1938898
1938916
1938919
1938922
1938923
1938924
1938925
1938928
1938931
1938934
1938937
1938940
1938943
1938946
1938947
1938950
1938953
1938954
1938955
1938956
1938957
1938958
1938959
1938960
1938961
1938964
1938967
1938970
1938973
1938974
1938975
1938978
1938981
1938984
1938987
1938988
1938989
1938990
1939010
1939011
1939012
1939013
1939014
1939027
1939029
1939030
1939032
1939034
1939035
1939036
1939038
1939040
1939042
1939044
1939046
1939048
1939050
1939052
1939054
1939056
1939058
1939060
1939072
1939083
1939094
1939105
1939116
1939127
1939128
1939129
1939130
1939131
1939132
1939133
1939134
1939135
1939136
1939147
1939160
1939173
1939186
1939199
1939212
1939225
1939226
1939227
1939228
1939229
1939230
1939231
1939244
1939257
1939270
1939283
1939284
1939297
1939298
1939299
1939300
1939301
1939302
1939303
1939304
1939305
1939306
1939319
1939332
1939345
1939346
1939359
1939372
1939373
1939374
1939375
1939376
1939389
1939754
1939856
1939857
1939859
1939860
1939861
1939862
1939863
1939865
1939867
1939869
1939871
1939873
1939875
1939877
1939879
1939881
1939883
1939885
1939887
1939889
1939890
1939891
1939893
1939895
1939897
1939899
1939973
1939977
1939981
1939982
1939983
1939984
1939985
1939986
1939987
1939988
1939989
1939993
1939997
1939998
1940002
1940006
1940010
1940014
1940015
1940016
1940017
1940018
1940022
1940026
1940030
1940031
1940032
1940033
1940034
1940038
1940042
1940046
1940050
1940054
1940058
1940062
1940063
1940064
1940068
1940071
1940074
1940075
1940076
1940077
1940078
1940079
1940082
1940083
1940084
1940087
1940090
1940093
1940096
1940100
1940104
1940108
1940112
1940116
1940120
1940124
1940128
1940132
1940136
1940140
1940225
1940226
1940227
1940228
1940229
1940230
1940231
1940232
1940315
1940316
1940317
1940318
1940319
1940320
1940321
1940322
1940323
1940445
1940501
1940552
1940597
1940598
1940599
1940600
1940601
1940602
1940647
1940692
1940693
1940738
1940783
1940834
1940835
1940889
1940943
1941001
1941002
1941003
1941004
1941005
1941006
1941007
1941008
1941009
1941010
1941011
1941012
1941013
1941014
1941015
1941016
1941029
1941042
1941055
1941056
1941057
1941058
1941059
1941072
1941085
1941098
1941111
1941124
1941125
1941127
1941129
1941131
1941132
1941134
1941136
1941138
1941140
1941142
1941143
1941145
1941147
1941149
1941150
1941151
1941152
1941154
1941155
1941156
1941158
1941160
1941162
1941164
1941165
1941166
1941167
1941169
1941182
1941183
1941184
1941185
1941186
1941187
1941188
1941189
1941190
1941191
1941192
1941193
1941194
1941195
1941209
1941211
1941212
1941213
1941215
1941217
1941219
1941221
1941222
1941223
1941225
1941227
1941229
1941231
1941233
1941235
1941237
1941239
1941241
1941254
1941267
1941280
1941293
1941306
1941319
1941320
1941321
1941334
1941347
1941360
1941373
1941386
1941399
1941412
1941429
1941430
1941431
1941432
1941433
1941434
1941435
1941436
1941437
1941438
1941439
1941440
1941441
1941454
1941465
1941476
1941487
1941498
1941509
1941520
1941531
1941542
1941543
1941544
1941548
1941549
1941550
1941551
1941552
1941553
1941557
1941560
1941563
1941566
1941569
1941572
1941573
1941574
1941575
1941576
1941577
1941578
1941579
1941582
1941585
1941588
1941589
1941590
1941594
1941595
1941596
1941597
1941598
1941599
1941600
1941601
1941605
1941609
1941620
1941621
1941622
1941623
1941624
1941626
1941627
1941628
1941629
1941630
1941632
1941634
1941636
1941638
1941640
1941642
1941644
1941646
1941648
1941650
1941651
1941652
1941667
1941668
1941683
1941684
1941699
1941700
1941715
1941716
1941731
1941746
1941761
1941776
1941777
1941778
1941779
1941845
1941846
1941847
1941848
1941849
1941850
1941851
1941852
1941853
1941854
1941855
1941856
1941857
1941858
1941859
1941860
1941861
1941862
1941863
1941864
1941865
1941932
1941999
1942000
1942001
1942002
1942003
1942004
1942101
1942102
1942103
1942104
1942105
1942106
1942107
1942108
1942109
1942110
1942111
1942112
1942113
1942114
1942115
1942116
1942117
1942118
1942119
1942120
1942121
1942122
1942168
1942213
1942258
1942303
1942348
1942396
1942397
1942398
1942399
1942400
1942401
1942402
1942403
1942404
1942405
1942497
1942517
1942537
1942557
1942577
1942578
1942579
1942580
1942581
1942582
1942583
1942584
1942585
1942606
1942615
1942624
1942625
1942634
1942643
1942644
1942653
1942662
1942664
1942666
1942668
1942669
1942671
1942673
1942674
1942675
1942677
1942679
1942680
1942682
1942683
1942684
1942685
1942686
1942687
1942688
1942690
1942699
1942701
1942702
1942703
1942705
1942707
1942709
1942711
1942713
1942715
1942717
1942719
1942721
1942722
1942724
1942726
1942728
1942730
1942732
1942740
1942741
1942750
1942751
1942752
1942753
1942754
1942755
1942756
1942757
1942765
1942766
1942767
1942768
1942769
1942770
1942771
1942772
1942775
1942778
1942781
1942784
1942787
1942788
1942789
1942792
1942795
1942798
1942799
1942800
1942801
1942802
1942803
1942804
1942805
1942808
1942811
1942812
1942815
1942818
1942821
1942824
1942832
1942840
1942841
1942842
1942843
1942844
1942845
1942846
1942854
1942862
1942870
1942923
1942924
1942925
1942926
1942927
1942928
1942929
1942930
1942931
1942942
1942943
1942944
1942945
1942946
1942957
1942959
1942961
1942963
1942965
1942967
1942969
1942970
1942971
1942972
1942974
1942976
1942977
1942979
1942981
1942983
1942985
1942986
1942988
1942989
1942990
1942991
1942992
1943001
1943002
1943011
1943012
1943013
1943014
1943015
1943016
1943017
1943018
1943019
1943020
1943021
1943029
1943037
1943038
1943039
1943047
1943055
1943056
1943057
1943058
1943059
1943060
1943061
1943062
1943063
1943071
1943080
1943081
1943082
1943083
1943084
1943085
1943087
1943088
1943089
1943090
1943091
1943092
1943094
1943095
1943096
1943097
1943098
1943099
1943101
1943111
1943120
1943129
1943138
1943147
1943156
1943165
1943174
1943183
1943192
1943193
1943194
1943195
1943204
1943213
1943214
1943215
1943224
1943233
1943242
1943243
1943252
1943253
1943262
1943263
1943264
1943265
1943270
1943274
1943278
1943279
1943283
1943284
1943285
1943286
1943287
1943292
1943297
1943298
1943299
1943304
1943309
1943314
1943319
1943324
1943329
1943330
1943331
1943332
1943333
1943334
1943338
1943339
1943340
1943341
1943345
1943346
1943347
1943349
1943350
1943351
1943353
1943355
1943357
1943359
1943361
1943365
1943366
1943367
1943368
1943369
1943370
1943371
1943375
1943376
1943377
1943386
1943387
1943388
1943389
1943390
1943391
1943392
1943393
1943394
1943395
1943396
1943397
1943398
1943399
1943408
1943417
1943418
1943419
1943441
1943453
1943454
1943455
1943456
1943457
1943458
1943459
1943471
1943483
1943495
1943496
1943497
1943498
1943499
1943500
1943501
1943502
1943503
1943504
1943505
1943517
1943529
1943530
1943542
1943556
1943570
1943591
1943592
1943593
1943671
1943672
1943673
1943674
1943746
1943818
1943890
1943964
1944151
1944185
1944218
1944251
1944284
1944285
1944318
1944350
1944383
1944415
1944448
1944481
1944512
1944513
1944544
1944545
1944580
1944581
1944582
1944583
1944584
1944619
1944640
1944641
1944642
1944643
1944644
1944645
1944646
1944647
1944648
1944649
1944650
1944651
1944652
1944653
1944654
1944655
1944678
1944715
1944716
1944752
1944798
1944832
1944833
1944834
1944835
1944836
1944837
1944838
1944839
1944840
1944841
1944842
1944866
1944867
1944868
1944892
1944916
1944940
1944964
1944988
1945012
1945036
1945060
1945084
1945085
1945086
1945087
1945088
1945089
1945090
1945091
1945092
1945093
1945094
1945095
1945096
1945097
1945122
1945123
1945154
1945184
1945214
1945245
1945246
1945247
1945248
1945249
1945250
1945251
1945252
1945253
1945254
1945255
1945256
1945257
1945258
1945293
1945298
1945302
1945306
1945310
1945314
1945315
1945316
1945317
1945318
1945319
1945320
1945324
1945328
1945329
1945330
1945331
1945332
1945333
1945334
1945335
1945340
1945342
1945343
1945345
1945346
1945347
1945348
1945349
1945350
1945351
1945352
1945353
1945358
1945360
1945361
1945363
1945365
1945366
1945367
1945368
1945370
1945371
1945372
1945373
1945378
1945379
1945380
1945381
1945386
1945387
1945392
1945397
1945402
1945407
1945408
1945434
1945460
1945484
1945485
1945486
1945487
1945511
1945535
1945559
1945560
1945584
1945614
1945615
1945639
1945642
1945643
1945644
1945645
1945646
1945647
1945648
1945651
1945652
1945653
1945654
1945657
1945658
1945659
1945660
1945661
1945662
1945663
1945664
1945665
1945668
1945669
1945672
1945673
1945674
1945675
1945676
1945677
1945680
1945681
1945682
1945683
1945684
1945685
1945688
1945689
1945690
1945691
1945719
1945720
1945721
1945722
1945723
1945724
1945725
1945752
1945780
1945920
1945921
1945951
1945952
1945953
1945954
1945955
1945956
1945986
1946016
1946045
1946046
1946047
1946078
1946103
1946128
1946153
1946178
1946203
1946204
1946205
1946206
1946207
1946208
1946233
1946259
1946275
1946276
1946277
1946278
1946279
1946284
1946285
1946287
1946288
1946289
1946290
1946291
1946293
1946295
1946296
1946297
1946298
1946299
1946300
1946301
1946305
1946309
1946310
1946314
1946318
1946319
1946323
1946327
1946331
1946335
1946336
1946340
1946345
1946346
1946347
1946348
1946350
1946352
1946353
1946354
1946355
1946357
1946359
1946360
1946361
1946362
1946367
1946369
1946371
1946372
1946374
1946376
1946377
1946378
1946379
1946380
1946381
1946383
1946399
1946400
1946401
1946402
1946403
1946404
1946405
1946406
1946407
1946408
1946409
1946410
1946411
1946424
1946437
1946439
1946440
1946442
1946443
1946445
1946446
1946447
1946448
1946449
1946450
1946451
1946453
1946454
1946456
1946457
1946458
1946460
1946461
1946462
1946464
1946466
1946467
1946468
1946494
1946519
1946544
1946569
1946594
1946617
1946618
1946619
1946642
1946665
1946688
1946711
1946712
1946713
1946714
1946715
1946738
1946763
1946764
1946765
1946766
1946791
1946792
1946793
1946794
1946819
1946844
1946869
1946893
1946918
1946919
1946920
1946944
1946969
1946994
1946995
1947039
1947040
1947041
1947042
1947043
1947074
1947146
1947167
1947188
1947209
1947210
1947227
1947228
1947229
1947230
1947231
1947232
1947233
1947234
1947235
1947236
1947237
1947238
1947239
1947256
1947271
1947286
1947287
1947302
1947303
1947318
1947336
1947357
1947376
1947395
1947396
1947415
1947434
1947453
1947472
1947491
1947510
1947525
1947526
1947527
1947542
1947557
1947572
1947592
1947593
1947594
1947595
1947596
1947597
1947598
1947599
1947618
1947619
1947620
1947621
1947640
1947641
1947642
1947643
1947644
1947645
1947646
1947647
1947648
1947649
1947670
1947671
1947672
1947673
1947674
1947675
1947676
1947677
1947678
1947679
1947695
1947696
1947697
1947698
1947699
1947700
1947701
1947702
1947703
1947704
1947724
1947725
1947726
1947727
1947728
1947729
1947749
1947750
1947751
1947752
1947753
1947754
1947755
1947756
1947776
1947777
1947797
1947798
1947799
1947819
1947839
1947863
1947886
1947887
1947910
1947911
1947935
1947959
1947983
1948012
1948042
1948046
1948050
1948051
1948052
1948053
1948054
1948055
1948056
1948060
1948061
1948062
1948063
1948064
1948068
1948069
1948072
1948075
1948078
1948081
1948084
1948085
1948088
1948091
1948094
1948097
1948100
1948107
1948108
1948109
1948110
1948111
1948112
1948113
1948114
1948115
1948116
1948117
1948124
1948131
1948132
1948133
1948140
1948142
1948144
1948146
1948148
1948150
1948152
1948153
1948154
1948156
1948158
1948159
1948161
1948163
1948164
1948165
1948172
1948174
1948175
1948177
1948179
1948181
1948183
1948185
1948186
1948187
1948188
1948189
1948191
1948193
1948194
1948195
1948197
1948199
1948201
1948203
1948210
1948211
1948212
1948219
1948226
1948233
1948240
1948247
1948248
1948249
1948256
1948257
1948258
1948259
1948260
1948261
1948262
1948263
1948270
1948271
1948272
1948273
1948274
1948310
1948311
1948312
1948313
1948314
1948365
1948378
1948390
1948391
1948392
1948393
1948394
1948399
1948404
1948405
1948406
1948407
1948408
1948409
1948410
1948411
1948412
1948413
1948418
1948423
1948428
1948429
1948431
1948432
1948434
1948436
1948437
1948439
1948441
1948443
1948444
1948445
1948450
1948451
1948452
1948457
1948458
1948459
1948460
1948461
1948462
1948463
1948464
1948465
1948466
1948467
1948472
1948473
1948474
1948475
1948487
1948499
1948501
1948502
1948504
1948506
1948508
1948509
1948511
1948512
1948514
1948515
1948517
1948519
1948520
1948521
1948522
1948523
1948525
1948526
1948528
1948529
1948530
1948531
1948533
1948534
1948536
1948537
1948557
1948561
1948562
1948566
1948570
1948571
1948572
1948573
1948574
1948575
1948576
1948580
1948584
1948585
1948589
1948590
1948591
1948592
1948593
1948594
1948595
1948596
1948597
1948598
1948602
1948603
1948604
1948605
1948606
1948607
1948608
1948609
1948610
1948616
1948617
1948618
1948619
1948620
1948626
1948633
1948639
1948645
1948651
1948657
1948663
1948664
1948665
1948666
1948667
1948668
1948669
1948670
1948676
1948682
1948688
1948694
1948700
1948706
1948712
1948713
1948714
1948720
1948726
1948732
1948774
1948776
1948777
1948778
1948780
1948782
1948784
1948785
1948787
1948789
1948790
1948791
1948793
1948795
1948797
1948799
1948800
1948802
1948803
1948804
1948805
1948807
1948808
1948810
1948812
1948814
1948816
1948818
1948820
1948822
1948874
1948926
1948927
1948928
1948929
1948930
1948931
1948978
1948979
1948980
1948981
1948982
1948983
1948984
1948985
1948986
1948987
1948988
1948989
1948990
1948991
1948992
1949039
1949085
1949131
1949132
1949133
1949179
1949226
1949273
1949319
1949427
1949466
1949497
1949528
1949559
1949590
1949621
1949657
1949693
1949729
1949767
1949769
1949770
1949771
1949772
1949773
1949775
1949777
1949779
1949781
1949783
1949785
1949786
1949788
1949790
1949792
1949794
1949796
1949798
1949800
1949802
1949831
1949858
1949885
1949912
1949939
1949967
1950004
1950005
1950006
1950042
1950078
1950114
1950150
1950254
1950255
1950256
1950257
1950258
1950354
1951949
1951953
1951957
1951961
1951962
1951963
1951964
1951968
1951972
1951976
1951977
1951981
1951985
1951989
1951993
1951997
1952001
1952005
1952006
1952010
1952011
1952015
1952016
1952017
1952021
1952025
1952026
1952027
1952028
1952029
1952033
1952037
1952041
1952045
1952049
1952050
1952051
1952052
1952053
1952057
1952058
1952063
1952068
1952069
1952070
1952071
1952072
1952073
1952074
1952079
1952084
1952089
1952094
1952095
1952100
1952101
1952106
1952107
1952112
1952117
1952122
1952123
1952124
1952125
1952126
1952127
1952128
1952129
1952130
1952135
1952136
1952159
1952182
1952205
1952206
1952229
1952231
1952232
1952233
1952234
1952236
1952238
1952239
1952240
1952242
1952243
1952244
1952245
1952246
1952247
1952249
1952251
1952253
1952254
1952256
1952258
1952260
1952262
1952293
1952299
1952305
1952311
1952312
1952318
1952319
1952325
1952331
1952332
1952333
1952339
1952345
1952351
1952352
1952353
1952354
1952355
1952361
1952362
1952363
1952364
1952365
1952366
1952367
1952369
1952371
1952372
1952374
1952376
1952378
1952380
1952382
1952384
1952390
1952391
1952392
1952393
1952394
1952398
1952399
1952400
1952401
1952405
1952406
1952407
1952408
1952412
1952413
1952417
1952418
1952419
1952420
1952421
1952422
1952423
1952424
1952425
1952429
1952433
1952437
1952438
1952439
1952443
1952444
1952445
1952449
1952453
1952454
1952458
1952462
1952466
1952467
1952471
1952475
1952479
1952483
1952487
1952488
1952489
1952490
1952491
1952492
1952493
1952497
1952501
1952527
1952529
1952531
1952533
1952535
1952537
1952539
1952541
1952542
1952544
1952546
1952548
1952550
1952552
1952554
1952556
1952558
1952560
1952562
1952564
1952590
1952614
1952638
1952661
1952682
1952703
1952704
1952705
1952726
1952752
1952753
1952754
1952780
1952806
1952808
1952810
1952812
1952814
1952816
1952818
1952819
1952820
1952822
1952823
1952825
1952826
1952828
1952829
1952830
1952831
1952832
1952834
1952836
1952837
1952839
1952840
1952842
1952844
1952846
1952871
1952872
1952873
1952874
1952875
1952876
1952877
1952878
1952879
1952880
1952881
1952882
1952883
1952884
1952885
1952927
1952931
1952935
1952939
1952940
1952941
1952942
1952943
1952944
1952945
1952946
1952950
1952951
1952952
1952953
1952954
1952955
1952956
1952957
1952961
1952965
1952966
1952967
1952968
1952969
1952973
1952977
1952978
1952982
1952986
1952990
1952994
1952995
1952996
1952997
1952998
1952999
1953000
1953001
1953005
1953006
1953007
1953008
1953009
1953010
1953011
1953012
1953013
1953043
1953046
1953049
1953052
1953055
1953058
1953059
1953062
1953065
1953068
1953069
1953070
1953071
1953074
1953075
1953076
1953077
1953078
1953079
1953080
1953081
1953082
1953085
1953088
1953089
1953090
1953091
1953092
1953095
1953098
1953101
1953102
1953103
1953106
1953109
1953112
1953113
1953116
1953119
1953122
1953125
1953128
1953129
1953130
1953131
1953134
1953137
1953138
1953140
1953142
1953144
1953146
1953148
1953150
1953152
1953153
1953154
1953156
1953158
1953160
1953163
1953164
1953167
1953168
1953169
1953170
1953173
1953179
1953185
1953186
1953187
1953188
1953189
1953190
1953191
1953192
1953198
1953204
1953347
1953428
1953429
1953430
1953508
1953509
1953510
1953595
1953680
1953767
1953855
1953856
1953949
1954045
1954046
1954047
1954048
1954054
1954055
1954056
1954062
1954068
1954074
1954080
1954081
1954082
1954083
1954084
1954090
1954093
1954096
1954097
1954098
1954101
1954104
1954105
1954106
1954109
1954112
1954113
1954114
1954115
1954116
1954117
1954118
1954121
1954122
1954123
1954124
1954125
1954128
1954134
1954135
1954136
1954138
1954140
1954141
1954142
1954144
1954146
1954148
1954150
1954151
1954153
1954154
1954156
1954161
1954162
1954163
1954164
1954165
1954166
1954167
1954168
1954169
1954170
1954171
1954176
1954181
1954182
1954183
1954184
1954185
1954186
1954187
1954192
1954197
1954203
1954204
1954210
1954216
1954222
1954228
1954234
1954240
1954246
1954252
1954254
1954255
1954256
1954258
1954259
1954260
1954262
1954264
1954266
1954268
1954270
1954272
1954274
1954276
1954277
1954283
1954289
1954295
1954354
1954357
1954358
1954359
1954360
1954361
1954364
1954365
1954366
1954369
1954372
1954375
1954378
1954379
1954380
1954381
1954382
1954383
1954386
1954389
1954392
1954395
1954396
1954397
1954398
1954399
1954400
1954401
1954404
1954406
1954408
1954410
1954412
1954414
1954416
1954418
1954420
1954422
1954424
1954426
1954428
1954431
1954432
1954433
1954434
1954435
1954436
1954437
1954440
1954441
1954444
1954445
1954448
1954449
1954450
1954451
1954452
1954455
1954540
1954541
1954543
1954545
1954547
1954549
1954551
1954553
1954555
1954557
1954559
1954561
1954562
1954563
1954565
1954567
1954568
1954569
1954571
1954572
1954574
1954575
1954576
1954578
1954579
1954580
1954581
1954582
1954583
1954585
1954586
1954588
1954590
1954592
1954594
1954596
1954678
1954749
1954821
1954893
1954963
1954964
1955069
1955107
1955108
1955109
1955110
1955111
1955147
1955148
1955149
1955150
1955151
1955152
1955153
1955154
1955155
1955156
1955157
1955158
1955159
1955197
1955198
1955199
1955200
1955201
1955202
1955203
1955204
1955205
1955206
1955207
1955244
1955284
1955322
1955360
1955398
1955436
1955437
1955438
1955476
1955515
1955554
1955592
1955593
1955682
1955684
1955686
1955687
1955688
1955690
1955692
1955694
1955696
1955698
1955700
1955702
1955704
1955706
1955707
1955709
1955711
1955713
1955714
1955715
1955717
1955719
1955721
1955734
1955736
1955738
1955740
1955742
1955743
1955744
1955745
1955747
1955749
1955751
1955753
1955755
1955756
1955758
1955760
1955762
1955764
1955765
1955767
1955769
1955770
1955772
1955774
1955776
1955778
1955779
1955780
1955781
1955783
1955798
1955813
1955815
1955817
1955819
1955820
1955821
1955823
1955825
1955826
1955827
1955828
1955829
1955830
1955831
1955833
1955835
1955837
1955839
1955841
1955843
1955845
1955846
1955847
1955848
1955850
1955852
1955854
1955855
1955856
1955857
1955858
1956029
1956030
1956034
1956035
1956036
1956037
1956038
1956039
1956040
1956044
1956048
1956049
1956052
1956053
1956056
1956057
1956058
1956059
1956062
1956065
1956068
1956071
1956074
1956075
1956078
1956081
1956084
1956087
1956090
1956091
1956092
1956093
1956094
1956095
1956098
1956101
1956104
1956105
1956108
1956109
1956112
1956115
1956118
1956119
1956120
1956123
1956126
1956129
1956132
1956135
1956138
1956141
1956144
1956147
1956150
1956151
1956154
1956157
1956158
1956161
1956164
1956167
1956168
1956171
1956174
1956177
1956180
1956183
1956186
1956189
1956193
1956194
1956195
1956196
1956200
1956203
1956204
1956205
1956206
1956207
1956210
1956213
1956214
1956215
1956216
1956386
1956387
1956388
1956389
1956390
1956391
1956392
1956518
1956644
1956750
1956751
1956752
1956872
1956991
1956992
1956993
1956994
1956995
1956996
1957126
1957253
1957254
1957255
1957385
1957539
1958055
1958056
1958057
1958276
1958277
1958278
1958279
1958507
1958731
1958732
1958733
1958734
1959054
1959055
1959056
1959120
1959192
1959265
1959266
1959268
1959270
1959272
1959274
1959275
1959276
1959278
1959280
1959283
1959286
1959287
1959288
1959291
1959294
1959297
1959300
1959303
1959306
1959307
1959308
1959313
1959314
1959315
1959316
1959317
1959320
1959323
1959324
1959325
1959326
1959329
1959330
1959331
1959332
1959335
1959336
1959337
1959338
1959339
1959342
1959345
1959349
1959351
1959352
1959354
1959355
1959356
1959357
1959358
1959359
1959361
1959363
1959365
1959366
1959368
1959375
1959376
1959377
1959378
1959385
1959394
1959395
1959397
1959399
1959401
1959402
1959403
1959405
1959406
1959408
1959410
1959411
1959412
1959413
1959415
1959417
1959419
1959421
1959422
1959424
1959426
1959428
1959430
1959439
1959440
1959441
1959443
1959445
1959447
1959449
1959451
1959453
1959455
1959457
1959459
1959461
1959463
1959465
1959473
1959474
1959475
1959476
1959477
1959483
1959489
1959491
1959492
1959493
1959494
1959496
1959498
1959500
1959502
1959504
1959505
1959507
1959508
1959509
1959511
1959513
1959514
1959515
1959516
1959522
1959524
1959525
1959526
1959528
1959530
1959532
1959534
1959536
1959537
1959539
1959541
1959542
1959543
1959544
1959656
1959750
1959844
1959845
1959846
1959847
1959848
1959943
1959944
1959945
1959946
1959947
1960048
1960049
1960050
1960051
1960052
1960141
1960142
1960242
1960352
1960353
1960356
1960357
1960360
1960363
1960366
1960369
1960372
1960373
1960374
1960375
1960376
1960379
1960382
1960385
1960388
1960389
1960390
1960391
1960392
1960393
1960394
1960397
1960400
1960403
1960406
1960407
1960408
1960409
1960410
1960411
1960412
1960415
1960418
1960421
1960422
1960423
1960426
1960429
1960430
1960431
1960432
1960433
1960434
1960435
1960436
1960437
1960440
1960443
1960444
1960445
1960446
1960449
1960452
1960513
1960514
1960515
1960516
1960517
1960524
1960531
1960537
1960543
1960549
1960555
1960556
1960557
1960558
1960559
1960560
1960566
1960572
1960578
1960584
1960590
1960591
1960597
1960603
1960609
1960615
1960621
1960627
1960628
1960629
1960630
1960631
1960632
1960633
1960634
1960641
1960642
1960643
1960644
1960645
1960646
1960647
1960648
1960649
1960650
1960651
1960658
1960659
1960660
1960661
1960662
1960663
1960664
1960668
1960670
1960671
1960673
1960674
1960676
1960677
1960679
1960680
1960681
1960682
1960684
1960685
1960687
1960691
1960695
1960696
1960697
1960698
1960699
1960700
1960701
1960705
1960709
1960713
1960717
1960723
1960724
1960725
1960726
1960727
1960733
1960740
1960746
1960747
1960753
1960759
1960760
1960761
1960762
1960764
1960765
1960767
1960769
1960771
1960773
1960774
1960776
1960778
1960779
1960780
1960781
1960782
1960788
1960789
1960790
1960796
1960803
1960809
1960815
1960821
1960827
1960828
1960834
1960840
1960846
1960852
1960858
1960859
1960865
1960871
1960877
1960883
1960889
1960895
1960901
1960907
1960913
1960919
1960925
1960931
1960938
1960944
1960950
1960956
1960962
1960968
1960974
1960975
1960976
1960977
1960978
1960979
1960980
1960981
1960982
1960983
1960984
1960990
1960991
1960992
1960993
1960995
1960997
1960999
1961000
1961001
1961003
1961005
1961006
1961007
1961008
1961009
1961010
1961014
1961018
1961022
1961026
1961030
1961031
1961032
1961033
1961037
1961041
1961045
1961097
1961098
1961099
1961100
1961101
1961102
1961103
1961104
1961105
1961106
1961107
1961108
1961113
1961118
1961123
1961124
1961129
1961130
1961131
1961136
1961137
1961138
1961139
1961140
1961145
1961150
1961155
1961156
1961157
1961158
1961159
1961160
1961161
1961162
1961163
1961164
1961165
1961170
1961171
1961172
1961173
1961174
1961175
1961176
1961181
1961182
1961183
1961184
1961185
1961186
1961187
1961192
1961193
1961194
1961199
1961200
1961201
1961202
1961203
1961204
1961205
1961206
1961207
1961208
1961213
1961218
1961219
1961220
1961223
1961224
1961225
1961226
1961229
1961232
1961235
1961238
1961241
1961244
1961247
1961250
1961253
1961254
1961255
1961256
1961257
1961260
1961266
1961267
1961268
1961269
1961270
1961271
1961272
1961273
1961274
1961275
1961276
1961328
1961329
1961330
1961331
1961332
1961333
1961334
1961335
1961336
1961337
1961623
1961624
1961625
1961626
1961627
1961628
1961629
1961630
1961631
1961632
1961633
1961634
1961635
1961636
1961637
1961638
1961639
1961640
1961641
1961642
1961791
1961931
1962068
1962205
1962343
1962480
1962625
1962626
1962627
1962628
1962629
1962630
1962631
1962632
1962633
1962841
1962844
1962847
1962850
1962853
1962854
1962855
1962856
1962857
1962858
1962859
1962860
1962861
1962864
1962867
1962870
1962873
1962876
1962877
1962878
1962881
1962884
1962887
1962890
1962892
1962894
1962896
1962898
1962900
1962902
1962904
1962906
1962908
1962910
1962912
1962914
1962917
1962918
1962919
1962920
1962921
1962922
1962923
1962926
1962929
1962932
1962933
1962934
1962937
1962940
1962943
1962944
1962945
1962946
1962947
1962950
1962951
1962954
1962957
1962958
1962959
1962960
1962961
1962962
1962963
1962964
1962965
1962968
1963457
1963458
1963459
1963460
1963461
1963462
1963471
1963472
1963473
1963474
1963483
1963492
1963493
1963501
1963509
1963517
1963518
1963519
1963528
1963529
1963530
1963531
1963532
1963533
1963534
1963541
1963548
1963549
1963556
1963563
1963570
1963577
1963579
1963580
1963582
1963584
1963586
1963588
1963590
1963592
1963594
1963596
1963598
1963600
1963602
1963604
1963605
1963606
1963608
1963615
1963616
1963617
1963618
1963619
1963620
1963621
1963622
1963623
1963624
1963625
1963634
1963641
1963642
1963643
1963644
1963645
1963646
1963647
1963648
1963649
1963650
1963651
1963652
1963659
1963666
1963672
1963673
1963674
1963675
1963676
1963682
1963689
1963690
1963691
1963692
1963693
1963700
1963701
1963702
1963703
1963704
1963705
1963706
1963707
1963708
1963709
1963710
1963717
1963718
1963719
1963720
1963721
1963725
1963728
1963731
1963732
1963733
1963734
1963735
1963738
1963741
1963742
1963745
1963748
1963749
1963750
1963753
1963756
1963759
1963762
1963765
1963769
1963770
1963771
1963772
1963773
1963774
1963778
1963782
1963786
1963790
1963794
1963798
1963799
1963800
1963801
1963802
1963806
1963810
1963814
1963818
1963822
1963823
1963827
1963831
1963835
1963839
1963840
1963844
1963853
1963854
1963855
1963856
1963857
1963858
1963859
1963867
1963875
1963883
1963891
1963899
1963907
1963908
1963909
1963911
1963913
1963915
1963917
1963918
1963919
1963920
1963922
1963924
1963926
1963927
1963928
1963929
1963931
1963933
1963935
1963937
1963939
1963947
1963948
1963949
1963950
1963951
1963954
1963957
1963960
1963961
1963962
1963963
1963964
1963965
1963966
1963969
1963970
1963971
1963972
1963973
1963974
1963975
1963978
1963981
1963984
1963985
1963988
1963989
1963990
1963991
1963992
1963993
1963994
1964009
1964023
1964037
1964051
1964065
1964066
1964080
1964081
1964083
1964085
1964087
1964089
1964090
1964092
1964094
1964096
1964098
1964100
1964102
1964104
1964106
1964108
1964110
1964112
1964113
1964115
1964117
1964119
1964121
1964122
1964123
1964124
1964125
1964127
1964128
1964143
1964145
1964146
1964148
1964150
1964152
1964153
1964155
1964157
1964159
1964161
1964162
1964163
1964164
1964165
1964167
1964169
1964170
1964172
1964174
1964176
1964177
1964178
1964180
1964192
1964195
1964198
1964201
1964204
1964205
1964206
1964207
1964210
1964213
1964216
1964217
1964218
1964219
1964222
1964225
1964226
1964227
1964228
1964231
1964234
1964235
1964238
1964239
1964242
1964245
1964248
1964251
1964254
1964257
1964260
1964263
1964266
1964278
1964281
1964284
1964287
1964288
1964289
1964292
1964295
1964296
1964297
1964298
1964299
1964300
1964301
1964304
1964307
1964310
1964311
1964312
1964313
1964314
1964317
1964318
1964321
1964322
1964323
1964324
1964325
1964326
1964327
1964330
1964333
1964336
1964339
1964340
1964351
1964354
1964357
1964358
1964359
1964360
1964363
1964366
1964369
1964372
1964373
1964376
1964377
1964378
1964379
1964380
1964381
1964384
1964385
1964386
1964387
1964388
1964389
1964393
1964397
1964398
1964399
1964400
1964401
1964402
1964403
1964404
1964405
1964406
1964411
1964412
1964413
1964414
1964416
1964417
1964419
1964421
1964423
1964425
1964427
1964429
1964431
1964432
1964449
1964466
1964483
1964500
1964501
1964502
1964503
1964504
1964505
1964522
1964523
1964524
1964540
1964556
1964572
1964588
1964806
1964809
1964812
1964815
1964818
1964821
1964822
1964825
1964828
1964831
1964834
1964835
1964836
1964837
1964838
1964839
1964840
1964841
1964842
1964845
1964846
1964847
1964848
1964849
1964850
1964851
1964852
1964853
1964856
1964859
1964860
1964863
1964866
1964869
1964872
1964873
1964874
1964875
1964876
1964877
1964878
1964881
1964882
1964883
1965011
1965101
1965190
1965279
1965367
1965456
1965565
1965566
1965675
1965795
1965914
1966033
1966151
1966471
1966474
1966475
1966476
1966477
1966478
1966479
1966482
1966485
1966488
1966489
1966490
1966491
1966492
1966493
1966496
1966497
1966498
1966499
1966500
1966501
1966504
1966505
1966506
1966507
1966510
1966511
1966512
1966515
1966518
1966521
1966524
1966525
1966528
1966531
1966534
1966537
1966538
1966539
1966542
1966545
1966546
1966549
1966550
1966551
1966552
1966555
1966556
1966559
1966562
1966565
1966566
1966567
1966570
1966573
1966576
1966579
1966580
1966581
1966584
1966587
1966590
1966591
1966592
1966593
1966596
1966837
1967030
1967031
1967032
1967033
1967226
1967227
1967230
1967231
1967232
1967233
1967236
1967237
1967240
1967243
1967246
1967248
1967250
1967252
1967254
1967256
1967258
1967260
1967262
1967263
1967265
1967267
1967270
1967273
1967274
1967275
1967276
1967277
1967280
1967281
1967284
1967287
1967290
1967293
1967296
1967299
1967302
1967303
1967304
1967305
1967308
1967309
1967310
1967311
1967314
1967317
1967318
1967319
1967320
1967558
1967787
1968017
1968250
1968251
1968555
1986504
1986505
1991345
1991346
1991347
1991348
1991349
1991350
1991351
1991352
1991353
1991354
1991355
1991356
1991357
1993272
1993273
1993274
1993275
1993276
1993277
1993278
1993279
1993280
1993281
1993282
1993283
1993284
1993285
1993286
1993287
1993288
1993289
1998269
1998270
1998271
1998272
1998273
1998593
1998595
1998597
1998599
1998601
1998603
1998604
1998606
1998608
1998610
1998612
1998614
1998615
1998616
1998618
1998620
1998622
1998624
1998626
1998628
1998630
1998631
1998633
1998635
1998636
1998637
1998639
1998641
1998643
1998644
1998646
1998648
1998650
1998651
1998652
1998654
1998984
1998985
1998986
1998987
1998988
1999289
1999290
1999291
1999292
1999293
1999544
1999796
2000046
2000047
2000048
2000049
2000050
2000451
2000840
2001238
2001239
2001240
2001599
2001600
2001601
2001602
2001603
2001888
2002255
2002256
2002257
2002258
2002259
2002260
2002673
2002674
2002675
2002676
2002677
2002678
2002679
2002680
2002681
2002682
2002683
2002684
2002685
2002686
2002687
2002688
2002689
2002690
2002691
2002692
2002693
2002694
2002695
2002696
2002795
2002796
2002797
2002798
2002799
2002800
2002801
2002802
2002805
2002808
2002809
2002812
2002813
2002814
2002815
2002816
2002817
2002820
2002821
2002822
2002823
2002824
2002827
2002828
2002829
2002830
2002831
2002834
2002837
2002840
2002843
2002846
2002849
2002852
2002853
2002854
2002855
2002856
2002859
2002860
2002863
2002866
2002868
2002870
2002872
2002874
2002876
2002878
2002880
2002882
2002884
2002887
2002890
2002891
2002894
2002897
2002900
2002903
2002906
2002909
2002910
2002911
2002914
2003009
2003010
2003011
2003012
2003013
2003014
2003015
2003016
2003017
2003018
2003019
2003020
2003021
2003022
2003023
2003024
2003025
2003026
2003027
2003028
2003029
2003030
2003031
2003032
2003126
2003127
2003742
2003813
2003884
2003951
2003952
2004014
2004015
2004077
2004139
2004140
2004202
2004269
2004344
2004345
2004346
2004347
2004348
2004349
2004350
2004351
2004352
2004447
2004538
2004615
2004616
2004617
2004618
2004703
2004777
2004778
2004853
2004928
2005020
2005021
2005022
2005023
2005024
2005026
2005028
2005030
2005032
2005034
2005036
2005037
2005038
2005039
2005040
2005041
2005042
2005044
2005045
2005046
2005047
2005049
2005051
2005053
2005055
2005056
2005057
2005059
2005060
2005061
2005062
2005063
2005064
2005065
2005189
2005312
2005435
2005551
2005673
2005796
2005877
2005878
2005959
2006040
2006041
2006123
2006195
2006263
2006331
2006399
2006400
2007043
2007044
2007045
2007046
2007047
2007048
2007049
2007050
2007051
2007052
2007053
2007054
2007055
2007056
2007057
2007058
2007059
2007060
2007061
2007062
2007063
2007064
2007065
2007122
2007179
2007236
2007296
2007351
2007406
2007407
2007408
2007409
2007464
2007531
2007535
2007539
2007543
2007544
2007545
2007546
2007547
2007548
2007552
2007553
2007554
2007555
2007556
2007557
2007558
2007559
2007563
2007564
2007565
2007566
2007567
2007568
2007569
2007570
2007574
2007578
2007579
2007580
2007581
2007582
2007583
2007584
2007588
2007592
2007596
2007600
2007604
2007608
2007612
2007613
2007614
2007618
2007619
2007623
2007627
2007631
2007632
2007633
2007634
2007638
2007639
2007640
2007641
2007642
2007643
2007644
2007645
2007649
2007650
2007651
2007652
2007653
2007654
2007655
2007656
2007659
2007662
2007663
2007664
2007665
2007668
2007669
2007670
2007674
2007678
2007679
2007680
2007684
2007688
2007692
2007801
2007854
2007909
2007964
2008014
2008064
2008114
2008115
2008116
2008117
2008118
2008176
2008177
2008178
2008179
2008180
2008181
2008240
2008295
2008296
2008297
2008298
2008353
2008354
2008355
2008356
2008357
2008358
2008359
2008360
2008361
2008362
2008363
2008447
2008530
2008531
2008532
2008533
2008534
2008535
2008536
2008537
2008538
2008611
2008612
2008613
2008614
2008615
2008688
2009270
2009660
2010054
2010055
2010056
2010057
2010058
2010059
2010467
2010468
2010469
2010810
2011081
2011082
2011083
2011084
2011085
2011086
2011087
2011333
2011607
2012386
2012701
2013016
2013332
2013585
2013842
2014106
2014380
2014538
2014690
2014841
2014998
2015172
2015322
2015472
2015648
2015810
2015975
2015976
2015977
2015978
2016131
2016289
2016484
2016678
2016912
2017042
2017043
2017174
2017175
2017176
2017177
2017178
2017179
2017180
2017181
2017182
2017183
2017184
2017185
2017186
2017187
2017188
2017189
2017190
2017191
2017192
2017193
2017194
2017195
2017196
2017327
2017410
2017493
2017494
2017495
2017496
2017497
2017498
2017499
2017500
2017501
2017703
2017926
2017927
2018069
2018212
2018213
2018214
2018215
2018216
2018217
2018218
2018352
2018353
2018354
2018355
2018356
2018357
2018358
2018359
2018360
2018429
2018430
2018431
2018432
2018433
2018434
2018435
2018436
2018437
2018438
2018439
2018440
2018585
2018586
2018587
2018588
2018736
2018737
2018738
2018739
2018887
2019216
2019217
2019218
2019219
2019220
2019221
2019222
2019223
2019224
2019225
2019226
2019227
2019228
2019229
2019591
2019811
2019812
2019813
2020032
2020255
2020469
2020685
2020686
2020687
2020688
2020689
2020690
2020691
2020692
2020693
2020694
2020695
2020696
2020697
2020698
2020699
2020700
2020701
2020702
2020703
2020867
2020868
2020967
2021068
2021189
2021250
2021311
2021371
2021431
2021492
2021493
2021494
2021495
2021496
2021760
2022021
2022022
2022270
2022271
2022528
2022794
2023051
2023316
2023623
2023624
2023625
2023800
2023801
2023802
2023803
2023804
2023805
2023806
2023807
2023808
2023987
2023988
2023989
2023990
2023991
2023992
2023993
2023994
2023995
2023996
2024171
2024172
2024173
2024174
2024322
2024514
2024706
2024965
2024966
2024967
2024968
2025023
2025077
2025132
2025187
2025188
2025189
2025190
2025249
2025300
2025347
2025394
2025441
2025489
2025490
2025491
2025492
2025493
2025494
2025495
2025496
2025497
2025498
2025546
2025594
2025650
2025703
2025758
2025806
2025855
2025856
2025906
2025956
2026006
2026056
2026111
2026220
2026221
2026222
2026223
2026224
2026225
2026226
2026227
2026228
2026229
2026230
2026231
2026232
2026233
2026234
2026235
2026236
2026237
2026238
2026239
2026293
2026296
2026299
2026300
2026301
2026302
2026303
2026306
2026307
2026308
2026311
2026312
2026313
2026314
2026317
2026318
2026319
2026322
2026325
2026326
2026327
2026328
2026331
2026334
2026337
2026339
2026340
2026341
2026343
2026345
2026347
2026349
2026351
2026353
2026356
2026359
2026360
2026361
2026362
2026363
2026364
2026365
2026366
2026367
2026370
2026371
2026372
2026373
2026374
2026375
2026378
2026381
2026382
2026383
2026386
2026389
2026392
2026393
2026394
2026395
2026396
2026397
2026398
2026399
2026402
2026403
2026404
2026405
2026406
2026407
2026408
2026473
2026529
2026575
2026621
2026622
2026623
2026624
2026625
2026626
2026672
2026728
2026782
2026783
2026784
2026785
2026786
2026840
2026841
2026842
2026843
2026844
2026845
2026846
2026847
2026848
2026849
2026850
2026903
2026957
2027010
2027065
2027066
2027067
2027068
2027069
2027070
2027071
2027210
2027211
2027212
2027213
2027291
2027366
2027437
2027438
2027439
2027440
2027441
2027442
2027523
2027525
2027527
2027529
2027531
2027532
2027533
2027534
2027535
2027537
2027539
2027541
2027542
2027543
2027544
2027545
2027547
2027549
2027550
2027552
2027554
2027556
2027558
2027560
2027562
2027563
2027564
2027566
2027567
2027568
2027570
2027571
2027572
2027574
2027576
2027578
2027579
2027581
2027583
2027585
2027586
2027587
2027589
2027590
2027592
2027594
2027596
2028058
2038586
2040067
2041604
2043146
2043147
2043148
2044815
2047304
2047305
2047306
2047310
2047314
2047315
2047319
2047320
2047321
2047322
2047323
2047327
2047330
2047333
2047336
2047337
2047340
2047341
2047342
2047343
2047344
2047345
2047346
2047347
2047350
2047351
2047352
2047353
2047354
2047355
2047359
2047360
2047361
2047362
2047363
2047364
2047365
2047366
2047367
2047371
2047375
2047376
2047380
2047381
2047382
2047383
2047387
2047388
2047392
2047396
2047400
2047925
2047926
2047927
2047928
2047930
2047932
2047934
2047936
2047937
2047938
2047939
2047941
2047942
2047944
2047946
2047948
2047949
2047951
2047953
2047955
2047957
2047958
2047959
2047960
2047962
2047964
2047966
2047968
2047969
2047971
2047973
2047974
2047975
2047976
2047978
2047979
2047980
2047981
2047982
2047983
2047985
2047987
2047989
2047991
2047993
2047994
2047995
2047996
2047998
2048000
2048001
2049019
2049021
2049023
2049025
2049026
2049027
2049028
2049029
2049030
2049032
2049033
2049035
2049036
2049037
2049039
2049040
2049041
2049043
2049044
2049046
2049048
2049050
2049052
2049053
2049054
2049056
2049057
2049180
2049181
2049182
2049183
2049184
2049185
2049186
2049187
2049188
2049189
2049190
2049191
2049192
2049193
2049194
2049195
2049196
2049197
2049198
2049199
2049315
2049431
2049547
2049548
2049681
2049814
2049815
2049816
2049817
2049818
2049819
2049820
2049821
2049822
2049823
2049824
2049825
2049826
2049827
2049828
2049829
2049830
2050204
2050205
2050206
2050207
2050208
2050209
2050210
2050211
2050212
2050565
2050912
2052527
2052841
2052842
2053153
2053154
2053470
2053583
2053584
2053585
2053586
2053587
2053588
2053589
2053590
2053591
2053592
2053593
2053594
2053595
2053596
2053597
2053598
2053599
2053705
2053810
2053811
2053812
2053813
2053814
2054132
2054133
2054436
2054437
2054755
2055082
2055408
2055737
2055738
2055739
2055740
2055741
2055742
2055743
2055819
2055895
2055896
2055897
2055898
2055899
2055900
2055901
2055902
2055903
2055904
2055905
2055906
2055907
2055908
2055991
2055992
2055993
2055994
2055995
2055996
2055997
2055998
2055999
2056000
2056001
2056002
2056003
2056004
2056005
2056007
2056008
2056009
2056010
2056012
2056013
2056014
2056015
2056016
2056017
2056018
2056019
2056021
2056075
2056128
2056182
2056240
2056241
2056242
2056243
2056244
2056245
2056246
2056247
2056248
2056249
2056250
2056251
2056252
2056253
2056254
2056255
2056256
2056257
2056258
2056259
2056260
2056261
2056262
2056329
2056330
2056331
2056332
2056333
2056334
2056400
2056401
2056402
2056403
2056467
2056541
2056610
2056680
2056681
2056682
2056683
2056684
2056685
2056686
2056687
2056688
2056779
2056813
2056814
2056815
2056816
2056849
2056883
2056884
2056885
2056886
2056900
2056902
2056904
2056906
2056907
2056908
2056909
2056911
2056913
2056914
2056915
2056916
2056918
2056920
2056921
2056922
2056923
2056925
2056927
2056929
2056931
2056932
2056933
2056934
2056948
2056961
2056962
2056963
2056964
2056965
2056966
2056967
2056968
2056969
2056970
2056971
2056972
2056973
2056987
2056989
2056991
2056993
2056995
2056997
2056999
2057001
2057003
2057005
2057007
2057009
2057011
2057013
2057015
2057017
2057019
2057021
2057023
2057025
2057027
2057040
2057053
2057066
2057067
2057080
2057095
2057098
2057099
2057100
2057101
2057102
2057103
2057104
2057107
2057110
2057113
2057114
2057115
2057116
2057117
2057118
2057119
2057122
2057125
2057126
2057127
2057128
2057131
2057134
2057137
2057140
2057143
2057146
2057149
2057150
2057151
2057152
2057153
2057156
2057159
2057407
2057408
2057477
2057543
2057609
2057676
2057746
2057816
2057883
2057884
2057949
2058014
2058072
2058130
2058131
2058132
2058133
2058203
2058205
2058207
2058209
2058210
2058211
2058213
2058214
2058216
2058217
2058219
2058220
2058222
2058224
2058225
2058227
2058228
2058229
2058231
2058233
2058235
2058237
2058239
2058273
2058274
2058308
2058309
2058343
2058344
2058345
2058346
2058347
2058420
2058421
2058422
2058423
2058424
2058425
2058426
2058427
2058428
2058546
2058650
2058651
2058652
2058653
2058654
2058761
2058762
2058763
2058870
2058976
2059088
2059191
2059192
2059286
2059381
2059382
2059383
2059384
2059385
2059482
2059574
2059654
2059729
2059819
2059909
2059999
2060087
2060088
2060180
2060696
2060697
2060698
2060699
2060700
2060701
2067740
2067741
2068922
2070171
2071240
2072232
2073225
2074432
2075784
2075785
2075786
2080365
2083406
2086462
2089604
2089605
2089606
2095237
2095238
2095239
2095242
2095245
2095248
2095249
2095250
2095253
2095256
2095259
2095262
2095265
2095268
2095271
2095272
2095273
2095274
2095277
2095280
2095281
2095282
2095283
2095284
2095285
2095288
2095291
2095294
2095297
2095298
2095299
2095300
2095303
2095304
2095305
2095308
2095309
2095312
2095315
2095316
2095317
2095318
2095319
2095320
2095323
2095326
2095329
2095332
2095334
2095336
2095338
2095339
2095340
2095343
2095346
2095349
2095352
2095355
2095356
2095357
2095358
2095359
2095362
2096784
2096785
2096786
2096787
2096788
2096789
2096790
2096791
2096792
2096793
2096794
2096795
2096796
2097042
2097043
2097285
2097489
2097490
2097491
2097695
2097901
2098103
2098334
2098335
2098575
2104747
2104748
2104749
2104750
2104751
2104752
2104753
2104754
2104755
2104756
2104757
2104758
2104759
2107846
2109733
2111539
2113420
2115589
2117920
2117921
2117922
2117923
2117924
2117925
2117926
2119580
2121092
2121093
2121094
2121095
2121096
2121097
2121098
2126535
2135804
2140493
2142078
2143649
2145483
2149036
2149037
2149038
2149039
2149040
2149041
2149042
2149043
2149044
2149045
2149046
2149047
2149048
2149049
2149050
2149051
2149052
2149053
2149054
2149055
2149056
2149057
2149058
2149059
2149060
2149061
2149062
2149063
2149064
2151625
2153266
2155326
2159777
2160848
2160849
2160850
2160851
2160852
2160853
2160854
2160855
2160856
2160857
2160858
2162022
2162023
2163095
2163096
2163097
2163098
2163099
2214485
2222510
2222511
2222512
2222513
2222514
2222515
2222516
2222517
2222518
2222519
2222520
2222521
2222522
2222523
2222603
2222686
2222687
2222688
2222689
2222690
2222691
2222692
2222693
2222694
2222695
2222696
2222697
2222698
2222699
2222700
2222701
2222702
2222703
2222704
2222705
2222706
2222707
2222708
2222709
2222789
2222790
2222791
2222870
2222946
2223025
2223104
2223105
2223106
2223185
2223300
2223301
2223302
2223403
2223504
2223606
2223710
2223813
2223913
2224016
2224119
2224223
2224224
2224225
2224226
2224227
2224228
2224229
2224230
2224231
2224232
2224233
2224234
2224235
2224236
2224237
2224238
2224239
2224240
2224241
2224242
2224243
2224308
2224309
2224373
2224374
2224375
2224447
2224448
2224519
2224520
2224591
2224663
2224707
2224751
2224795
2224839
2224884
2224929
2224973
2225017
2225075
2225076
2225077
2225078
2225079
2225080
2225140
2225198
2225307
2225310
2225313
2225316
2225319
2225322
2225323
2225324
2225325
2225326
2225327
2225328
2225331
2225334
2225337
2225338
2225339
2225342
2225345
2225346
2225347
2225348
2225349
2225350
2225353
2225354
2225355
2225356
2225357
2225358
2225361
2225364
2225367
2225368
2225369
2225370
2225371
2225372
2225373
2225376
2225379
2225380
2225383
2225384
2225385
2225386
2225387
2225390
2225393
2225394
2225395
2225396
2225397
2225398
2225401
2225402
2225403
2225406
2225409
2225410
2225413
2225416
2225417
2225420
2225421
2225424
2225425
2225426
2225429
2225430
2225431
2225434
2225435
2225736
2225755
2225756
2225757
2225765
2225773
2225781
2225789
2225797
2225805
2225813
2225821
2225829
2225830
2225831
2225832
2225840
2225848
2225854
2225855
2225856
2225857
2225863
2225869
2225875
2225881
2225887
2225893
2225899
2225905
2225911
2225912
2225913
2225914
2225915
2225921
2225927
2225933
2225934
2225935
2225941
2225947
2225953
2225959
2225965
2225971
2225977
2225978
2225979
2225980
2225981
2225982
2225988
2225989
2225995
2225996
2226002
2226008
2226014
2226020
2226026
2226028
2226030
2226032
2226034
2226036
2226038
2226039
2226041
2226042
2226044
2226046
2226047
2226048
2226050
2226052
2226053
2226055
2226056
2226062
2226068
2226074
2226075
2226076
2226082
2226088
2226094
2226100
2226106
2226112
2226118
2226125
2226127
2226129
2226131
2226133
2226134
2226135
2226137
2226139
2226141
2226143
2226145
2226146
2226147
2226149
2226156
2226157
2226164
2226171
2226178
2226185
2226192
2226193
2226194
2226195
2226196
2226197
2226198
2226199
2226200
2226201
2226207
2226208
2226211
2226212
2226215
2226216
2226218
2226219
2226220
2226221
2226222
2226224
2226226
2226227
2226229
2226230
2226232
2226234
2226236
2226237
2226239
2226246
2226247
2226248
2226249
2226250
2226251
2226252
2226259
2226266
2226273
2226280
2226288
2226289
2226297
2226298
2226306
2226307
2226308
2226309
2226310
2226311
2226312
2226320
2226328
2226336
2226344
2226345
2226353
2226361
2226369
2226370
2226378
2226386
2226394
2226402
2226410
2226418
2226420
2226421
2226423
2226425
2226427
2226429
2226430
2226432
2226433
2226435
2226437
2226439
2226441
2226461
2226462
2226463
2226464
2226465
2226466
2226467
2226468
2226469
2226477
2226484
2226491
2226498
2226505
2226512
2226519
2226526
2226533
2226534
2226535
2226536
2226538
2226539
2226540
2226542
2226544
2226546
2226548
2226549
2226550
2226552
2226554
2226556
2226558
2226560
2226562
2226563
2226564
2226566
2226573
2226574
2226577
2226580
2226583
2226584
2226587
2226590
2226593
2226596
2226599
2226600
2226601
2226602
2226603
2226604
2226605
2226606
2226607
2226610
2226613
2226614
2226615
2226618
2226621
2226624
2226625
2226626
2226643
2226644
2226645
2226646
2226647
2226648
2226656
2226664
2226665
2226666
2226674
2226682
2226688
2226694
2226700
2226706
2226712
2226713
2226719
2226725
2226731
2226732
2226733
2226734
2226735
2226736
2226737
2226738
2226739
2226740
2226741
2226742
2226748
2226751
2226752
2226755
2226756
2226757
2226758
2226759
2226760
2226761
2226763
2226764
2226765
2226766
2226769
2226770
2226771
2226772
2226775
2226776
2226777
2226778
2226785
2226787
2226788
2226790
2226792
2226793
2226795
2226797
2226798
2226799
2226800
2226802
2226804
2226806
2226808
2226810
2226811
2226812
2226813
2226815
2226817
2226819
2226825
2226831
2226832
2226844
2226846
2226847
2226848
2226849
2226851
2226852
2226854
2226855
2226857
2226858
2226859
2226860
2226861
2226863
2226865
2226866
2226870
2226874
2226878
2226879
2226883
2226887
2226891
2226895
2226899
2226900
2226901
2226902
2226903
2226907
2226911
2226915
2226919
2226923
2226924
2226925
2226926
2226927
2226931
2226932
2226936
2226947
2226948
2226954
2226955
2226956
2226957
2226958
2226959
2226960
2226961
2226962
2226963
2226969
2226975
2226981
2226987
2226988
2226989
2226990
2226991
2226992
2226998
2226999
2227000
2227001
2227002
2227003
2227004
2227005
2227009
2227010
2227011
2227012
2227013
2227014
2227015
2227016
2227017
2227021
2227025
2227029
2227030
2227031
2227035
2227036
2227037
2227041
2227045
2227046
2227047
2227048
2227049
2227050
2227054
2227108
2227109
2227110
2227111
2227112
2227113
2227114
2227118
2227122
2227125
2227128
2227131
2227134
2227137
2227140
2227143
2227144
2227145
2227146
2227149
2227152
2227155
2227158
2227159
2227160
2227161
2227164
2227170
2227171
2227172
2227173
2227174
2227175
2227176
2227177
2227178
2227179
2227180
2227186
2227192
2227198
2227204
2227210
2227216
2227229
2227236
2227243
2227250
2227251
2227258
2227265
2227272
2227279
2227286
2227293
2227300
2227301
2227302
2227303
2227304
2227305
2227306
2227313
2227320
2227327
2227334
2227335
2227342
2227349
2227356
2227357
2227358
2227359
2227360
2227361
2227362
2227363
2227364
2227371
2227378
2227385
2227386
2227387
2227388
2227389
2227390
2227391
2227392
2227393
2227394
2227395
2227396
2227403
2227410
2227411
2227418
2227419
2227420
2227421
2227422
2227423
2227424
2227425
2227426
2227432
2227434
2227436
2227438
2227440
2227442
2227444
2227446
2227448
2227450
2227451
2227453
2227455
2227456
2227457
2227463
2227464
2227465
2227471
2227477
2227483
2227489
2227496
2227497
2227498
2227499
2227500
2227501
2227502
2227503
2227504
2227505
2227506
2227507
2227514
2227515
2227517
2227518
2227520
2227522
2227524
2227526
2227528
2227529
2227530
2227531
2227532
2227533
2227535
2227536
2227537
2227539
2227541
2227543
2227550
2227592
2227601
2227602
2227603
2227604
2227605
2227606
2227607
2227616
2227617
2227619
2227621
2227622
2227623
2227624
2227626
2227628
2227630
2227631
2227632
2227633
2227635
2227637
2227639
2227641
2227643
2227645
2227647
2227649
2227651
2227652
2227654
2227655
2227664
2227674
2227676
2227677
2227678
2227679
2227680
2227682
2227683
2227685
2227686
2227687
2227688
2227689
2227691
2227693
2227694
2227695
2227696
2227698
2227699
2227700
2227701
2227703
2227713
2227723
2227733
2227743
2227744
2227754
2227763
2227765
2227767
2227768
2227770
2227771
2227772
2227773
2227774
2227776
2227778
2227779
2227780
2227781
2227783
2227784
2227785
2227786
2227788
2227789
2227790
2227791
2227793
2227802
2227811
2227812
2227821
2227822
2227831
2227832
2227833
2227834
2227843
2227853
2227881
2227882
2227883
2227884
2227885
2227886
2227887
2227888
2227889
2227890
2227891
2227892
2227893
2227918
2227919
2227920
2227946
2227947
2227948
2227949
2227950
2227976
2228002
2228183
2228189
2228195
2228201
2228202
2228203
2228204
2228205
2228211
2228217
2228218
2228224
2228230
2228236
2228242
2228248
2228254
2228260
2228266
2228272
2228278
2228284
2228290
2228291
2228292
2228293
2228294
2228295
2228296
2228297
2228298
2228299
2228300
2228301
2228307
2228309
2228310
2228311
2228313
2228315
2228317
2228319
2228321
2228323
2228324
2228325
2228326
2228328
2228330
2228331
2228332
2228333
2228339
2228344
2228347
2228350
2228353
2228356
2228357
2228358
2228359
2228362
2228365
2228368
2228371
2228374
2228377
2228380
2228383
2228384
2228385
2228386
2228389
2228392
2228395
2228400
2228405
2228410
2228415
2228420
2228425
2228430
2228431
2228432
2228433
2228434
2228440
2228441
2228442
2228443
2228444
2228445
2228446
2228447
2228448
2228454
2228460
2228466
2228472
2228478
2228479
2228480
2228481
2228482
2228483
2228484
2228485
2228486
2228487
2228493
2228495
2228496
2228498
2228500
2228502
2228504
2228506
2228508
2228509
2228510
2228511
2228513
2228515
2228517
2228523
2228581
2228636
2228690
2228744
2228745
2228746
2228747
2228802
2228859
2228860
2228861
2228862
2228863
2228864
2228865
2228866
2228867
2228868
2228869
2228870
2228871
2228872
2228873
2228874
2228875
2228916
2228955
2228986
2228987
2228988
2228989
2228990
2229050
2229053
2229054
2229055
2229056
2229057
2229058
2229061
2229064
2229067
2229070
2229073
2229076
2229079
2229080
2229083
2229086
2229089
2229092
2229093
2229096
2229099
2229100
2229103
2229104
2229105
2229106
2229107
2229108
2229109
2229112
2229115
2229125
2229132
2229139
2229146
2229153
2229160
2229161
2229168
2229175
2229182
2229183
2229184
2229185
2229186
2229187
2229188
2229189
2229190
2229191
2229192
2229199
2229200
2229201
2229202
2229209
2229210
2229211
2229212
2229219
2229226
2229233
2229240
2229247
2229254
2229255
2229262
2229269
2229270
2229271
2229272
2229273
2229274
2229281
2229288
2229295
2229302
2229309
2229316
2229323
2229330
2229331
2229332
2229333
2229334
2229335
2229336
2229337
2229338
2229339
2229340
2229347
2229348
2229355
2229362
2229363
2229370
2229377
2229384
2229394
2229395
2229405
2229415
2229425
2229426
2229436
2229437
2229447
2229457
2229467
2229477
2229487
2229488
2229489
2229490
2229491
2229492
2229493
2229494
2229495
2229496
2229497
2229498
2229507
2229508
2229517
2229526
2229535
2229536
2229537
2229546
2229555
2229556
2229557
2229558
2229559
2229560
2229561
2229562
2229563
2229564
2229565
2229566
2229567
2229568
2229569
2229570
2229671
2229672
2229747
2229817
2229818
2229885
2229952
2230020
2230021
2230022
2230023
2230024
2230025
2230105
2230180
2230263
2230345
2230346
2230347
2230348
2230425
2230507
2230588
2230676
2230678
2230679
2230681
2230683
2230685
2230687
2230689
2230691
2230693
2230695
2230697
2230698
2230700
2230702
2230704
2230706
2230708
2230710
2230712
2230714
2230716
2230718
2230720
2230722
2230724
2230726
2230728
2230729
2230730
2230732
2230734
2232623
2232624
2232625
2233913
2233914
2233915
2233916
2233917
2233918
2233919
2233920
2233921
2233922
2233923
2233924
2233925
2235467
2235629
2235794
2235961
2236127
2236128
2236294
2236440
2236599
2236760
2236918
2237073
2237232
2237392
2237556
2237749
2237750
2237751
2237752
2237753
2237754
2237755
2237756
2237757
2237758
2237759
2237760
2237761
2237762
2237763
2237764
2237765
2237766
2237767
2237768
2237769
2237770
2237771
2237772
2237773
2237774
2237775
2237933
2237934
2237935
2237936
2237937
2237938
2237939
2237940
2238153
2238280
2238281
2238282
2238283
2238284
2238285
2238286
2238287
2238423
2238424
2238425
2238426
2238427
2238428
2238429
2238430
2238431
2238432
2238433
2238434
2238435
2238436
2238437
2238438
2238439
2238440
2238441
2238442
2238565
2238679
2238680
2238681
2238682
2238683
2238779
2238780
2238822
2238864
2238906
2238948
2238949
2238950
2238951
2238952
2238953
2238954
2238955
2238956
2239020
2239422
2239816
2240201
2240202
2242345
2242346
2242347
2242348
2242349
2242423
2242497
2242499
2242501
2242503
2242505
2242506
2242508
2242510
2242512
2242513
2242515
2242517
2242519
2242521
2242523
2242524
2242525
2242527
2242529
2242531
2242533
2242535
2242536
2242558
2242588
2242618
2242648
2242677
2242706
2242735
2242764
2242794
2242795
2242796
2242797
2242798
2242799
2242800
2242801
2242802
2242803
2242804
2242805
2242837
2242838
2242840
2242841
2242843
2242845
2242847
2242849
2242851
2242853
2242854
2242856
2242858
2242860
2242862
2242864
2242866
2242868
2242870
2242872
2242873
2242874
2242875
2242876
2242877
2242878
2242880
2242882
2242884
2242885
2242887
2242888
2242890
2242892
2242915
2242918
2242921
2242924
2242927
2242928
2242929
2242930
2242933
2242934
2242935
2242936
2242937
2242938
2242939
2242940
2242943
2242944
2242945
2242946
2242947
2242948
2242951
2242952
2242955
2242958
2242961
2242964
2242967
2242970
2242973
2242974
2242977
2242980
2242981
2242984
2242987
2242990
2242991
2242992
2242993
2242994
2242995
2242996
2242997
2243000
2243003
2243004
2243005
2243027
2243028
2243030
2243032
2243034
2243036
2243038
2243040
2243041
2243042
2243043
2243045
2243047
2243049
2243050
2243051
2243052
2243057
2243058
2243063
2243064
2243065
2243066
2243071
2243072
2243073
2243074
2243075
2243076
2243077
2243078
2243079
2243080
2243085
2243086
2243087
2243088
2243089
2243090
2243095
2243096
2243101
2243106
2243107
2243108
2243109
2243110
2243111
2243112
2243113
2243114
2243115
2243116
2243117
2243122
2243127
2243128
2243133
2243134
2243139
2243144
2243149
2243150
2243155
2243160
2243165
2243170
2243175
2243176
2243177
2243178
2243179
2243241
2243242
2243243
2243244
2243245
2243246
2243247
2243248
2243273
2243274
2243275
2243300
2243301
2243302
2243303
2243304
2243305
2243306
2243307
2243308
2243309
2243310
2243335
2243336
2243361
2243362
2243387
2243412
2243437
2243462
2243463
2243522
2243523
2243524
2243525
2243526
2243527
2243528
2243529
2243530
2243531
2243532
2243533
2243594
2243598
2243602
2243603
2243607
2243608
2243609
2243610
2243611
2243612
2243613
2243614
2243618
2243621
2243624
2243627
2243628
2243629
2243630
2243631
2243634
2243638
2243642
2243643
2243646
2243649
2243652
2243656
2243660
2243661
2243662
2243663
2243664
2243665
2243669
2243670
2243671
2243675
2243678
2243681
2243684
2243687
2243688
2243691
2243692
2243695
2243698
2243699
2243702
2243705
2243706
2243707
2243708
2243709
2243712
2243715
2243718
2243719
2243720
2243723
2243726
2243729
2243732
2243733
2243734
2243738
2243739
2243743
2243747
2243751
2243755
2243756
2243760
2243831
2243833
2243835
2243837
2243838
2243839
2243841
2243843
2243845
2243847
2243849
2243851
2243853
2243855
2243857
2243859
2243861
2243863
2243865
2243880
2243881
2243882
2243883
2243884
2243885
2243886
2243887
2243888
2243889
2243890
2243891
2243892
2243893
2243894
2243895
2243896
2243897
2243898
2243913
2243927
2243941
2243955
2243969
2243984
2243999
2244014
2244028
2244042
2244056
2244070
2244084
2244099
2244115
2244116
2244117
2244118
2244119
2244120
2244121
2244122
2244123
2244124
2244125
2244139
2244153
2244155
2244157
2244159
2244161
2244163
2244165
2244167
2244169
2244171
2244173
2244174
2244175
2244177
2244179
2244181
2244182
2244184
2244186
2244188
2244190
2244192
2244194
2244196
2244198
2244212
2244227
2244240
2244253
2244263
2244264
2244274
2244284
2244294
2244304
2244305
2244306
2244307
2244308
2244309
2244319
2244320
2244330
2244331
2244343
2244346
2244347
2244348
2244349
2244350
2244353
2244354
2244355
2244358
2244359
2244360
2244363
2244366
2244369
2244372
2244373
2244374
2244375
2244378
2244381
2244384
2244387
2244390
2244392
2244394
2244396
2244398
2244400
2244403
2244404
2244405
2244417
2244418
2244419
2244420
2244428
2244429
2244430
2244431
2244432
2244433
2244434
2244435
2244436
2244437
2244438
2244439
2244447
2244448
2244451
2244452
2244453
2244456
2244457
2244458
2244459
2244460
2244461
2244462
2244463
2244464
2244465
2244468
2244469
2244470
2244473
2244474
2244475
2244476
2244477
2244478
2244479
2244480
2244481
2244489
2244508
2244510
2244512
2244514
2244516
2244517
2244518
2244519
2244520
2244522
2244524
2244526
2244528
2244529
2244531
2244533
2244535
2244537
2244538
2244539
2244540
2244542
2244555
2244556
2244557
2244558
2244559
2244560
2244561
2244562
2244563
2244564
2244577
2244578
2244579
2244580
2244592
2244604
2244605
2244617
2244629
2244641
2244653
2244665
2244679
2244680
2244683
2244684
2244685
2244686
2244689
2244692
2244695
2244696
2244699
2244700
2244701
2244702
2244705
2244708
2244709
2244712
2244714
2244716
2244718
2244719
2244720
2244721
2244722
2244724
2244726
2244728
2244730
2244732
2244734
2244736
2244738
2244740
2244758
2244768
2244778
2244788
2244798
2244799
2244800
2244801
2244802
2244812
2244813
2244814
2244815
2244816
2244817
2244818
2244819
2244820
2244821
2244831
2244841
2244850
2244851
2244852
2244853
2244854
2244855
2244856
2244857
2244858
2244859
2244860
2244861
2244862
2244863
2244872
2244874
2244876
2244877
2244878
2244879
2244881
2244883
2244885
2244887
2244889
2244890
2244891
2244892
2244893
2244894
2244895
2244897
2244899
2244901
2244902
2244904
2244906
2244908
2244910
2244919
2244920
2244921
2244922
2244923
2244928
2244930
2244932
2244934
2244936
2244937
2244938
2244940
2244942
2244944
2244946
2244947
2244952
2244953
2244954
2244955
2244956
2244961
2244963
2244964
2244965
2244966
2244967
2244968
2244970
2244971
2244972
2244973
2244974
2244976
2244978
2244979
2244980
2244984
2244989
2244994
2244999
2245000
2245009
2245011
2245013
2245015
2245017
2245019
2245021
2245023
2245025
2245027
2245029
2245031
2245032
2245033
2245034
2245040
2245046
2245052
2245053
2245054
2245055
2245061
2245067
2245073
2245079
2245085
2245091
2245092
2245093
2245094
2245100
2245106
2245112
2245118
2245124
2245130
2245136
2245137
2245138
2245139
2245140
2245147
2245148
2245149
2245150
2245151
2245152
2245153
2245154
2245155
2245156
2245157
2245158
2245159
2245165
2245171
2245172
2245178
2245184
2245190
2245196
2245202
2245208
2245214
2245220
2245226
2245227
2245228
2245229
2245230
2245231
2245241
2245242
2245243
2245244
2245245
2245246
2245247
2245248
2245249
2245250
2245251
2245252
2245253
2245254
2245255
2245274
2245275
2245276
2245277
2245278
2245279
2245280
2245281
2245282
2245283
2245284
2245303
2245322
2245341
2245360
2245361
2245379
2245398
2245417
2245582
2245583
2245612
2245613
2245642
2245643
2245644
2245645
2245646
2245647
2245648
2245677
2245678
2245679
2245680
2245681
2245682
2245683
2245712
2245741
2245744
2245747
2245750
2245754
2245755
2245756
2245757
2245760
2245761
2245762
2245763
2245764
2245765
2245766
2245769
2245772
2245773
2245774
2245775
2245776
2245777
2245778
2245779
2245780
2245783
2245786
2245789
2245792
2245800
2245801
2245802
2245803
2245804
2245805
2245806
2245814
2245822
2245830
2245838
2245839
2245840
2245841
2245842
2245843
2245844
2245845
2245846
2245847
2245848
2245849
2245856
2245857
2245858
2245865
2245866
2245867
2245874
2245881
2245882
2245883
2245884
2245885
2245886
2245893
2245900
2245901
2245902
2245903
2245904
2245905
2245912
2245925
2245937
2245949
2245961
2245973
2245985
2245997
2246009
2246021
2246033
2246045
2246057
2246058
2246070
2246082
2246094
2246106
2246117
2246118
2246129
2246140
2246151
2246163
2246175
2246187
2246200
2246202
2246203
2246205
2246206
2246208
2246210
2246212
2246213
2246215
2246216
2246217
2246219
2246221
2246223
2246225
2246226
2246228
2246230
2246231
2246233
2246235
2246260
2246277
2246278
2246294
2246295
2246296
2246312
2246328
2246344
2246360
2246361
2246377
2246378
2246394
2246410
2246411
2246412
2246413
2246414
2246415
2246433
2246434
2246435
2246436
2246451
2246466
2246470
2246474
2246478
2246482
2246486
2246490
2246494
2246498
2246502
2246506
2246510
2246511
2246512
2246513
2246514
2246515
2246516
2246520
2246524
2246528
2246529
2246530
2246533
2246536
2246537
2246538
2246539
2246542
2246543
2246546
2246547
2246548
2246549
2246550
2246551
2246554
2246555
2246556
2246557
2246558
2246559
2246562
2246566
2246567
2246568
2246569
2246570
2246571
2246572
2246573
2246574
2247189
2247190
2247191
2247192
2247193
2247194
2247195
2247196
2247386
2247387
2247388
2247389
2247390
2247391
2247392
2247393
2247581
2247788
2247791
2247792
2247793
2247794
2247795
2247796
2247797
2247798
2247799
2247802
2247803
2247804
2247807
2247810
2247813
2247816
2247819
2247822
2247823
2247824
2247827
2247830
2247833
2247834
2247835
2247838
2247839
2247842
2247845
2247848
2247851
2247852
2247855
2247856
2247859
2247862
2247865
2247866
2247869
2247872
2247875
2247878
2247881
2247884
2247887
2247890
2247893
2247896
2247897
2247898
2247899
2247900
2247903
2247906
2247909
2247910
2247911
2247912
2247913
2247914
2247915
2247916
2247919
2247922
2247925
2247926
2247927
2247930
2247933
2247936
2247940
2247941
2247942
2247943
2247944
2247945
2247971
2247972
2247974
2247976
2247978
2247979
2247981
2247983
2247985
2247986
2247987
2247988
2247990
2247991
2247992
2247993
2247994
2247995
2247996
2247998
2248000
2248002
2248004
2248006
2248007
2248009
2248011
2248013
2248015
2248017
2248019
2248021
2248023
2248025
2248027
2248029
2248046
2248047
2248048
2248049
2248050
2248051
2248052
2248053
2248054
2248066
2248067
2248068
2248069
2248070
2248071
2248072
2248073
2248074
2248075
2248076
2248077
2248078
2248079
2248090
2248091
2248092
2248093
2248097
2248101
2248105
2248109
2248113
2248114
2248118
2248122
2248126
2248130
2248134
2248135
2248136
2248139
2248140
2248141
2248142
2248143
2248144
2248147
2248150
2248153
2248156
2248163
2248170
2248176
2248182
2248188
2248194
2248195
2248196
2248198
2248199
2248200
2248201
2248202
2248204
2248205
2248207
2248209
2248210
2248212
2248214
2248215
2248216
2248217
2248223
2248230
2248231
2248232
2248239
2248246
2248247
2248254
2248266
2248267
2248279
2248280
2248281
2248282
2248283
2248284
2248285
2248297
2248309
2248321
2248333
2248344
2248355
2248366
2248378
2248379
2248392
2248395
2248398
2248399
2248402
2248405
2248406
2248408
2248410
2248412
2248414
2248416
2248418
2248420
2248421
2248422
2248425
2248428
2248431
2248432
2248433
2248434
2248435
2248436
2248437
2248440
2248443
2248446
2248447
2248448
2248449
2248450
2248451
2248452
2248453
2248456
2248459
2248462
2248465
2248466
2248467
2248468
2248469
2248470
2248473
2248474
2248475
2248478
2248481
2248484
2248485
2248486
2248489
2248794
2248795
2248796
2248797
2248798
2248799
2248800
2248801
2248802
2248803
2248804
2248805
2248806
2248824
2248825
2248826
2248827
2248828
2248829
2248830
2248831
2248832
2248833
2248834
2248835
2248836
2248837
2248838
2248839
2248857
2248875
2248894
2248912
2248913
2248932
2248949
2248966
2248967
2248986
2248987
2248988
2248989
2248990
2249008
2249026
2249044
2249062
2249063
2249064
2249065
2249066
2249067
2249068
2249069
2249070
2249071
2249072
2249073
2249074
2249093
2249094
2249121
2249148
2249149
2249150
2249151
2249152
2249153
2249154
2249181
2249208
2249235
2249236
2249237
2249238
2249239
2249240
2249241
2249242
2249243
2249244
2249245
2249246
2249282
2249283
2249284
2249285
2249286
2249312
2249338
2249339
2249357
2249358
2249376
2249394
2249412
2249431
2249448
2249465
2249482
2249483
2249484
2249485
2249486
2249503
2249504
2249521
2249538
2249539
2249540
2249541
2249542
2249543
2249544
2249545
2249546
2249547
2249565
2249567
2249569
2249571
2249573
2249574
2249576
2249578
2249579
2249580
2249581
2249583
2249584
2249586
2249587
2249589
2249591
2249593
2249595
2249596
2249597
2249598
2249600
2249601
2249602
2249603
2249604
2249606
2249632
2249637
2249638
2249643
2249648
2249653
2249658
2249660
2249662
2249664
2249666
2249668
2249670
2249672
2249674
2249676
2249678
2249680
2249685
2249690
2249695
2249696
2249701
2249706
2249707
2249708
2249709
2249712
2249715
2249718
2249721
2249724
2249727
2249730
2249733
2249736
2249739
2249740
2249743
2249744
2249747
2249750
2249753
2249756
2249759
2249762
2249765
2249770
2249775
2249780
2249785
2249786
2249791
2249792
2249793
2249794
2249795
2249800
2249801
2249806
2249807
2249808
2249813
2249814
2249815
2249817
2249819
2249821
2249822
2249824
2249826
2249828
2249830
2249831
2249832
2249834
2249836
2249933
2249959
2249960
2249986
2250012
2250038
2250039
2250040
2250041
2250042
2250043
2250044
2250045
2250071
2250097
2250123
2250124
2250150
2250184
2250185
2250186
2250187
2250188
2250219
2250221
2250222
2250223
2250224
2250226
2250228
2250230
2250232
2250234
2250236
2250237
2250241
2250245
2250246
2250247
2250251
2250255
2250256
2250260
2250261
2250262
2250263
2250264
2250265
2250269
2250273
2250274
2250275
2250276
2250280
2250281
2250282
2250283
2250284
2250285
2250286
2250287
2250291
2250292
2250293
2250294
2250295
2250299
2250303
2250307
2250311
2250315
2250316
2250317
2250318
2250319
2250320
2250321
2250322
2250326
2250327
2250328
2250329
2250333
2250337
2250341
2250345
2250349
2250353
2250383
2250420
2250421
2250422
2250458
2250494
2250530
2250531
2250532
2250567
2250603
2250604
2250607
2250610
2250611
2250612
2250613
2250614
2250615
2250616
2250617
2250620
2250622
2250623
2250624
2250626
2250628
2250630
2250631
2250632
2250634
2250636
2250637
2250639
2250641
2250643
2250645
2250647
2250648
2250650
2250652
2250654
2250656
2250658
2250660
2250662
2250664
2250665
2250667
2250669
2250671
2250673
2250675
2250677
2250678
2250680
2250734
2250735
2250753
2250757
2250761
2250765
2250769
2250771
2250772
2250773
2250774
2250775
2250776
2250777
2250779
2250781
2250783
2250785
2250789
2250790
2250791
2250792
2250793
2250797
2250798
2250800
2250802
2250804
2250805
2250807
2250809
2250811
2250813
2250815
2250816
2250820
2250824
2250828
2250829
2250833
2250834
2250835
2250836
2250837
2250838
2250842
2250846
2250864
2250865
2250866
2250867
2250868
2250869
2250870
2250873
2250874
2250875
2250876
2250879
2250881
2250883
2250885
2250887
2250889
2250891
2250893
2250894
2250896
2250897
2250898
2250899
2250901
2250903
2250905
2250907
2250909
2250912
2250915
2250916
2250917
2250918
2250921
2250922
2250923
2250924
2250941
2250957
2250973
2250990
2250991
2250992
2250993
2250994
2250995
2250996
2250997
2251014
2251015
2251034
2251035
2251036
2251037
2251039
2251041
2251042
2251043
2251044
2251046
2251047
2251048
2251049
2251050
2251051
2251052
2251055
2251058
2251059
2251060
2251061
2251062
2251063
2251064
2251067
2251068
2251069
2251078
2251079
2251088
2251097
2251106
2251115
2251116
2251117
2251118
2251119
2251120
2251121
2251122
2251123
2251124
2251125
2251126
2251127
2251128
2251129
2251130
2251139
2251140
2251141
2251150
2251151
2251152
2251153
2251154
2251163
2251176
2251180
2251184
2251188
2251192
2251196
2251200
2251204
2251205
2251206
2251207
2251211
2251215
2251219
2251223
2251224
2251225
2251226
2251230
2251231
2251235
2251239
2251240
2251244
2251248
2251251
2251252
2251253
2251256
2251259
2251260
2251261
2251263
2251265
2251267
2251268
2251269
2251270
2251271
2251273
2251276
2251280
2251284
2251285
2251286
2251287
2251288
2251289
2251290
2251312
2251314
2251316
2251318
2251320
2251322
2251324
2251326
2251327
2251328
2251329
2251330
2251331
2251333
2251334
2251335
2251336
2251337
2251338
2251340
2251342
2251344
2251346
2251348
2251349
2251350
2251351
2251353
2251355
2251357
2251359
2251361
2251363
2251365
2251366
2251367
2251369
2251776
2251777
2251779
2251781
2251783
2251785
2251787
2251788
2251789
2251791
2251793
2251795
2251797
2251799
2251800
2251801
2251802
2251803
2251805
2251807
2251808
2251810
2251811
2251812
2251813
2251815
2251817
2251818
2251819
2251820
2251822
2251823
2251824
2251825
2251826
2251877
2251927
2251977
2252035
2252036
2252037
2252038
2252039
2252040
2252041
2252042
2252043
2252044
2252085
2252125
2252126
2252166
2252205
2252244
2252282
2252321
2252358
2252359
2252360
2252361
2252362
2252401
2252494
2252495
2252496
2252539
2252582
2252625
2252668
2252711
2252754
2252755
2252756
2252757
2252758
2252797
2252839
2252881
2252882
2252924
2252925
2252926
2252955
2252986
2253017
2253019
2253021
2253023
2253024
2253026
2253027
2253029
2253030
2253031
2253033
2253034
2253035
2253037
2253039
2253041
2253043
2253045
2253047
2253049
2253051
2253053
2253084
2253114
2253115
2253116
2253117
2253118
2253119
2253120
2253170
2253207
2253208
2253209
2253210
2253211
2253212
2253213
2253214
2253215
2253216
2253253
2253254
2253255
2253297
2253339
2253381
2253423
2253424
2253425
2253426
2253427
2253428
2253429
2253430
2253431
2253432
2253475
2253516
2253557
2253558
2253606
2253607
2253608
2253609
2253610
2253611
2253659
2253707
2253753
2253801
2253849
2253897
2253945
2253993
2254040
2254088
2254152
2254153
2254154
2254155
2254156
2254215
2254273
2254331
2254389
2254447
2254448
2254449
2254450
2254509
2254568
2254569
2254570
2254571
2254670
2254673
2254676
2254679
2254680
2254681
2254684
2254685
2254686
2254689
2254692
2254695
2254696
2254697
2254698
2254699
2254700
2254701
2254704
2254707
2254710
2254711
2254714
2254715
2254718
2254721
2254724
2254727
2254728
2254729
2254730
2254733
2254736
2254737
2254740
2254741
2254742
2254743
2254744
2254747
2254750
2254753
2254754
2254755
2254756
2254757
2254791
2254793
2254795
2254796
2254797
2254798
2254800
2254802
2254803
2254805
2254807
2254809
2254811
2254812
2254813
2254815
2254816
2254817
2254818
2254820
2254822
2254830
2254838
2254839
2254840
2254848
2254849
2254850
2254858
2254866
2254867
2254868
2254869
2254870
2254871
2254879
2254883
2254887
2254891
2254895
2254899
2254903
2254904
2254905
2254906
2254907
2254908
2254912
2254913
2254917
2254921
2254925
2254926
2254927
2254928
2254932
2254933
2254934
2254935
2254936
2254937
2254941
2254946
2254947
2254948
2254949
2254950
2254951
2254954
2254957
2254960
2254963
2254966
2254968
2254969
2254971
2254972
2254973
2254975
2254977
2254979
2254981
2254983
2254985
2254993
2255001
2255009
2255010
2255018
2255026
2255027
2255028
2255029
2255030
2255031
2255033
2255034
2255035
2255036
2255038
2255040
2255042
2255044
2255046
2255048
2255050
2255052
2255072
2255073
2255074
2255075
2255076
2255077
2255085
2255092
2255099
2255106
2255113
2255120
2255127
2255134
2255142
2255143
2255151
2255152
2255153
2255154
2255157
2255158
2255161
2255164
2255167
2255168
2255171
2255172
2255175
2255177
2255178
2255179
2255181
2255183
2255185
2255187
2255189
2255191
2255193
2255195
2255198
2255199
2255200
2255203
2255206
2255209
2255212
2255220
2255228
2255236
2255237
2255238
2255239
2255240
2255241
2255242
2255243
2255244
2255245
2255250
2255251
2255252
2255253
2255254
2255255
2255259
2255263
2255264
2255268
2255272
2255276
2255280
2255284
2255288
2255292
2255293
2255294
2255295
2255296
2255297
2255301
2255305
2255306
2255307
2255308
2255309
2255313
2255326
2255328
2255329
2255330
2255332
2255334
2255335
2255337
2255339
2255341
2255343
2255345
2255347
2255349
2255350
2255351
2255352
2255354
2255356
2255362
2255363
2255364
2255365
2255366
2255367
2255368
2255369
2255370
2255375
2255376
2255377
2255378
2255379
2255380
2255381
2255382
2255383
2255384
2255385
2255386
2255391
2255396
2255403
2255404
2255405
2255406
2255407
2255408
2255409
2255410
2255411
2255412
2255419
2255426
2255433
2255434
2255435
2255442
2255443
2255444
2255451
2255459
2255462
2255463
2255464
2255467
2255468
2255469
2255470
2255473
2255475
2255477
2255479
2255480
2255481
2255482
2255484
2255485
2255486
2255487
2255489
2255492
2255494
2255496
2255498
2255500
2255502
2255503
2255504
2255505
2255507
2255508
2255509
2255526
2255527
2255528
2255529
2255530
2255535
2255536
2255541
2255543
2255545
2255547
2255549
2255551
2255552
2255553
2255555
2255556
2255557
2255559
2255563
2255567
2255568
2255572
2255576
2255580
2255581
2255582
2255583
2255584
2255588
2255589
2255593
2255594
2255595
2255599
2255600
2255601
2255605
2255606
2255607
2255608
2255609
2255610
2255611
2255612
2255616
2255617
2255618
2255619
2255620
2255621
2255622
2255623
2255624
2255628
2255629
2255630
2255634
2255638
2255651
2255654
2255657
2255660
2255663
2255666
2255669
2255672
2255675
2255676
2255677
2255678
2255679
2255680
2255683
2255686
2255689
2255692
2255695
2255697
2255699
2255701
2255703
2255705
2255707
2255709
2255711
2255713
2255716
2255717
2255718
2255719
2255720
2255721
2255724
2255733
2255735
2255736
2255737
2255738
2255739
2255741
2255743
2255744
2255745
2255747
2255748
2255749
2255751
2255752
2255753
2255755
2255757
2255758
2255759
2255761
2255762
2255764
2255766
2255768
2255781
2255835
2255836
2255840
2255844
2255848
2255849
2255850
2255854
2255855
2255856
2255860
2255864
2255868
2255872
2255873
2255877
2255881
2255885
2255886
2255887
2255888
2255889
2255890
2255891
2255892
2255893
2255894
2255895
2255899
2255903
2255904
2255905
2255906
2255907
2255908
2255909
2255913
2255917
2255918
2255919
2255920
2255921
2255925
2255926
2255927
2255931
2255932
2255933
2255934
2255935
2255937
2255939
2255941
2255943
2255944
2255945
2255946
2255950
2255951
2255967
2255981
2255982
2255983
2255997
2255998
2255999
2256000
2256014
2256028
2256042
2256057
2256058
2256059
2256060
2256061
2256062
2256063
2256064
2256065
2256066
2256067
2256068
2256069
2256070
2256071
2256082
2256083
2256084
2256085
2256086
2256087
2256088
2256089
2256090
2256091
2256102
2256113
2256124
2256135
2256146
2256157
2256168
2256179
2256180
2256181
2256182
2256183
2256184
2256194
2256195
2256196
2256197
2256207
2256217
2256227
2256237
2256247
2256257
2256258
2256268
2256278
2256290
2256292
2256293
2256294
2256295
2256296
2256298
2256299
2256300
2256301
2256303
2256304
2256305
2256306
2256308
2256310
2256312
2256314
2256316
2256318
2256320
2256322
2256323
2256324
2256349
2256350
2256351
2256352
2256353
2256354
2256355
2256356
2256357
2256358
2256374
2256375
2256376
2256377
2256378
2256379
2256380
2256381
2256382
2256383
2256404
2256406
2256407
2256409
2256411
2256413
2256415
2256417
2256418
2256419
2256421
2256422
2256423
2256425
2256426
2256427
2256428
2256429
2256430
2256431
2256433
2256435
2256449
2256463
2256477
2256491
2256505
2256518
2256531
2256545
2256559
2256573
2256602
2256604
2256606
2256608
2256609
2256611
2256612
2256613
2256615
2256617
2256618
2256619
2256621
2256623
2256625
2256627
2256629
2256631
2256633
2256635
2256637
2256639
2256653
2256667
2256680
2256681
2256682
2256683
2256684
2256698
2256699
2256700
2256701
2256702
2256703
2256704
2256705
2256706
2256707
2256708
2256709
2256710
2256711
2256725
2256728
2256731
2256732
2256733
2256736
2256739
2256740
2256741
2256742
2256743
2256744
2256747
2256748
2256749
2256750
2256751
2256752
2256753
2256754
2256759
2256760
2256763
2256766
2256769
2256770
2256773
2256774
2256775
2256776
2256779
2256780
2256783
2256786
2256789
2256792
2256795
2256798
2256799
2256802
2256807
2256808
2256809
2256810
2256811
2256818
2256825
2256826
2256827
2256828
2256829
2256830
2256831
2256832
2256839
2256841
2256843
2256845
2256846
2256848
2256849
2256850
2256851
2256853
2256855
2256857
2256858
2256860
2256861
2256863
2256864
2256865
2256866
2256867
2256874
2256881
2256888
2256895
2256902
2256909
2256916
2256924
2256925
2256932
2256933
2256934
2256935
2256941
2256947
2256953
2256954
2256955
2256956
2256957
2256963
2256964
2256965
2256966
2256967
2256968
2256969
2256970
2256971
2256972
2256977
2256978
2256983
2256988
2256993
2256998
2256999
2257000
2257001
2257002
2257003
2257004
2257005
2257006
2257016
2257017
2257018
2257019
2257020
2257023
2257024
2257025
2257026
2257029
2257030
2257031
2257032
2257035
2257036
2257037
2257038
2257039
2257040
2257043
2257044
2257045
2257046
2257047
2257048
2257051
2257060
2257069
2257078
2257087
2257088
2257089
2257098
2257107
2257116
2257125
2257126
2257135
2257136
2257145
2257154
2257155
2257156
2257157
2257158
2257159
2257160
2257161
2257162
2257163
2257164
2257299
2257300
2257301
2257302
2257306
2257310
2257311
2257312
2257313
2257314
2257318
2257322
2257326
2257330
2257334
2257338
2257342
2257346
2257350
2257354
2257358
2257362
2257366
2257367
2257368
2257372
2257376
2257380
2257384
2257388
2257392
2257393
2257394
2257395
2257396
2257397
2257398
2257402
2257406
2257410
2257414
2257418
2257419
2257423
2257427
2257428
2257429
2257430
2257431
2257432
2257436
2257440
2257445
2257447
2257448
2257449
2257451
2257452
2257453
2257455
2257457
2257459
2257460
2257462
2257464
2257466
2257467
2257468
2257469
2257472
2257475
2257499
2257500
2257501
2257502
2257503
2257504
2257505
2257506
2257507
2257508
2257514
2257520
2257521
2257522
2257523
2257524
2257530
2257536
2257538
2257540
2257542
2257544
2257545
2257546
2257548
2257550
2257552
2257554
2257556
2257558
2257559
2257560
2257561
2257562
2257563
2257565
2257571
2257572
2257573
2257578
2257583
2257588
2257593
2257598
2257603
2257608
2257612
2257616
2257620
2257621
2257622
2257623
2257624
2257628
2257632
2257633
2257634
2257635
2257639
2257640
2257644
2257648
2257652
2257656
2257660
2257665
2257670
2257675
2257680
2257681
2257682
2257683
2257684
2257690
2257692
2257694
2257696
2257698
2257700
2257701
2257703
2257704
2257705
2257707
2257709
2257711
2257713
2257715
2257717
2257724
2257725
2257726
2257727
2257733
2257734
2257735
2257736
2257737
2257738
2257739
2257740
2257741
2257747
2257749
2257751
2257753
2257755
2257757
2257759
2257761
2257762
2257763
2257764
2257765
2257767
2257773
2257779
2257785
2257786
2257787
2257793
2257799
2257800
2257801
2257802
2257803
2257809
2257811
2257813
2257815
2257817
2257818
2257819
2257821
2257822
2257824
2257825
2257826
2257827
2257829
2257830
2257831
2257832
2257834
2257836
2257838
2257849
2257851
2257852
2257853
2257855
2257857
2257859
2257861
2257863
2257865
2257867
2257868
2257870
2257872
2257874
2257876
2257878
2257880
2257890
2257891
2257892
2257893
2257894
2257895
2257905
2257906
2257916
2257926
2257936
2257945
2257955
2257964
2257965
2257966
2257967
2257976
2257986
2257996
2258006
2258016
2258017
2258018
2258019
2258020
2258021
2258022
2258032
2258041
2258042
2258043
2258044
2258054
2258056
2258058
2258060
2258061
2258063
2258065
2258067
2258069
2258071
2258072
2258074
2258075
2258077
2258079
2258080
2258082
2258084
2258095
2258106
2258117
2258128
2258139
2258140
2258141
2258142
2258143
2258154
2258155
2258156
2258157
2258158
2258159
2258160
2258161
2258162
2258163
2258197
2258198
2258199
2258208
2258217
2258226
2258227
2258228
2258229
2258238
2258239
2258240
2258241
2258242
2258243
2258244
2258245
2258246
2258247
2258248
2258249
2258250
2258251
2258252
2258253
2258262
2258263
2258264
2258265
2258266
2258274
2258278
2258279
2258280
2258281
2258282
2258283
2258284
2258285
2258286
2258290
2258294
2258295
2258296
2258297
2258298
2258299
2258300
2258301
2258302
2258306
2258307
2258311
2258312
2258316
2258317
2258321
2258326
2258327
2258328
2258329
2258330
2258335
2258336
2258341
2258346
2258351
2258356
2258361
2258366
2258367
2258372
2258377
2258386
2258387
2258388
2258389
2258397
2258398
2258399
2258400
2258401
2258402
2258403
2258404
2258405
2258406
2258407
2258408
2258409
2258417
2258425
2258426
2258427
2258428
2258436
2258444
2258446
2258448
2258450
2258452
2258454
2258455
2258456
2258457
2258458
2258459
2258460
2258462
2258463
2258464
2258465
2258466
2258467
2258474
2258475
2258476
2258477
2258478
2258479
2258480
2258481
2258482
2258483
2258484
2258485
2258486
2258493
2258500
2258508
2258515
2258516
2258517
2258524
2258525
2258526
2258527
2258534
2258535
2258536
2258537
2258538
2258539
2258540
2258541
2258542
2258543
2258544
2258551
2258558
2258565
2258572
2258579
2258580
2258587
2258588
2258595
2258597
2258599
2258600
2258601
2258603
2258605
2258607
2258608
2258610
2258612
2258614
2258616
2258622
2258628
2258634
2258640
2258646
2258652
2258658
2258659
2258660
2258661
2258662
2258663
2258664
2258665
2258666
2258672
2258673
2258679
2258680
2258681
2258682
2258683
2258724
2258738
2258752
2258766
2258780
2258794
2258808
2258822
2258823
2258837
2258851
2258866
2258874
2258882
2258883
2258884
2258892
2258900
2258908
2258916
2258924
2258925
2258927
2258929
2258931
2258933
2258934
2258936
2258938
2258940
2258942
2258944
2258946
2258947
2258955
2258956
2258958
2258960
2258961
2258962
2258963
2258965
2258966
2258967
2258968
2258969
2258971
2258973
2258975
2258976
2258977
2258978
2258980
2258987
2258994
2259002
2259010
2259011
2259012
2259019
2259020
2259021
2259029
2259037
2259045
2259053
2259054
2259055
2259056
2259064
2259072
2259086
2259089
2259092
2259095
2259098
2259101
2259102
2259103
2259104
2259105
2259106
2259109
2259110
2259111
2259112
2259113
2259114
2259117
2259120
2259123
2259124
2259125
2259126
2259127
2259128
2259129
2259130
2259131
2259134
2259137
2259140
2259143
2259146
2259161
2259175
2259176
2259177
2259178
2259192
2259206
2259220
2259234
2259248
2259249
2259250
2259251
2259252
2259253
2259254
2259255
2259256
2259257
2259270
2259271
2259284
2259297
2259298
2259299
2259300
2259301
2259302
2259303
2259304
2259305
2259306
2259307
2259308
2259309
2259310
2259323
2259324
2259337
2259351
2259354
2259357
2259360
2259363
2259366
2259369
2259372
2259375
2259378
2259381
2259384
2259387
2259390
2259391
2259394
2259395
2259396
2259397
2259398
2259399
2259400
2259401
2259402
2259405
2259408
2259421
2259423
2259425
2259427
2259429
2259430
2259431
2259432
2259433
2259434
2259435
2259437
2259438
2259440
2259441
2259443
2259444
2259456
2259467
2259478
2259479
2259480
2259483
2259484
2259485
2259486
2259487
2259488
2259489
2259492
2259493
2259494
2259495
2259496
2259497
2259500
2259503
2259506
2259509
2259512
2259513
2259514
2259517
2259520
2259523
2259526
2259527
2259530
2259533
2259534
2259535
2259536
2259537
2259538
2259539
2259540
2259543
2259544
2259545
2259548
2259560
2259561
2259562
2259563
2259564
2259565
2259566
2259568
2259570
2259571
2259572
2259574
2259576
2259578
2259579
2259580
2259581
2259583
2259585
2259587
2259588
2259589
2259590
2259620
2259632
2259633
2259645
2259646
2259658
2259670
2259682
2259695
2259707
2259719
2259720
2259721
2259722
2259723
2259724
2259725
2259737
2259738
2259739
2259740
2259741
2259742
2259743
2259744
2259745
2259746
2259747
2259748
2259749
2259750
2259751
2259752
2259753
2259754
2259766
2259767
2259780
2259782
2259784
2259785
2259786
2259787
2259788
2259790
2259791
2259793
2259795
2259797
2259799
2259801
2259803
2259805
2259806
2259807
2259809
2259810
2259811
2259813
2259814
2259815
2259817
2259819
2259821
2259823
2259825
2259827
2259828
2259843
2259858
2259859
2259860
2259861
2259862
2259863
2259864
2259865
2259866
2259867
2259868
2259869
2259870
2259871
2259872
2259873
2259888
2259903
2259918
2259933
2259951
2259952
2259953
2259954
2259955
2259956
2259957
2259958
2259959
2259960
2259961
2259962
2259963
2259970
2259977
2259978
2259979
2259980
2259981
2259988
2259995
2260002
2260003
2260004
2260005
2260006
2260007
2260008
2260009
2260010
2260011
2260012
2260013
2260014
2260021
2260028
2260029
2260030
2260031
2260032
2260033
2260034
2260035
2260036
2260040
2260044
2260048
2260052
2260053
2260057
2260058
2260059
2260060
2260061
2260062
2260063
2260064
2260065
2260066
2260070
2260074
2260078
2260079
2260083
2260084
2260088
2260089
2260090
2260091
2260095
2260099
2260100
2260101
2260102
2260106
2260110
2260119
2260120
2260121
2260122
2260141
2260153
2260157
2260161
2260165
2260169
2260173
2260177
2260181
2260185
2260186
2260187
2260188
2260192
2260196
2260200
2260201
2260202
2260203
2260204
2260205
2260206
2260207
2260208
2260212
2260213
2260217
2260221
2260225
2260226
2260227
2260228
2260229
2260230
2260234
2260238
2260242
2260243
2260244
2260245
2260246
2260247
2260251
2260255
2260259
2260260
2260261
2260265
2260269
2260270
2260282
2260283
2260284
2260295
2260306
2260307
2260308
2260309
2260310
2260321
2260322
2260324
2260326
2260327
2260329
2260330
2260331
2260333
2260334
2260335
2260337
2260338
2260340
2260342
2260344
2260346
2260348
2260349
2260350
2260351
2260352
2260353
2260365
2260367
2260369
2260371
2260372
2260373
2260374
2260375
2260376
2260378
2260379
2260380
2260381
2260382
2260383
2260385
2260386
2260388
2260389
2260390
2260391
2260392
2260394
2260395
2260396
2260397
2260398
2260400
2260402
2260404
2260415
2260416
2260420
2260421
2260422
2260423
2260426
2260427
2260430
2260433
2260436
2260439
2260440
2260443
2260444
2260447
2260448
2260449
2260450
2260451
2260452
2260453
2260456
2260459
2260463
2260465
2260467
2260468
2260469
2260471
2260473
2260475
2260477
2260479
2260481
2260483
2260485
2260487
2260491
2260492
2260496
2260497
2260498
2260547
2260548
2260549
2260550
2260551
2260552
2260553
2260557
2260559
2260561
2260562
2260563
2260564
2260565
2260566
2260567
2260569
2260570
2260572
2260576
2260580
2260581
2260582
2260586
2260590
2260594
2260595
2260596
2260597
2260598
2260599
2260603
2260606
2260609
2260610
2260613
2260616
2260619
2260620
2260623
2260624
2260627
2260630
2260633
2260636
2260639
2260643
2260644
2260648
2260652
2260672
2260673
2260674
2260677
2260680
2260683
2260686
2260689
2260692
2260695
2260698
2260701
2260702
2260705
2260708
2260711
2260714
2260715
2260716
2260719
2260722
2260725
2260728
2260731
2260734
2260737
2260740
2260741
2260742
2260743
2260746
2260747
2260750
2260753
2260756
2260757
2260758
2260759
2260763
2260767
2260768
2260772
2260776
2260777
2260778
2260779
2260780
2260781
2260782
2260783
2260784
2260788
2260789
2260790
2260794
2260795
2260799
2260803
2260804
2260808
2260812
2260816
2260817
2260818
2260819
2260823
2260824
2260825
2260826
2260827
2260831
2260835
2260836
2260837
2260838
2260839
2260843
2260844
2260845
2260846
2260850
2260851
2260852
2260853
2260854
2260855
2260856
2260860
2260876
2260878
2260879
2260880
2260882
2260884
2260886
2260888
2260890
2260891
2260892
2260894
2260895
2260897
2260899
2260901
2260903
2260904
2260906
2260908
2260909
2260910
2260912
2260914
2260930
2260931
2260932
2260933
2260934
2260935
2260951
2260952
2260953
2260954
2260955
2260956
2260957
2260958
2260968
2260969
2260970
2260971
2260972
2260973
2260974
2260975
2260987
2260988
2260989
2260990
2260991
2260992
2261004
2261016
2261028
2261029
2261041
2261042
2261055
2261056
2261057
2261064
2261071
2261072
2261073
2261080
2261086
2261087
2261088
2261089
2261090
2261091
2261092
2261093
2261094
2261095
2261101
2261107
2261113
2261119
2261125
2261131
2261137
2261143
2261149
2261155
2261161
2261167
2261173
2261174
2261181
2261183
2261185
2261187
2261188
2261190
2261192
2261194
2261196
2261198
2261200
2261201
2261202
2261203
2261205
2261207
2261209
2261210
2261211
2261212
2261214
2261216
2261223
2261230
2261231
2261238
2261245
2261246
2261253
2261254
2261255
2261256
2261257
2261263
2261269
2261275
2261281
2261287
2261288
2261289
2261290
2261296
2261303
2261310
2261317
2261324
2261331
2261338
2261339
2261346
2261353
2261394
2261395
2261396
2261397
2261398
2261399
2261400
2261401
2261402
2261405
2261408
2261411
2261414
2261417
2261418
2261419
2261420
2261421
2261422
2261423
2261426
2261429
2261430
2261431
2261434
2261437
2261440
2261443
2261446
2261449
2261452
2261455
2261456
2261457
2261460
2261463
2261464
2261467
2261484
2261485
2261486
2261487
2261489
2261491
2261493
2261494
2261495
2261496
2261498
2261500
2261502
2261503
2261505
2261507
2261509
2261511
2261513
2261515
2261517
2261519
2261521
2261523
2261539
2261541
2261543
2261545
2261546
2261547
2261548
2261550
2261552
2261554
2261556
2261558
2261559
2261560
2261561
2261563
2261565
2261567
2261569
2261570
2261571
2261573
2261574
2261575
2261577
2261578
2261580
2261582
2261584
2261601
2261602
2261619
2261637
2261639
2261641
2261643
2261645
2261647
2261649
2261651
2261652
2261653
2261654
2261656
2261658
2261660
2261661
2261663
2261665
2261666
2261667
2261668
2261670
2261671
2261672
2261682
2261690
2261691
2261692
2261693
2261694
2261695
2261696
2261697
2261698
2261699
2261700
2261701
2261706
2261711
2261712
2261717
2261722
2261727
2261732
2261733
2261734
2261739
2261740
2261745
2261746
2261747
2261748
2261749
2261754
2261759
2261764
2261765
2261770
2261775
2261780
2261781
2261782
2261783
2261784
2261789
2261790
2261791
2261792
2261802
2261812
2261813
2261814
2261824
2261825
2261826
2261840
2261841
2261842
2261843
2261844
2261845
2261846
2261847
2261848
2261851
2261852
2261853
2261854
2261857
2261860
2261863
2261866
2261869
2261870
2261871
2261872
2261873
2261874
2261875
2261878
2261879
2261893
2261895
2261897
2261899
2261900
2261901
2261902
2261903
2261905
2261907
2261909
2261911
2261913
2261915
2261917
2261919
2261921
2261923
2261925
2261926
2261927
2261928
2261929
2261930
2261950
2261951
2261952
2261953
2261954
2261957
2261958
2261961
2261962
2261963
2261964
2261965
2261966
2261967
2261971
2261975
2261976
2261977
2261978
2261982
2261986
2261990
2261994
2261998
2262002
2262006
2262007
2262008
2262009
2262010
2262011
2262015
2262016
2262017
2262018
2262019
2262023
2262027
2262028
2262032
2262036
2262037
2262041
2262045
2262049
2262053
2262057
2262058
2262059
2262063
2262064
2262065
2262066
2262067
2262068
2262069
2262070
2262085
2262086
2262087
2262088
2262089
2262090
2262091
2262092
2262093
2262094
2262095
2262096
2262097
2262098
2262099
2262112
2262125
2262138
2262139
2262140
2262141
2262142
2262143
2262144
2262145
2262146
2262147
2262160
2262161
2262162
2262163
2262164
2262165
2262166
2262167
2262168
2262169
2262170
2262171
2262172
2262173
2262174
2262187
2262200
2262201
2262203
2262204
2262205
2262207
2262208
2262210
2262211
2262213
2262214
2262215
2262217
2262219
2262220
2262222
2262224
2262225
2262226
2262228
2262229
2262230
2262232
2262234
2262236
2262238
2262239
2262240
2262241
2262243
2262245
2262257
2262269
2262270
2262282
2262294
2262308
2262322
2262336
2262350
2262364
2262378
2262379
2262393
2262407
2262421
2262435
2262449
2262463
2262477
2262478
2262479
2262493
2262494
2262495
2262496
2262497
2262498
2262504
2262510
2262516
2262522
2262528
2262534
2262540
2262541
2262542
2262543
2262544
2262545
2262551
2262556
2262561
2262566
2262567
2262568
2262569
2262570
2262571
2262572
2262577
2262582
2262587
2262588
2262589
2262590
2262591
2262592
2262593
2262594
2262595
2262603
2262606
2262607
2262608
2262611
2262614
2262615
2262616
2262617
2262620
2262623
2262626
2262629
2262632
2262635
2262638
2262641
2262644
2262647
2262650
2262653
2262656
2262657
2262658
2262659
2262662
2262665
2262668
2262671
2262672
2262673
2262674
2262677
2262678
2262679
2262693
2262695
2262697
2262699
2262701
2262703
2262705
2262707
2262708
2262710
2262712
2262713
2262715
2262717
2262719
2262721
2262722
2262723
2262724
2262726
2262737
2262748
2262759
2262770
2262781
2262939
2262940
2262941
2262942
2262943
2262944
2262947
2262950
2262953
2262956
2262959
2262962
2262965
2262968
2262971
2262972
2262973
2262976
2262977
2262978
2262979
2262980
2262981
2262984
2262987
2262990
2262993
2262996
2262997
2262998
2263001
2263004
2263005
2263006
2263007
2263008
2263021
2263034
2263035
2263036
2263037
2263038
2263051
2263064
2263077
2263090
2263104
2263105
2263106
2263107
2263121
2263135
2263149
2263150
2263151
2263152
2263166
2263180
2263181
2263182
2263196
2263210
2263222
2263224
2263225
2263226
2263227
2263228
2263230
2263231
2263232
2263233
2263234
2263236
2263238
2263240
2263242
2263244
2263245
2263247
2263249
2263251
2263253
2263255
2263257
2263258
2263259
2263261
2263262
2263263
2263265
2263267
2263269
2263281
2263292
2263303
2263314
2263325
2263336
2263347
2263358
2263370
2263382
2263394
2263396
2263397
2263399
2263400
2263402
2263404
2263405
2263407
2263409
2263411
2263413
2263414
2263415
2263417
2263419
2263421
2263423
2263425
2263427
2263429
2263431
2263432
2263443
2263455
2263457
2263459
2263461
2263463
2263465
2263467
2263469
2263470
2263471
2263473
2263477
2263480
2263483
2263484
2263485
2263486
2263489
2263490
2263491
2263492
2263495
2263498
2263501
2263505
2263506
2263507
2263508
2263509
2263510
2263511
2263512
2263513
2263514
2263541
2263542
2263543
2263544
2263545
2263546
2263547
2263548
2263549
2263550
2263551
2263552
2263553
2263554
2263555
2263556
2263557
2263558
2263559
2263580
2263581
2263582
2263583
2263584
2263585
2263587
2263588
2263590
2263591
2263592
2263593
2263594
2263595
2263597
2263599
2263601
2263603
2263605
2263607
2263609
2263611
2263613
2263614
2263615
2263617
2263618
2263619
2263621
2263623
2263625
2263627
2263629
2263631
2263633
2263656
2263692
2263693
2263694
2263695
2263696
2263697
2263698
2263699
2263700
2263704
2263708
2263712
2263716
2263720
2263724
2263728
2263732
2263736
2263740
2263744
2263748
2263752
2263756
2263760
2263764
2263768
2263769
2263770
2263771
2263775
2263779
2263783
2263787
2263791
2263795
2263799
2263803
2263807
2263811
2263815
2263819
2263823
2263827
2263828
2263832
2263833
2263837
2263841
2263842
2263843
2263844
2263846
2263848
2263849
2263850
2263851
2263852
2263853
2263855
2263859
2263860
2263861
2263862
2263863
2263864
2263865
2263866
2263867
2263868
2263904
2263905
2263906
2263927
2263928
2263929
2263950
2263970
2263971
2263972
2263973
2263993
2264013
2264014
2264034
2264055
2264057
2264059
2264060
2264062
2264064
2264065
2264067
2264069
2264071
2264073
2264074
2264079
2264084
2264089
2264094
2264099
2264100
2264101
2264102
2264103
2264104
2264105
2264106
2264111
2264116
2264117
2264118
2264119
2264120
2264123
2264126
2264127
2264129
2264130
2264132
2264134
2264136
2264137
2264138
2264139
2264140
2264142
2264144
2264147
2264150
2264155
2264156
2264161
2264162
2264163
2264164
2264165
2264166
2264167
2264188
2264209
2264229
2264230
2264231
2264232
2264253
2264254
2264255
2264256
2264257
2264258
2264259
2264261
2264263
2264265
2264267
2264269
2264271
2264273
2264274
2264275
2264277
2264279
2264281
2264283
2264285
2264287
2264289
2264291
2264293
2264294
2264295
2264297
2264298
2264299
2264304
2264305
2264306
2264307
2264309
2264311
2264312
2264313
2264314
2264316
2264318
2264320
2264322
2264331
2264332
2264333
2264334
2264335
2264344
2264345
2264354
2264355
2264364
2264373
2264382
2264391
2264392
2264393
2264404
2264405
2264406
2264407
2264408
2264417
2264419
2264421
2264423
2264425
2264427
2264428
2264430
2264432
2264434
2264436
2264438
2264442
2264445
2264448
2264449
2264452
2264453
2264454
2264455
2264456
2264457
2264460
2264461
2264462
2264463
2264472
2264473
2264474
2264475
2264476
2264477
2264478
2264479
2264480
2264481
2264482
2264483
2264484
2264493
2264494
2264495
2264496
2264497
2264506
2264515
2264516
2264517
2264526
2264535
2264536
2264537
2264546
2264555
2264564
2264565
2264574
2264583
2264592
2264601
2264610
2264619
2264628
2264629
2264630
2264631
2264632
2264633
2264634
2264635
2264636
2264637
2264638
2264639
2264640
2264649
2264650
2264651
2264652
2264653
2264661
2264669
2264677
2264678
2264681
2264682
2264685
2264686
2264687
2264688
2264689
2264690
2264691
2264694
2264695
2264696
2264697
2264700
2264703
2264706
2264709
2264710
2264713
2264716
2264717
2264718
2264719
2264738
2264755
2264772
2264773
2264790
2264807
2264824
2264825
2264842
2264845
2264848
2264851
2264852
2264855
2264858
2264861
2264864
2264865
2264868
2264871
2264872
2264873
2264874
2264875
2264878
2264881
2264882
2264885
2264888
2264891
2264894
2264897
2264900
2264901
2264902
2264903
2264906
2264909
2264910
2264911
2264914
2264917
2264920
2264923
2264924
2264925
2264941
2264957
2264973
2264989
2265005
2265021
2265022
2265023
2265024
2265025
2265094
2265095
2265096
2265097
2265098
2265099
2265100
2265101
2265102
2265103
2265104
2265105
2265106
2265107
2265108
2265109
2265110
2265111
2265112
2265113
2265114
2265115
2265116
2265117
2265118
2265119
2265120
2265121
2265122
2265123
2265238
2265239
2265240
2265241
2265242
2265243
2265244
2265245
2265246
2265247
2265251
2265252
2265256
2265260
2265264
2265266
2265268
2265270
2265272
2265273
2265274
2265275
2265277
2265279
2265281
2265283
2265285
2265287
2265291
2265294
2265297
2265298
2265299
2265302
2265305
2265308
2265311
2265312
2265315
2265318
2265321
2265322
2265325
2265329
2265333
2265335
2265336
2265337
2265338
2265339
2265341
2265343
2265345
2265347
2265349
2265351
2265352
2265353
2265357
2265361
2265365
2265366
2265367
2265368
2265369
2265370
2265371
2265372
2265373
2265374
2265456
2265457
2265458
2265459
2265460
2265461
2265462
2265463
2265464
2265465
2265466
2265467
2265536
2265537
2265538
2265606
2265607
2265672
2265740
2265831
2265840
2265849
2265858
2265867
2265868
2265869
2265870
2265879
2265888
2265889
2265890
2265891
2265892
2265893
2265894
2265903
2265912
2265921
2265922
2265923
2265924
2265925
2265926
2265927
2265928
2265929
2265930
2265931
2265932
2265933
2265934
2265935
2265944
2265945
2265946
2265947
2265948
2265949
2265952
2265955
2265956
2265957
2265960
2265963
2265966
2265968
2265969
2265971
2265973
2265975
2265976
2265978
2265980
2265982
2265983
2265984
2265991
2265992
2265993
2265994
2265995
2265998
2266001
2266004
2266005
2266006
2266007
2266008
2266011
2266014
2266017
2266018
2266021
2266024
2266025
2266028
2266031
2266034
2266037
2266040
2266062
2266084
2266085
2266086
2266087
2266088
2266089
2266090
2266111
2266132
2266153
2266174
2266195
2266216
2266237
2266238
2266239
2266240
2266241
2266242
2266243
2266265
2266266
2266269
2266270
2266271
2266272
2266273
2266274
2266277
2266280
2266283
2266286
2266287
2266288
2266291
2266295
2266299
2266303
2266307
2266311
2266312
2266316
2266320
2266324
2266328
2266332
2266333
2266337
2266338
2266342
2266343
2266344
2266345
2266346
2266347
2266348
2266349
2266350
2266354
2266358
2266359
2266360
2266361
2266362
2266366
2266367
2266368
2266372
2266373
2266374
2266396
2266418
2266440
2266462
2266484
2266535
2266536
2266537
2266538
2266539
2266540
2266541
2266542
2266543
2266544
2266555
2266556
2266557
2266558
2266559
2266560
2266571
2266583
2266584
2266585
2266586
2266587
2266588
2266589
2266590
2266591
2266592
2266593
2266607
2266608
2266609
2266610
2266611
2266612
2266613
2266614
2266615
2266629
2266630
2266631
2266632
2266633
2266634
2266635
2266636
2266643
2266650
2266652
2266654
2266656
2266658
2266660
2266662
2266664
2266665
2266667
2266669
2266670
2266674
2266675
2266676
2266677
2266678
2266679
2266683
2266687
2266691
2266695
2266699
2266700
2266701
2266705
2266710
2266715
2266717
2266719
2266720
2266722
2266724
2266726
2266727
2266729
2266730
2266731
2266732
2266733
2266735
2266741
2266743
2266745
2266747
2266749
2266751
2266753
2266755
2266757
2266759
2266760
2266761
2266763
2266765
2266767
2266773
2266774
2266775
2266777
2266778
2266780
2266782
2266783
2266784
2266786
2266788
2266790
2266792
2266794
2266796
2266797
2266798
2266799
2266801
2266808
2266809
2266810
2266811
2266812
2266813
2266814
2266815
2266816
2266817
2266818
2266819
2266841
2266863
2266884
2266905
2266906
2266927
2266950
2266951
2266952
2266953
2266954
2266955
2266956
2266957
2266958
2266959
2266960
2266961
2266962
2266963
2266964
2266965
2266966
2266982
2266998
2267014
2267015
2267016
2267017
2267018
2267034
2267050
2267051
2267052
2267053
2267054
2267055
2267056
2267057
2267058
2267059
2267060
2267076
2267077
2267078
2267079
2267080
2267081
2267082
2267083
2267084
2267085
2267170
2267253
2267336
2267337
2267420
2267503
2267504
2267505
2267506
2267593
2267594
2267598
2267599
2267603
2267604
2267606
2267608
2267610
2267612
2267614
2267616
2267618
2267620
2267622
2267624
2267625
2267627
2267629
2267631
2267635
2267636
2267637
2267638
2267642
2267643
2267644
2267648
2267652
2267653
2267654
2267658
2267662
2267663
2267664
2267665
2267666
2267667
2267671
2267675
2267676
2267677
2267678
2267682
2267686
2267690
2267691
2267692
2267693
2267694
2267698
2267702
2267706
2267710
2267711
2267712
2267713
2267717
2267721
2267725
2267729
2267732
2267735
2267737
2267739
2267741
2267743
2267745
2267746
2267747
2267749
2267750
2267751
2267753
2267754
2267755
2267757
2267759
2267761
2267765
2267766
2267770
2267771
2267772
2267773
2267774
2267775
2267776
2267777
2267781
2267786
2267787
2267790
2267793
2267794
2267797
2267800
2267803
2267806
2267808
2267810
2267812
2267813
2267814
2267815
2267817
2267818
2267819
2267820
2267821
2267822
2267823
2267826
2267829
2267830
2267831
2267834
2267837
2267910
2267912
2267914
2267916
2267918
2267919
2267921
2267923
2267925
2267927
2267928
2267929
2267930
2267932
2267934
2267936
2267938
2267940
2267942
2267944
2267946
2267948
2267950
2267951
2267972
2267992
2268012
2268033
2268058
2268059
2268060
2268061
2268073
2268085
2268097
2268109
2268110
2268122
2268123
2268124
2268125
2268126
2268127
2268128
2268129
2268130
2268131
2268132
2268133
2268140
2268146
2268152
2268153
2268159
2268165
2268170
2268171
2268172
2268174
2268175
2268176
2268178
2268179
2268180
2268182
2268183
2268184
2268189
2268194
2268199
2268204
2268205
2268206
2268211
2268212
2268214
2268215
2268217
2268219
2268221
2268223
2268225
2268227
2268229
2268231
2268237
2268238
2268239
2268240
2268241
2268242
2268243
2268244
2268245
2268246
2268253
2268260
2268261
2268262
2268274
2268276
2268278
2268280
2268281
2268283
2268285
2268287
2268289
2268291
2268293
2268295
2268297
2268298
2268300
2268302
2268304
2268306
2268308
2268310
2268311
2268313
2268315
2268316
2268317
2268318
2268319
2268321
2268323
2268325
2268326
2268338
2268344
2268345
2268346
2268347
2268349
2268350
2268351
2268353
2268354
2268355
2268357
2268359
2268361
2268363
2268364
2268365
2268367
2268369
2268371
2268377
2268378
2268379
2268380
2268381
2268382
2268388
2268394
2268395
2268396
2268397
2268398
2268399
2268400
2268401
2268402
2268403
2268404
2268405
2268411
2268417
2268423
2268424
2268425
2268426
2268427
2268428
2268429
2268430
2268436
2268437
2268438
2268439
2268440
2268446
2268459
2268460
2268461
2268467
2268473
2268474
2268475
2268476
2268477
2268478
2268479
2268480
2268481
2268487
2268493
2268499
2268505
2268506
2268507
2268508
2268509
2268515
2268521
2268522
2268523
2268524
2268525
2268526
2268527
2268533
2268534
2268535
2268536
2268537
2268538
2268544
2268550
2268556
2268562
2268563
2268569
2268570
2268576
2268582
2268588
2268589
2268603
2268608
2268609
2268610
2268611
2268616
2268617
2268618
2268619
2268620
2268621
2268622
2268623
2268624
2268629
2268631
2268633
2268635
2268636
2268637
2268639
2268641
2268643
2268645
2268647
2268649
2268656
2268658
2268659
2268660
2268662
2268663
2268664
2268666
2268668
2268670
2268672
2268674
2268676
2268678
2268680
2268681
2268682
2268683
2268685
2268687
2268694
2268695
2268696
2268697
2268698
2268699
2268700
2268701
2268708
2268715
2268716
2268717
2268718
2268719
2268720
2268727
2268728
2268729
2268736
2268746
2268747
2268748
2268749
2268750
2268751
2268752
2268753
2268754
2268755
2268765
2268775
2268827
2268828
2268829
2268830
2268831
2268832
2268884
2268936
2268938
2268939
2268941
2268943
2268945
2268947
2268949
2268951
2268952
2268953
2268954
2268956
2268958
2268960
2268961
2268963
2268965
2268967
2268969
2268971
2268973
2268974
2268975
2268976
2268978
2269030
2269031
2269080
2269128
2269176
2269224
2269269
2269383
2269384
2269393
2269399
2269405
2269411
2269417
2269418
2269419
2269425
2269431
2269432
2269433
2269439
2269440
2269441
2269442
2269443
2269444
2269445
2269446
2269447
2269453
2269459
2269460
2269461
2269462
2269468
2269474
2269480
2269481
2269482
2269483
2269489
2269495
2269496
2269497
2269498
2269499
2269505
2269507
2269509
2269511
2269513
2269515
2269517
2269519
2269521
2269523
2269524
2269525
2269526
2269527
2269528
2269534
2269540
2269542
2269543
2269544
2269545
2269546
2269547
2269549
2269551
2269552
2269553
2269555
2269557
2269558
2269559
2269561
2269562
2269563
2269564
2269565
2269566
2269568
2269577
2269578
2269579
2269580
2269588
2269596
2269597
2269598
2269599
2269600
2269608
2269609
2269610
2269611
2269612
2269613
2269614
2269615
2269616
2269617
2269618
2269619
2269627
2269628
2269629
2269630
2269631
2269632
2269633
2269641
2269642
2269650
2269651
2269652
2269653
2269654
2269655
2269656
2269657
2269658
2269659
2269660
2269668
2269670
2269672
2269674
2269675
2269676
2269677
2269678
2269679
2269681
2269683
2269685
2269687
2269689
2269691
2269699
2269707
2269715
2269716
2269717
2269725
2269733
2269741
2269749
2269757
2269758
2269759
2269760
2269761
2269762
2269771
2269780
2269789
2269790
2269791
2269800
2269809
2269818
2269827
2269875
2269876
2269877
2269878
2269879
2269880
2269881
2269882
2269883
2269884
2269886
2269888
2269890
2269891
2269892
2269894
2269895
2269896
2269898
2269899
2269900
2269937
2269938
2269939
2269979
2270018
2270057
2270097
2270098
2270099
2270100
2270101
2270102
2270103
2270104
2270105
2270106
2270110
2270111
2270112
2270113
2270114
2270115
2270116
2270117
2270118
2270122
2270126
2270127
2270131
2270135
2270136
2270140
2270141
2270142
2270143
2270144
2270145
2270146
2270147
2270148
2270149
2270153
2270156
2270159
2270162
2270163
2270164
2270165
2270168
2270171
2270174
2270177
2270178
2270179
2270180
2270181
2270212
2270240
2270268
2270269
2270297
2270324
2270351
2270352
2270353
2270380
2270406
2270432
2270458
2270484
2270511
2270538
2270565
2270592
2270619
2270646
2270647
2270674
2270675
2270676
2270702
2270729
2270763
2270764
2270765
2270766
2270800
2270801
2270802
2270803
2270838
2270839
2270841
2270842
2270843
2270844
2270845
2270847
2270848
2270850
2270853
2270856
2270857
2270858
2270859
2270860
2270861
2270864
2270867
2270870
2270873
2270874
2270875
2270876
2270877
2270878
2270879
2270882
2270885
2270888
2270891
2270894
2270895
2270896
2270899
2270900
2270901
2270904
2270905
2270906
2270907
2270908
2270909
2270910
2270911
2270912
2270915
2270918
2270921
2270924
2270927
2270928
2270929
2270932
2270935
2270936
2270937
2270940
2270943
2270944
2270945
2270946
2270947
2270977
2271042
2271043
2271044
2271045
2271046
2271080
2271114
2271148
2271181
2271182
2271183
2271184
2271185
2271186
2271187
2271188
2271222
2271230
2271231
2271232
2271233
2271241
2271249
2271257
2271258
2271266
2271274
2271282
2271283
2271291
2271295
2271299
2271303
2271304
2271305
2271309
2271310
2271311
2271312
2271313
2271314
2271315
2271316
2271317
2271318
2271322
2271323
2271324
2271325
2271326
2271327
2271329
2271330
2271331
2271332
2271333
2271334
2271338
2271346
2271347
2271348
2271349
2271350
2271351
2271352
2271353
2271354
2271361
2271368
2271369
2271376
2271377
2271378
2271379
2271380
2271387
2271388
2271389
2271396
2271403
2271410
2271411
2271412
2271413
2271414
2271415
2271416
2271417
2271418
2271419
2271420
2271427
2271434
2271441
2271448
2271455
2271462
2271463
2271464
2271465
2271483
2271484
2271501
2271518
2271535
2271552
2271569
2271586
2271604
2271605
2271606
2271607
2271608
2271609
2271610
2271611
2271612
2271613
2271614
2271615
2271616
2271711
2271713
2271715
2271717
2271719
2271721
2271723
2271725
2271726
2271727
2271728
2271730
2271732
2271734
2271735
2271737
2271739
2271741
2271742
2271743
2271745
2271747
2271749
2271750
2271751
2271752
2271753
2271754
2271756
2271757
2271759
2271760
2271837
2271914
2271990
2271991
2271992
2271993
2271994
2271995
2271996
2272715
2272951
2272953
2272955
2272956
2272958
2272960
2272962
2272963
2272965
2272967
2272969
2272971
2272973
2272975
2272977
2272978
2272980
2272982
2272984
2272985
2272987
2272989
2272991
2272992
2272993
2272995
2272997
2272998
2273000
2273001
2273066
2273067
2273132
2273133
2273223
2273225
2273227
2273228
2273230
2273232
2273234
2273236
2273238
2273240
2273242
2273243
2273244
2273246
2273248
2273250
2273251
2273253
2273255
2273257
2273259
2273260
2273261
2273262
2273264
2273364
2273365
2273397
2273398
2273429
2273460
2273461
2273462
2273463
2273464
2273465
2273466
2273502
2273507
2273508
2273513
2273514
2273515
2273516
2273517
2273522
2273527
2273531
2273535
2273536
2273537
2273541
2273542
2273546
2273547
2273548
2273552
2273557
2273562
2273563
2273564
2273565
2273566
2273571
2273574
2273577
2273580
2273583
2273584
2273585
2273586
2273588
2273590
2273592
2273594
2273595
2273596
2273597
2273599
2273601
2273602
2273605
2273608
2273611
2273616
2273617
2273618
2273623
2273624
2273625
2273626
2273627
2273628
2273629
2273630
2273631
2273636
2273641
2273642
2273647
2273648
2273649
2273650
2273655
2273656
2273657
2273658
2273663
2273668
2273669
2273670
2273671
2273676
2273681
2273686
2273691
2273692
2273697
2273698
2273699
2273701
2273703
2273705
2273707
2273708
2273710
2273712
2273714
2273716
2273718
2273723
2273728
2273733
2273738
2273739
2273744
2273795
2273796
2273797
2273798
2273799
2273800
2273801
2273802
2273803
2273804
2273805
2273806
2273807
2273847
2273887
2273927
2273928
2273929
2273971
2274015
2274016
2274017
2274018
2274019
2274023
2274024
2274025
2274026
2274027
2274031
2274035
2274036
2274040
2274044
2274045
2274046
2274047
2274051
2274055
2274056
2274057
2274058
2274062
2274063
2274067
2274071
2274072
2274073
2274074
2274075
2274076
2274077
2274078
2274079
2274083
2274086
2274089
2274092
2274095
2274098
2274101
2274104
2274107
2274110
2274113
2274116
2274119
2274122
2274124
2274126
2274128
2274130
2274132
2274134
2274136
2274137
2274138
2274142
2274146
2274147
2274148
2274149
2274150
2274151
2274194
2274195
2274238
2274239
2274240
2274282
2274324
2274370
2274414
2274458
2274502
2274546
2274617
2274673
2274674
2274675
2274676
2274677
2274726
2274727
2274728
2274777
2274825
2274873
2274922
2274971
2275020
2275076
2275077
2275078
2275079
2275080
2275081
2275082
2275083
2275084
2275085
2275086
2275087
2275088
2275089
2275090
2275091
2275092
2275093
2275094
2275095
2275096
2275097
2275269
2275431
2275589
2275747
2275898
2276061
2276062
2276063
2276064
2276065
2276066
2276067
2276068
2276069
2276070
2276071
2276072
2276073
2276074
2276075
2276076
2276077
2276078
2276079
2276080
2276081
2276082
2276083
2276268
2276299
2276330
2276361
2276392
2276425
2276458
2276490
2276522
2276554
2276555
2276556
2276557
2276559
2276560
2276561
2276562
2276564
2276565
2276568
2276571
2276572
2276573
2276576
2276579
2276582
2276585
2276588
2276591
2276594
2276597
2276598
2276601
2276604
2276607
2276608
2276609
2276610
2276611
2276612
2276615
2276618
2276621
2276624
2276627
2276630
2276633
2276634
2276637
2276640
2276641
2276642
2276645
2276686
2276724
2276725
2276763
2276764
2276802
2276840
2276878
2276920
2276956
2276957
2276980
2277003
2277026
2277049
2277050
2277051
2277052
2277053
2277076
2277099
2277122
2277147
2277172
2277173
2277174
2277199
2277224
2277248
2277272
2277273
2277297
2277298
2277299
2277301
2277302
2277303
2277305
2277306
2277307
2277309
2277310
2277311
2277313
2277315
2277317
2277319
2277321
2277323
2277325
2277327
2277328
2277330
2277332
2277334
2277336
2277337
2277338
2277339
2277341
2277342
2277344
2277345
2277370
2277371
2277372
2277373
2277374
2277375
2277376
2277377
2277378
2277379
2277380
2277381
2277402
2277423
2277444
2277465
2277487
2277488
2277489
2277513
2277514
2277515
2277516
2277517
2277518
2277542
2277566
2277567
2277568
2277569
2277570
2277571
2277595
2277618
2277619
2277642
2277668
2277669
2277670
2277671
2277672
2277673
2277674
2277675
2277676
2277677
2277678
2277679
2277680
2277681
2277682
2277683
2277684
2277685
2277686
2277712
2277713
2277714
2277715
2277716
2277717
2277718
2277719
2277720
2277721
2277722
2277723
2277747
2277748
2277749
2277750
2277751
2277752
2277776
2277801
2277802
2277803
2277804
2277805
2277806
2277807
2277808
2277809
2277810
2277811
2277851
2277887
2277918
2277949
2277980
2278011
2278012
2278049
2278086
2278087
2278088
2278089
2278090
2278126
2278161
2278218
2278265
2278311
2278357
2278403
2278449
2278495
2278541
2278587
2278641
2278698
2278699
2278700
2278701
2278702
2278703
2278704
2278705
2278706
2278707
2278708
2278709
2278765
2278852
2278921
2278991
2279066
2279141
2279232
2279278
2279279
2279280
2279281
2279282
2279283
2279284
2279285
2279286
2279287
2279288
2279289
2279290
2279291
2279292
2279293
2279294
2279295
2279339
2279340
2279341
2279342
2279343
2279344
2279345
2279346
2279398
2279399
2279450
2279501
2279503
2279504
2279506
2279508
2279510
2279512
2279513
2279515
2279516
2279518
2279520
2279522
2279523
2279524
2279525
2279526
2279527
2279528
2279530
2279532
2279534
2279536
2279538
2279539
2279540
2279590
2279591
2279592
2279593
2279594
2279595
2279596
2279597
2279655
2279656
2279659
2279660
2279661
2279662
2279663
2279666
2279669
2279672
2279673
2279674
2279675
2279676
2279677
2279680
2279683
2279684
2279685
2279688
2279691
2279692
2279693
2279694
2279695
2279696
2279697
2279700
2279701
2279703
2279705
2279706
2279707
2279708
2279709
2279711
2279712
2279713
2279714
2279715
2279718
2279721
2279722
2279725
2279728
2279731
2279732
2279735
2279738
2279739
2279740
2279743
2279746
2279747
2279750
2279753
2279754
2279755
2279758
2279821
2279827
2279833
2279839
2279840
2279841
2279842
2279843
2279844
2279845
2279846
2279847
2279848
2279849
2279850
2279851
2279857
2279858
2279859
2279860
2279861
2279862
2279863
2279864
2279870
2279871
2279872
2279873
2279874
2279875
2279876
2279877
2279878
2279884
2279890
2279896
2279902
2279908
2279914
2279915
2279916
2279917
2279923
2279929
2279935
2279941
2279947
2279953
2279959
2279960
2279961
2279962
2279963
2279965
2279966
2279967
2279969
2279970
2279971
2279973
2279975
2279976
2279977
2279990
2279992
2279993
2279995
2279996
2279997
2279999
2280001
2280003
2280005
2280007
2280009
2280011
2280013
2280014
2280016
2280018
2280020
2280022
2280023
2280025
2280027
2280029
2280039
2280040
2280043
2280046
2280049
2280052
2280053
2280054
2280057
2280060
2280061
2280064
2280067
2280070
2280073
2280074
2280075
2280076
2280079
2280080
2280081
2280084
2280087
2280090
2280093
2280094
2280095
2280096
2280104
2280105
2280106
2280107
2280108
2280114
2280120
2280126
2280131
2280136
2280141
2280146
2280151
2280156
2280161
2280166
2280171
2280176
2280181
2280182
2280183
2280184
2280185
2280186
2280187
2280188
2280189
2280190
2280195
2280200
2280206
2280209
2280210
2280211
2280212
2280213
2280216
2280219
2280222
2280225
2280226
2280227
2280230
2280231
2280232
2280233
2280236
2280237
2280239
2280241
2280243
2280245
2280247
2280249
2280251
2280256
2280261
2280266
2280271
2280272
2280277
2280285
2280293
2280301
2280309
2280317
2280325
2280333
2280341
2280349
2280403
2280447
2280448
2280449
2280450
2280451
2280452
2280453
2280454
2280455
2280456
2280457
2280501
2280550
2280586
2280622
2280623
2280624
2280660
2280661
2280695
2280729
2280766
2280772
2280778
2280783
2280784
2280785
2280791
2280792
2280793
2280794
2280795
2280796
2280797
2280798
2280799
2280800
2280801
2280802
2280808
2280813
2280818
2280823
2280824
2280829
2280834
2280840
2280841
2280842
2280843
2280844
2280845
2280846
2280847
2280848
2280853
2280858
2280863
2280868
2280870
2280872
2280874
2280876
2280878
2280880
2280882
2280884
2280885
2280887
2280888
2280890
2280891
2280896
2280901
2280903
2280905
2280907
2280909
2280911
2280912
2280913
2280914
2280916
2280918
2280920
2280922
2280924
2280930
2280936
2280937
2280938
2280939
2280940
2280945
2280946
2280947
2280951
2280955
2280959
2280960
2280964
2280968
2280969
2280973
2280974
2280975
2280976
2280980
2280984
2280988
2280992
2280993
2280994
2280998
2280999
2281000
2281001
2281002
2281003
2281007
2281012
2281014
2281015
2281016
2281018
2281020
2281022
2281024
2281025
2281026
2281028
2281030
2281031
2281033
2281035
2281037
2281093
2281112
2281131
2281151
2281152
2281171
2281190
2281209
2281229
2281239
2281249
2281251
2281252
2281254
2281255
2281257
2281259
2281261
2281263
2281264
2281266
2281267
2281269
2281271
2281273
2281274
2281275
2281276
2281277
2281278
2281280
2281281
2281283
2281285
2281296
2281299
2281300
2281301
2281302
2281303
2281304
2281305
2281308
2281309
2281310
2281311
2281312
2281315
2281318
2281321
2281322
2281323
2281324
2281325
2281328
2281331
2281334
2281337
2281338
2281339
2281342
2281345
2281348
2281351
2281353
2281355
2281357
2281358
2281359
2281361
2281363
2281365
2281367
2281369
2281372
2281386
2281387
2281388
2281389
2281397
2281398
2281399
2281400
2281401
2281409
2281417
2281418
2281419
2281427
2281428
2281429
2281430
2281438
2281446
2281454
2281462
2281470
2281478
2281486
2281495
2281496
2281497
2281498
2281499
2281500
2281501
2281502
2281503
2281504
2281505
2281506
2281507
2281508
2281509
2281510
2281519
2281520
2281521
2281530
2281538
2281546
2281554
2281562
2281563
2281564
2281565
2281566
2281567
2281568
2281569
2281570
2281578
2281579
2281587
2281588
2281596
2281604
2281612
2281613
2281614
2281615
2281616
2281620
2281621
2281625
2281629
2281630
2281634
2281638
2281642
2281646
2281650
2281651
2281652
2281653
2281654
2281655
2281656
2281660
2281664
2281669
2281673
2281677
2281681
2281682
2281683
2281684
2281685
2281686
2281693
2281703
2281704
2281714
2281724
2281725
2281726
2281727
2281728
2281729
2281739
2281740
2281750
2281778
2281779
2281780
2281781
2281782
2281783
2281784
2281785
2281786
2281787
2281788
2281804
2281805
2281807
2281808
2281810
2281811
2281813
2281815
2281816
2281818
2281820
2281821
2281823
2281825
2281826
2281828
2281830
2281835
2281838
2281841
2281844
2281845
2281846
2281849
2281850
2281851
2281852
2281853
2281854
2281857
2281858
2281861
2281864
2281865
2281868
2281871
2281874
2281877
2281882
2281885
2281888
2281891
2281894
2281895
2281896
2281897
2281898
2281901
2281904
2281907
2281908
2281911
2281914
2281917
2281918
2281919
2281920
2281921
2281936
2281938
2281939
2281940
2281941
2281942
2281944
2281945
2281947
2281948
2281949
2281951
2281953
2281954
2281955
2281957
2281959
2281960
2281961
2281962
2281964
2281965
2281966
2281967
2281969
2281987
2281989
2281991
2281993
2281995
2281997
2281999
2282000
2282001
2282002
2282003
2282004
2282009
2282013
2282017
2282021
2282022
2282026
2282027
2282028
2282032
2282036
2282040
2282044
2282045
2282049
2282053
2282054
2282055
2282056
2282057
2282058
2282059
2282063
2282064
2282065
2282066
2282067
2282068
2282069
2282073
2282074
2282075
2282079
2282080
2282084
2282088
2282089
2282090
2282091
2282092
2282093
2282094
2282095
2282099
2282100
2282101
2282102
2282103
2282104
2282105
2282106
2282107
2282111
2282112
2282113
2282114
2282115
2282116
2282117
2282118
2282119
2282123
2282127
2282131
2282132
2282136
2282137
2282141
2282145
2282149
2282150
2282151
2282152
2282153
2282164
2282175
2282176
2282187
2282198
2282199
2282210
2282211
2282212
2282213
2282214
2282215
2282227
2282235
2282236
2282237
2282238
2282239
2282240
2282241
2282242
2282243
2282251
2282259
2282267
2282275
2282283
2282292
2282301
2282309
2282317
2282325
2282333
2282334
2282335
2282336
2282345
2282354
2282362
2282363
2282364
2282365
2282373
2282381
2282389
2282390
2282391
2282392
2282393
2282394
2282395
2282396
2282397
2282398
2282399
2282400
2282401
2282402
2282410
2282411
2282412
2282420
2282428
2282436
2282444
2282452
2282461
2282462
2282463
2282464
2282465
2282466
2282467
2282468
2282469
2282470
2282471
2282472
2282473
2282474
2282482
2282483
2282484
2282485
2282486
2282494
2282495
2282496
2282504
2282505
2282506
2282532
2282533
2282534
2282535
2282536
2282537
2282538
2282539
2282540
2282541
2282542
2282543
2282704
2282908
2282910
2282912
2282913
2282914
2282916
2282917
2282918
2282920
2282922
2282924
2282926
2282927
2282929
2282931
2282933
2282935
2282937
2282939
2282941
2282942
2282944
2282946
2282947
2282949
2282951
2282952
2282954
2282955
2282957
2282958
2283055
2283056
2283057
2283058
2283059
2283060
2283061
2283062
2283063
2283064
2283067
2283070
2283071
2283072
2283073
2283074
2283077
2283078
2283081
2283082
2283083
2283084
2283087
2283088
2283089
2283090
2283091
2283092
2283093
2283094
2283097
2283100
2283101
2283102
2283103
2283104
2283114
2283124
2283125
2283137
2283150
2283151
2283152
2283154
2283156
2283157
2283158
2283159
2283161
2283163
2283165
2283167
2283168
2283170
2283172
2283174
2283176
2283178
2283180
2283181
2283183
2283185
2283187
2283189
2283190
2283191
2283193
2283195
2283196
2283198
2283200
2283216
2283222
2283228
2283229
2283235
2283236
2283242
2283248
2283254
2283260
2283266
2283272
2283278
2283284
2283290
2283293
2283296
2283299
2283300
2283301
2283302
2283305
2283308
2283311
2283314
2283317
2283318
2283319
2283320
2283323
2283326
2283329
2283330
2283331
2283332
2283338
2283344
2283345
2283346
2283347
2283348
2283349
2283350
2283351
2283352
2283353
2283360
2283368
2283369
2283377
2283385
2283386
2283394
2283402
2283410
2283418
2283426
2283427
2283428
2283429
2283430
2283431
2283433
2283435
2283437
2283439
2283440
2283441
2283442
2283443
2283451
2283459
2283460
2283461
2283462
2283463
2283464
2283465
2283466
2283467
2283468
2283469
2283477
2283480
2283483
2283486
2283489
2283492
2283493
2283496
2283499
2283500
2283503
2283506
2283507
2283508
2283511
2283512
2283513
2283514
2283515
2283516
2283519
2283520
2283521
2283524
2283527
2283528
2283529
2283537
2283538
2283539
2283540
2283541
2283542
2283543
2283544
2283545
2283553
2283565
2283577
2283589
2283601
2283613
2283625
2283637
2283649
2283661
2283673
2283674
2283675
2283676
2283677
2283678
2283679
2283680
2283681
2283682
2283683
2283684
2283685
2283686
2283687
2283688
2283689
2283690
2283702
2283714
2283726
2283738
2283750
2283762
2283763
2283775
2283787
2283799
2283810
2283821
2283832
2283843
2283854
2283866
2283867
2283868
2283869
2283870
2283871
2283872
2283873
2283874
2283875
2283876
2283877
2283888
2283889
2283890
2283891
2283902
2283914
2283915
2283916
2283917
2283918
2283919
2283920
2283921
2283922
2283923
2283924
2283935
2283936
2283937
2283948
2283959
2283970
2283981
2283992
2284003
2284014
2284126
2284127
2284129
2284131
2284133
2284135
2284136
2284137
2284139
2284140
2284141
2284142
2284144
2284146
2284148
2284150
2284152
2284154
2284156
2284158
2284160
2284161
2284162
2284164
2284166
2284168
2284170
2284172
2284173
2284174
2284175
2284176
2284177
2284178
2284180
2284182
2284184
2284186
2284205
2284220
2284235
2284250
2284251
2284252
2284253
2284268
2284269
2284270
2284285
2284300
2284315
2284330
2284331
2284332
2284347
2284358
2284369
2284370
2284371
2284372
2284373
2284374
2284385
2284396
2284397
2284398
2284399
2284400
2284401
2284402
2284403
2284404
2284405
2284406
2284407
2284419
2284420
2284432
2284433
2284445
2284446
2284458
2284464
2284465
2284466
2284467
2284469
2284471
2284472
2284473
2284474
2284476
2284478
2284480
2284482
2284484
2284485
2284492
2284493
2284494
2284495
2284496
2284497
2284498
2284499
2284500
2284501
2284502
2284509
2284516
2284523
2284524
2284531
2284538
2284549
2284550
2284551
2284560
2284561
2284562
2284563
2284564
2284565
2284566
2284567
2284568
2284569
2284570
2284571
2284572
2284573
2284582
2284591
2284600
2284609
2284610
2284619
2284628
2284629
2284630
2284639
2284640
2284649
2284658
2284667
2284668
2284669
2284670
2284671
2284681
2284691
2284692
2284702
2284712
2284713
2284723
2284733
2284743
2284753
2284754
2284764
2284765
2284775
2284785
2284786
2284796
2284806
2284808
2284810
2284812
2284814
2284816
2284818
2284820
2284822
2284824
2284825
2284826
2284827
2284829
2284831
2284832
2284834
2284845
2284846
2284849
2284850
2284851
2284852
2284853
2284854
2284857
2284858
2284861
2284862
2284863
2284864
2284865
2284866
2284869
2284872
2284873
2284874
2284875
2284878
2284881
2284882
2284885
2284886
2284889
2284890
2284891
2284894
2284895
2284896
2284897
2284898
2284899
2284902
2284921
2284922
2284923
2284924
2284925
2284926
2284927
2284928
2284929
2284930
2284931
2284932
2284933
2284939
2284945
2284951
2284952
2284958
2284964
2284965
2284971
2284973
2284975
2284977
2284978
2284979
2284981
2284983
2284985
2284987
2284989
2284991
2284993
2284995
2284997
2284998
2285004
2285010
2285016
2285022
2285028
2285034
2285041
2285043
2285045
2285046
2285047
2285048
2285050
2285052
2285054
2285056
2285058
2285059
2285060
2285061
2285062
2285063
2285064
2285066
2285067
2285068
2285069
2285071
2285078
2285079
2285107
2285132
2285156
2285157
2285181
2285205
2285206
2285230
2285254
2285255
2285256
2285257
2285281
2285282
2285283
2285284
2285311
2285312
2285313
2285314
2285315
2285316
2285317
2285318
2285319
2285320
2285321
2285322
2285323
2285349
2285414
2285418
2285422
2285423
2285424
2285425
2285429
2285433
2285437
2285441
2285445
2285449
2285453
2285454
2285459
2285463
2285464
2285465
2285466
2285467
2285468
2285469
2285470
2285471
2285472
2285476
2285477
2285481
2285485
2285486
2285490
2285495
2285500
2285502
2285503
2285504
2285506
2285508
2285510
2285512
2285514
2285516
2285517
2285519
2285532
2285535
2285538
2285541
2285544
2285547
2285550
2285553
2285554
2285555
2285556
2285557
2285558
2285559
2285560
2285563
2285564
2285565
2285566
2285567
2285568
2285569
2285570
2285573
2285576
2285577
2285578
2285581
2285584
2285587
2285591
2285595
2285596
2285597
2285598
2285599
2285600
2285601
2285602
2285603
2285604
2285607
2285610
2285613
2285616
2285619
2285622
2285623
2285624
2285625
2285626
2285627
2285628
2285641
2285642
2285643
2285644
2285645
2285658
2285659
2285660
2285661
2285662
2285663
2285664
2285665
2285666
2285685
2285687
2285689
2285690
2285691
2285692
2285693
2285694
2285696
2285698
2285700
2285701
2285702
2285703
2285704
2285705
2285707
2285708
2285709
2285710
2285711
2285713
2285715
2285717
2285718
2285719
2285721
2285722
2285723
2285740
2285742
2285744
2285746
2285748
2285750
2285752
2285754
2285756
2285758
2285760
2285762
2285764
2285766
2285768
2285770
2285771
2285772
2285774
2285775
2285776
2285799
2285800
2285801
2285802
2285803
2285826
2285849
2285850
2285873
2285896
2285919
2286069
2286072
2286075
2286078
2286081
2286084
2286087
2286088
2286089
2286090
2286091
2286092
2286095
2286098
2286099
2286102
2286105
2286108
2286109
2286110
2286113
2286114
2286115
2286116
2286117
2286118
2286121
2286124
2286125
2286128
2286129
2286130
2286131
2286132
2286133
2286134
2286135
2286138
2286141
2286142
2286143
2286144
2286145
2286146
2286147
2286148
2286151
2286154
2286157
2286158
2286159
2286160
2286161
2286179
2286180
2286198
2286199
2286200
2286201
2286202
2286203
2286204
2286205
2286206
2286207
2286208
2286209
2286227
2286243
2286259
2286275
2286276
2286277
2286278
2286279
2286280
2286281
2286282
2286283
2286284
2286285
2286301
2286317
2286335
2286353
2286354
2286357
2286360
2286363
2286366
2286369
2286372
2286375
2286378
2286379
2286380
2286381
2286384
2286387
2286390
2286393
2286396
2286397
2286398
2286401
2286402
2286403
2286406
2286407
2286410
2286413
2286414
2286415
2286416
2286417
2286418
2286419
2286433
2286434
2286436
2286438
2286439
2286440
2286441
2286442
2286444
2286445
2286446
2286447
2286448
2286450
2286452
2286453
2286454
2286455
2286458
2286459
2286460
2286462
2286464
2286466
2286468
2286470
2286471
2286472
2286473
2286475
2286477
2286478
2286480
2286502
2286503
2286504
2286505
2286506
2286507
2286508
2286514
2286520
2286526
2286532
2286533
2286534
2286535
2286536
2286537
2286538
2286539
2286540
2286541
2286547
2286550
2286551
2286554
2286555
2286556
2286557
2286558
2286559
2286562
2286563
2286564
2286565
2286566
2286569
2286572
2286573
2286576
2286577
2286580
2286581
2286584
2286585
2286588
2286589
2286590
2286591
2286592
2286598
2286606
2286607
2286608
2286609
2286610
2286611
2286612
2286613
2286614
2286621
2286623
2286625
2286626
2286628
2286630
2286632
2286634
2286636
2286638
2286639
2286640
2286641
2286642
2286643
2286645
2286647
2286648
2286649
2286654
2286659
2286660
2286661
2286662
2286663
2286668
2286676
2286677
2286678
2286681
2286684
2286687
2286688
2286689
2286692
2286695
2286698
2286699
2286700
2286701
2286704
2286707
2286708
2286711
2286712
2286713
2286714
2286715
2286718
2286741
2286750
2286758
2286766
2286774
2286782
2286790
2286798
2286807
2286812
2286813
2286814
2286815
2286820
2286825
2286826
2286828
2286829
2286830
2286832
2286834
2286836
2286838
2286840
2286842
2286844
2286846
2286851
2286852
2286857
2286862
2286863
2286864
2286865
2286866
2286867
2286868
2286869
2286870
2286871
2286872
2286873
2286882
2286883
2286885
2286887
2286889
2286891
2286893
2286894
2286896
2286898
2286900
2286902
2286903
2286905
2286907
2286908
2286909
2286910
2286912
2286913
2286914
2286915
2286917
2286926
2286927
2286936
2286937
2286949
2286952
2286955
2286958
2286961
2286964
2286965
2286966
2286969
2286972
2286975
2286976
2286979
2286982
2286985
2286988
2286991
2286994
2286997
2287000
2287001
2287002
2287003
2287006
2287007
2287008
2287009
2287010
2287013
2287016
2287019
2287020
2287023
2287026
2287027
2287028
2287029
2287032
2287035
2287038
2287041
2287052
2287053
2287054
2287055
2287056
2287061
2287066
2287071
2287072
2287073
2287078
2287079
2287080
2287081
2287082
2287087
2287088
2287089
2287090
2287095
2287096
2287097
2287098
2287099
2287100
2287105
2287107
2287109
2287110
2287112
2287114
2287116
2287118
2287119
2287120
2287122
2287124
2287129
2287134
2287135
2287136
2287137
2287138
2287143
2287144
2287149
2287154
2287159
2287160
2287161
2287166
2287168
2287169
2287170
2287171
2287173
2287175
2287177
2287179
2287181
2287183
2287185
2287187
2287189
2287191
2287193
2287198
2287199
2287200
2287201
2287202
2287203
2287208
2287213
2287215
2287217
2287219
2287221
2287223
2287225
2287226
2287227
2287229
2287231
2287233
2287237
2287238
2287242
2287247
2287248
2287249
2287250
2287255
2287259
2287263
2287267
2287268
2287272
2287273
2287277
2287281
2287285
2287289
2287293
2287294
2287295
2287296
2287297
2287298
2287303
2287304
2287305
2287306
2287308
2287310
2287312
2287314
2287316
2287317
2287318
2287320
2287321
2287325
2287326
2287327
2287328
2287332
2287336
2287338
2287340
2287342
2287344
2287346
2287347
2287348
2287350
2287351
2287352
2287354
2287355
2287357
2287359
2287360
2287365
2287366
2287367
2287368
2287369
2287370
2287374
2287375
2287379
2287384
2287395
2287396
2287397
2287406
2287407
2287408
2287418
2287423
2287428
2287433
2287434
2287435
2287440
2287445
2287450
2287451
2287452
2287453
2287454
2287459
2287464
2287469
2287474
2287479
2287480
2287481
2287482
2287487
2287488
2287489
2287490
2287495
2287500
2287505
2287510
2287515
2287516
2287517
2287518
2287519
2287520
2287521
2287525
2287526
2287527
2287528
2287529
2287530
2287531
2287532
2287533
2287534
2287539
2287544
2287549
2287559
2287568
2287577
2287578
2287579
2287580
2287589
2287590
2287599
2287609
2287617
2287625
2287633
2287634
2287642
2287650
2287651
2287652
2287660
2287661
2287662
2287663
2287666
2287667
2287668
2287671
2287672
2287673
2287676
2287679
2287682
2287685
2287688
2287689
2287690
2287691
2287694
2287697
2287700
2287709
2287718
2287727
2287728
2287729
2287730
2287731
2287732
2287733
2287734
2287743
2287752
2287753
2287754
2287801
2287819
2287837
2287838
2287839
2287840
2287841
2287859
2287877
2287895
2287913
2287914
2287932
2287934
2287936
2287938
2287939
2287940
2287942
2287944
2287945
2287946
2287947
2287949
2287951
2287952
2287954
2287956
2287958
2287960
2287961
2287963
2287964
2287965
2287966
2287967
2287969
2287984
2287985
2287986
2287987
2287988
2287989
2287990
2287993
2287994
2287995
2287998
2288001
2288002
2288003
2288004
2288007
2288008
2288009
2288010
2288013
2288016
2288019
2288020
2288021
2288022
2288025
2288026
2288027
2288030
2288031
2288032
2288037
2288038
2288039
2288040
2288041
2288042
2288043
2288047
2288051
2288055
2288057
2288059
2288061
2288062
2288063
2288065
2288067
2288069
2288071
2288072
2288074
2288075
2288077
2288079
2288083
2288087
2288088
2288092
2288093
2288097
2288101
2288102
2288103
2288104
2288105
2288106
2288107
2288127
2288128
2288129
2288130
2288131
2288132
2288149
2288150
2288151
2288152
2288169
2288186
2288187
2288188
2288189
2288190
2288191
2288192
2288193
2288210
2288211
2288212
2288213
2288228
2288229
2288245
2288246
2288247
2288248
2288264
2288279
2288294
2288309
2288324
2288325
2288340
2288341
2288357
2288358
2288359
2288360
2288361
2288377
2288392
2288407
2288422
2288435
2288436
2288449
2288462
2288475
2288490
2288505
2288520
2288537
2288554
2288571
2288588
2288607
2288623
2288639
2288655
2288656
2288657
2288673
2288689
2288705
2288722
2288740
2288744
2288745
2288746
2288747
2288748
2288752
2288756
2288757
2288761
2288764
2288767
2288768
2288769
2288772
2288775
2288778
2288781
2288784
2288787
2288790
2288793
2288794
2288795
2288796
2288799
2288800
2288801
2288804
2288808
2288812
2288816
2288820
2288824
2288825
2288829
2288833
2288837
2288841
2288845
2288846
2288850
2288851
2288852
2288870
2288888
2288906
2288924
2288925
2288943
2288944
2288962
2288979
2288980
2288981
2288982
2288983
2289000
2289016
2289017
2289018
2289019
2289020
2289021
2289038
2289055
2289098
2289099
2289100
2289101
2289102
2289103
2289104
2289105
2289106
2289107
2289108
2289109
2289110
2289111
2289112
2289113
2289114
2289115
2289116
2289117
2289159
2289160
2289202
2289203
2289204
2291753
2295040
2295041
2295042
2295043
2295044
2295045
2295046
2295047
2295048
2295049
2295050
2295051
2295052
2295053
2295054
2295055
2295056
2295057
2295058
2295392
2296107
2296225
2296343
2296464
2296580
2296696
2296811
2296926
2297046
2297168
2297169
2297170
2297171
2297172
2297178
2297179
2297184
2297185
2297186
2297187
2297188
2297189
2297190
2297191
2297192
2297193
2297198
2297203
2297208
2297213
2297218
2297219
2297224
2297229
2297234
2297239
2297244
2297245
2297250
2297255
2297260
2297261
2297262
2297263
2297264
2297265
2297269
2297270
2297271
2297272
2297273
2297276
2297279
2297280
2297283
2297284
2297285
2297286
2297287
2297288
2297291
2297292
2297293
2297294
2297295
2297296
2297299
2297302
2297305
2297308
2297311
2297314
2297317
2297320
2297323
2297326
2297331
2297332
2297337
2297338
2297339
2297340
2297341
2297342
2297343
2297344
2297345
2297346
2297351
2297352
2297353
2297354
2297355
2297356
2297357
2297358
2297359
2297360
2297365
2297368
2297369
2297370
2297371
2297372
2297373
2297376
2297378
2297379
2297381
2297383
2297385
2297387
2297389
2297392
2297395
2297396
2297400
2297401
2297402
2297403
2297404
2297405
2297409
2297413
2297414
2297415
2297419
2297423
2297424
2297425
2297426
2297433
2297434
2297435
2297436
2297443
2297444
2297445
2297446
2297447
2297448
2297449
2297450
2297451
2297452
2297459
2297460
2297461
2297462
2297463
2297464
2297471
2297478
2297485
2297723
2297724
2297725
2297726
2297727
2297728
2297729
2297730
2297731
2297732
2297733
2297734
2297735
2297736
2297737
2297738
2297817
2297882
2297883
2297948
2297949
2298014
2298016
2298018
2298019
2298021
2298022
2298023
2298024
2298026
2298028
2298030
2298032
2298034
2298036
2298038
2298039
2298040
2298042
2298043
2298044
2298046
2298048
2298050
2298052
2298054
2298056
2298058
2298060
2298062
2298064
2298065
2298066
2298067
2298068
2298151
2298152
2298153
2298154
2298155
2298156
2298324
2298329
2298330
2298331
2298332
2298333
2298334
2298335
2298336
2298341
2298342
2298343
2298344
2298345
2298346
2298347
2298348
2298349
2298350
2298354
2298359
2298360
2298361
2298362
2298363
2298364
2298365
2298366
2298367
2298372
2298374
2298375
2298376
2298377
2298378
2298379
2298381
2298383
2298385
2298387
2298388
2298389
2298390
2298391
2298396
2298401
2298402
2298403
2298404
2298405
2298410
2298412
2298414
2298415
2298417
2298419
2298421
2298423
2298425
2298427
2298429
2298431
2298432
2298434
2298436
2298438
2298442
2298447
2298448
2298453
2298458
2298463
2298464
2298469
2298470
2298475
2298480
2298485
2298490
2298495
2298500
2298505
2298507
2298509
2298511
2298513
2298515
2298517
2298519
2298521
2298523
2298525
2298527
2298529
2298534
2298535
2298536
2298537
2298538
2298539
2298540
2298541
2298542
2298592
2298593
2298595
2298596
2298598
2298599
2298600
2298602
2298604
2298605
2298606
2298607
2298608
2298609
2298611
2298612
2298613
2298615
2298617
2298619
2298620
2298621
2298622
2298623
2298625
2298627
2298629
2298631
2298632
2298674
2298675
2298676
2298677
2298678
2298679
2298680
2298681
2298682
2298683
2298684
2298685
2298686
2298724
2298725
2298726
2298727
2298728
2298729
2298730
2298731
2298732
2298733
2298734
2298735
2298736
2298737
2298738
2298739
2298740
2298767
2298768
2298795
2298822
2298823
2298850
2298877
2298904
2298905
2298906
2298907
2298908
2298937
2298963
2298989
2299014
2299040
2299065
2299091
2299092
2299093
2299094
2299095
2299120
2299121
2299122
2299155
2299156
2299157
2299160
2299163
2299166
2299167
2299170
2299171
2299174
2299175
2299176
2299177
2299178
2299179
2299180
2299181
2299184
2299186
2299187
2299188
2299190
2299191
2299192
2299194
2299196
2299198
2299201
2299204
2299207
2299210
2299213
2299214
2299215
2299216
2299219
2299220
2299223
2299226
2299229
2299230
2299231
2299232
2299233
2299234
2299237
2299238
2299239
2299240
2299243
2299277
2299308
2299309
2299341
2299373
2299406
2299439
2299472
2299505
2299539
2299605
2299662
2299663
2299664
2299665
2299722
2299723
2299725
2299726
2299728
2299729
2299731
2299732
2299733
2299735
2299736
2299738
2299740
2299742
2299744
2299746
2299747
2299748
2299749
2299751
2299753
2299755
2299757
2299759
2299761
2299763
2299764
2299766
2299768
2299827
2299828
2299829
2299830
2299831
2299832
2299833
2299834
2299835
2299836
2299837
2299838
2299839
2299878
2299917
2299918
2299919
2299920
2299923
2299926
2299927
2299928
2299929
2299930
2299931
2299934
2299937
2299940
2299943
2299946
2299949
2299952
2299955
2299958
2299961
2299962
2299965
2299968
2299971
2299974
2299975
2299978
2299981
2299984
2299987
2299990
2299993
2299994
2299997
2299998
2299999
2300000
2300001
2300004
2300007
2300010
2300013
2300073
2300099
2300100
2300101
2300102
2300103
2300104
2300105
2300106
2300107
2300108
2300109
2300135
2300152
2300153
2300170
2300171
2300188
2300205
2300222
2300239
2300256
2300271
2300284
2300297
2300310
2300323
2300336
2300351
2300376
2300401
2300402
2300403
2300428
2300468
2300469
2300506
2300507
2300508
2300546
2300584
2300622
2300660
2300698
2300699
2300700
2300756
2300757
2300758
2300759
2300760
2300761
2300762
2300817
2300869
2300920
2300971
2301025
2301078
2301130
2301182
2301235
2301288
2301340
2301341
2301394
2301395
2301448
2301449
2301450
2301451
2301452
2301453
2301505
2301506
2301507
2301831
2301832
2301833
2301836
2301837
2301838
2301839
2301840
2301841
2301842
2301843
2301846
2301847
2301848
2301849
2301850
2301851
2301854
2301858
2301860
2301861
2301863
2301865
2301867
2301869
2301870
2301871
2301873
2301875
2301877
2301879
2301882
2301883
2301886
2301887
2301888
2301889
2301890
2301891
2301894
2301897
2301901
2301902
2301903
2301904
2301908
2301909
2301910
2301911
2301912
2301913
2301917
2301921
2301925
2301929
2301933
2301937
2301941
2301945
2301949
2301953
2302256
2302257
2302258
2302260
2302262
2302264
2302266
2302267
2302269
2302271
2302273
2302275
2302277
2302279
2302281
2302282
2302283
2302285
2302287
2302289
2302291
2302293
2302295
2302297
2302299
2302301
2302303
2302305
2302306
2302307
2302309
2302311
2302312
2302350
2302365
2302366
2302367
2302368
2302369
2302370
2302371
2302372
2302373
2302374
2302375
2302390
2302391
2302392
2302393
2302394
2302395
2302396
2302397
2302398
2302399
2302400
2302401
2302402
2302403
2302404
2302405
2302418
2302431
2302444
2302447
2302448
2302451
2302452
2302455
2302458
2302461
2302464
2302467
2302470
2302472
2302474
2302476
2302478
2302480
2302482
2302484
2302485
2302486
2302487
2302489
2302492
2302493
2302494
2302495
2302496
2302497
2302500
2302501
2302504
2302507
2302510
2302513
2302516
2302517
2302518
2302532
2302546
2302560
2302573
2302586
2302599
2302612
2302613
2302614
2302615
2302616
2302617
2302618
2302631
2302646
2302647
2302648
2302649
2302650
2302651
2302652
2302653
2302654
2302655
2302656
2302657
2302674
2302676
2302678
2302680
2302682
2302683
2302685
2302687
2302688
2302689
2302691
2302693
2302695
2302696
2302697
2302698
2302699
2302700
2302701
2302703
2302705
2302707
2302709
2302710
2302711
2302712
2302713
2302715
2302746
2302747
2302748
2302749
2302750
2302751
2302752
2302753
2302754
2302755
2302756
2302757
2302758
2302759
2302760
2302791
2302792
2302793
2302794
2302795
2302826
2302876
2302877
2302878
2302879
2302880
2302881
2302882
2302883
2302884
2302885
2302886
2302887
2302888
2302902
2302903
2302904
2302905
2302906
2302907
2302908
2302909
2302910
2302911
2302912
2302913
2302914
2302915
2302936
2302940
2302944
2302948
2302949
2302950
2302951
2302952
2302956
2302960
2302964
2302965
2302966
2302970
2302971
2302975
2302979
2302983
2302987
2302991
2302995
2302999
2303000
2303005
2303009
2303013
2303017
2303021
2303022
2303023
2303027
2303031
2303035
2303040
2303041
2303042
2303043
2303044
2303049
2303054
2303058
2303062
2303063
2303064
2303065
2303066
2303067
2303068
2303069
2303073
2303074
2303075
2303079
2303080
2303081
2303085
2303086
2303087
2303088
2303089
2303090
2303091
2303108
2303124
2303125
2303126
2303127
2303128
2303129
2303130
2303131
2303132
2303133
2303134
2303135
2303136
2303137
2303138
2303139
2303140
2303156
2303157
2303158
2303159
2303160
2303248
2303316
2303384
2303447
2303510
2303511
2303512
2303513
2303514
2303573
2303632
2303691
2303750
2303751
2303752
2303753
2303754
2303808
2303864
2303923
2303978
2304033
2304088
2304142
2304196
2304251
2304323
2304324
2304325
2304326
2304327
2304328
2304329
2304398
2304399
2304400
2304401
2304402
2304403
2304404
2304405
2304406
2304494
2304495
2304496
2304498
2304499
2304500
2304502
2304503
2304504
2304506
2304507
2304508
2304509
2304511
2304513
2304514
2304516
2304518
2304519
2304520
2304522
2304523
2304524
2304526
2304527
2304528
2304529
2304530
2304532
2304562
2304591
2304620
2304621
2304622
2304623
2304652
2304681
2304682
2304683
2304684
2304706
2304728
2304729
2304730
2304752
2304753
2304775
2304777
2304779
2304780
2304782
2304784
2304786
2304787
2304789
2304791
2304793
2304795
2304797
2304799
2304800
2304802
2304804
2304805
2304806
2304807
2304809
2304811
2304812
2304813
2304815
2304817
2304834
2304851
2304868
2304885
2304902
2304919
2304936
2304957
2304958
2304959
2304960
2304961
2304962
2304963
2304964
2304965
2304966
2304967
2304968
2304989
2305008
2305009
2305028
2305029
2305030
2305031
2305034
2305037
2305038
2305039
2305040
2305041
2305042
2305043
2305046
2305049
2305052
2305055
2305058
2305061
2305062
2305063
2305064
2305067
2305070
2305073
2305076
2305079
2305082
2305083
2305086
2305087
2305088
2305089
2305092
2305093
2305094
2305097
2305100
2305103
2305104
2305105
2305108
2305111
2305114
2305117
2305119
2305120
2305121
2305122
2305124
2305126
2305127
2305129
2305163
2305172
2305181
2305191
2305201
2305207
2305213
2305214
2305220
2305226
2305232
2305234
2305236
2305238
2305240
2305242
2305244
2305246
2305248
2305250
2305252
2305254
2305255
2305256
2305257
2305258
2305263
2305264
2305265
2305266
2305267
2305268
2305269
2305270
2305275
2305280
2305285
2305290
2305291
2305292
2305293
2305298
2305299
2305300
2305301
2305302
2305303
2305308
2305313
2305314
2305315
2305316
2305321
2305322
2305323
2305324
2305325
2305330
2305331
2305332
2305333
2305334
2305335
2305341
2305347
2305353
2305359
2305365
2305366
2305367
2305368
2305374
2305375
2305376
2305377
2305388
2305390
2305392
2305394
2305396
2305398
2305400
2305402
2305404
2305406
2305407
2305409
2305411
2305412
2305414
2305416
2305418
2305420
2305421
2305423
2305432
2305434
2305435
2305436
2305437
2305439
2305440
2305441
2305442
2305444
2305446
2305448
2305450
2305451
2305453
2305455
2305457
2305459
2305461
2305463
2305465
2305467
2305469
2305471
2305473
2305484
2305485
2305486
2305487
2305488
2305489
2305490
2305491
2305492
2305493
2305494
2305495
2305496
2305497
2305514
2305515
2305517
2305519
2305521
2305523
2305524
2305525
2305526
2305528
2305530
2305531
2305532
2305533
2305535
2305537
2305539
2305540
2305541
2305543
2305545
2305547
2305549
2305551
2305553
2305554
2305555
2305557
2305584
2305585
2305586
2305587
2305588
2305590
2305592
2305594
2305596
2305598
2305599
2305600
2305602
2305603
2305605
2305607
2305609
2305611
2305613
2305614
2305615
2305616
2305618
2305619
2305621
2305622
2305624
2305736
2305751
2305766
2305767
2305782
2305797
2305812
2305827
2305842
2305857
2305872
2305876
2305877
2305881
2305885
2305886
2305890
2305894
2305898
2305902
2305906
2305907
2305908
2305909
2305910
2305911
2305912
2305913
2305914
2305915
2305919
2305920
2305921
2305925
2305926
2305927
2305928
2305929
2305930
2305934
2305935
2305936
2305937
2305938
2305939
2305940
2305944
2305946
2305948
2305950
2305952
2305954
2305956
2305958
2305960
2305961
2305962
2305964
2305966
2305977
2305988
2305999
2306010
2306021
2306032
2306043
2306054
2306065
2306066
2306077
2306088
2306093
2306098
2306103
2306108
2306113
2306118
2306123
2306128
2306129
2306130
2306131
2306132
2306133
2306134
2306135
2306136
2306141
2306146
2306151
2306156
2306161
2306166
2306171
2306172
2306177
2306182
2306187
2306192
2306197
2306202
2306207
2306209
2306211
2306213
2306215
2306216
2306218
2306219
2306221
2306223
2306225
2306227
2306236
2306237
2306238
2306247
2306255
2306263
2306271
2306279
2306280
2306281
2306282
2306290
2306291
2306292
2306293
2306302
2306303
2306304
2306305
2306306
2306308
2306310
2306312
2306314
2306316
2306318
2306320
2306321
2306323
2306325
2306327
2306329
2306331
2306333
2306335
2306337
2306338
2306340
2306342
2306344
2306345
2306346
2306348
2306350
2306351
2306360
2306361
2306363
2306365
2306367
2306368
2306369
2306371
2306373
2306375
2306376
2306377
2306378
2306380
2306381
2306382
2306383
2306385
2306402
2306403
2306404
2306406
2306408
2306409
2306410
2306412
2306414
2306416
2306418
2306420
2306422
2306424
2306425
2306426
2306427
2306429
2306431
2306432
2306433
2306435
2306437
2306438
2306440
2306441
2306442
2306444
2306446
2306461
2306476
2306491
2306492
2306507
2306522
2306523
2306524
2306525
2306526
2306527
2306528
2306529
2306530
2306531
2306532
2306533
2306534
2306550
2306551
2306553
2306555
2306557
2306558
2306560
2306562
2306564
2306566
2306567
2306569
2306571
2306573
2306574
2306575
2306577
2306579
2306581
2306582
2306583
2306585
2306586
2306587
2306589
2306591
2306592
2306593
2306594
2306595
2306597
2306613
2306614
2306615
2306616
2306619
2306622
2306625
2306626
2306627
2306628
2306629
2306630
2306633
2306636
2306637
2306638
2306639
2306640
2306641
2306642
2306645
2306648
2306651
2306652
2306655
2306656
2306657
2306666
2306675
2306684
2306685
2306694
2306704
2306712
2306720
2306721
2306722
2306730
2306731
2306732
2306740
2306748
2306757
2306766
2306775
2306784
2306785
2306786
2306787
2306788
2306789
2306790
2306791
2306792
2306793
2306794
2306795
2306796
2306805
2306806
2306807
2306808
2306810
2306812
2306813
2306814
2306816
2306818
2306820
2306822
2306824
2306826
2306828
2306830
2306832
2306833
2306835
2306837
2306839
2306848
2306858
2306967
2306992
2306993
2306994
2306995
2306996
2306997
2306998
2307001
2307004
2307007
2307010
2307013
2307014
2307017
2307020
2307021
2307024
2307027
2307030
2307031
2307032
2307033
2307036
2307037
2307038
2307039
2307040
2307041
2307042
2307045
2307046
2307049
2307052
2307055
2307058
2307059
2307062
2307065
2307067
2307069
2307071
2307073
2307075
2307076
2307078
2307080
2307082
2307085
2307088
2307091
2307093
2307095
2307097
2307098
2307100
2307102
2307104
2307105
2307107
2307109
2307111
2307113
2307116
2307119
2307120
2307123
2307126
2307127
2307130
2307133
2307136
2307139
2307142
2307145
2307148
2307151
2307152
2307153
2307156
2307157
2307158
2307161
2307164
2307165
2307166
2307169
2307172
2307173
2307200
2307205
2307210
2307215
2307220
2307225
2307230
2307231
2307232
2307233
2307234
2307235
2307236
2307237
2307238
2307239
2307244
2307245
2307250
2307251
2307256
2307261
2307262
2307267
2307268
2307269
2307270
2307271
2307276
2307281
2307282
2307283
2307284
2307285
2307286
2307287
2307288
2307289
2307290
2307291
2307296
2307301
2307302
2307303
2307304
2307305
2307310
2307315
2307320
2307321
2307322
2307323
2307324
2307325
2307330
2307335
2307340
2307345
2307346
2307350
2307354
2307358
2307362
2307366
2307367
2307368
2307369
2307370
2307371
2307372
2307376
2307380
2307384
2307385
2307440
2307441
2307442
2307443
2307444
2307493
2307495
2307497
2307499
2307500
2307502
2307503
2307504
2307505
2307507
2307509
2307511
2307512
2307514
2307516
2307517
2307519
2307521
2307523
2307525
2307526
2307527
2307529
2307531
2307532
2307534
2307535
2307537
2307538
2307540
2307542
2307544
2307546
2307547
2307548
2307549
2307611
2307613
2307615
2307616
2307618
2307620
2307621
2307623
2307624
2307626
2307627
2307628
2307629
2307630
2307631
2307632
2307633
2307634
2307635
2307636
2307637
2307638
2307639
2307640
2307882
2307883
2307887
2307891
2307895
2307899
2307900
2307901
2307902
2307903
2307904
2307905
2307909
2307910
2307914
2307915
2307916
2307917
2307918
2307919
2307920
2307924
2307926
2307927
2307929
2307930
2307931
2307932
2307933
2307935
2307937
2307939
2307941
2307943
2307945
2307947
2307951
2307955
2307956
2307957
2307958
2307962
2307966
2307970
2307971
2307972
2307973
2307974
2307990
2307992
2307994
2307996
2307998
2307999
2308001
2308003
2308005
2308007
2308009
2308010
2308012
2308014
2308015
2308016
2308018
2308019
2308020
2308022
2308024
2308037
2308038
2308039
2308040
2308041
2308042
2308043
2308055
2308067
2308079
2308091
2308103
2308104
2308117
2308130
2308143
2308156
2308168
2308181
2308194
2308210
2308226
2308243
2308260
2308276
2308292
2308309
2308326
2308342
2308358
2308375
2308393
2308394
2308411
2308428
2308445
2308462
2308463
2308464
2308465
2308466
2308467
2308468
2308469
2308486
2308503
2308520
2308521
2308538
2308539
2308557
2308575
2308576
2308577
2308579
2308581
2308583
2308585
2308586
2308588
2308589
2308590
2308591
2308592
2308593
2308594
2308596
2308598
2308600
2308602
2308604
2308606
2308608
2308610
2308611
2308612
2308614
2308616
2308618
2308634
2308647
2308660
2308661
2308674
2308687
2308688
2308689
2308690
2308691
2308707
2308723
2308739
2308757
2308775
2308793
2308810
2308811
2308812
2308813
2308814
2308815
2308816
2308817
2308818
2308819
2308836
2308863
2308864
2308865
2308866
2308867
2308868
2308869
2308870
2308871
2308872
2308873
2308874
2308875
2308876
2308877
2308903
2308928
2308953
2308954
2308955
2308956
2308957
2308983
2309008
2309009
2309010
2309011
2309012
2309013
2309014
2309015
2309040
2309078
2309086
2309087
2309088
2309089
2309090
2309091
2309092
2309093
2309094
2309103
2309104
2309105
2309115
2309125
2309135
2309136
2309146
2309156
2309157
2309158
2309168
2309178
2309188
2309198
2309199
2309209
2309219
2309220
2309221
2309222
2309223
2309224
2309234
2309244
2309254
2309264
2309265
2309266
2309267
2309268
2309278
2309279
2309289
2309290
2309291
2309293
2309294
2309295
2309297
2309299
2309301
2309302
2309303
2309304
2309305
2309307
2309308
2309309
2309310
2309316
2309317
2309320
2309323
2309326
2309329
2309332
2309333
2309334
2309335
2309336
2309339
2309341
2309343
2309345
2309347
2309349
2309351
2309353
2309355
2309357
2309359
2309362
2309365
2309366
2309369
2309372
2309375
2309381
2309383
2309384
2309385
2309386
2309387
2309388
2309389
2309391
2309393
2309395
2309397
2309399
2309400
2309401
2309402
2309403
2309409
2309410
2309411
2309412
2309413
2309414
2309415
2309421
2309427
2309433
2309434
2309435
2309436
2309442
2309449
2309455
2309461
2309467
2309473
2309479
2309485
2309491
2309497
2309503
2309509
2309515
2309516
2309522
2309528
2309529
2309531
2309533
2309534
2309535
2309537
2309539
2309540
2309541
2309542
2309544
2309545
2309546
2309547
2309548
2309549
2309555
2309556
2309557
2309558
2309559
2309565
2309566
2309567
2309568
2309576
2309577
2309578
2309579
2309580
2309581
2309582
2309583
2309590
2309597
2309604
2309611
2309618
2309625
2309632
2309639
2309646
2309653
2309660
2309667
2309674
2309681
2309682
2309689
2309696
2309703
2309704
2309705
2309706
2309713
2309720
2309721
2309728
2309735
2309736
2309737
2309744
2309751
2309758
2309765
2309772
2309779
2309786
2309787
2309788
2309789
2309790
2309791
2309792
2309793
2309800
2309801
2309802
2309803
2309804
2309805
2309806
2309807
2309814
2309815
2309816
2309817
2309818
2309819
2309820
2309821
2309822
2309823
2309824
2309825
2309826
2309833
2309941
2309942
2309943
2309944
2309945
2310018
2310090
2310162
2310230
2310231
2310296
2310364
2310432
2310502
2310571
2310654
2310656
2310657
2310658
2310660
2310661
2310662
2310663
2310665
2310666
2310667
2310668
2310670
2310671
2310672
2310674
2310676
2310678
2310680
2310681
2310683
2310685
2310687
2310688
2310689
2310691
2310693
2310694
2310695
2310697
2310698
2310699
2310808
2310809
2310810
2310816
2310822
2310823
2310824
2310825
2310826
2310827
2310828
2310834
2310840
2310846
2310852
2310858
2310864
2310870
2310876
2310882
2310888
2310889
2310890
2310891
2310892
2310893
2310894
2310895
2310896
2310897
2310898
2310904
2310910
2310916
2310917
2310918
2310919
2310920
2310921
2310922
2310925
2310928
2310931
2310934
2310937
2310938
2310939
2310940
2310942
2310944
2310946
2310948
2310950
2310951
2310952
2310954
2310960
2310963
2310964
2310967
2310970
2310973
2310974
2310977
2310980
2310981
2310984
2310985
2310988
2310991
2310994
2310997
2311000
2311003
2311006
2311009
2311020
2311021
2311022
2311023
2311024
2311025
2311026
2311027
2311028
2311037
2311046
2311047
2311048
2311049
2311050
2311051
2311052
2311053
2311054
2311055
2311056
2311057
2311058
2311067
2311068
2311069
2311077
2311085
2311093
2311101
2311109
2311110
2311111
2311120
2311122
2311123
2311124
2311125
2311126
2311128
2311129
2311130
2311131
2311132
2311134
2311136
2311138
2311139
2311140
2311141
2311142
2311144
2311146
2311155
2311164
2311165
2311166
2311167
2311168
2311176
2311177
2311178
2311187
2311188
2311198
2311199
2311200
2311201
2311202
2311212
2311222
2311223
2311224
2311225
2311226
2311227
2311228
2311229
2311230
2311231
2311232
2311233
2311234
2311235
2311236
2311247
2311248
2311424
2311828
2311829
2311830
2311831
2311917
2312001
2312002
2312089
2312188
2312189
2312190
2312191
2312192
2312193
2312194
2312195
2312196
2312197
2312198
2312199
2312207
2312208
2312209
2312216
2312217
2312218
2312219
2312220
2312221
2312222
2312223
2312230
2312237
2312238
2312245
2312252
2312259
2312266
2312267
2312269
2312271
2312273
2312274
2312275
2312277
2312279
2312281
2312283
2312284
2312286
2312291
2312292
2312293
2312294
2312296
2312298
2312299
2312300
2312301
2312303
2312304
2312305
2312307
2312312
2312317
2312322
2312323
2312324
2312332
2312333
2312334
2312335
2312336
2312337
2312338
2312339
2312340
2312341
2312342
2312343
2312350
2312357
2312364
2312371
2312372
2312373
2312374
2312382
2312383
2312391
2312399
2312407
2312415
2312416
2312423
2312424
2312431
2312439
2312447
2312455
2312462
2312469
2312476
2312483
2312490
2312497
2312498
2312499
2312506
2312507
2312508
2312509
2312510
2312511
2312513
2312515
2312516
2312517
2312519
2312521
2312523
2312525
2312527
2312528
2312529
2312530
2312535
2312540
2312545
2312546
2312547
2312548
2312554
2312560
2312566
2312572
2312574
2312575
2312576
2312578
2312580
2312582
2312583
2312585
2312586
2312588
2312590
2312592
2312594
2312596
2312598
2312600
2312602
2312609
2312615
2312621
2312627
2312633
2312639
2312640
2312988
2312989
2312990
2312991
2312992
2312993
2312994
2312995
2312996
2312997
2312998
2312999
2313000
2313001
2313002
2313003
2313004
2313005
2313006
2313007
2313008
2313009
2313010
2313011
2313012
2313013
2313014
2313015
2313016
2313017
2313018
2313019
2313020
2313021
2313022
2313023
2313024
2313025
2313026
2313027
2313028
2313860
2313861
2313862
2313863
2313864
2313865
2313867
2313868
2313869
2313871
2313872
2313874
2313875
2313877
2313879
2313880
2313881
2313883
2313885
2313887
2313889
2313891
2313892
2313894
2313896
2313898
2313900
2313902
2313904
2313906
2313907
2313909
2313910
2313912
2313913
2313915
2313917
2313919
2313921
2313922
2313924
2313926
2313927
2313928
2313929
2313931
2313933
2313935
2313936
2313938
2313940
2313942
2313943
2313944
2313945
2313947
2313948
2313949
2313951
2313952
2313954
2313956
2313958
2313960
2313961
2313962
2313963
2313965
2313967
2313969
2313970
2313972
2313973
2313975
2313977
2313979
2313980
2313981
2313982
2313983
2314062
2314086
2314090
2314094
2314098
2314102
2314106
2314110
2314111
2314112
2314113
2314114
2314118
2314122
2314126
2314127
2314128
2314129
2314130
2314131
2314132
2314133
2314134
2314138
2314139
2314140
2314141
2314142
2314143
2314144
2314145
2314149
2314150
2314151
2314152
2314153
2314154
2314155
2314156
2314160
2314161
2314162
2314163
2314164
2314165
2314182
2314183
2314184
2314185
2314195
2314205
2314207
2314209
2314211
2314213
2314215
2314217
2314219
2314220
2314221
2314222
2314224
2314226
2314228
2314230
2314232
2314234
2314235
2314236
2314237
2314239
2314250
2314252
2314254
2314256
2314258
2314260
2314262
2314263
2314264
2314266
2314268
2314269
2314271
2314273
2314275
2314277
2314283
2314289
2314295
2314301
2314307
2314313
2314319
2314325
2314326
2314327
2314328
2314329
2314330
2314331
2314332
2314333
2314334
2314335
2314341
2314342
2314343
2314344
2314345
2314346
2314347
2314348
2314349
2314350
2314351
2314357
2314358
2314359
2314360
2314361
2314367
2314373
2314379
2314380
2314381
2314382
2314383
2314389
2314390
2314391
2314392
2314393
2314394
2314400
2314406
2314412
2314418
2314424
2314430
2314431
2314432
2314433
2314434
2314435
2314436
2314437
2314438
2314439
2314440
2314441
2314442
2314451
2314454
2314457
2314458
2314459
2314460
2314461
2314462
2314463
2314465
2314467
2314469
2314472
2314474
2314476
2314478
2314480
2314481
2314482
2314484
2314487
2314488
2314489
2314490
2314491
2314494
2314497
2314500
2314514
2314515
2314516
2314517
2314518
2314526
2314534
2314536
2314537
2314538
2314539
2314541
2314543
2314545
2314547
2314549
2314551
2314553
2314555
2314557
2314559
2314561
2314562
2314568
2314574
2314580
2314586
2314587
2314593
2314599
2314605
2314613
2314614
2314615
2314616
2314617
2314618
2314619
2314620
2314621
2314628
2314629
2314630
2314631
2314632
2314634
2314636
2314638
2314640
2314641
2314643
2314645
2314646
2314648
2314650
2314651
2314653
2314667
2314668
2314669
2314670
2314671
2314672
2314673
2314687
2314700
2314727
2314729
2314730
2314731
2314732
2314734
2314735
2314737
2314738
2314740
2314742
2314744
2314745
2314746
2314747
2314749
2314751
2314753
2314754
2314755
2314766
2314767
2314768
2314769
2314778
2314787
2314796
2314805
2314813
2314814
2314823
2314832
2314841
2314850
2314859
2314868
2314869
2314870
2314871
2314880
2314889
2314898
2314907
2314908
2314912
2314913
2314914
2314915
2314916
2314917
2314921
2314925
2314929
2314933
2314934
2314937
2314940
2314941
2314942
2314943
2314946
2314949
2314950
2314953
2314956
2314959
2314962
2314965
2314968
2314971
2314972
2314980
2314981
2314989
2314990
2314991
2314993
2314995
2314997
2314998
2315000
2315002
2315004
2315006
2315009
2315012
2315015
2315018
2315019
2315020
2315021
2315022
2315023
2315026
2315027
2315028
2315029
2315030
2315033
2315036
2315044
2315051
2315052
2315059
2315066
2315073
2315080
2315088
2315095
2315102
2315109
2315116
2315123
2315124
2315125
2315126
2315127
2315128
2315129
2315136
2315137
2315138
2315139
2315140
2315141
2315142
2315143
2315150
2315158
2315166
2315174
2315182
2315185
2315188
2315191
2315192
2315195
2315198
2315201
2315203
2315204
2315206
2315208
2315210
2315211
2315213
2315214
2315216
2315218
2315219
2315221
2315223
2315231
2315232
2315233
2315234
2315235
2315236
2315244
2315252
2315260
2315268
2315276
2315284
2315293
2315302
2315303
2315312
2315321
2315330
2315339
2315348
2315362
2315363
2315377
2315390
2315403
2315416
2315429
2315442
2315456
2315545
2315560
2315561
2315577
2315578
2315579
2315580
2315581
2315582
2315583
2315584
2315585
2315586
2315587
2315603
2315617
2315618
2315632
2315633
2315634
2315635
2315636
2315637
2315638
2315639
2315640
2315641
2315642
2315643
2315644
2315645
2315646
2315647
2315661
2315662
2315663
2315664
2315665
2315666
2315667
2315668
2315681
2315684
2315685
2315686
2315689
2315692
2315695
2315698
2315701
2315704
2315707
2315710
2315713
2315714
2315715
2315718
2315721
2315724
2315725
2315726
2315729
2315732
2315735
2315738
2315741
2315744
2315757
2315758
2315759
2315760
2315761
2315762
2315763
2315764
2315765
2315766
2315767
2315768
2315769
2315770
2315771
2315772
2315773
2315787
2315788
2315789
2315790
2315804
2315805
2315806
2315807
2315821
2315835
2315849
2315863
2315877
2315891
2315904
2315918
2315934
2315935
2315936
2315937
2315938
2315939
2315940
2315941
2315942
2315943
2315959
2315963
2315967
2315968
2315969
2315970
2315971
2315972
2315973
2315974
2315979
2315981
2315983
2315985
2315987
2315988
2315990
2315992
2315994
2315995
2315996
2315998
2316003
2316004
2316005
2316009
2316010
2316011
2316012
2316013
2316014
2316018
2316022
2316023
2316024
2316025
2316026
2316027
2316031
2316035
2316036
2316037
2316041
2316045
2316046
2316047
2316051
2316052
2316068
2316084
2316177
2316178
2316179
2316180
2316181
2316182
2316183
2316184
2316185
2316189
2316193
2316194
2316195
2316197
2316198
2316199
2316200
2316201
2316203
2316205
2316207
2316209
2316213
2316214
2316215
2316219
2316220
2316221
2316222
2316226
2316227
2316228
2316229
2316233
2316237
2316241
2316245
2316249
2316250
2316254
2316258
2316259
2316260
2316264
2316265
2316266
2316267
2316268
2316269
2316270
2316271
2316272
2316276
2316280
2316284
2316288
2316292
2316293
2316294
2316298
2316302
2316304
2316306
2316307
2316308
2316310
2316312
2316314
2316316
2316318
2316319
2316321
2316517
2316518
2316519
2316520
2316521
2316522
2316546
2316570
2316571
2316572
2316573
2316574
2316598
2316622
2316623
2316624
2316625
2316626
2316627
2316628
2316629
2316653
2316676
2316699
2316722
2316723
2316724
2316725
2316726
2316750
2316774
2316799
2316800
2316801
2316802
2316803
2316804
2316821
2316822
2316823
2316824
2316825
2316826
2316827
2316828
2316829
2316830
2316847
2316877
2316878
2316879
2316880
2316881
2316882
2316883
2316884
2316885
2316886
2316887
2316888
2316889
2316890
2316900
2316901
2316902
2316903
2316906
2316907
2316910
2316913
2316916
2316919
2316920
2316923
2316925
2316926
2316928
2316930
2316932
2316933
2316934
2316935
2316937
2316938
2316939
2316940
2316943
2316946
2316947
2316948
2316949
2316952
2316953
2316956
2316959
2316962
2316963
2316964
2316975
2316977
2316978
2316980
2316981
2316983
2316985
2316986
2316987
2316989
2316991
2316993
2316995
2316996
2317000
2317002
2317003
2317004
2317005
2317006
2317007
2317008
2317010
2317012
2317014
2317016
2317018
2317020
2317021
2317025
2317029
2317030
2317034
2317038
2317042
2317046
2317047
2317048
2317049
2317050
2317051
2317055
2317056
2317057
2317058
2317059
2317060
2317061
2317062
2317063
2317064
2317068
2317072
2317076
2317077
2317078
2317082
2317086
2317090
2317094
2317098
2317102
2317106
2317110
2317114
2317115
2317116
2317120
2317124
2317128
2317132
2317136
2317140
2317144
2317145
2317146
2317150
2317151
2317152
2317153
2317154
2317158
2317159
2317160
2317164
2317168
2317170
2317172
2317174
2317175
2317176
2317178
2317179
2317180
2317182
2317183
2317185
2317189
2317193
2317194
2317195
2317196
2317197
2317198
2317199
2317201
2317202
2317203
2317204
2317205
2317206
2317207
2317209
2317219
2317221
2317222
2317224
2317226
2317228
2317230
2317231
2317232
2317235
2317238
2317241
2317242
2317245
2317246
2317247
2317248
2317251
2317252
2317255
2317258
2317261
2317262
2317270
2317273
2317276
2317277
2317278
2317279
2317282
2317285
2317286
2317289
2317290
2317291
2317292
2317295
2317298
2317301
2317302
2317303
2317306
2317307
2317308
2317311
2317314
2317322
2317323
2317324
2317325
2317326
2317327
2317328
2317329
2317330
2317338
2317346
2317354
2317355
2317363
2317371
2317379
2317387
2317388
2317396
2317406
2317407
2317408
2317409
2317410
2317411
2317421
2317431
2317441
2317451
2317452
2317453
2317454
2317455
2317456
2317457
2317467
2317477
2317486
2317487
2317488
2317489
2317537
2317541
2317545
2317549
2317553
2317557
2317561
2317565
2317569
2317573
2317577
2317581
2317585
2317586
2317590
2317594
2317595
2317596
2317600
2317604
2317608
2317612
2317616
2317620
2317624
2317625
2317629
2317633
2317634
2317635
2317636
2317640
2317641
2317642
2317646
2317650
2317651
2317652
2317653
2317654
2317655
2317656
2317657
2317658
2317662
2317666
2317670
2317671
2317672
2317676
2317680
2317684
2317685
2317686
2317687
2317688
2317689
2317690
2317691
2317695
2317699
2317703
2317704
2317709
2317710
2317711
2317712
2317713
2317714
2317715
2317716
2317717
2317718
2317722
2317723
2317724
2317728
2317732
2317736
2317740
2317741
2317742
2317746
2317747
2317748
2317749
2317750
2317751
2317752
2317753
2317754
2317775
2317776
2317777
2317778
2317779
2317794
2317809
2317824
2317833
2317834
2317835
2317836
2317837
2317838
2317839
2317848
2317857
2317858
2317859
2317860
2317861
2317862
2317863
2317864
2317865
2317866
2317867
2317868
2317869
2317870
2317871
2317880
2317883
2317886
2317887
2317888
2317889
2317892
2317895
2317896
2317897
2317898
2317899
2317902
2317903
2317904
2317905
2317906
2317909
2317910
2317911
2317912
2317913
2317916
2317919
2317920
2317923
2317926
2317929
2317942
2317943
2317944
2317945
2317946
2317947
2317948
2317949
2317950
2317963
2317964
2317965
2317966
2317979
2317992
2317993
2318013
2318014
2318015
2318016
2318017
2318018
2318019
2318020
2318021
2318022
2318023
2318042
2318060
2318061
2318081
2318101
2318102
2318103
2318104
2318123
2318124
2318156
2318162
2318168
2318174
2318175
2318181
2318182
2318183
2318184
2318185
2318186
2318187
2318188
2318189
2318194
2318195
2318196
2318197
2318198
2318199
2318200
2318206
2318211
2318212
2318213
2318214
2318219
2318224
2318225
2318231
2318237
2318238
2318239
2318240
2318246
2318252
2318253
2318259
2318260
2318261
2318262
2318263
2318269
2318270
2318271
2318272
2318273
2318274
2318280
2318281
2318287
2318293
2318294
2318300
2318301
2318302
2318303
2318309
2318310
2318311
2318312
2318313
2318314
2318315
2318316
2318317
2318318
2318324
2318325
2318331
2318337
2318343
2318344
2318350
2318356
2318387
2318389
2318390
2318392
2318394
2318396
2318398
2318400
2318401
2318402
2318403
2318404
2318406
2318408
2318409
2318411
2318413
2318414
2318416
2318418
2318420
2318422
2318424
2318426
2318428
2318430
2318431
2318433
2318435
2318437
2318459
2318464
2318466
2318467
2318469
2318471
2318472
2318473
2318474
2318476
2318478
2318480
2318482
2318484
2318486
2318488
2318489
2318491
2318493
2318498
2318499
2318500
2318501
2318506
2318507
2318508
2318509
2318514
2318515
2318516
2318522
2318528
2318534
2318539
2318544
2318549
2318554
2318555
2318560
2318565
2318566
2318571
2318572
2318577
2318582
2318583
2318584
2318585
2318588
2318591
2318594
2318597
2318598
2318599
2318600
2318601
2318604
2318605
2318606
2318607
2318608
2318611
2318614
2318617
2318620
2318623
2318624
2318627
2318630
2318636
2318642
2318648
2318649
2318650
2318656
2318657
2318658
2318664
2318670
2318671
2318672
2318678
2318679
2318680
2318681
2318682
2318688
2318694
2318695
2318696
2318702
2318708
2318714
2318720
2318726
2318732
2318733
2318734
2318735
2318853
2318860
2318861
2318862
2318869
2318870
2318871
2318878
2318879
2318880
2318885
2318890
2318891
2318892
2318893
2318894
2318895
2318896
2318897
2318902
2318907
2318908
2318909
2318910
2318915
2318920
2318921
2318922
2318923
2318924
2318925
2318930
2318931
2318932
2318933
2318935
2318937
2318939
2318941
2318943
2318945
2318947
2318949
2318951
2318956
2318961
2318962
2318963
2318964
2318965
2318966
2318967
2318968
2318969
2318974
2318979
2318984
2318985
2318986
2318987
2318988
2318989
2318990
2318991
2318998
2318999
2319000
2319001
2319002
2319003
2319009
2319010
2319011
2319017
2319023
2319025
2319026
2319028
2319030
2319032
2319033
2319034
2319035
2319037
2319039
2319041
2319043
2319045
2319047
2319049
2319055
2319056
2319057
2319058
2319059
2319060
2319061
2319062
2319069
2319076
2319082
2319083
2319084
2319085
2319086
2319087
2319093
2319094
2319095
2319096
2319097
2319098
2319099
2319100
2319101
2319102
2319108
2319109
2319115
2319122
2319129
2319136
2319143
2319144
2319145
2319147
2319148
2319149
2319151
2319153
2319155
2319157
2319159
2319160
2319161
2319163
2319164
2319170
2319171
2319177
2319183
2319189
2319195
2319196
2319202
2319208
2319214
2319220
2319226
2319232
2319233
2319234
2319235
2319236
2319237
2319243
2319249
2319250
2319256
2319262
2319268
2319274
2319280
2319286
2319292
2319298
2319362
2319363
2319364
2319365
2319366
2319367
2319368
2319369
2319370
2319373
2319376
2319379
2319380
2319381
2319384
2319387
2319390
2319393
2319396
2319399
2319402
2319405
2319408
2319409
2319410
2319413
2319416
2319419
2319422
2319425
2319428
2319429
2319430
2319433
2319436
2319439
2319440
2319443
2319444
2319445
2319446
2319447
2319450
2319453
2319454
2319455
2319456
2319457
2319613
2319653
2319692
2319732
2319733
2319773
2319813
2319853
2319893
2319894
2319895
2319896
2319897
2319898
2319899
2319900
2319901
2319902
2319941
2319942
2319943
2319984
2320009
2320010
2320011
2320012
2320013
2320014
2320015
2320016
2320041
2320066
2320067
2320092
2320117
2320142
2320167
2320168
2320169
2320170
2320171
2320172
2320197
2320222
2320253
2320286
2320318
2320350
2320382
2320383
2320416
2320445
2320474
2320503
2320536
2320569
2320602
2320635
2320668
2320701
2320702
2320703
2320704
2320705
2320706
2320707
2320708
2320742
2320780
2320781
2320819
2320859
2320861
2320863
2320865
2320866
2320867
2320869
2320871
2320872
2320873
2320874
2320876
2320878
2320880
2320881
2320882
2320884
2320886
2320893
2320894
2320895
2320897
2320899
2320901
2320902
2320904
2320906
2320908
2320910
2320912
2320913
2320914
2320915
2320916
2320917
2320923
2320929
2320930
2320931
2320932
2320933
2320934
2320935
2320936
2320937
2320943
2320944
2320951
2320958
2320965
2320972
2320973
2320974
2320975
2320976
2320983
2320990
2320997
2321004
2321011
2321012
2321013
2321014
2321015
2321016
2321017
2321018
2321019
2321026
2321033
2321035
2321036
2321037
2321039
2321040
2321042
2321044
2321046
2321048
2321050
2321051
2321053
2321055
2321057
2321058
2321059
2321060
2321061
2321063
2321071
2321072
2321073
2321074
2321075
2321076
2321077
2321078
2321086
2321094
2321102
2321103
2321104
2321105
2321113
2321115
2321117
2321119
2321121
2321123
2321124
2321126
2321128
2321130
2321132
2321134
2321136
2321138
2321140
2321142
2321143
2321145
2321153
2321161
2321169
2321170
2321171
2321172
2321173
2321174
2321182
2321183
2321184
2321185
2321186
2321187
2321188
2321189
2321230
2321249
2321251
2321253
2321254
2321256
2321258
2321260
2321262
2321263
2321264
2321265
2321267
2321269
2321270
2321271
2321272
2321274
2321280
2321281
2321282
2321285
2321288
2321290
2321292
2321294
2321295
2321297
2321299
2321301
2321304
2321307
2321308
2321309
2321310
2321311
2321312
2321313
2321314
2321315
2321321
2321327
2321328
2321329
2321335
2321336
2321337
2321343
2321349
2321355
2321361
2321362
2321363
2321364
2321365
2321366
2321367
2321368
2321369
2321370
2321376
2321398
2321399
2321400
2321401
2321402
2321405
2321408
2321409
2321410
2321411
2321414
2321417
2321420
2321421
2321422
2321425
2321428
2321431
2321432
2321433
2321434
2321437
2321440
2321442
2321444
2321445
2321447
2321449
2321451
2321453
2321455
2321457
2321459
2321462
2321465
2321466
2321479
2321480
2321481
2321482
2321483
2321484
2321485
2321486
2321487
2321488
2321501
2321514
2321516
2321518
2321520
2321521
2321522
2321523
2321524
2321526
2321527
2321529
2321530
2321533
2321536
2321539
2321542
2321545
2321548
2321551
2321554
2321555
2321558
2321559
2321560
2321561
2321562
2321565
2321566
2321567
2321570
2321571
2321574
2321575
2321578
2321581
2321584
2321587
2321600
2321601
2321602
2321603
2321604
2321605
2321606
2321609
2321612
2321615
2321618
2321619
2321620
2321621
2321624
2321627
2321630
2321631
2321632
2321633
2321634
2321637
2321640
2321643
2321646
2321649
2321652
2321655
2321658
2321661
2321664
2321665
2321668
2321712
2321714
2321715
2321716
2321717
2321718
2321719
2321721
2321722
2321723
2321724
2321725
2321727
2321729
2321731
2321733
2321735
2321736
2321737
2321738
2321739
2321741
2321743
2321745
2321747
2321748
2321749
2321750
2321751
2321752
2321754
2321765
2321767
2321769
2321770
2321772
2321773
2321775
2321777
2321778
2321780
2321782
2321784
2321786
2321788
2321789
2321791
2321793
2321795
2321797
2321799
2321801
2321803
2321814
2321815
2321816
2321817
2321820
2321821
2321824
2321825
2321828
2321831
2321833
2321835
2321837
2321838
2321839
2321841
2321843
2321846
2321849
2321850
2321853
2321856
2321858
2321860
2321862
2321864
2321866
2321868
2321870
2321872
2321873
2321876
2321879
2321880
2321881
2321882
2321883
2321886
2321889
2321899
2321900
2321910
2321920
2321930
2321940
2321950
2321960
2321970
2321980
2321990
2322000
2322010
2322012
2322013
2322014
2322015
2322017
2322019
2322020
2322022
2322024
2322026
2322027
2322028
2322030
2322032
2322034
2322036
2322037
2322039
2322041
2322042
2322044
2322046
2322048
2322050
2322052
2322054
2322056
2322058
2322059
2322061
2322072
2322082
2322092
2322102
2322103
2322104
2322105
2322116
2322118
2322119
2322120
2322122
2322124
2322126
2322128
2322130
2322131
2322133
2322135
2322136
2322137
2322138
2322139
2322140
2322142
2322144
2322146
2322148
2322150
2322152
2322163
2322164
2322165
2322166
2322167
2322168
2322169
2322170
2322171
2322172
2322173
2322184
2322185
2322186
2322187
2322188
2322190
2322192
2322194
2322196
2322198
2322199
2322200
2322202
2322204
2322206
2322208
2322209
2322210
2322211
2322213
2322215
2322216
2322227
2322238
2322249
2322260
2322271
2322314
2322346
2322347
2322348
2322349
2322350
2322351
2322352
2322353
2322354
2322385
2322386
2322420
2322421
2322422
2322423
2322424
2322425
2322426
2322427
2322428
2322429
2322430
2322431
2322432
2322473
2322474
2322475
2322476
2322477
2322478
2322479
2322532
2322535
2322538
2322541
2322544
2322547
2322550
2322551
2322552
2322553
2322556
2322559
2322562
2322564
2322566
2322568
2322570
2322572
2322574
2322576
2322578
2322580
2322582
2322584
2322587
2322590
2322593
2322594
2322597
2322600
2322603
2322604
2322605
2322608
2322611
2322614
2322615
2322618
2322619
2322622
2322623
2322626
2322655
2322656
2322685
2322686
2322687
2322688
2322689
2322690
2322691
2322720
2322721
2322722
2322723
2322724
2322725
2322726
2322753
2322754
2322755
2322756
2322757
2322758
2322759
2322786
2322814
2322842
2322876
2322877
2322878
2322879
2322880
2322881
2322882
2322915
2322916
2322917
2322918
2322919
2322920
2322938
2322956
2322957
2322975
2322993
2323011
2323029
2323047
2323048
2323049
2323050
2323051
2323052
2323070
2323090
2323091
2323092
2323093
2323094
2323095
2323115
2323135
2323155
2323156
2323157
2323158
2323159
2323160
2323161
2323162
2323163
2323164
2323165
2323166
2323191
2323194
2323195
2323198
2323201
2323204
2323207
2323208
2323209
2323212
2323215
2323218
2323219
2323220
2323221
2323224
2323227
2323230
2323233
2323234
2323237
2323240
2323243
2323246
2323249
2323252
2323255
2323258
2323261
2323262
2323265
2323268
2323269
2323270
2323271
2323272
2323273
2323274
2323277
2323280
2323283
2323305
2323306
2323307
2323308
2323335
2323336
2323337
2323338
2323362
2323367
2323368
2323373
2323378
2323383
2323388
2323393
2323394
2323395
2323396
2323397
2323398
2323399
2323404
2323405
2323406
2323407
2323408
2323409
2323410
2323411
2323412
2323413
2323418
2323423
2323428
2323433
2323438
2323439
2323440
2323445
2323446
2323447
2323448
2323449
2323455
2323459
2323463
2323467
2323471
2323474
2323477
2323480
2323481
2323482
2323485
2323488
2323491
2323494
2323497
2323500
2323503
2323506
2323507
2323508
2323509
2323510
2323511
2323515
2323517
2323519
2323521
2323523
2323525
2323527
2323528
2323530
2323532
2323534
2323535
2323536
2323538
2323540
2323542
2323543
2323547
2323548
2323552
2323556
2323560
2323564
2323565
2323569
2323570
2323571
2323575
2323578
2323579
2323580
2323581
2323584
2323588
2323592
2323595
2323598
2323602
2323606
2323610
2323611
2323612
2323613
2323614
2323620
2323660
2323661
2323662
2323663
2323664
2323665
2323666
2323667
2323668
2323669
2323670
2323671
2323672
2323673
2323674
2323675
2323676
2323677
2323678
2323679
2323680
2323681
2323724
2323763
2323801
2323838
2323839
2323876
2323877
2323878
2323916
2323956
2323993
2323994
2323995
2324032
2324033
2324070
2324108
2324109
2324110
2324111
2324112
2324113
2324114
2324115
2324116
2324117
2324118
2324119
2324120
2324160
2324162
2324164
2324166
2324168
2324169
2324171
2324172
2324174
2324175
2324176
2324177
2324179
2324181
2324183
2324185
2324187
2324189
2324191
2324193
2324195
2324197
2324199
2324200
2324202
2324204
2324206
2324208
2324209
2324210
2324262
2324264
2324266
2324268
2324270
2324272
2324274
2324276
2324277
2324278
2324280
2324282
2324284
2324286
2324288
2324289
2324290
2324291
2324293
2324294
2324295
2324296
2324298
2324299
2324301
2324315
2324329
2324343
2324357
2324359
2324361
2324363
2324364
2324366
2324367
2324368
2324369
2324370
2324372
2324374
2324376
2324378
2324380
2324382
2324383
2324384
2324386
2324388
2324390
2324391
2324393
2324395
2324396
2324397
2324411
2324412
2324413
2324414
2324415
2324416
2324417
2324418
2324419
2324420
2324421
2324430
2324431
2324440
2324449
2324451
2324453
2324455
2324457
2324459
2324460
2324461
2324463
2324465
2324467
2324469
2324470
2324472
2324479
2324480
2324481
2324482
2324483
2324484
2324485
2324486
2324487
2324488
2324489
2324490
2324497
2324503
2324504
2324505
2324506
2324507
2324513
2324514
2324515
2324516
2324517
2324518
2324519
2324525
2324532
2324533
2324534
2324535
2324536
2324537
2324538
2324539
2324540
2324541
2324542
2324549
2324550
2324551
2324552
2324553
2324554
2324555
2324563
2324564
2324565
2324566
2324567
2324568
2324569
2324570
2324571
2324572
2324573
2324574
2324575
2324584
2324593
2324602
2324611
2324620
2324621
2324622
2324623
2324624
2324625
2324626
2324627
2324628
2324629
2324630
2324631
2324632
2324641
2324657
2324658
2324659
2324660
2324661
2324662
2324663
2324664
2324665
2324666
2324667
2324668
2324669
2324683
2324697
2324698
2324699
2324700
2324701
2324702
2324703
2324704
2324705
2324706
2324707
2324708
2324709
2324710
2324719
2324728
2324737
2324746
2324747
2324756
2324757
2324766
2324776
2324777
2324780
2324781
2324782
2324783
2324784
2324785
2324788
2324791
2324792
2324793
2324794
2324795
2324796
2324799
2324802
2324805
2324808
2324811
2324812
2324815
2324816
2324819
2324820
2324823
2324826
2324835
2324836
2324839
2324842
2324843
2324844
2324845
2324846
2324849
2324850
2324851
2324852
2324853
2324854
2324857
2324860
2324862
2324864
2324866
2324867
2324868
2324869
2324870
2324871
2324874
2324877
2324880
2324883
2324885
2324888
2324890
2324900
2324914
2324915
2324916
2324917
2324918
2324921
2324924
2324925
2324926
2324927
2324930
2324933
2324934
2324937
2324940
2324943
2324944
2324945
2324946
2324947
2324948
2324949
2324950
2324953
2324956
2324959
2324962
2324963
2324964
2324967
2324968
2324969
2324970
2324971
2324972
2324973
2324974
2324975
2324988
2324996
2325001
2325006
2325011
2325016
2325017
2325018
2325019
2325020
2325021
2325022
2325023
2325024
2325029
2325031
2325032
2325033
2325034
2325036
2325038
2325040
2325042
2325044
2325046
2325048
2325050
2325052
2325054
2325059
2325064
2325065
2325066
2325071
2325076
2325077
2325082
2325083
2325091
2325094
2325097
2325100
2325101
2325102
2325103
2325106
2325109
2325111
2325112
2325114
2325116
2325118
2325120
2325122
2325125
2325128
2325129
2325133
2325134
2325138
2325142
2325143
2325144
2325145
2325153
2325161
2325162
2325163
2325165
2325167
2325168
2325169
2325170
2325171
2325172
2325174
2325176
2325178
2325180
2325182
2325184
2325186
2325205
2325223
2325241
2325259
2325260
2325261
2325262
2325263
2325264
2325282
2325283
2325301
2325302
2325320
2325337
2325354
2325371
2325388
2325405
2325406
2325407
2325408
2325409
2325410
2325411
2325412
2325413
2325414
2325433
2325452
2325453
2325472
2325492
2325496
2325500
2325501
2325505
2325509
2325513
2325514
2325515
2325516
2325520
2325521
2325525
2325529
2325533
2325537
2325541
2325545
2325549
2325550
2325551
2325552
2325553
2325554
2325555
2325556
2325560
2325564
2325565
2325566
2325570
2325574
2325578
2325582
2325586
2325590
2325594
2325595
2325596
2325597
2325598
2325599
2325600
2325601
2325620
2325639
2325640
2325641
2325661
2325663
2325665
2325667
2325669
2325671
2325673
2325675
2325677
2325679
2325681
2325682
2325683
2325685
2325686
2325687
2325688
2325690
2325696
2325701
2325706
2325711
2325716
2325717
2325718
2325719
2325720
2325721
2325722
2325727
2325728
2325729
2325730
2325731
2325732
2325733
2325734
2325739
2325744
2325749
2325750
2325751
2325752
2325753
2325754
2325755
2325756
2325761
2325766
2325771
2325776
2325781
2325786
2325791
2325796
2325801
2325806
2325807
2325808
2325809
2325810
2325811
2325816
2325821
2325827
2325828
2325829
2325830
2325836
2325837
2325838
2325839
2325840
2325841
2325842
2325848
2325861
2325863
2325864
2325866
2325867
2325869
2325871
2325873
2325875
2325876
2325878
2325879
2325881
2325883
2325884
2325886
2325891
2325897
2325898
2325899
2325900
2325901
2325902
2325903
2325904
2325905
2325906
2325907
2325912
2325913
2325914
2325915
2325916
2325917
2325918
2325923
2325924
2325925
2325926
2325927
2325928
2325929
2325930
2325935
2325937
2325938
2325939
2325941
2325942
2325943
2325945
2325947
2325948
2325949
2325951
2325953
2325955
2325956
2325969
2325975
2325981
2325987
2325993
2325994
2326000
2326004
2326005
2326006
2326007
2326011
2326012
2326013
2326014
2326018
2326022
2326023
2326027
2326028
2326029
2326033
2326037
2326041
2326045
2326049
2326053
2326057
2326058
2326059
2326060
2326064
2326068
2326069
2326070
2326074
2326075
2326076
2326080
2326081
2326082
2326083
2326087
2326088
2326089
2326090
2326091
2326092
2326093
2326094
2326098
2326099
2326100
2326104
2326108
2326109
2326113
2326117
2326123
2326124
2326125
2326126
2326127
2326141
2326142
2326143
2326156
2326157
2326158
2326159
2326160
2326161
2326162
2326163
2326164
2326165
2326166
2326167
2326168
2326169
2326170
2326171
2326172
2326185
2326192
2326199
2326206
2326213
2326220
2326227
2326228
2326229
2326236
2326243
2326250
2326257
2326264
2326271
2326279
2326280
2326287
2326294
2326301
2326302
2326309
2326316
2326324
2326325
2326327
2326328
2326329
2326330
2326331
2326332
2326334
2326336
2326338
2326339
2326341
2326343
2326345
2326347
2326349
2326350
2326351
2326358
2326359
2326360
2326361
2326368
2326376
2326377
2326378
2326379
2326380
2326381
2326382
2326383
2326384
2326385
2326386
2326387
2326388
2326389
2326390
2326391
2326398
2326433
2326434
2326435
2326436
2326437
2326438
2326439
2326440
2326441
2326446
2326447
2326451
2326452
2326453
2326454
2326458
2326462
2326463
2326464
2326465
2326466
2326467
2326468
2326469
2326470
2326473
2326474
2326475
2326476
2326477
2326478
2326479
2326480
2326481
2326485
2326489
2326493
2326497
2326501
2326505
2326506
2326507
2326508
2326509
2326510
2326511
2326512
2326516
2326520
2326524
2326528
2326529
2326530
2326531
2326532
2326533
2326534
2326538
2326539
2326540
2326544
2326548
2326549
2326553
2326557
2326579
2326580
2326581
2326604
2326626
2326648
2326650
2326652
2326654
2326656
2326657
2326659
2326661
2326663
2326665
2326667
2326669
2326671
2326672
2326674
2326675
2326676
2326677
2326678
2326679
2326702
2326725
2326726
2326743
2326744
2326745
2326746
2326747
2326748
2326749
2326750
2326751
2326752
2326753
2326754
2326755
2326756
2326757
2326758
2326759
2326776
2326777
2326778
2326779
2326780
2326781
2326782
2326783
2326784
2326785
2326786
2326787
2326788
2326805
2326806
2326823
2326837
2326838
2326839
2326840
2326854
2326868
2326882
2326883
2326899
2326915
2326916
2326933
2326950
2326951
2326968
2326985
2326987
2326988
2326989
2326991
2326993
2326995
2326997
2326999
2327001
2327004
2327007
2327010
2327011
2327012
2327013
2327016
2327019
2327022
2327025
2327028
2327031
2327032
2327035
2327038
2327041
2327044
2327047
2327050
2327053
2327056
2327057
2327058
2327059
2327062
2327063
2327064
2327067
2327084
2327096
2327108
2327120
2327132
2327144
2327157
2327170
2327183
2327184
2327197
2327202
2327203
2327204
2327205
2327206
2327211
2327212
2327217
2327218
2327223
2327226
2327229
2327232
2327233
2327234
2327235
2327236
2327239
2327242
2327243
2327244
2327245
2327246
2327247
2327248
2327249
2327252
2327255
2327258
2327263
2327264
2327265
2327266
2327267
2327268
2327269
2327270
2327275
2327276
2327281
2327282
2327283
2327284
2327285
2327286
2327287
2327288
2327289
2327290
2327295
2327296
2327297
2327298
2327299
2327300
2327301
2327302
2327307
2327312
2327317
2327334
2327337
2327338
2327341
2327342
2327345
2327348
2327351
2327352
2327353
2327354
2327355
2327356
2327357
2327358
2327359
2327362
2327363
2327364
2327365
2327366
2327369
2327370
2327373
2327374
2327375
2327378
2327381
2327382
2327385
2327388
2327391
2327392
2327393
2327394
2327397
2327398
2327401
2327402
2327403
2327404
2327407
2327408
2327409
2327410
2327413
2327416
2327419
2327422
2327438
2327454
2327470
2327486
2327502
2327518
2327534
2327535
2327536
2327537
2327538
2327569
2327573
2327577
2327581
2327585
2327589
2327590
2327591
2327592
2327596
2327600
2327601
2327602
2327603
2327604
2327605
2327606
2327607
2327611
2327613
2327615
2327616
2327617
2327619
2327620
2327622
2327624
2327626
2327628
2327630
2327631
2327632
2327633
2327638
2327643
2327648
2327653
2327658
2327663
2327668
2327669
2327670
2327671
2327672
2327673
2327674
2327675
2327676
2327681
2327686
2327687
2327688
2327689
2327690
2327691
2327692
2327706
2327707
2327708
2327709
2327710
2327711
2327712
2327713
2327714
2327715
2327716
2327717
2327718
2327719
2327720
2327734
2327748
2327762
2327776
2327777
2327778
2327779
2327780
2327781
2327782
2327783
2327784
2327795
2327797
2327798
2327800
2327801
2327803
2327804
2327806
2327808
2327810
2327812
2327814
2327815
2327817
2327818
2327820
2327822
2327833
2327844
2327859
2327873
2327887
2327901
2327915
2327916
2327917
2327918
2327933
2327934
2327935
2327937
2327938
2327939
2327941
2327942
2327943
2327945
2327946
2327947
2327948
2327950
2327952
2327954
2327956
2327958
2327959
2327961
2327962
2327964
2327966
2327968
2327985
2327987
2327988
2327990
2327991
2327993
2327995
2327997
2327998
2327999
2328000
2328002
2328004
2328006
2328008
2328009
2328011
2328012
2328013
2328014
2328029
2328044
2328046
2328048
2328050
2328052
2328053
2328055
2328057
2328058
2328059
2328060
2328062
2328064
2328065
2328068
2328069
2328072
2328075
2328078
2328081
2328084
2328087
2328088
2328089
2328090
2328093
2328096
2328099
2328102
2328105
2328106
2328107
2328108
2328109
2328112
2328113
2328131
2328132
2328133
2328134
2328135
2328136
2328137
2328138
2328139
2328140
2328141
2328142
2328143
2328144
2328145
2328146
2328147
2328148
2328149
2328238
2328262
2328286
2328310
2328334
2328359
2328361
2328363
2328364
2328365
2328366
2328367
2328369
2328371
2328373
2328374
2328375
2328377
2328379
2328381
2328383
2328385
2328386
2328388
2328389
2328396
2328403
2328410
2328417
2328418
2328419
2328420
2328427
2328434
2328436
2328438
2328440
2328442
2328444
2328446
2328448
2328450
2328451
2328452
2328454
2328456
2328458
2328460
2328462
2328464
2328471
2328478
2328479
2328480
2328481
2328482
2328483
2328488
2328489
2328490
2328491
2328492
2328497
2328502
2328507
2328512
2328517
2328522
2328523
2328524
2328525
2328526
2328531
2328536
2328537
2328542
2328547
2328552
2328557
2328562
2328567
2328568
2328569
2328570
2328571
2328572
2328573
2328574
2328579
2328598
2328599
2328600
2328601
2328602
2328603
2328604
2328605
2328606
2328607
2328630
2328631
2328632
2328655
2328656
2328658
2328659
2328661
2328663
2328664
2328665
2328667
2328669
2328671
2328673
2328675
2328677
2328679
2328681
2328682
2328683
2328684
2328685
2328687
2328689
2328691
2328693
2328695
2328697
2328699
2328700
2328701
2328736
2328739
2328742
2328743
2328744
2328745
2328746
2328749
2328750
2328751
2328752
2328753
2328754
2328755
2328756
2328757
2328760
2328761
2328764
2328765
2328766
2328767
2328768
2328771
2328774
2328777
2328778
2328779
2328780
2328783
2328786
2328789
2328792
2328795
2328796
2328799
2328802
2328805
2328808
2328811
2328812
2328815
2328818
2328821
2328824
2328825
2328828
2328831
2328832
2328833
2328834
2328835
2328838
2328841
2328842
2328845
2328848
2328851
2328854
2328857
2328860
2328863
2328866
2328898
2328909
2328920
2328931
2328942
2328953
2328964
2328975
2328978
2328979
2328980
2328981
2328982
2328985
2328988
2328991
2328994
2328997
2329000
2329003
2329006
2329007
2329010
2329013
2329014
2329017
2329020
2329023
2329024
2329025
2329028
2329031
2329032
2329033
2329035
2329036
2329038
2329040
2329041
2329042
2329043
2329044
2329055
2329056
2329057
2329058
2329059
2329070
2329081
2329082
2329101
2329120
2329139
2329161
2329163
2329165
2329167
2329168
2329169
2329171
2329172
2329173
2329174
2329175
2329177
2329178
2329179
2329181
2329185
2329186
2329187
2329188
2329189
2329190
2329194
2329198
2329202
2329206
2329210
2329214
2329218
2329222
2329223
2329224
2329228
2329229
2329233
2329237
2329241
2329245
2329249
2329250
2329251
2329252
2329256
2329257
2329261
2329265
2329269
2329270
2329284
2329285
2329289
2329293
2329294
2329295
2329296
2329297
2329298
2329299
2329301
2329303
2329305
2329307
2329309
2329311
2329313
2329315
2329319
2329320
2329321
2329322
2329326
2329330
2329334
2329338
2329342
2329346
2329347
2329348
2329349
2329350
2329351
2329355
2329359
2329360
2329361
2329362
2329363
2329364
2329368
2329369
2329370
2329374
2329378
2329379
2329380
2329381
2329382
2329383
2329387
2329391
2329395
2329396
2329397
2329398
2329399
2329400
2329401
2329415
2329416
2329417
2329418
2329419
2329420
2329421
2329434
2329437
2329440
2329443
2329446
2329447
2329448
2329449
2329450
2329451
2329452
2329455
2329458
2329461
2329464
2329467
2329468
2329471
2329474
2329477
2329480
2329483
2329486
2329487
2329490
2329491
2329492
2329493
2329494
2329495
2329496
2329497
2329498
2329542
2329545
2329548
2329549
2329550
2329551
2329552
2329553
2329556
2329559
2329562
2329563
2329566
2329567
2329570
2329573
2329574
2329575
2329576
2329577
2329578
2329581
2329584
2329587
2329590
2329591
2329592
2329595
2329598
2329601
2329602
2329603
2329604
2329605
2329606
2329609
2329610
2329611
2329612
2329613
2329614
2329615
2329616
2329617
2329644
2329645
2329646
2329673
2329674
2329675
2329676
2329677
2329678
2329679
2329680
2329681
2329682
2329683
2329684
2329685
2329686
2329687
2329688
2329689
2329690
2329691
2329724
2329757
2329790
2329791
2329833
2329868
2329869
2329904
2329905
2329940
2329962
2329984
2330006
2330028
2330050
2330072
2330094
2330116
2330138
2330161
2330162
2330163
2330164
2330165
2330167
2330169
2330171
2330173
2330175
2330177
2330179
2330181
2330182
2330183
2330185
2330187
2330193
2330194
2330195
2330201
2330207
2330208
2330214
2330215
2330216
2330217
2330218
2330219
2330223
2330224
2330225
2330229
2330233
2330234
2330235
2330236
2330237
2330238
2330242
2330243
2330244
2330248
2330252
2330256
2330260
2330261
2330265
2330266
2330267
2330271
2330272
2330273
2330274
2330275
2330276
2330277
2330278
2330279
2330284
2330289
2330294
2330299
2330304
2330309
2330310
2330315
2330320
2330321
2330326
2330331
2330332
2330333
2330334
2330335
2330337
2330338
2330339
2330341
2330343
2330345
2330346
2330348
2330350
2330352
2330354
2330380
2330381
2330382
2330383
2330384
2330407
2330426
2330445
2330464
2330465
2330466
2330467
2330468
2330469
2330470
2330471
2330472
2330473
2330511
2330545
2330579
2330613
2330647
2330648
2330649
2330650
2330651
2330652
2330653
2330654
2330655
2330656
2330657
2330658
2330679
2330680
2330681
2330682
2330684
2330685
2330686
2330688
2330690
2330692
2330693
2330694
2330696
2330697
2330698
2330699
2330701
2330703
2330705
2330707
2330709
2330711
2330713
2330715
2330717
2330718
2330719
2330720
2330721
2330722
2330724
2330764
2330796
2330828
2330829
2330830
2330831
2330832
2330833
2330834
2330866
2330899
2330932
2330934
2330936
2330938
2330940
2330942
2330944
2330945
2330946
2330948
2330949
2330950
2330951
2330953
2330955
2330957
2330958
2330960
2330962
2330964
2330965
2330966
2330968
2331650
2331676
2331702
2331703
2331704
2331705
2331706
2331707
2331733
2331751
2331768
2331785
2331786
2331804
2331820
2331836
2331852
2331853
2331854
2331855
2331856
2331857
2331875
2331876
2331897
2331909
2331921
2331922
2331923
2331924
2331925
2331926
2331938
2331939
2331940
2331941
2331942
2331943
2331944
2331945
2331957
2331958
2331959
2331961
2331962
2331964
2331965
2331966
2331967
2331968
2331970
2331972
2331974
2331976
2331978
2331980
2331982
2331984
2331986
2331988
2331990
2331992
2331994
2331996
2331998
2331999
2332001
2332003
2332014
2332025
2332036
2332037
2332048
2332059
2332070
2332081
2332092
2332104
2332105
2332117
2332118
2332131
2332133
2332134
2332135
2332137
2332138
2332139
2332141
2332143
2332145
2332147
2332149
2332151
2332153
2332155
2332157
2332159
2332160
2332162
2332163
2332164
2332185
2332204
2332223
2332242
2332253
2332264
2332275
2332287
2332288
2332289
2332290
2332291
2332292
2332293
2332294
2332295
2332296
2332297
2332298
2332299
2332300
2332311
2332322
2332337
2332338
2332353
2332368
2332383
2332398
2332412
2332426
2332427
2332428
2332429
2332443
2332456
2332457
2332469
2332470
2332483
2332497
2332511
2332525
2332539
2332554
2332555
2332571
2332572
2332573
2332574
2332575
2332576
2332577
2332578
2332579
2332580
2332581
2332610
2332611
2332612
2332613
2332614
2332615
2332616
2332617
2332618
2332619
2332620
2332621
2332622
2332623
2332644
2332645
2332646
2332647
2332668
2332669
2332670
2332671
2332692
2332693
2332694
2332698
2332699
2332700
2332701
2332702
2332705
2332706
2332709
2332710
2332711
2332714
2332715
2332718
2332719
2332720
2332721
2332722
2332726
2332727
2332731
2332732
2332736
2332740
2332743
2332744
2332747
2332748
2332751
2332752
2332755
2332758
2332759
2332762
2332765
2332768
2332769
2332772
2332773
2332774
2332775
2332776
2332797
2332804
2332811
2332818
2332825
2332830
2332831
2332836
2332837
2332842
2332847
2332852
2332857
2332862
2332867
2332872
2332877
2332882
2332883
2332884
2332885
2332890
2332896
2332898
2332900
2332901
2332902
2332904
2332906
2332908
2332909
2332910
2332911
2332913
2332914
2332916
2332917
2332919
2332924
2332929
2332935
2332936
2332937
2332938
2332939
2332945
2332953
2332954
2332955
2332956
2332957
2332960
2332963
2332966
2332967
2332970
2332973
2332974
2332977
2332980
2332983
2332984
2332985
2332986
2332987
2332988
2332989
2332990
2332993
2332994
2332995
2332996
2332997
2333000
2333001
2333004
2333005
2333008
2333030
2333044
2333058
2333059
2333060
2333061
2333075
2333076
2333077
2333078
2333092
2333093
2333094
2333095
2333096
2333098
2333100
2333101
2333102
2333103
2333104
2333106
2333108
2333109
2333111
2333113
2333115
2333116
2333117
2333118
2333120
2333122
2333123
2333125
2333126
2333128
2333130
2333132
2333134
2333147
2333160
2333173
2333186
2333205
2333206
2333207
2333208
2333209
2333210
2333211
2333212
2333213
2333214
2333215
2333216
2333217
2333235
2333237
2333239
2333240
2333242
2333244
2333246
2333248
2333249
2333250
2333251
2333252
2333254
2333256
2333258
2333260
2333262
2333264
2333266
2333268
2333270
2333272
2333274
2333276
2333278
2333280
2333281
2333283
2333301
2333319
2333320
2334479
2334480
2334481
2334482
2334483
2334484
2334485
2334490
2334495
2334496
2334501
2334502
2334503
2334504
2334505
2334506
2334507
2334512
2334513
2334514
2334515
2334516
2334517
2334518
2334519
2334520
2334524
2334528
2334532
2334533
2334537
2334538
2334542
2334546
2334547
2334551
2334555
2334556
2334560
2334564
2334565
2334566
2334567
2334568
2334569
2334574
2334575
2334576
2334577
2334578
2334579
2334580
2334581
2334582
2334583
2334588
2334593
2334598
2334599
2334600
2334605
2334609
2334610
2334611
2334612
2334616
2334620
2334624
2334628
2334632
2334636
2334640
2334644
2334648
2334649
2334650
2334651
2334656
2334657
2334662
2334667
2334668
2334673
2334674
2334675
2334676
2334677
2334682
2334687
2334688
2334693
2334698
2334699
2334704
2334705
2334706
2334707
2334708
2334713
2334714
2334715
2334716
2334717
2334718
2334719
2334724
2334729
2334734
2334739
2334740
2334741
2334742
2334743
2334744
2334745
2334746
2334747
2334752
2334753
2334754
2334755
2334760
2334765
2334766
2334767
2334768
2334773
2334774
2334779
2334780
2334781
2334782
2334787
2334792
2334797
2334802
2334810
2334818
2334826
2334834
2334909
2334912
2334915
2334918
2334921
2334924
2334927
2334930
2334933
2334934
2334937
2334940
2334943
2334946
2334949
2334952
2334955
2334958
2334961
2334963
2334965
2334966
2334967
2334969
2334971
2334973
2334976
2334979
2334987
2334988
2334990
2334992
2334993
2334995
2334996
2334998
2334999
2335001
2335002
2335003
2335004
2335006
2335008
2335010
2335012
2335015
2335016
2335019
2335020
2335028
2335035
2335041
2335047
2335053
2335059
2335065
2335066
2335067
2335073
2335079
2335080
2335081
2335082
2335083
2335084
2335085
2335086
2335087
2335093
2335099
2335105
2335106
2335107
2335108
2335109
2335110
2335111
2335112
2335113
2335114
2335119
2335120
2335125
2335130
2335131
2335132
2335133
2335134
2335135
2335136
2335137
2335138
2335139
2335140
2335145
2335150
2335151
2335152
2335153
2335154
2335155
2335156
2335157
2335163
2335164
2335165
2335171
2335172
2335173
2335179
2335180
2335181
2335182
2335183
2335184
2335185
2335186
2335187
2335188
2335189
2335195
2335196
2335198
2335200
2335201
2335202
2335204
2335206
2335208
2335210
2335211
2335212
2335214
2335216
2335217
2335218
2335224
2335230
2335231
2335232
2335233
2335234
2335235
2335244
2335245
2335246
2335254
2335262
2335270
2335278
2335286
2335287
2335288
2335289
2335297
2335298
2335306
2335314
2335315
2335323
2335324
2335325
2335326
2335327
2335328
2335329
2335330
2335331
2335339
2335347
2335356
2335357
2335366
2335368
2335370
2335372
2335374
2335376
2335378
2335379
2335380
2335381
2335382
2335383
2335385
2335387
2335389
2335476
2335485
2335494
2335495
2335496
2335497
2335498
2335499
2335500
2335501
2335502
2335511
2335512
2335513
2335514
2335515
2335516
2335517
2335518
2335519
2335520
2335524
2335525
2335526
2335527
2335528
2335529
2335533
2335537
2335538
2335539
2335543
2335547
2335551
2335555
2335556
2335557
2335561
2335562
2335563
2335564
2335568
2335572
2335573
2335574
2335579
2335580
2335581
2335582
2335583
2335584
2335585
2335586
2335591
2335600
2335608
2335616
2335617
2335618
2335619
2335620
2335621
2335622
2335630
2335638
2335646
2335654
2335662
2335670
2335678
2335686
2335694
2335703
2335712
2335713
2335722
2335723
2335738
2335740
2335742
2335744
2335746
2335748
2335749
2335751
2335753
2335755
2335757
2335759
2335760
2335762
2335764
2335766
2335768
2335770
2335771
2335772
2335778
2335784
2335790
2335796
2335802
2335808
2335814
2335820
2335826
2335832
2335838
2335839
2335845
2335851
2335857
2335863
2335869
2335875
2335876
2335877
2335878
2335879
2335880
2335881
2335882
2335883
2335884
2335885
2335886
2335887
2335893
2335911
2335912
2335913
2335914
2335921
2335923
2335924
2335926
2335928
2335930
2335931
2335933
2335935
2335937
2335939
2335941
2335943
2335944
2335945
2335947
2335949
2335956
2335963
2335970
2335971
2335972
2335973
2335980
2335987
2335994
2335995
2335996
2335997
2336004
2336011
2336018
2336025
2336032
2336033
2336034
2336035
2336036
2336037
2336038
2336039
2336040
2336041
2336042
2336049
2336056
2336063
2336070
2336077
2336084
2336091
2336098
2336099
2336100
2336101
2336102
2336103
2336110
2336117
2336124
2336141
2336142
2336143
2336144
2336145
2336146
2336147
2336148
2336149
2336150
2336151
2336152
2336153
2336169
2336170
2336171
2336172
2336173
2336174
2336175
2336176
2336177
2336178
2336179
2336180
2336187
2336188
2336189
2336190
2336191
2336193
2336195
2336197
2336198
2336199
2336200
2336202
2336203
2336205
2336206
2336207
2336208
2336209
2336216
2336221
2336226
2336231
2336236
2336241
2336246
2336247
2336252
2336257
2336258
2336259
2336260
2336261
2336266
2336271
2336272
2336273
2336274
2336275
2336276
2336277
2336278
2336279
2336284
2336289
2336294
2336299
2336300
2336305
2336310
2336311
2336316
2336317
2336318
2336319
2336320
2336321
2336322
2336323
2336324
2336325
2336326
2336327
2336332
2336333
2336334
2336339
2336344
2336345
2336346
2336351
2336356
2336361
2336366
2336371
2336372
2336377
2336378
2336379
2336380
2336381
2336382
2336383
2336388
2336393
2336394
2336395
2336396
2336397
2336398
2336399
2336404
2336405
2336406
2336407
2336408
2336409
2336410
2336411
2336412
2336417
2336422
2336423
2336475
2336477
2336479
2336481
2336482
2336484
2336486
2336488
2336490
2336492
2336494
2336496
2336497
2336499
2336501
2336502
2336504
2336506
2336507
2336508
2336509
2336510
2336511
2336512
2336527
2336532
2336537
2336542
2336543
2336544
2336545
2336550
2336551
2336556
2336561
2336566
2336571
2336572
2336573
2336578
2336583
2336585
2336587
2336588
2336590
2336592
2336594
2336595
2336597
2336599
2336601
2336602
2336607
2336612
2336617
2336622
2336627
2336628
2336629
2336630
2336631
2336632
2336633
2336634
2336635
2336640
2336641
2336642
2336643
2336644
2336645
2336646
2336647
2336652
2336657
2336658
2336659
2336660
2336661
2336662
2336663
2336664
2336665
2336672
2336674
2336676
2336677
2336678
2336679
2336681
2336683
2336685
2336687
2336689
2336690
2336691
2336692
2336694
2336695
2336696
2336697
2336699
2336705
2336706
2336709
2336712
2336713
2336714
2336715
2336718
2336721
2336724
2336725
2336726
2336729
2336730
2336733
2336736
2336739
2336742
2336745
2336748
2336751
2336759
2336760
2336761
2336762
2336763
2336768
2336769
2336770
2336771
2336772
2336773
2336777
2336778
2336779
2336780
2336781
2336782
2336786
2336787
2336788
2336792
2336796
2336800
2336804
2336808
2336812
2336816
2336817
2336818
2336819
2336820
2336821
2336822
2336823
2336827
2336831
2336832
2336833
2336834
2336838
2336842
2336847
2336852
2336857
2336858
2336865
2336872
2336879
2336880
2336881
2336904
2336905
2336906
2336912
2336918
2336924
2336930
2336931
2336937
2336938
2336939
2336940
2336941
2336945
2336949
2336950
2336951
2336952
2336953
2336955
2336957
2336959
2336961
2336963
2336964
2336965
2336969
2336970
2336974
2336975
2336976
2336977
2336981
2336982
2336986
2336990
2336994
2337000
2337006
2337012
2337018
2337024
2337030
2337036
2337042
2337048
2337049
2337050
2337056
2337062
2337063
2337069
2337070
2337076
2337077
2337078
2337079
2337080
2337081
2337082
2337101
2337104
2337105
2337106
2337107
2337108
2337109
2337112
2337115
2337118
2337121
2337124
2337127
2337130
2337133
2337134
2337137
2337140
2337143
2337144
2337147
2337150
2337153
2337156
2337157
2337158
2337159
2337162
2337165
2337166
2337169
2337170
2337173
2337176
2337179
2337182
2337183
2337184
2337185
2337186
2337187
2337188
2337189
2337208
2337209
2337210
2337211
2337212
2337213
2337214
2337215
2337216
2337217
2337235
2337236
2337237
2337238
2337239
2337240
2337260
2337264
2337268
2337269
2337273
2337274
2337275
2337276
2337277
2337281
2337285
2337286
2337287
2337288
2337289
2337293
2337297
2337298
2337299
2337300
2337301
2337302
2337306
2337310
2337314
2337315
2337316
2337317
2337318
2337319
2337323
2337324
2337325
2337326
2337327
2337328
2337332
2337333
2337334
2337335
2337336
2337337
2337338
2337339
2337343
2337347
2337348
2337349
2337350
2337351
2337352
2337353
2337354
2337358
2337362
2337366
2337370
2337374
2337378
2337379
2337380
2337381
2337385
2337389
2337390
2337391
2337392
2337393
2337394
2337395
2337399
2337403
2337407
2337411
2337415
2337419
2337420
2337421
2337422
2337423
2337424
2337425
2337426
2337486
2337487
2337488
2337489
2337492
2337493
2337494
2337495
2337498
2337501
2337504
2337505
2337506
2337507
2337510
2337513
2337516
2337519
2337520
2337521
2337522
2337523
2337524
2337527
2337530
2337533
2337536
2337547
2337557
2337567
2337577
2337587
2337597
2337607
2337617
2337627
2337637
2337647
2337648
2337649
2337650
2337660
2337661
2337662
2337672
2337682
2337692
2337703
2337713
2337723
2337733
2337734
2337735
2337736
2337746
2337756
2337760
2337764
2337765
2337766
2337767
2337768
2337772
2337776
2337780
2337784
2337785
2337786
2337787
2337788
2337792
2337795
2337798
2337801
2337804
2337807
2337810
2337813
2337816
2337817
2337818
2337819
2337822
2337825
2337828
2337832
2337833
2337837
2337841
2337845
2337846
2337850
2337854
2337858
2337862
2337867
2337872
2337877
2337878
2337883
2337888
2337893
2337898
2337903
2337914
2337915
2337916
2337917
2337937
2337938
2337941
2337944
2337945
2337946
2337947
2337948
2337951
2337954
2337956
2337957
2337958
2337960
2337962
2337964
2337966
2337968
2337970
2337972
2337975
2337978
2337979
2337980
2337981
2337982
2337983
2337984
2337985
2337986
2337989
2337990
2337993
2337994
2337995
2337998
2338001
2338002
2338005
2338013
2338020
2338021
2338028
2338035
2338042
2338043
2338050
2338057
2338058
2338065
2338072
2338073
2338080
2338087
2338094
2338095
2338096
2338103
2338104
2338105
2338106
2338107
2338108
2338111
2338114
2338117
2338120
2338123
2338126
2338128
2338129
2338131
2338133
2338135
2338136
2338138
2338140
2338142
2338145
2338146
2338147
2338155
2338156
2338157
2338158
2338169
2338176
2338183
2338184
2338185
2338191
2338194
2338197
2338198
2338201
2338204
2338207
2338209
2338211
2338213
2338215
2338216
2338218
2338220
2338222
2338224
2338227
2338228
2338229
2338230
2338231
2338237
2338238
2338239
2338240
2338241
2338242
2338245
2338248
2338251
2338253
2338254
2338255
2338256
2338257
2338258
2338260
2338262
2338264
2338266
2338267
2338268
2338278
2338279
2338280
2338281
2338282
2338283
2338284
2338285
2338286
2338287
2338288
2338289
2338290
2338291
2338292
2338312
2338314
2338316
2338318
2338320
2338322
2338324
2338325
2338327
2338329
2338331
2338333
2338338
2338339
2338340
2338341
2338342
2338343
2338344
2338345
2338346
2338347
2338352
2338357
2338358
2338359
2338360
2338361
2338366
2338367
2338368
2338369
2338370
2338371
2338372
2338373
2338382
2338383
2338384
2338385
2338386
2338387
2338388
2338389
2338390
2338391
2338392
2338401
2338402
2338403
2338404
2338409
2338410
2338411
2338412
2338413
2338414
2338415
2338420
2338421
2338422
2338423
2338424
2338425
2338426
2338427
2338428
2338429
2338430
2338431
2338436
2338437
2338438
2338439
2338440
2338441
2338442
2338443
2338444
2338445
2338446
2338451
2338452
2338453
2338454
2338455
2338456
2338457
2338462
2338514
2338588
2338589
2338590
2338591
2338592
2338593
2338594
2338595
2338596
2338597
2338598
2338599
2338600
2338601
2338602
2338603
2338604
2338605
2338606
2338607
2338608
2338609
2338610
2338611
2338612
2338613
2338614
2338615
2338681
2338747
2338748
2338814
2338815
2338881
2339350
2339351
2339352
2339353
2339354
2339355
2339356
2339357
2339358
2339359
2339417
2339418
2339419
2339478
2339531
2339582
2339634
2339686
2339687
2339740
2339794
2339848
2339849
2339850
2339851
2339906
2339907
2339908
2339909
2339910
2339911
2339912
2339913
2339914
2339915
2339916
2339917
2339918
2339919
2339920
2339980
2340040
2340100
2340160
2340230
2340233
2340236
2340237
2340238
2340241
2340242
2340243
2340246
2340249
2340250
2340251
2340254
2340255
2340256
2340259
2340262
2340263
2340264
2340265
2340266
2340267
2340268
2340269
2340270
2340273
2340276
2340279
2340282
2340285
2340288
2340291
2340292
2340293
2340294
2340295
2340296
2340299
2340300
2340303
2340306
2340309
2340312
2340313
2340314
2340315
2340316
2340317
2340318
2340319
2340320
2340323
2340326
2340329
2340433
2340434
2340477
2340478
2340479
2340480
2340523
2340564
2340605
2340647
2340689
2340732
2340775
2340776
2340839
2341032
2341033
2341034
2341035
2341036
2341037
2341038
2341039
2341040
2341041
2341082
2341089
2341096
2341097
2341098
2341105
2341112
2341113
2341114
2341115
2341116
2341117
2341118
2341119
2341126
2341127
2341128
2341129
2341130
2341131
2341132
2341133
2341134
2341135
2341136
2341143
2341144
2341151
2341152
2341159
2341163
2341164
2341165
2341169
2341173
2341174
2341175
2341179
2341183
2341187
2341191
2341195
2341196
2341200
2341204
2341208
2341212
2341216
2341220
2341221
2341225
2341229
2341233
2341237
2341241
2341245
2341249
2341250
2341257
2341264
2341270
2341271
2341277
2341278
2341279
2341280
2341282
2341284
2341286
2341288
2341289
2341290
2341291
2341293
2341294
2341295
2341296
2341297
2341298
2341300
2341302
2341304
2341311
2341318
2341319
2341326
2341327
2341328
2341329
2341330
2341331
2341332
2341333
2341340
2341347
2341348
2341355
2341362
2341363
2341370
2341371
2341396
2341400
2341401
2341405
2341409
2341413
2341417
2341421
2341422
2341426
2341430
2341434
2341438
2341441
2341442
2341443
2341446
2341449
2341452
2341455
2341458
2341461
2341464
2341465
2341466
2341469
2341470
2341473
2341474
2341477
2341480
2341483
2341486
2341489
2341492
2341495
2341496
2341497
2341498
2341499
2341500
2341503
2341504
2341505
2341508
2341509
2341510
2341513
2341516
2341519
2341520
2341521
2341524
2341525
2341526
2341527
2341528
2341529
2341530
2341531
2341534
2341535
2341536
2341537
2341538
2341541
2341542
2341543
2341544
2341545
2341548
2341551
2341554
2341557
2341560
2341563
2341566
2341569
2341572
2341575
2341576
2341579
2341582
2341585
2341586
2341587
2341588
2341589
2341590
2341591
2341592
2341637
2341641
2341645
2341649
2341653
2341657
2341658
2341659
2341660
2341664
2341668
2341669
2341670
2341671
2341672
2341673
2341677
2341678
2341679
2341680
2341681
2341682
2341683
2341687
2341691
2341695
2341699
2341703
2341704
2341705
2341706
2341707
2341708
2341712
2341713
2341717
2341718
2341722
2341723
2341727
2341728
2341729
2341730
2341731
2341732
2341733
2341734
2341735
2341759
2341782
2341783
2341806
2341829
2341830
2341853
2341876
2341878
2341880
2341882
2341884
2341886
2341887
2341888
2341890
2341891
2341892
2341894
2341896
2341898
2341900
2341902
2341904
2341906
2341908
2341909
2341933
2341934
2341935
2341955
2341957
2341959
2341961
2341963
2341965
2341967
2341968
2341969
2341970
2341971
2341973
2341975
2341976
2341977
2341978
2341979
2341981
2341983
2341985
2341987
2341989
2341991
2341993
2341995
2341997
2342015
2342035
2342036
2342037
2342057
2342061
2342062
2342063
2342064
2342065
2342066
2342067
2342071
2342075
2342076
2342077
2342078
2342082
2342083
2342084
2342088
2342089
2342090
2342094
2342095
2342096
2342097
2342098
2342099
2342103
2342104
2342105
2342106
2342107
2342108
2342112
2342116
2342120
2342121
2342122
2342123
2342124
2342128
2342132
2342133
2342134
2342135
2342136
2342159
2342164
2342165
2342166
2342167
2342168
2342169
2342170
2342171
2342172
2342177
2342178
2342179
2342180
2342181
2342186
2342191
2342192
2342197
2342198
2342203
2342208
2342213
2342218
2342223
2342228
2342233
2342238
2342243
2342248
2342253
2342254
2342255
2342256
2342257
2342262
2342267
2342272
2342273
2342274
2342275
2342276
2342281
2342286
2342287
2342288
2342289
2342290
2342295
2342296
2342297
2342298
2342299
2342300
2342301
2342305
2342307
2342309
2342311
2342312
2342314
2342316
2342317
2342319
2342320
2342322
2342324
2342325
2342326
2342327
2342349
2342369
2342390
2342411
2342432
2342453
2342474
2342495
2342517
2342539
2342561
2342562
2342563
2342584
2342605
2342626
2342647
2342668
2342669
2342670
2342691
2342711
2342712
2342713
2342714
2342734
2342754
2342796
2342797
2342798
2342799
2342800
2342801
2342802
2342803
2342804
2342805
2342806
2342807
2342808
2342809
2342810
2342811
2342863
2342864
2342865
2342866
2342867
2342868
2342919
2342920
2342921
2342922
2342973
2342974
2343025
2343076
2343077
2343078
2343079
2343135
2343397
2343507
2343508
2343620
2343621
2343622
2343623
2343624
2343625
2343626
2343627
2343628
2343629
2343630
2343631
2343632
2343633
2343634
2343748
2343862
2343975
2344088
2344202
2344203
2344435
2344625
2344626
2344823
2345039
2345040
2345041
2345042
2345043
2345044
2345256
2346403
2346404
2346405
2346406
2346742
2347083
2347438
2347439
2347440
2347441
2347442
2347443
2347444
2347445
2347446
2347447
2347448
2347449
2347450
2347451
2347452
2347453
2347454
2347455
2347456
2347457
2347458
2347761
2347762
2347763
2347764
2347765
2348066
2348431
2348433
2348435
2348437
2348439
2348440
2348442
2348443
2348445
2348447
2348449
2348450
2348452
2348454
2348456
2348458
2348460
2348462
2348463
2348464
2348465
2348467
2348468
2348469
2348470
2348472
2348474
2348476
2348478
2348480
2348482
2348484
2348486
2348488
2348489
2348490
2348645
2348646
2348647
2348648
2348649
2348650
2348651
2348652
2348653
2348654
2349023
2349024
2349025
2349026
2349027
2349028
2349029
2349156
2349157
2349158
2349159
2349160
2349161
2349162
2349163
2349289
2349418
2349541
2349669
2349764
2349853
2349942
2350030
2350119
2350210
2350306
2350307
2350308
2350309
2350310
2350311
2350312
2350313
2350314
2350315
2350316
2350317
2350318
2350319
2350320
2350321
2350451
2350452
2350567
2350665
2350761
2350858
2350859
2350860
2350861
2350862
2350959
2351059
2351060
2351061
2351062
2351063
2351064
2351065
2351066
2351067
2351068
2351069
2351070
2351071
2351175
2351176
2351177
2351252
2351327
2351415
2351502
2351588
2351675
2351823
2351896
2351969
2352042
2352112
2352113
2352187
2352188
2352189
2352190
2352191
2352192
2352193
2352194
2352267
2352268
2352269
2352270
2352271
2352272
2352273
2352274
2352275
2352276
2352277
2352306
2352308
2352309
2352311
2352313
2352315
2352316
2352318
2352320
2352322
2352324
2352326
2352328
2352329
2352330
2352331
2352333
2352334
2352335
2352337
2352338
2352339
2352341
2352343
2352345
2352347
2352349
2352351
2352353
2352355
2352358
2352359
2352360
2352361
2352364
2352367
2352370
2352373
2352376
2352403
2352404
2352405
2352432
2352501
2352502
2352503
2352504
2352505
2352506
2352507
2352599
2352600
2352601
2352602
2352603
2352604
2352605
2352685
2352763
2352764
2352765
2352843
2352920
2353009
2353083
2353157
2353231
2353232
2353322
2353409
2353410
2353411
2353412
2353413
2353414
2353415
2353416
2353417
2353418
2353419
2353420
2353421
2353422
2353423
2353424
2353425
2353426
2353427
2353511
2353610
2353611
2353612
2353613
2353614
2353615
2353616
2353617
2353663
2353705
2353706
2353748
2353790
2353791
2353792
2353793
2353794
2353795
2353796
2353797
2353839
2353881
2353923
2353924
2353925
2353966
2353967
2354008
2354049
2354092
2354129
2354165
2354201
2354238
2354275
2354276
2354313
2354355
2354391
2354427
2354463
2354499
2354534
2354569
2354604
2354651
2354652
2354653
2354654
2354655
2354656
2354657
2354658
2355300
2355612
2355944
2355945
2355946
2355947
2355948
2355949
2355950
2355951
2355952
2355953
2355954
2355955
2356313
2356668
2356669
2356670
2356671
2356672
2356673
2356674
2356675
2356676
2357043
2357369
2357638
2357906
2358176
2358404
2358633
2358908
2358909
2358910
2358911
2358912
2358913
2358914
2358915
2358916
2358917
2358918
2358919
2358920
2358921
2358995
2358996
2358997
2358998
2359245
2359907
2360002
2360003
2360093
2360183
2360265
2360266
2360356
2360454
2360539
2360624
2360687
2360688
2360689
2360690
2360756
2360822
2360888
2360954
2361020
2361114
2361209
2361299
2361383
2361467
2361468
2361554
2361555
2361556
2361557
2361558
2361559
2361722
2361723
2361724
2361725
2361726
2361727
2361728
2361729
2361878
2362060
2362062
2362063
2362064
2362066
2362067
2362069
2362070
2362072
2362074
2362076
2362077
2362078
2362082
2362083
2362084
2362088
2362090
2362092
2362094
2362096
2362097
2362098
2362099
2362100
2362101
2362103
2362105
2362107
2362109
2362113
2362114
2362117
2362120
2362121
2362124
2362125
2362128
2362131
2362132
2362133
2362134
2362135
2362138
2362139
2362140
2362141
2362142
2362145
2362149
2362153
2362157
2362158
2362159
2362163
2362164
2362165
2362166
2362170
2362174
2362178
2362182
2362186
2362190
2362194
2362198
2362199
2362200
2362201
2362202
2362203
2362204
2362205
2362206
2362207
2362211
2362240
2362259
2362278
2362279
2362298
2362299
2362300
2362301
2362302
2362303
2362304
2362305
2362306
2362307
2362326
2362327
2362328
2362329
2362330
2362332
2362334
2362336
2362338
2362340
2362342
2362343
2362345
2362346
2362347
2362349
2362350
2362351
2362357
2362358
2362359
2362360
2362361
2362362
2362368
2362374
2362375
2362376
2362377
2362378
2362379
2362380
2362381
2362382
2362388
2362389
2362395
2362401
2362402
2362408
2362409
2362410
2362411
2362412
2362413
2362419
2362420
2362421
2362427
2362433
2362434
2362435
2362436
2362437
2362438
2362439
2362440
2362441
2362447
2362453
2362478
2362479
2362480
2362481
2362484
2362485
2362486
2362487
2362488
2362489
2362490
2362491
2362492
2362495
2362498
2362500
2362502
2362504
2362505
2362507
2362509
2362511
2362513
2362515
2362517
2362519
2362521
2362523
2362526
2362529
2362532
2362533
2362534
2362537
2362540
2362543
2362546
2362549
2362552
2362555
2362558
2362559
2362560
2362563
2362566
2362569
2362572
2362575
2362576
2362577
2362578
2362581
2362584
2362622
2362623
2362624
2362625
2362626
2362627
2362628
2362629
2362630
2362631
2362632
2362633
2362634
2362635
2362636
2362637
2362638
2362639
2362640
2362659
2362661
2362663
2362665
2362667
2362669
2362671
2362673
2362675
2362677
2362679
2362681
2362682
2362683
2362684
2362686
2362688
2362690
2362698
2362700
2362702
2362703
2362705
2362707
2362709
2362710
2362712
2362714
2362716
2362717
2362719
2362720
2362721
2362723
2362728
2362733
2362734
2362735
2362736
2362737
2362738
2362743
2362744
2362745
2362746
2362751
2362752
2362753
2362758
2362760
2362762
2362764
2362766
2362767
2362768
2362769
2362770
2362772
2362774
2362776
2362778
2362786
2362787
2362794
2362801
2362808
2362809
2362810
2362817
2362818
2362819
2362826
2362833
2362834
2362835
2362836
2362837
2362838
2362839
2362840
2362841
2362842
2362843
2362844
2362851
2362853
2362855
2362856
2362857
2362859
2362861
2362863
2362865
2362867
2362869
2362870
2362871
2362873
2362874
2362875
2362882
2362889
2362890
2362891
2362892
2362893
2362894
2362895
2362896
2362897
2362898
2362899
2362900
2362901
2362910
2362911
2362912
2362913
2362914
2362915
2362916
2362917
2362918
2362919
2362920
2362921
2362922
2362931
2362932
2362933
2362961
2362962
2362963
2362964
2362965
2362967
2362969
2362971
2362973
2362975
2362976
2362977
2362979
2362981
2362983
2362985
2362987
2362992
2362994
2362996
2362998
2362999
2363000
2363001
2363003
2363005
2363007
2363008
2363009
2363013
2363016
2363017
2363018
2363019
2363020
2363021
2363024
2363027
2363030
2363033
2363037
2363038
2363043
2363044
2363049
2363054
2363059
2363064
2363069
2363074
2363079
2363080
2363085
2363090
2363091
2363092
2363093
2363094
2363095
2363096
2363097
2363098
2363099
2363104
2363105
2363106
2363107
2363108
2363109
2363110
2363111
2363116
2363133
2363143
2363144
2363154
2363164
2363174
2363184
2363194
2363204
2363214
2363224
2363234
2363244
2363254
2363264
2363274
2363284
2363285
2363295
2363305
2363306
2363307
2363308
2363309
2363319
2363329
2363339
2363341
2363343
2363345
2363347
2363349
2363351
2363352
2363353
2363354
2363355
2363357
2363359
2363361
2363362
2363364
2363365
2363367
2363368
2363370
2363379
2363380
2363381
2363390
2363391
2363400
2363401
2363402
2363403
2363404
2363405
2363414
2363423
2363432
2363441
2363450
2363451
2363452
2363455
2363457
2363458
2363459
2363461
2363463
2363465
2363466
2363468
2363469
2363471
2363472
2363474
2363476
2363477
2363479
2363481
2363482
2363484
2363486
2363488
2363489
2363490
2363491
2363493
2363494
2363495
2363496
2363505
2363506
2363507
2363508
2363509
2363510
2363511
2363512
2363513
2363514
2363515
2363516
2363517
2363526
2363535
2363536
2363545
2363546
2363555
2363564
2363573
2363582
2363583
2363592
2363601
2363610
2363616
2363622
2363628
2363634
2363640
2363646
2363652
2363653
2363654
2363655
2363657
2363658
2363660
2363662
2363664
2363666
2363668
2363670
2363672
2363674
2363676
2363678
2363680
2363682
2363684
2363686
2363692
2363693
2363694
2363695
2363696
2363697
2363698
2363699
2363700
2363701
2363707
2363708
2363709
2363710
2363711
2363712
2363713
2363714
2363715
2363716
2363717
2363718
2363724
2363725
2363726
2363727
2363728
2363729
2363730
2363739
2363740
2363741
2363750
2363751
2363752
2363753
2363793
2363796
2363797
2363798
2363799
2363800
2363803
2363805
2363807
2363808
2363810
2363812
2363813
2363814
2363815
2363817
2363819
2363821
2363825
2363829
2363830
2363831
2363832
2363833
2363837
2363838
2363839
2363840
2363841
2363842
2363843
2363847
2363851
2363852
2363853
2363854
2363855
2363856
2363860
2363864
2363865
2363866
2363867
2363868
2363869
2363870
2363871
2363872
2363876
2363880
2363881
2363885
2363900
2363903
2363906
2363909
2363910
2363913
2363916
2363917
2363918
2363919
2363920
2363921
2363924
2363925
2363928
2363929
2363930
2363931
2363932
2363933
2363934
2363935
2363938
2363939
2363940
2363941
2363942
2363945
2363946
2363947
2363948
2363949
2363952
2363953
2363966
2363967
2363968
2363969
2363980
2363991
2363992
2363993
2363995
2363997
2363998
2363999
2364000
2364001
2364003
2364004
2364005
2364006
2364007
2364008
2364010
2364012
2364015
2364016
2364017
2364018
2364019
2364020
2364021
2364024
2364025
2364026
2364027
2364028
2364029
2364030
2364033
2364034
2364035
2364036
2364043
2364044
2364051
2364052
2364059
2364060
2364071
2364081
2364091
2364101
2364102
2364112
2364113
2364115
2364117
2364119
2364121
2364123
2364125
2364127
2364129
2364131
2364132
2364134
2364136
2364137
2364139
2364141
2364151
2364160
2364161
2364162
2364163
2364164
2364165
2364166
2364167
2364168
2364169
2364170
2364171
2364172
2364173
2364174
2364175
2364184
2364193
2364194
2364195
2364196
2364197
2364198
2364199
2364200
2364209
2364210
2364219
2364220
2364229
2364239
2364240
2364241
2364242
2364243
2364244
2364245
2364256
2364257
2364258
2364259
2364260
2364261
2364262
2364263
2364264
2364265
2364266
2364267
2364268
2364269
2364270
2364280
2364290
2364300
2364310
2364311
2364321
2364331
2364341
2364351
2364352
2364362
2364408
2364452
2364496
2364540
2364584
2364750
2364751
2364752
2364869
2364870
2364983
2365083
2365170
2365257
2365344
2365442
2365541
2365650
2365758
2365850
2365930
2365931
2365932
2365933
2365934
2365935
2365936
2365937
2365938
2365939
2365940
2365941
2365942
2365943
2365944
2365945
2366062
2366185
2366308
2366431
2366432
2366556
2366616
2366617
2366618
2366674
2366730
2366783
2366836
2366886
2366887
2366888
2366889
2366939
2366940
2366941
2366942
2366993
2367043
2367093
2367143
2367193
2367243
2367244
2367245
2367293
2367345
2367397
2367398
2367399
2367468
2367469
2367470
2367471
2367472
2367473
2367474
2367549
2367550
2367551
2367552
2367553
2367554
2367555
2367556
2367557
2367558
2367559
2367560
2367657
2367711
2367712
2367713
2367714
2367715
2367716
2367763
2367764
2367765
2367766
2367767
2367768
2367769
2367770
2367771
2367772
2367773
2367774
2367775
2367776
2367777
2367814
2367815
2367816
2367817
2367818
2367854
2367890
2367925
2367926
2367927
2367962
2368087
2368091
2368092
2368093
2368097
2368101
2368102
2368106
2368110
2368114
2368118
2368122
2368123
2368124
2368128
2368132
2368136
2368140
2368144
2368148
2368152
2368156
2368160
2368164
2368168
2368172
2368173
2368174
2368175
2368178
2368180
2368181
2368183
2368185
2368187
2368188
2368190
2368192
2368194
2368196
2368198
2368201
2368204
2368208
2368212
2368216
2368217
2368221
2368225
2368226
2368227
2368228
2368229
2368230
2368231
2368232
2368233
2368234
2368238
2368239
2368240
2368241
2368242
2368246
2368247
2368248
2368249
2368250
2368251
2368252
2368253
2368254
2368258
2368259
2368260
2368261
2368262
2368263
2368267
2368271
2368272
2368276
2368280
2368284
2368285
2368286
2368290
2368291
2368295
2368299
2368300
2368304
2368308
2368309
2368310
2368311
2368312
2368313
2368314
2368318
2368320
2368322
2368323
2368324
2368325
2368326
2368328
2368329
2368330
2368331
2368333
2368334
2368336
2368340
2368912
2368913
2368914
2368915
2368916
2368917
2368918
2368919
2368920
2368921
2368922
2368943
2368945
2368947
2368949
2368951
2368952
2368954
2368955
2368957
2368959
2368961
2368962
2368964
2368966
2368967
2368969
2368971
2368973
2368975
2368976
2368977
2368978
2368979
2368981
2368983
2368984
2368985
2368987
2368988
2368990
2368991
2368992
2368993
2368995
2368997
2368998
2369040
2369080
2369081
2369082
2369122
2369162
2369202
2369203
2369204
2369205
2369244
2369283
2369322
2369362
2369404
2369413
2369422
2369423
2369424
2369425
2369426
2369427
2369436
2369445
2369454
2369455
2369456
2369465
2369467
2369469
2369471
2369472
2369474
2369476
2369477
2369479
2369480
2369481
2369482
2369483
2369485
2369487
2369489
2369491
2369492
2369494
2369496
2369498
2369500
2369510
2369511
2369512
2369513
2369514
2369515
2369516
2369525
2369526
2369535
2369544
2369545
2369546
2369547
2369556
2369557
2369558
2369559
2369560
2369561
2369562
2369563
2369564
2369573
2369584
2369585
2369586
2369587
2369590
2369591
2369592
2369595
2369596
2369597
2369598
2369601
2369602
2369605
2369608
2369609
2369610
2369613
2369616
2369619
2369620
2369623
2369624
2369625
2369628
2369631
2369632
2369633
2369634
2369644
2369654
2369664
2369665
2369666
2369667
2369668
2369669
2369679
2369680
2369682
2369684
2369686
2369687
2369689
2369690
2369692
2369694
2369696
2369697
2369698
2369699
2369701
2369703
2369705
2369715
2369725
2369735
2369745
2369755
2369766
2369767
2369768
2369769
2369770
2369771
2369772
2369773
2369774
2369775
2369776
2369777
2369778
2369779
2369780
2369791
2369802
2369813
2369824
2369836
2369837
2369839
2369841
2369842
2369844
2369845
2369846
2369847
2369848
2369850
2369852
2369853
2369855
2369856
2369857
2369858
2369859
2369899
2369900
2369939
2369977
2370015
2370054
2370055
2370094
2370133
2370210
2370287
2370288
2370289
2370389
2370479
2370561
2370562
2370653
2370745
2370746
2370839
2370932
2371120
2371274
2371426
2371582
2371739
2371896
2372053
2372223
2372224
2372225
2372226
2372227
2372243
2372259
2372260
2372261
2372262
2372263
2372279
2372280
2372281
2372282
2372283
2372284
2372285
2372286
2372287
2372288
2372289
2372290
2372291
2372307
2372324
2372325
2372326
2372327
2372328
2372329
2372330
2372331
2372332
2372333
2372334
2372335
2372336
2372337
2372338
2372339
2372340
2372341
2372342
2372359
2372362
2372365
2372366
2372367
2372368
2372371
2372372
2372375
2372378
2372381
2372384
2372387
2372390
2372393
2372396
2372399
2372401
2372403
2372405
2372407
2372409
2372411
2372412
2372414
2372415
2372416
2372417
2372418
2372419
2372423
2372424
2372426
2372428
2372430
2372432
2372433
2372434
2372436
2372438
2372440
2372442
2372444
2372446
2372471
2372472
2372473
2372474
2372475
2372476
2372496
2372500
2372504
2372505
2372506
2372507
2372511
2372512
2372513
2372514
2372518
2372519
2372520
2372521
2372525
2372526
2372527
2372528
2372532
2372533
2372534
2372537
2372540
2372543
2372544
2372547
2372550
2372553
2372554
2372555
2372558
2372561
2372564
2372567
2372568
2372571
2372572
2372576
2372577
2372578
2372579
2372580
2372581
2372582
2372583
2372605
2372606
2372607
2372608
2372630
2372652
2372676
2372679
2372680
2372681
2372682
2372685
2372686
2372687
2372688
2372689
2372690
2372693
2372694
2372695
2372698
2372699
2372700
2372701
2372702
2372703
2372706
2372709
2372712
2372713
2372720
2372727
2372734
2372741
2372748
2372755
2372762
2372769
2372776
2372778
2372779
2372780
2372781
2372782
2372784
2372785
2372786
2372787
2372788
2372790
2372791
2372793
2372795
2372797
2372799
2372806
2372813
2372820
2372827
2372834
2372835
2372842
2372849
2372850
2372852
2372853
2372855
2372856
2372858
2372860
2372861
2372862
2372863
2372865
2372867
2372869
2372871
2372873
2372875
2372877
2372879
2372881
2372882
2372884
2372911
2372913
2372915
2372917
2372919
2372921
2372923
2372925
2372927
2372929
2372931
2372933
2372935
2372937
2372939
2372941
2372942
2372943
2372945
2372947
2372969
2372991
2373013
2373035
2373036
2373037
2373059
2373081
2373103
2373125
2373147
2373167
2373187
2373207
2373227
2373247
2373248
2373249
2373250
2373251
2373252
2373273
2373294
2373316
2373339
2373340
2373341
2373342
2373343
2373366
2373368
2373369
2373371
2373373
2373375
2373376
2373377
2373378
2373379
2373380
2373381
2373383
2373385
2373387
2373389
2373391
2373393
2373395
2373396
2373398
2373399
2373401
2373403
2373405
2373406
2373407
2373408
2373409
2373410
2373411
2373442
2373443
2373444
2373448
2373449
2373450
2373454
2373455
2373459
2373460
2373463
2373466
2373467
2373470
2373473
2373476
2373479
2373482
2373485
2373488
2373489
2373490
2373493
2373496
2373499
2373500
2373501
2373505
2373509
2373510
2373514
2373518
2373522
2373523
2373524
2373525
2373526
2373527
2373528
2373529
2373530
2373531
2373542
2373553
2373564
2373575
2373576
2373587
2373598
2373609
2373610
2373611
2373612
2373623
2373634
2373645
2373656
2373669
2373681
2373682
2373683
2373684
2373696
2373708
2373720
2373732
2373744
2373756
2373768
2373952
2373953
2373954
2373955
2373956
2373957
2373958
2373959
2374095
2374230
2374364
2374365
2374366
2374367
2374368
2374369
2374370
2374371
2374507
2374570
2374571
2374572
2374573
2374633
2374693
2374756
2374796
2374835
2374874
2374914
2374915
2374916
2374917
2374918
2374919
2374920
2374921
2374922
2374923
2374924
2374925
2374926
2374927
2374928
2374929
2374930
2374971
2374972
2374973
2375033
2375092
2375151
2375211
2375269
2375327
2375328
2375329
2375330
2375388
2375446
2375581
2375582
2375583
2375584
2375635
2375636
2375637
2375688
2375689
2375690
2375691
2375741
2375793
2375794
2375795
2375796
2375797
2375798
2375847
2375893
2375894
2375895
2375896
2375897
2375898
2375899
2375900
2375901
2375902
2375903
2375904
2375905
2375906
2375907
2375908
2375909
2375910
2375911
2375912
2375913
2375914
2375963
2376220
2376248
2376276
2376277
2376278
2376279
2376280
2376281
2376282
2376283
2376284
2376285
2376286
2376287
2376288
2376289
2376290
2376291
2376292
2376305
2376308
2376311
2376314
2376317
2376318
2376319
2376322
2376325
2376328
2376331
2376334
2376337
2376340
2376343
2376346
2376347
2376350
2376353
2376356
2376359
2376362
2376365
2376369
2376373
2376374
2376377
2376378
2376381
2376384
2376385
2376388
2376391
2376392
2376393
2376394
2376395
2376396
2376397
2376400
2376401
2376402
2376405
2376417
2376429
2376442
2376443
2376444
2376445
2376446
2376447
2376448
2376449
2376450
2376451
2376452
2376453
2376454
2376455
2376456
2376457
2376458
2376470
2376482
2376494
2376514
2376515
2376516
2376536
2376555
2376556
2376557
2376558
2376559
2376578
2376597
2376617
2376618
2376619
2376640
2376641
2376642
2376643
2376644
2376645
2376646
2376647
2376648
2376649
2376650
2376651
2376652
2376663
2376672
2376673
2376674
2376675
2376677
2376679
2376681
2376682
2376683
2376684
2376685
2376686
2376688
2376689
2376690
2376691
2376692
2376693
2376695
2376696
2376702
2376703
2376709
2376715
2376716
2376717
2376718
2376724
2376730
2376736
2376742
2376748
2376754
2376760
2376766
2376767
2376773
2376774
2376775
2376776
2376777
2376778
2376779
2376780
2376786
2376787
2376788
2376795
2376801
2376807
2376813
2376814
2376815
2376816
2376817
2376818
2376827
2376828
2376829
2376830
2376831
2376834
2376835
2376836
2376839
2376842
2376845
2376848
2376851
2376854
2376855
2376856
2376857
2376858
2376859
2376862
2376865
2376866
2376867
2376870
2376871
2376872
2376875
2376878
2376887
2376896
2376897
2376898
2376907
2376916
2376917
2376918
2376919
2376920
2376921
2376922
2376923
2376924
2376925
2376926
2376927
2376928
2376938
2376939
2376940
2376941
2376942
2376943
2376944
2376945
2376946
2376947
2376948
2376949
2376950
2376951
2376952
2376953
2376962
2376970
2376971
2376979
2376987
2376988
2376996
2376997
2376998
2376999
2377000
2377001
2377002
2377003
2377011
2377012
2377013
2377021
2377029
2377037
2377038
2377039
2377040
2377048
2377056
2377057
2377058
2377059
2377060
2377068
2377076
2377084
2377085
2377086
2377087
2377088
2377089
2377090
2377091
2377092
2377093
2377094
2377102
2377110
2377118
2377126
2377134
2377135
2377136
2377145
2377146
2377166
2377173
2377174
2377181
2377188
2377195
2377202
2377209
2377210
2377217
2377224
2377225
2377226
2377227
2377228
2377229
2377230
2377231
2377238
2377239
2377246
2377253
2377260
2377267
2377274
2377275
2377282
2377289
2377290
2377297
2377299
2377301
2377303
2377305
2377307
2377309
2377311
2377312
2377314
2377315
2377317
2377319
2377321
2377323
2377325
2377333
2377334
2377335
2377336
2377337
2377338
2377339
2377340
2377341
2377351
2377352
2377353
2377354
2377355
2377357
2377359
2377361
2377363
2377365
2377367
2377369
2377371
2377373
2377374
2377376
2377378
2377380
2377391
2377392
2377393
2377394
2377395
2377396
2377397
2377398
2377399
2377400
2377401
2377402
2377410
2377417
2377418
2377419
2377427
2377428
2377435
2377442
2377450
2377451
2377452
2377453
2377454
2377455
2377456
2377457
2377466
2377467
2377468
2377469
2377477
2377478
2377479
2377480
2377489
2377498
2377506
2377514
2377522
2377530
2377531
2377539
2377540
2377548
2377562
2377563
2377567
2377568
2377569
2377570
2377571
2377575
2377579
2377583
2377584
2377588
2377589
2377590
2377591
2377592
2377593
2377597
2377601
2377602
2377606
2377607
2377608
2377609
2377610
2377611
2377612
2377618
2377620
2377622
2377623
2377624
2377626
2377628
2377630
2377631
2377633
2377634
2377636
2377638
2377644
2377650
2377656
2377662
2377668
2377674
2377687
2377700
2377713
2377714
2377715
2377716
2377717
2377718
2377719
2377720
2377721
2377722
2377723
2377724
2377725
2377726
2377727
2377728
2377741
2377742
2377743
2377744
2377745
2377746
2377747
2377760
2377773
2377774
2377787
2377800
2377831
2377832
2377833
2377834
2377835
2377836
2377837
2377838
2377839
2377840
2377841
2377842
2377843
2377844
2377845
2377846
2377847
2377848
2377849
2377850
2378632
2379767
2380710
2380711
2380712
2381689
2381690
2381691
2381692
2381693
2382445
2382446
2382800
2382801
2382803
2382804
2382806
2382808
2382809
2382810
2382812
2382814
2382815
2382817
2382818
2382820
2382821
2382823
2382824
2382826
2382828
2382830
2382832
2382834
2382836
2382838
2382840
2382842
2382843
2382845
2382847
2382849
2382851
2382852
2382853
2383208
2383487
2383764
2384052
2384329
2384606
2385171
2385172
2385173
2385174
2385175
2385176
2385177
2385178
2385179
2385180
2385181
2385182
2385183
2385184
2385185
2385186
2386301
2386821
2386822
2386823
2386824
2386825
2386826
2386827
2386833
2386839
2386845
2386851
2386857
2386858
2386859
2386860
2386861
2386867
2386873
2386874
2386880
2386881
2386887
2386888
2386894
2386895
2386901
2386907
2386913
2386919
2386925
2386927
2386928
2386929
2386930
2386931
2386932
2386934
2386936
2386938
2386939
2386940
2386942
2386943
2386944
2386945
2386947
2386953
2386959
2386965
2386971
2386973
2386975
2386977
2386979
2386981
2386983
2386984
2386985
2386987
2386989
2386991
2386993
2386995
2386997
2386999
2387001
2387002
2387003
2387004
2387010
2387016
2387017
2387018
2387019
2387020
2387021
2387022
2387023
2387024
2387025
2387026
2387027
2387033
2387034
2387035
2387036
2387037
2387038
2387039
2387040
2387041
2387042
2387043
2387044
2387050
2387056
2387062
2387068
2387069
2387075
2387081
2387087
2387093
2387099
2387105
2387111
2387117
2387568
2387569
2387570
2387571
2387572
2387573
2387574
2387575
2387576
2387577
2387580
2387581
2387582
2387583
2387586
2387587
2387588
2387591
2387592
2387593
2387594
2387595
2387596
2387597
2387600
2387601
2387602
2387603
2387604
2387605
2387606
2387609
2387612
2387615
2387616
2387619
2387620
2387621
2387622
2387623
2387624
2387627
2387628
2387631
2387634
2387635
2387636
2387639
2387640
2387643
2387646
2387647
2387650
2387653
2387656
2387657
2387658
2387659
2387660
2387661
2387664
2388060
2388061
2388371
2388554
2388737
2388738
2388923
2388924
2388925
2389125
2389126
2389310
2389311
2389312
2389459
2389605
2390001
2390004
2390007
2390010
2390011
2390012
2390013
2390014
2390015
2390017
2390019
2390020
2390022
2390023
2390026
2390027
2390030
2390031
2390032
2390033
2390034
2390037
2390040
2390041
2390044
2390047
2390048
2390049
2390052
2390053
2390054
2390055
2390056
2390057
2390058
2390061
2390064
2390067
2390070
2390073
2390076
2390079
2390082
2390083
2390084
2390085
2390086
2390089
2390092
2390095
2390098
2390099
2390102
2390103
2390106
2390109
2390112
2390115
2390116
2390117
2390118
2390119
2390120
2390121
2391525
2393731
2395568
2396837
2397969
2397970
2399237
2400510
2402584
2402585
2402586
2402587
2402588
2404571
2406709
2408535
2410326
2411921
2413205
2414559
2416006
2419152
2419153
2419154
2419302
2419303
2419304
2419452
2419453
2419454
2419455
2419456
2419457
2419458
2419459
2419460
2419461
2419462
2419463
2419464
2419465
2419466
2419467
2419468
2419469
2419470
2419471
2419472
2419541
2419657
2419658
2419659
2419660
2419661
2419662
2419663
2419664
2419665
2419666
2419667
2419668
2419669
2419670
2419671
2419672
2419673
2419870
2419974
2419975
2419976
2419977
2419978
2419979
2419980
2419981
2419982
2419983
2419984
2419985
2419986
2420240
2420244
2420245
2420246
2420247
2420248
2420249
2420250
2420254
2420255
2420256
2420257
2420258
2420259
2420260
2420261
2420265
2420266
2420267
2420268
2420269
2420270
2420271
2420272
2420273
2420277
2420280
2420283
2420286
2420289
2420292
2420293
2420296
2420299
2420300
2420303
2420304
2420307
2420310
2420313
2420316
2420317
2420318
2420319
2420320
2420324
2420328
2420329
2420333
2420337
2420339
2420341
2420343
2420344
2420345
2420347
2420349
2420350
2420352
2420353
2420354
2420355
2420356
2420360
2420364
2420368
2420372
2420376
2420380
2420381
2420385
2420423
2420428
2420429
2420430
2420431
2420436
2420441
2420442
2420443
2420444
2420445
2420446
2420451
2420456
2420461
2420462
2420463
2420464
2420465
2420466
2420467
2420472
2420477
2420480
2420481
2420482
2420483
2420486
2420487
2420490
2420491
2420494
2420497
2420498
2420499
2420500
2420501
2420502
2420505
2420506
2420511
2420516
2420517
2420518
2420519
2420520
2420525
2420526
2420527
2420528
2420529
2420530
2420531
2420532
2420536
2420537
2420538
2420539
2420540
2420541
2420542
2420547
2420552
2420557
2420558
2420563
2420564
2420569
2420570
2420571
2420572
2420573
2420574
2420579
2420580
2420581
2420582
2420587
2420618
2420659
2420698
2420737
2420777
2420796
2420797
2420798
2420814
2420815
2420816
2420817
2420818
2420819
2420820
2420821
2420822
2420823
2420824
2420825
2420826
2420844
2420883
2420943
2421003
2421063
2421122
2421192
2421250
2421251
2421307
2421365
2421412
2421413
2421414
2421461
2421507
2421553
2421598
2421644
2421645
2421646
2421694
2421742
2421787
2421845
2421902
2421959
2421960
2421961
2421962
2421963
2421964
2421965
2421966
2422012
2422279
2422522
2422523
2422767
2423015
2423255
2423256
2423492
2423749
2423997
2423998
2424240
2424498
2424499
2424502
2424503
2424506
2424509
2424512
2424515
2424516
2424517
2424518
2424519
2424522
2424525
2424528
2424529
2424532
2424535
2424538
2424541
2424542
2424543
2424544
2424545
2424546
2424549
2424551
2424553
2424554
2424555
2424556
2424557
2424559
2424560
2424562
2424566
2424567
2424569
2424571
2424572
2424573
2424575
2424576
2424577
2424578
2424580
2424582
2424586
2424590
2424594
2424598
2424601
2424605
2424609
2424613
2424673
2424674
2424675
2424676
2424677
2424678
2424679
2424680
2424681
2424682
2424683
2424684
2424685
2424686
2424721
2424757
2424793
2424794
2424795
2424830
2424866
2424902
2424940
2424944
2424948
2424952
2424956
2424960
2424964
2424968
2424972
2424976
2424977
2424978
2424979
2424980
2424981
2424982
2424986
2424990
2424994
2424998
2425002
2425006
2425010
2425011
2425012
2425013
2425014
2425015
2425016
2425020
2425021
2425022
2425023
2425027
2425031
2425032
2425036
2425040
2425044
2425048
2425052
2425053
2425054
2425055
2425059
2425063
2425067
2425071
2425075
2425076
2425077
2425078
2425082
2425083
2425084
2425085
2425086
2425087
2425088
2425092
2425096
2425100
2425104
2425105
2425106
2425110
2425114
2425115
2425116
2425117
2425118
2425119
2425123
2425127
2425131
2425132
2425133
2425134
2425135
2425136
2425137
2425138
2425142
2425143
2425144
2425145
2425149
2425153
2425154
2425155
2425156
2425157
2425214
2425219
2425224
2425229
2425234
2425235
2425236
2425237
2425238
2425243
2425248
2425253
2425258
2425259
2425264
2425265
2425269
2425270
2425274
2425275
2425279
2425283
2425284
2425288
2425289
2425293
2425297
2425301
2425305
2425309
2425313
2425317
2425321
2425325
2425329
2425333
2425337
2425341
2425342
2425346
2425351
2425356
2425361
2425362
2425363
2425364
2425365
2425370
2425375
2425376
2425377
2425378
2425379
2425384
2425389
2425390
2425391
2425392
2425393
2425394
2425395
2425396
2425397
2425398
2425403
2425408
2425409
2425410
2425411
2425413
2425415
2425417
2425419
2425421
2425423
2425425
2425427
2425429
2425434
2425439
2425444
2425445
2425450
2425451
2425456
2425461
2425466
2425471
2425476
2425477
2425478
2425483
2425488
2425493
2425539
2425540
2425553
2425565
2425566
2425578
2425590
2425602
2425614
2425626
2425627
2425628
2425640
2425652
2425665
2425666
2425667
2425668
2425669
2425670
2425671
2425672
2425673
2425687
2425689
2425691
2425693
2425695
2425696
2425697
2425699
2425700
2425701
2425703
2425705
2425707
2425709
2425711
2425712
2425713
2425715
2425717
2425719
2425721
2425723
2425725
2425727
2425729
2425731
2425733
2425735
2425737
2425750
2425751
2425752
2425753
2425754
2425755
2425756
2425757
2425758
2425771
2425784
2425799
2425815
2425818
2425821
2425824
2425827
2425830
2425833
2425836
2425839
2425842
2425843
2425844
2425847
2425848
2425851
2425854
2425855
2425858
2425860
2425861
2425863
2425864
2425866
2425868
2425870
2425872
2425874
2425876
2425878
2425880
2425882
2425884
2425885
2425887
2425899
2425911
2425923
2425935
2425936
2425948
2425960
2426035
2426036
2426040
2426041
2426042
2426046
2426050
2426054
2426055
2426059
2426063
2426067
2426068
2426072
2426076
2426080
2426084
2426085
2426089
2426093
2426094
2426095
2426099
2426103
2426107
2426111
2426115
2426116
2426117
2426118
2426119
2426120
2426121
2426122
2426123
2426128
2426131
2426134
2426137
2426140
2426143
2426146
2426147
2426150
2426153
2426154
2426157
2426158
2426159
2426160
2426161
2426164
2426167
2426168
2426169
2426172
2426173
2426174
2426175
2426188
2426191
2426192
2426195
2426198
2426201
2426204
2426207
2426210
2426213
2426216
2426219
2426222
2426225
2426228
2426231
2426234
2426237
2426240
2426241
2426242
2426245
2426248
2426251
2426254
2426255
2426256
2426257
2426258
2426259
2426262
2426265
2426266
2426267
2426268
2426269
2426270
2426283
2426284
2426296
2426308
2426320
2426321
2426333
2426345
2426347
2426349
2426350
2426351
2426353
2426355
2426357
2426359
2426361
2426363
2426365
2426367
2426369
2426370
2426372
2426374
2426376
2426378
2426379
2426390
2426402
2426414
2426488
2426552
2426553
2426617
2426681
2426745
2426809
2426873
2426937
2427001
2427064
2427065
2427066
2427067
2427068
2427069
2427070
2427071
2427072
2427073
2427074
2427138
2427139
2427209
2427229
2427230
2427231
2427232
2427252
2427253
2427254
2427274
2427275
2427295
2427315
2427335
2427355
2427375
2427376
2427377
2427378
2427379
2427398
2427417
2427418
2427437
2427456
2427457
2427458
2427459
2427460
2427461
2427464
2427465
2427466
2427467
2427468
2427471
2427474
2427475
2427476
2427477
2427480
2427483
2427486
2427487
2427488
2427489
2427492
2427495
2427496
2427497
2427498
2427499
2427500
2427503
2427506
2427509
2427510
2427513
2427516
2427519
2427520
2427523
2427524
2427527
2427528
2427547
2427548
2427549
2427550
2427624
2427625
2427697
2427769
2427840
2427912
2427913
2427914
2427915
2427916
2427917
2427918
2427919
2427920
2428076
2428196
2428316
2428317
2428318
2428319
2428320
2428321
2428440
2428582
2428724
2428725
2428726
2428727
2428728
2428729
2428730
2428735
2428740
2428745
2428746
2428751
2428756
2428758
2428760
2428761
2428763
2428765
2428766
2428768
2428770
2428772
2428774
2428775
2428776
2428777
2428783
2428788
2428793
2428795
2428797
2428799
2428801
2428803
2428805
2428807
2428809
2428811
2428812
2428814
2428815
2428820
2428821
2428822
2428823
2428824
2428825
2428826
2428827
2428828
2428829
2428834
2428839
2428844
2428845
2428850
2428851
2428852
2428853
2428854
2428855
2428856
2428857
2428862
2428867
2428872
2428877
2428878
2428879
2428884
2428890
2428891
2428892
2428893
2428894
2428895
2428896
2428897
2428898
2428899
2428904
2428909
2428914
2428919
2428924
2428929
2428934
2428939
2428944
2428949
2428950
2428951
2428952
2428953
2428954
2428955
2428956
2428957
2428962
2428963
2428964
2428969
2428971
2428972
2428974
2428975
2428977
2428979
2428981
2428983
2428985
2428987
2428989
2428991
2428993
2428994
2428996
2428998
2429003
2429004
2429005
2429006
2429011
2429742
2429743
2429744
2429745
2429746
2429747
2429774
2429797
2429820
2429821
2429822
2429823
2429824
2429826
2429827
2429829
2429831
2429832
2429833
2429834
2429835
2429837
2429839
2429841
2429843
2429845
2429847
2429849
2429851
2429852
2429854
2429855
2429856
2429858
2429859
2429860
2429862
2429864
2429866
2429868
2429870
2429871
2429899
2429900
2429901
2429902
2429903
2429904
2429905
2429933
2429934
2429962
2429963
2429991
2430019
2430045
2430046
2430072
2430098
2430124
2430150
2430176
2430202
2430230
2430231
2430258
2430285
2430311
2430337
2430364
2430365
2430366
2430367
2430368
2430369
2430370
2430371
2430398
2430425
2430452
2430453
2430480
2430737
2430739
2430740
2430741
2430742
2430743
2430745
2430747
2430748
2430750
2430752
2430753
2430754
2430756
2430758
2430759
2430760
2430762
2430763
2430765
2430766
2430768
2430770
2430772
2430773
2430775
2430777
2430778
2430779
2430780
2430781
2430782
2430783
2430785
2430786
2430787
2430789
2430791
2430793
2430795
2430797
2430799
2430801
2430802
2430803
2430805
2430807
2430809
2430812
2430815
2430818
2430819
2430820
2430823
2430826
2431029
2431030
2431031
2431032
2431224
2431418
2432128
2432129
2432433
2432752
2433081
2433646
2434209
2434554
2434555
2434556
2434557
2435191
2435192
2435193
2435194
2435195
2435196
2435197
2435198
2435199
2435200
2435201
2435202
2435203
2435204
2435205
2435206
2435207
2435208
2436368
2436369
2436370
2436371
2436372
2436373
2436374
2436375
2436376
2436377
2436378
2436408
2436438
2436460
2436482
2436504
2436527
2436549
2436571
2436593
2436615
2436637
2436659
2436682
2436705
2436706
2436707
2436729
2436751
2436773
2436795
2436817
2436840
2436864
2436865
2436889
2436890
2436915
2436940
2436964
2436989
2436990
2437013
2437036
2437059
2437060
2437083
2437084
2437085
2437086
2437087
2437110
2437111
2437135
2437136
2437137
2437138
2437139
2437140
2437173
2437176
2437179
2437180
2437181
2437184
2437187
2437188
2437191
2437192
2437193
2437196
2437197
2437198
2437199
2437200
2437201
2437202
2437203
2437206
2437207
2437208
2437209
2437211
2437212
2437213
2437214
2437215
2437216
2437217
2437219
2437221
2437224
2437227
2437230
2437233
2437234
2437235
2437238
2437241
2437244
2437247
2437248
2437249
2437250
2437253
2437256
2437259
2437292
2437298
2437304
2437310
2437316
2437317
2437323
2437329
2437335
2437336
2437342
2437343
2437344
2437345
2437346
2437347
2437348
2437349
2437350
2437351
2437352
2437353
2437359
2437365
2437371
2437377
2437378
2437379
2437380
2437381
2437382
2437383
2437389
2437390
2437396
2437402
2437408
2437414
2437420
2437426
2437427
2437432
2437433
2437434
2437436
2437438
2437440
2437441
2437442
2437443
2437445
2437447
2437448
2437449
2437451
2437453
2437455
2437456
2437462
2437467
2437468
2437469
2437470
2437471
2437472
2437473
2437478
2437625
2437626
2437713
2437714
2437715
2437716
2437720
2437721
2437725
2437729
2437733
2437734
2437735
2437736
2437740
2437744
2437748
2437749
2437750
2437751
2437752
2437753
2437754
2437758
2437759
2437760
2437761
2437762
2437766
2437769
2437770
2437773
2437774
2437775
2437776
2437777
2437778
2437781
2437782
2437783
2437784
2437785
2437786
2437787
2437788
2437789
2437792
2437795
2437799
2437803
2437804
2437805
2437806
2437807
2437808
2437809
2437810
2437811
2437815
2437819
2437823
2437827
2437831
2437835
2437839
2437843
2437844
2437848
2437852
2437856
2437860
2437861
2437865
2437869
2437873
2437877
2437881
2437885
2437886
2437887
2437888
2437892
2437896
2437955
2437956
2437957
2438105
2438106
2438124
2438142
2438160
2438177
2438194
2438212
2438230
2438248
2438266
2438284
2438285
2438286
2438304
2438321
2438324
2438327
2438328
2438329
2438330
2438331
2438332
2438333
2438336
2438337
2438338
2438339
2438340
2438343
2438345
2438346
2438347
2438348
2438350
2438351
2438352
2438353
2438355
2438356
2438358
2438360
2438362
2438365
2438366
2438367
2438368
2438369
2438370
2438371
2438372
2438375
2438376
2438377
2438378
2438379
2438382
2438383
2438384
2438387
2438390
2438391
2438392
2438395
2438412
2438431
2438447
2438461
2438474
2438487
2438500
2438513
2438514
2438515
2438528
2438541
2438554
2438555
2438556
2438569
2438570
2438571
2438584
2438585
2438586
2438587
2438588
2438589
2438591
2438593
2438594
2438596
2438597
2438598
2438600
2438601
2438602
2438604
2438606
2438608
2438610
2438611
2438612
2438613
2438628
2438643
2438658
2438673
2438688
2438703
2438718
2438733
2438748
2438763
2438764
2438779
2438794
2438795
2438796
2438817
2438837
2438857
2438858
2438859
2438860
2438861
2438880
2438899
2438900
2438901
2438902
2438903
2438923
2438943
2438944
2438945
2438946
2438966
2438967
2438984
2438985
2438986
2438987
2438988
2439004
2439020
2439037
2439038
2439039
2439040
2439041
2439042
2439043
2439044
2439045
2439046
2439047
2439048
2439065
2439089
2439093
2439097
2439101
2439105
2439109
2439113
2439117
2439121
2439125
2439126
2439128
2439129
2439131
2439132
2439133
2439134
2439136
2439137
2439138
2439139
2439140
2439142
2439146
2439150
2439152
2439154
2439156
2439158
2439160
2439162
2439164
2439166
2439168
2439169
2439170
2439171
2439172
2439176
2439180
2439184
2439188
2439189
2439190
2439191
2439192
2439193
2439194
2439198
2439203
2439204
2439206
2439207
2439208
2439210
2439212
2439213
2439215
2439216
2439217
2439218
2439220
2439273
2439295
2439296
2439297
2439298
2439300
2439301
2439302
2439303
2439305
2439307
2439309
2439311
2439313
2439314
2439315
2439317
2439319
2439321
2439322
2439323
2439325
2439327
2439329
2439330
2439331
2439333
2439335
2439337
2439339
2439341
2439343
2439345
2439369
2439370
2439371
2439372
2439373
2439396
2439419
2439420
2439421
2439422
2439423
2439446
2439447
2439471
2439472
2439473
2439476
2439479
2439482
2439483
2439484
2439485
2439488
2439491
2439492
2439495
2439496
2439497
2439500
2439503
2439504
2439505
2439506
2439509
2439512
2439513
2439514
2439517
2439520
2439521
2439524
2439525
2439526
2439529
2439530
2439531
2439532
2439533
2439536
2439537
2439538
2439539
2439542
2439551
2439558
2439565
2439573
2439574
2439575
2439576
2439577
2439578
2439579
2439580
2439581
2439589
2439590
2439591
2439592
2439593
2439594
2439595
2439596
2439597
2439604
2439612
2439613
2439614
2439615
2439616
2439617
2439618
2439619
2439620
2439621
2439622
2439630
2439638
2439641
2439644
2439647
2439650
2439653
2439656
2439657
2439660
2439661
2439664
2439667
2439669
2439671
2439673
2439675
2439676
2439677
2439678
2439681
2439684
2439687
2439690
2439693
2439696
2439699
2439702
2439703
2439944
2439945
2439988
2439989
2439990
2439991
2439992
2439993
2439994
2439995
2439996
2439997
2439998
2439999
2440000
2440001
2440002
2440003
2440004
2440005
2440006
2440007
2440008
2440009
2440052
2440108
2440109
2440110
2440160
2440210
2440211
2440213
2440215
2440216
2440218
2440219
2440220
2440221
2440222
2440223
2440226
2440229
2440230
2440231
2440234
2440237
2440240
2440243
2440244
2440245
2440248
2440251
2440254
2440257
2440260
2440263
2440264
2440265
2440266
2440267
2440270
2440273
2440276
2440279
2440282
2440285
2440286
2440287
2440288
2440291
2440294
2440297
2440318
2440319
2440320
2440321
2440323
2440325
2440327
2440329
2440331
2440332
2440334
2440336
2440338
2440340
2440341
2440343
2440344
2440345
2440347
2440349
2440351
2440352
2440354
2440355
2440357
2440431
2440474
2440516
2440552
2440553
2440554
2440555
2440556
2440557
2440558
2440559
2440560
2440561
2440597
2440660
2440714
2440764
2440765
2440766
2440767
2440824
2440825
2440826
2440827
2440828
2440829
2440830
2440831
2440832
2440833
2440834
2440835
2440836
2440837
2440838
2440839
2440840
2440841
2440842
2440843
2440844
2440845
2440887
2440888
2440889
2440890
2440891
2440892
2440893
2440894
2440952
2441014
2441076
2441275
2441468
2441469
2441659
2441844
2441845
2441987
2442127
2442128
2443403
2443467
2443472
2443477
2443482
2443487
2443492
2443493
2443494
2443495
2443496
2443497
2443498
2443503
2443508
2443509
2443510
2443511
2443512
2443513
2443518
2443519
2443524
2443525
2443526
2443527
2443532
2443533
2443534
2443535
2443540
2443545
2443550
2443555
2443560
2443565
2443570
2443571
2443572
2443573
2443574
2443575
2443580
2443581
2443582
2443583
2443588
2443589
2443590
2443591
2443592
2443593
2443598
2443599
2443600
2443601
2443602
2443603
2443604
2443605
2443610
2443611
2443612
2443613
2443614
2443615
2443620
2443643
2443645
2443646
2443647
2443649
2443651
2443652
2443653
2443655
2443657
2443659
2443662
2443665
2443668
2443669
2443670
2443671
2443674
2443676
2443678
2443680
2443681
2443682
2443683
2443684
2443686
2443687
2443688
2443689
2443690
2443692
2443693
2443695
2443696
2443711
2443712
2443727
2443728
2443743
2443758
2443773
2443784
2443795
2443806
2443817
2443818
2443819
2443820
2443821
2443832
2443843
2443845
2443847
2443849
2443851
2443853
2443854
2443855
2443857
2443859
2443861
2443863
2443865
2443867
2443869
2443870
2443872
2443874
2443876
2443878
2443880
2443881
2443882
2443883
2443884
2443885
2443886
2443888
2443889
2443890
2443891
2443892
2443893
2443894
2443896
2443898
2443900
2443902
2443904
2443906
2443922
2443923
2443924
2443925
2443926
2443934
2443942
2443950
2443958
2443966
2443974
2443982
2443990
2443998
2443999
2444000
2444001
2444002
2444003
2444007
2444008
2444009
2444010
2444013
2444016
2444019
2444022
2444025
2444028
2444029
2444030
2444033
2444036
2444039
2444040
2444041
2444042
2444043
2444047
2444055
2444056
2444064
2444072
2444080
2444088
2444096
2444104
2444105
2444106
2444107
2444108
2444109
2444110
2444113
2444114
2444115
2444116
2444117
2444118
2444119
2444122
2444125
2444128
2444131
2444134
2444137
2444138
2444141
2444144
2444145
2444146
2444154
2444155
2444163
2444164
2444165
2444173
2444181
2444189
2444217
2444219
2444220
2444221
2444223
2444225
2444227
2444229
2444230
2444231
2444233
2444234
2444235
2444237
2444239
2444241
2444243
2444245
2444250
2444251
2444256
2444261
2444262
2444263
2444268
2444273
2444278
2444279
2444284
2444285
2444290
2444291
2444293
2444294
2444295
2444296
2444297
2444299
2444301
2444303
2444304
2444305
2444307
2444312
2444317
2444322
2444327
2444328
2444329
2444334
2444339
2444344
2444349
2444350
2444355
2444368
2444369
2444370
2444371
2444372
2444373
2444374
2444375
2444376
2444377
2444378
2444391
2444392
2444393
2444394
2444395
2444396
2444397
2444398
2444399
2444400
2444401
2444402
2444403
2444404
2444420
2444421
2444423
2444425
2444426
2444428
2444430
2444431
2444433
2444435
2444437
2444438
2444440
2444442
2444443
2444444
2444446
2444448
2444450
2444452
2444454
2444455
2444456
2444484
2444489
2444490
2444495
2444500
2444505
2444510
2444515
2444520
2444525
2444527
2444528
2444529
2444531
2444533
2444535
2444537
2444539
2444541
2444543
2444544
2444545
2444550
2444555
2444560
2444565
2444570
2444571
2444572
2444575
2444578
2444581
2444584
2444585
2444586
2444587
2444590
2444593
2444594
2444595
2444596
2444599
2444602
2444605
2444608
2444609
2444610
2444611
2444612
2444613
2444614
2444615
2444616
2444619
2444622
2444625
2444667
2444668
2444669
2444670
2444671
2444672
2444673
2444678
2444679
2444684
2444689
2444694
2444699
2444704
2444709
2444710
2444711
2444712
2444713
2444718
2444719
2444720
2444725
2444726
2444727
2444728
2444729
2444730
2444731
2444732
2444733
2444738
2444743
2444744
2444749
2444750
2444755
2444760
2444765
2444770
2444775
2444780
2444781
2444782
2444783
2444788
2444793
2444794
2444795
2444800
2444802
2444803
2444805
2444806
2444807
2444808
2444810
2444812
2444814
2444816
2444818
2444820
2444821
2444822
2444824
2444825
2444826
2444831
2444832
2444833
2444834
2444835
2444836
2444837
2444838
2444839
2444840
2444841
2444883
2444884
2444885
2444886
2444887
2444928
2444930
2444931
2444932
2444933
2444934
2444936
2444938
2444939
2444941
2444943
2444945
2444947
2444949
2444950
2444951
2444953
2444955
2444956
2444957
2444959
2444961
2444963
2444965
2444967
2444968
2444970
2444971
2444973
2444974
2444975
2444976
2444977
2445037
2445042
2445043
2445044
2445049
2445052
2445053
2445054
2445055
2445058
2445061
2445062
2445065
2445068
2445069
2445070
2445071
2445072
2445075
2445076
2445079
2445082
2445085
2445088
2445091
2445094
2445095
2445096
2445097
2445100
2445101
2445102
2445103
2445106
2445109
2445110
2445111
2445112
2445113
2445116
2445117
2445120
2445124
2445125
2445126
2445127
2445129
2445130
2445132
2445133
2445135
2445137
2445139
2445141
2445143
2445144
2445145
2445149
2445150
2445154
2445158
2445159
2445160
2445161
2445165
2445166
2445170
2445171
2445175
2445179
2445180
2445184
2445188
2445192
2445196
2445200
2445204
2445205
2445206
2445210
2445260
2445261
2445262
2445266
2445270
2445271
2445272
2445273
2445274
2445276
2445277
2445278
2445279
2445280
2445281
2445285
2445289
2445293
2445297
2445301
2445305
2445306
2445307
2445308
2445309
2445313
2445317
2445318
2445319
2445320
2445324
2445328
2445329
2445333
2445337
2445341
2445345
2445349
2445353
2445357
2445361
2445365
2445366
2445367
2445368
2445369
2445370
2445371
2445375
2445379
2445383
2445384
2445385
2445389
2445393
2445397
2445398
2445399
2445403
2445407
2445411
2445470
2445472
2445474
2445476
2445478
2445480
2445482
2445484
2445486
2445488
2445489
2445490
2445492
2445494
2445496
2445498
2445500
2445502
2445504
2445506
2445507
2445508
2445509
2445510
2445511
2445512
2445514
2445516
2445518
2445520
2445521
2445523
2445557
2445558
2445560
2445561
2445563
2445565
2445566
2445567
2445569
2445571
2445573
2445574
2445575
2445577
2445579
2445581
2445583
2445584
2445585
2445586
2445587
2445619
2445652
2445685
2445686
2445687
2445688
2445689
2445690
2445691
2445720
2445752
2445783
2445814
2445846
2445880
2445903
2445904
2445905
2445906
2445907
2445930
2445951
2445972
2445993
2446014
2446036
2446037
2446038
2446060
2446061
2446062
2446084
2446108
2446133
2446157
2446158
2446159
2446182
2446183
2446184
2446207
2446232
2446257
2446282
2446307
2446332
2446357
2446358
2446359
2446360
2446361
2446362
2446363
2446364
2446365
2446366
2446367
2446368
2446369
2446370
2446398
2446399
2446400
2446451
2446454
2446455
2446456
2446457
2446460
2446463
2446466
2446469
2446470
2446473
2446476
2446477
2446478
2446479
2446482
2446485
2446488
2446491
2446494
2446497
2446498
2446499
2446500
2446503
2446506
2446507
2446508
2446509
2446510
2446513
2446516
2446519
2446522
2446523
2446524
2446525
2446528
2446529
2446530
2446531
2446532
2446580
2446626
2446672
2446719
2446766
2446814
2446815
2446816
2446817
2446818
2446819
2446820
2446821
2446822
2446823
2446881
2446882
2446883
2446884
2446889
2446894
2446895
2446900
2446901
2446902
2446907
2446912
2446914
2446916
2446918
2446920
2446922
2446924
2446925
2446926
2446928
2446930
2446932
2446934
2446936
2446940
2446944
2446948
2446949
2446950
2446954
2446958
2446962
2446966
2446970
2446974
2446978
2446982
2446983
2446984
2446985
2446986
2446987
2446988
2446992
2446996
2447000
2447001
2447002
2447003
2447013
2447022
2447031
2447040
2447049
2447058
2447067
2447076
2447085
2447094
2447103
2447112
2447114
2447116
2447118
2447120
2447122
2447123
2447125
2447127
2447129
2447130
2447132
2447135
2447138
2447139
2447140
2447141
2447142
2447143
2447146
2447149
2447152
2447153
2447154
2447155
2447156
2447157
2447158
2447159
2447160
2447163
2447166
2447169
2447170
2447173
2447183
2447188
2447193
2447198
2447203
2447208
2447210
2447212
2447214
2447216
2447217
2447219
2447221
2447222
2447223
2447224
2447226
2447228
2447230
2447235
2447236
2447237
2447238
2447240
2447241
2447242
2447243
2447245
2447247
2447249
2447251
2447253
2447255
2447257
2447259
2447263
2447267
2447268
2447269
2447270
2447271
2447272
2447273
2447277
2447278
2447279
2447280
2447281
2447282
2447337
2447338
2447339
2447340
2447342
2447344
2447345
2447346
2447347
2447348
2447349
2447350
2447352
2447354
2447356
2447358
2447360
2447362
2447364
2447366
2447368
2447405
2447406
2447407
2447408
2447409
2447410
2447411
2447412
2447413
2447414
2447415
2447416
2447417
2447418
2447419
2447420
2447466
2447467
2447468
2447469
2447470
2447471
2447473
2447475
2447477
2447479
2447480
2447482
2447484
2447486
2447487
2447489
2447491
2447492
2447493
2447494
2447495
2447497
2447498
2447499
2447500
2447501
2447503
2447504
2447505
2447507
2447525
2447526
2447527
2447528
2447529
2447530
2447531
2447532
2447533
2447551
2447655
2447716
2447777
2447778
2447779
2447842
2447905
2447969
2447970
2447971
2447972
2448030
2448089
2448154
2448155
2448156
2448157
2448158
2448159
2448160
2448161
2448162
2448163
2448164
2448165
2448166
2448167
2448168
2448169
2448170
2448171
2448172
2448173
2448174
2448253
2448254
2448255
2448256
2448257
2448258
2448259
2448260
2448261
2448262
2448263
2448264
2448265
2448282
2448284
2448286
2448288
2448290
2448292
2448294
2448296
2448297
2448299
2448301
2448305
2448309
2448310
2448314
2448318
2448322
2448323
2448324
2448328
2448330
2448332
2448334
2448336
2448338
2448340
2448342
2448344
2448346
2448348
2448352
2448353
2448354
2448355
2448356
2448360
2448364
2448368
2448372
2448376
2448380
2448381
2448383
2448385
2448386
2448388
2448389
2448390
2448392
2448394
2448396
2448400
2448401
2448402
2448403
2448404
2448405
2448409
2448413
2448430
2448431
2448432
2448433
2448434
2448435
2448436
2448437
2448438
2448439
2448440
2448441
2448442
2448458
2448474
2448491
2448511
2448512
2448513
2448514
2448517
2448518
2448519
2448520
2448523
2448526
2448529
2448532
2448535
2448538
2448541
2448542
2448543
2448544
2448547
2448550
2448551
2448552
2448555
2448556
2448557
2448560
2448561
2448562
2448563
2448564
2448567
2448568
2448571
2448574
2448575
2448577
2448579
2448581
2448582
2448584
2448586
2448587
2448589
2448591
2448594
2448597
2448600
2448603
2448606
2448609
2448612
2448615
2448618
2448636
2448654
2448671
2448688
2448706
2448724
2448725
2448744
2448763
2448782
2448783
2448784
2448785
2448786
2448787
2448788
2448789
2448790
2448791
2448826
2448858
2448890
2448891
2448892
2448893
2448894
2448895
2448896
2448926
2448956
2448986
2448987
2448988
2449019
2449049
2449079
2449109
2449139
2449170
2449205
2449206
2449207
2449237
2449266
2449296
2449297
2449298
2449299
2449300
2449301
2449621
2449622
2449623
2449624
2449625
2449626
2449627
2449628
2449629
2449630
2449631
2449632
2449633
2449634
2449635
2449636
2449637
2449638
2449654
2449666
2449678
2449690
2449702
2449713
2449724
2449725
2449726
2449737
2449748
2449749
2449750
2449761
2449772
2449783
2449794
2449805
2449816
2449827
2449839
2449840
2449842
2449843
2449845
2449846
2449848
2449850
2449852
2449854
2449855
2449856
2449857
2449859
2449860
2449861
2449862
2449864
2449865
2449866
2449867
2449879
2449888
2449889
2449898
2449907
2449908
2449909
2449910
2449911
2449912
2449913
2449914
2449915
2449916
2449925
2449934
2449935
2449944
2449953
2449962
2449963
2449972
2449981
2449983
2449985
2449987
2449989
2449991
2449993
2449995
2449996
2449998
2449999
2450000
2450001
2450002
2450004
2450005
2450007
2450008
2450010
2450012
2450014
2450016
2450018
2450020
2450022
2450032
2450033
2450034
2450035
2450036
2450037
2450038
2450039
2450040
2450041
2450042
2450043
2450067
2450068
2450069
2450070
2450071
2450072
2450097
2450098
2450117
2450118
2450119
2450120
2450121
2450122
2450123
2450124
2450125
2450126
2450127
2450128
2450136
2450137
2450138
2450139
2450140
2450141
2450142
2450143
2450144
2450152
2450153
2450154
2450155
2450156
2450157
2450158
2450159
2450160
2450161
2450162
2450163
2450171
2450172
2450173
2450176
2450179
2450180
2450181
2450182
2450185
2450188
2450189
2450190
2450191
2450192
2450193
2450194
2450197
2450200
2450203
2450204
2450207
2450210
2450213
2450216
2450219
2450222
2450223
2450224
2450232
2450239
2450246
2450253
2450260
2450262
2450264
2450266
2450268
2450269
2450270
2450271
2450272
2450274
2450275
2450277
2450279
2450281
2450282
2450283
2450284
2450285
2450292
2450293
2450294
2450295
2450302
2450303
2450304
2450305
2450306
2450313
2450320
2450327
2450334
2450335
2450336
2450337
2450338
2450339
2450340
2450341
2450342
2450343
2450344
2450345
2450497
2450536
2450538
2450539
2450541
2450543
2450545
2450547
2450549
2450551
2450553
2450555
2450557
2450559
2450560
2450562
2450564
2450566
2450568
2450569
2450570
2450571
2450573
2450574
2450576
2450577
2450579
2450581
2450583
2450584
2450585
2450586
2450587
2450589
2450591
2450593
2450595
2450596
2450597
2450598
2450599
2450601
2450603
2450605
2450607
2450609
2450611
2450650
2450651
2450652
2450653
2450654
2450655
2450656
2450657
2450658
2450659
2450660
2450661
2450662
2450663
2450664
2450665
2450666
2450707
2450736
2450760
2450761
2450784
2450803
2450821
2450839
2450840
2450841
2450842
2450843
2450861
2450862
2450880
2450898
2450916
2450917
2450935
2450953
2450954
2450972
2450990
2450991
2451009
2451030
2451053
2451054
2451077
2451100
2451101
2451102
2451103
2451104
2451105
2451106
2451107
2451108
2451109
2451110
2451133
2451134
2451135
2451137
2451138
2451139
2451141
2451142
2451144
2451146
2451148
2451149
2451150
2451151
2451153
2451154
2451155
2451156
2451158
2451160
2451162
2451164
2451166
2451168
2451170
2451172
2451173
2451174
2451176
2451199
2451221
2451222
2451223
2451224
2451246
2451268
2451290
2451312
2451334
2451385
2451392
2451399
2451406
2451413
2451420
2451427
2451434
2451441
2451448
2451455
2451462
2451466
2451470
2451474
2451475
2451476
2451480
2451481
2451485
2451489
2451493
2451494
2451495
2451496
2451498
2451500
2451501
2451502
2451504
2451506
2451508
2451509
2451513
2451516
2451519
2451520
2451521
2451522
2451525
2451528
2451531
2451535
2451542
2451544
2451546
2451548
2451549
2451550
2451551
2451553
2451555
2451557
2451559
2451560
2451561
2451562
2451563
2451564
2451566
2451567
2451569
2451570
2451572
2451573
2451580
2451581
2451582
2451583
2451585
2451587
2451588
2451590
2451591
2451592
2451593
2451594
2451595
2451597
2451599
2451601
2451605
2451609
2451613
2451614
2451618
2451619
2451620
2451621
2451622
2451623
2451624
2451625
2451629
2451633
2451634
2451635
2451636
2451637
2451638
2451639
2451640
2451641
2451645
2451646
2451647
2451648
2451649
2451650
2451654
2451655
2451656
2451657
2451658
2451659
2451660
2451661
2451669
2451670
2451671
2451673
2451674
2451675
2451677
2451678
2451679
2451681
2451683
2451684
2451686
2451688
2451689
2451690
2451691
2451693
2451698
2451699
2451700
2451701
2451702
2451703
2451704
2451705
2451706
2451707
2451708
2451709
2451752
2451753
2451775
2451797
2451798
2451799
2451806
2451807
2451808
2451809
2451810
2451811
2451818
2451819
2451820
2451821
2451822
2451823
2451824
2451825
2451826
2451827
2451828
2451835
2451836
2451843
2451849
2451855
2451856
2451857
2451858
2451864
2451865
2451866
2451872
2451873
2451879
2451885
2451891
2451897
2451898
2451899
2451900
2451901
2451902
2451903
2451904
2451905
2451906
2451907
2451908
2451909
2451916
2451917
2451924
2451925
2451926
2451927
2451928
2451929
2451936
2451943
2451950
2451951
2451952
2451953
2451959
2451960
2451961
2451962
2451963
2451964
2451965
2451971
2451977
2451983
2451989
2451995
2452001
2452002
2452003
2452004
2452005
2452006
2452012
2452034
2452035
2452036
2452038
2452040
2452042
2452043
2452044
2452045
2452046
2452047
2452049
2452052
2452055
2452058
2452059
2452062
2452065
2452068
2452071
2452074
2452077
2452080
2452083
2452086
2452089
2452090
2452091
2452092
2452095
2452098
2452099
2452100
2452101
2452104
2452105
2452106
2452107
2452110
2452113
2452116
2452494
2452496
2452498
2452499
2452500
2452502
2452504
2452505
2452506
2452508
2452509
2452510
2452511
2452512
2452513
2452515
2452517
2452519
2452520
2452522
2452523
2452524
2452525
2452526
2452528
2452530
2452532
2452533
2452534
2452535
2452536
2452537
2452539
2452785
2453065
2453066
2453067
2453278
2453279
2453280
2453281
2453282
2453283
2453284
2453285
2453286
2453287
2453288
2453289
2453512
2453514
2453516
2453517
2453519
2453521
2453523
2453525
2453527
2453529
2453531
2453532
2453534
2453535
2453537
2453539
2453541
2453543
2453545
2453547
2453549
2453551
2453553
2453555
2453556
2453558
2453559
2453560
2453562
2453564
2453566
2453568
2453570
2453572
2453665
2453667
2453668
2453670
2453672
2453674
2453676
2453678
2453680
2453681
2453682
2453684
2453685
2453687
2453688
2453689
2453690
2453691
2453693
2453694
2453695
2453696
2453697
2453698
2453699
2453701
2453702
2453704
2453706
2453708
2453709
2453711
2453712
2453713
2453714
2453715
2453716
2453913
2453915
2453916
2453918
2453920
2453922
2453923
2453925
2453927
2453929
2453931
2453933
2453935
2453937
2453939
2453941
2453942
2453944
2453946
2453948
2453950
2453952
2453954
2453956
2453958
2453960
2453962
2453964
2453965
2453966
2453968
2454222
2454451
2454452
2454453
2454454
2454455
2454456
2454457
2454458
2454459
2454460
2454461
2454462
2454463
2455039
2455042
2455045
2455046
2455047
2455050
2455052
2455054
2455056
2455058
2455060
2455062
2455064
2455066
2455069
2455072
2455075
2455076
2455077
2455078
2455079
2455082
2455085
2455088
2455091
2455092
2455093
2455094
2455095
2455098
2455101
2455102
2455103
2455104
2455105
2455106
2455107
2455110
2455113
2455116
2455117
2455120
2455123
2455126
2455127
2455128
2455131
2455132
2455133
2455136
2455139
2455142
2455145
2455148
2455149
2455150
2455151
2455152
2455155
2455451
2455452
2455453
2455455
2455457
2455458
2455460
2455462
2455464
2455466
2455468
2455470
2455472
2455473
2455478
2455479
2455480
2455485
2455486
2455487
2455491
2455492
2455493
2455497
2455501
2455505
2455506
2455507
2455511
2455515
2455516
2455517
2455521
2455525
2455526
2455527
2455528
2455529
2455530
2455531
2455532
2455533
2455537
2455539
2455541
2455543
2455545
2455547
2455549
2455551
2455553
2455555
2455556
2455557
2455559
2455561
2455562
2455566
2455567
2455571
2455575
2455576
2455577
2455578
2455579
2455583
2455584
2455585
2455586
2455587
2455591
2455595
2455599
2455603
2455604
2455608
2455609
2455610
2455611
2455615
2455616
2455620
2455621
2455622
2455623
2455624
2455628
2455629
2455633
2455637
2455641
2455642
2455643
2455644
2455648
2455654
2455655
2455656
2455657
2455658
2455659
2455660
2455661
2455662
2455663
2455664
2455670
2455676
2455682
2455688
2455694
2455700
2455706
2455712
2455718
2455724
2455725
2455726
2455727
2455733
2455734
2455735
2455736
2455737
2455738
2455739
2455740
2455746
2455752
2455758
2455764
2455770
2455776
2455782
2455783
2455784
2455785
2455786
2455792
2455798
2455804
2455805
2455811
2455812
2455818
2455824
2455830
2455831
2455837
2455843
2455849
2455851
2455852
2455854
2455856
2455858
2455860
2455861
2455863
2455865
2455867
2455869
2455870
2455871
2455877
2455883
2455884
2455890
2455891
2455892
2455893
2455899
2455905
2455911
2455917
2455923
2455929
2455935
2455941
2455947
2455948
2455949
2455950
2455956
2455957
2455963
2455969
2455970
2455971
2455972
2455978
2455979
2455980
2455981
2455987
2455993
2455994
2455995
2455996
2455997
2456003
2456009
2456015
2456016
2456017
2456018
2456019
2456020
2456021
2456022
2456023
2456024
2456025
2456266
2456267
2456268
2456269
2456270
2456272
2456273
2456274
2456275
2456276
2456277
2456278
2456280
2456282
2456284
2456285
2456286
2456288
2456290
2456291
2456293
2456295
2456297
2456299
2456301
2456303
2456305
2456307
2456308
2456309
2456311
2456313
2456315
2456317
2456319
2456321
2456322
2456324
2456326
2456328
2456330
2456475
2456611
2456749
2456750
2456751
2456752
2456753
2456754
2456755
2456756
2456757
2456758
2456759
2456760
2456761
2456762
2456763
2456888
2456889
2456890
2456891
2456892
2456893
2456894
2456895
2456896
2456897
2456898
2456899
2456900
2456901
2456902
2456903
2457047
2457048
2457049
2457050
2457051
2457052
2457053
2457054
2457055
2457056
2457057
2457058
2457059
2457060
2457061
2457062
2457063
2457064
2457065
2457066
2457067
2457068
2457069
2457070
2457071
2457072
2457209
2457607
2457616
2457617
2457618
2457619
2457620
2457622
2457624
2457625
2457627
2457629
2457630
2457631
2457632
2457634
2457636
2457638
2457640
2457642
2457644
2457645
2457647
2457649
2457650
2457651
2457653
2457655
2457656
2457657
2457658
2457659
2457669
2457670
2457671
2457672
2457673
2457674
2457675
2457685
2457686
2457687
2457688
2457689
2457690
2457700
2457710
2457720
2457729
2457739
2457749
2457759
2457760
2457761
2457762
2457763
2457764
2457765
2457775
2457776
2457777
2457778
2457779
2457780
2457790
2457791
2457792
2457801
2457802
2457803
2457812
2457821
2457822
2457831
2457840
2457841
2457842
2457843
2457844
2457853
2457862
2457871
2457872
2457881
2457884
2457887
2457890
2457891
2457892
2457895
2457896
2457897
2457900
2457903
2457906
2457909
2457912
2457915
2457918
2457921
2457922
2457925
2457928
2457931
2457934
2457937
2457940
2457943
2457946
2457947
2457948
2457949
2457952
2457955
2457963
2457966
2457969
2457972
2457975
2457978
2457981
2457984
2457987
2457990
2457991
2457992
2457995
2457996
2457997
2457998
2457999
2458000
2458003
2458006
2458009
2458010
2458013
2458014
2458015
2458018
2458019
2458022
2458033
2458034
2458037
2458039
2458040
2458042
2458043
2458044
2458045
2458047
2458049
2458051
2458053
2458054
2458056
2458057
2458059
2458060
2458064
2458068
2458069
2458073
2458074
2458075
2458076
2458080
2458084
2458088
2458092
2458096
2458100
2458104
2458108
2458112
2458139
2458140
2458141
2458142
2458143
2458144
2458145
2458146
2458171
2458196
2458221
2458246
2458267
2458288
2458308
2458329
2458330
2458351
2458372
2458373
2458374
2458395
2458416
2458417
2458418
2458419
2458420
2458421
2458422
2458423
2458443
2458463
2458483
2458505
2458506
2458507
2458508
2458536
2458537
2458538
2458539
2458540
2458541
2458542
2458543
2458544
2458545
2458546
2458571
2458572
2458573
2458574
2458575
2458576
2458577
2458578
2458579
2458580
2458581
2458582
2458583
2458584
2458585
2458586
2458612
2458638
2458644
2458650
2458651
2458652
2458653
2458654
2458655
2458656
2458657
2458658
2458664
2458665
2458666
2458672
2458673
2458674
2458675
2458681
2458682
2458683
2458684
2458690
2458691
2458692
2458693
2458694
2458695
2458696
2458702
2458703
2458709
2458710
2458711
2458712
2458715
2458716
2458717
2458718
2458721
2458722
2458725
2458728
2458731
2458734
2458735
2458736
2458739
2458742
2458745
2458748
2458751
2458754
2458760
2458761
2458762
2458763
2458764
2458765
2458766
2458767
2458768
2458769
2458770
2458794
2458796
2458798
2458800
2458802
2458804
2458806
2458808
2458810
2458812
2458814
2458815
2458816
2458817
2458818
2458820
2458822
2458824
2458826
2458828
2458830
2458831
2458832
2458834
2458836
2458838
2458839
2458840
2458841
2458842
2458844
2458846
2458848
2458850
2458852
2458878
2458879
2458880
2458881
2458882
2458883
2458884
2458885
2458886
2458887
2458888
2458889
2458909
2458910
2458930
2458950
2458969
2458988
2459007
2459008
2459027
2459046
2459066
2459086
2459087
2459088
2459089
2459090
2459091
2459111
2459112
2459128
2459129
2459145
2459161
2459177
2459179
2459181
2459182
2459184
2459185
2459186
2459187
2459189
2459191
2459193
2459194
2459195
2459196
2459197
2459198
2459200
2459202
2459204
2459206
2459221
2459245
2459247
2459249
2459251
2459252
2459253
2459255
2459257
2459258
2459259
2459261
2459263
2459267
2459271
2459275
2459279
2459283
2459287
2459291
2459292
2459296
2459300
2459304
2459305
2459306
2459307
2459308
2459309
2459310
2459311
2459312
2459313
2459317
2459323
2459329
2459330
2459331
2459332
2459333
2459334
2459335
2459336
2459337
2459343
2459344
2459345
2459346
2459349
2459352
2459353
2459356
2459359
2459362
2459365
2459368
2459371
2459374
2459375
2459376
2459379
2459382
2459385
2459386
2459387
2459388
2459394
2459395
2459396
2459397
2459398
2459403
2459408
2459413
2459418
2459423
2459424
2459425
2459430
2459431
2459432
2459437
2459442
2459447
2459452
2459457
2459462
2459467
2459472
2459474
2459476
2459477
2459478
2459479
2459481
2459483
2459485
2459487
2459488
2459490
2459491
2459493
2459498
2459524
2459525
2459526
2459527
2459528
2459529
2459530
2459531
2459532
2459533
2459534
2459535
2459536
2459544
2459552
2459560
2459568
2459576
2459584
2459585
2459586
2459587
2459588
2459589
2459590
2459591
2459592
2459600
2459608
2459609
2459610
2459611
2459612
2459613
2459614
2459615
2459616
2459617
2459618
2459619
2459620
2459621
2459629
2459637
2459638
2459639
2459640
2459641
2459642
2459651
2459660
2459669
2459678
2459687
2459696
2459704
2459705
2459706
2459707
2459708
2459716
2459724
2459732
2459733
2459734
2459735
2459736
2459737
2459738
2459746
2459754
2459755
2459756
2459764
2459765
2459773
2459781
2459789
2459797
2459805
2459813
2459821
2459822
2459823
2459831
2459832
2459833
2459846
2459857
2459868
2459869
2459870
2459871
2459874
2459877
2459878
2459879
2459880
2459881
2459884
2459885
2459886
2459887
2459890
2459893
2459896
2459899
2459902
2459903
2459906
2459909
2459912
2459915
2459916
2459917
2459920
2459923
2459925
2459927
2459928
2459929
2459930
2459932
2459934
2459936
2459938
2459941
2459942
2459943
2459954
2459955
2459957
2459958
2459960
2459961
2459963
2459964
2459965
2459967
2459969
2459970
2459971
2459973
2459974
2459976
2459977
2459978
2459980
2459981
2459982
2459984
2459985
2459994
2460002
2460010
2460018
2460026
2460034
2460042
2460050
2460058
2460066
2460068
2460070
2460072
2460074
2460076
2460078
2460080
2460082
2460084
2460086
2460088
2460090
2460092
2460093
2460095
2460097
2460098
2460106
2460107
2460117
2460118
2460119
2460120
2460130
2460140
2460150
2460297
2460376
2460377
2460378
2460379
2460380
2460381
2460382
2460388
2460389
2460390
2460391
2460392
2460393
2460394
2460400
2460406
2460412
2460413
2460419
2460425
2460426
2460427
2460428
2460429
2460435
2460436
2460437
2460438
2460444
2460445
2460446
2460447
2460448
2460454
2460460
2460466
2460472
2460478
2460484
2460490
2460496
2460497
2460498
2460499
2460505
2460511
2460512
2460513
2460514
2460515
2460516
2460517
2460523
2460529
2460530
2460531
2460532
2460533
2460534
2460540
2460546
2460552
2460553
2460559
2460560
2460566
2460572
2460594
2460615
2460636
2460637
2460638
2460639
2460660
2460681
2460702
2460725
2460747
2460765
2460783
2460784
2460802
2460820
2460838
2460857
2460858
2460859
2460860
2460861
2460862
2460863
2460864
2460887
2460908
2460929
2460930
2460951
2460973
2460995
2461017
2461040
2461063
2461064
2461066
2461067
2461069
2461070
2461072
2461073
2461075
2461076
2461078
2461080
2461081
2461083
2461085
2461087
2461089
2461091
2461093
2461095
2461097
2461099
2461101
2461102
2461104
2461106
2461107
2461109
2461111
2461112
2461114
2461154
2461155
2461156
2461157
2461158
2461159
2461160
2461172
2461184
2461185
2461186
2461187
2461188
2461189
2461190
2461202
2461213
2461224
2461235
2461246
2461247
2461248
2461260
2461272
2461273
2461274
2461279
2461284
2461285
2461286
2461287
2461288
2461289
2461290
2461291
2461292
2461293
2461298
2461303
2461308
2461313
2461318
2461323
2461328
2461333
2461334
2461335
2461336
2461337
2461338
2461339
2461344
2461345
2461346
2461347
2461348
2461349
2461354
2461355
2461356
2461357
2461358
2461359
2461360
2461361
2461362
2461363
2461368
2461373
2461378
2461379
2461380
2461381
2461382
2461387
2461388
2461389
2461400
2461411
2461423
2461425
2461427
2461428
2461429
2461431
2461433
2461435
2461437
2461439
2461441
2461443
2461445
2461446
2461447
2461448
2461449
2461451
2461452
2461454
2461455
2461456
2461458
2461459
2461460
2461461
2461462
2461473
2461485
2461486
2461487
2461488
2461489
2461498
2461507
2461508
2461510
2461512
2461513
2461515
2461517
2461519
2461521
2461523
2461525
2461526
2461528
2461530
2461531
2461540
2461541
2461542
2461543
2461544
2461545
2461547
2461549
2461550
2461551
2461552
2461553
2461554
2461556
2461557
2461558
2461559
2461560
2461561
2461568
2461569
2461570
2461571
2461572
2461573
2461574
2461575
2461576
2461577
2461578
2461579
2461586
2461592
2461593
2461594
2461595
2461597
2461599
2461600
2461602
2461603
2461605
2461606
2461607
2461609
2461611
2461613
2461614
2461615
2461617
2461626
2461646
2461648
2461650
2461651
2461652
2461653
2461655
2461656
2461657
2461658
2461660
2461661
2461662
2461663
2461665
2461667
2461669
2461671
2461673
2461675
2461676
2461677
2461678
2461696
2461697
2461715
2461716
2461756
2461757
2461758
2461759
2461760
2461761
2461762
2461763
2461774
2461785
2461796
2461807
2461818
2461829
2461840
2461851
2461852
2461853
2461854
2461855
2461856
2461867
2461868
2461869
2461880
2461891
2461902
2461913
2461914
2461925
2461926
2461937
2461948
2461959
2461970
2461982
2461983
2461984
2461985
2461986
2461987
2461989
2461990
2461992
2461993
2461994
2461995
2461996
2461998
2461999
2462000
2462001
2462003
2462004
2462005
2462006
2462007
2462008
2462010
2462012
2462014
2462016
2462018
2462020
2462021
2462033
2462045
2462046
2462047
2462048
2462049
2462050
2462051
2462063
2462075
2462076
2462077
2462078
2462079
2462080
2462081
2462082
2462083
2462084
2462085
2462086
2462098
2462099
2462100
2462101
2462102
2462113
2462114
2462115
2462116
2462117
2462118
2462119
2462120
2462132
2462134
2462135
2462137
2462138
2462140
2462142
2462143
2462145
2462147
2462149
2462151
2462153
2462154
2462155
2462156
2462158
2462160
2462162
2462164
2462166
2462168
2462170
2462171
2462172
2462173
2462174
2462175
2462177
2462179
2462190
2462201
2462212
2462223
2462234
2462245
2462256
2462268
2462280
2462281
2462282
2462283
2462343
2462345
2462346
2462348
2462349
2462351
2462353
2462354
2462356
2462358
2462360
2462362
2462364
2462366
2462367
2462368
2462370
2462381
2462392
2462403
2462404
2462415
2462426
2462437
2462448
2462459
2462470
2462481
2462492
2462493
2462504
2462505
2462506
2462507
2462508
2462509
2462510
2462511
2462512
2462513
2462514
2462515
2462516
2462517
2462528
2462530
2462532
2462534
2462536
2462538
2462540
2462541
2462543
2462545
2462547
2462549
2462551
2462553
2462554
2462555
2462556
2462557
2462558
2462560
2462562
2462564
2462575
2462586
2462597
2462598
2462599
2462600
2462601
2462602
2462603
2462604
2462605
2462606
2462607
2462608
2462609
2462610
2462611
2462622
2462623
2462624
2462645
2462657
2462669
2462670
2462671
2462672
2462673
2462674
2462675
2462676
2462677
2462688
2462699
2462700
2462701
2462713
2462714
2462715
2462719
2462723
2462727
2462731
2462735
2462739
2462743
2462747
2462751
2462752
2462753
2462757
2462761
2462762
2462763
2462764
2462768
2462769
2462770
2462771
2462772
2462776
2462777
2462781
2462785
2462786
2462790
2462794
2462798
2462802
2462803
2462807
2462811
2462815
2462819
2462823
2462827
2462828
2462832
2462833
2462837
2462841
2462842
2462843
2462855
2462856
2462867
2462868
2462869
2462870
2462871
2462872
2462873
2462874
2462875
2462876
2462877
2462889
2462890
2462891
2462892
2462893
2462894
2462895
2462896
2462897
2462898
2462899
2462900
2462911
2462923
2462924
2462925
2462926
2462927
2462928
2462940
2462952
2462953
2462965
2462966
2462967
2462968
2462969
2462970
2462971
2462972
2462973
2462974
2462975
2462976
2462977
2462978
2462979
2462980
2462981
2462982
2462994
2463006
2463007
2463008
2463009
2463010
2463011
2463358
2463359
2463360
2463361
2463362
2463378
2463379
2463380
2463381
2463382
2463383
2463384
2463385
2463386
2463387
2463388
2463389
2463396
2463403
2463404
2463405
2463406
2463407
2463414
2463420
2463426
2463432
2463433
2463439
2463445
2463451
2463457
2463463
2463469
2463475
2463476
2463477
2463478
2463479
2463480
2463481
2463482
2463483
2463484
2463490
2463491
2463492
2463493
2463494
2463495
2463501
2463502
2463503
2463509
2463510
2463516
2463522
2463528
2463534
2463535
2463536
2463537
2463543
2463549
2463555
2463570
2463571
2463572
2463573
2463589
2463590
2463591
2463592
2463593
2463594
2463595
2463596
2463597
2463598
2463599
2463600
2463601
2463602
2463603
2463604
2463605
2463606
2463622
2463623
2463624
2463625
2463626
2463627
2463642
2463643
2463644
2463645
2463646
2463647
2463663
2463679
2463698
2463713
2463714
2463729
2463730
2463731
2463746
2463749
2463750
2463751
2463752
2463755
2463758
2463761
2463762
2463763
2463764
2463765
2463768
2463771
2463772
2463773
2463774
2463777
2463780
2463781
2463784
2463787
2463790
2463793
2463796
2463799
2463802
2463805
2463808
2463809
2463810
2463811
2463814
2463817
2463832
2463836
2463837
2463841
2463845
2463848
2463849
2463852
2463856
2463860
2463864
2463865
2463866
2463867
2463868
2463869
2463873
2463877
2463878
2463879
2463880
2463884
2463885
2463888
2463891
2463894
2463895
2463898
2463901
2463904
2463907
2463910
2463913
2463916
2463919
2463920
2463921
2463922
2463923
2463926
2463930
2463931
2463932
2463933
2463934
2463935
2463936
2463937
2463938
2463953
2463954
2463955
2463956
2463958
2463960
2463962
2463964
2463965
2463967
2463968
2463970
2463972
2463974
2463975
2463977
2463979
2463981
2463983
2463985
2463986
2463987
2463988
2463990
2463992
2463994
2463996
2463998
2464017
2464018
2464019
2464020
2464021
2464022
2464023
2464024
2464036
2464038
2464039
2464041
2464043
2464045
2464046
2464048
2464050
2464051
2464053
2464054
2464056
2464057
2464059
2464061
2464062
2464063
2464065
2464066
2464068
2464070
2464072
2464074
2464087
2464088
2464089
2464090
2464091
2464092
2464096
2464099
2464102
2464103
2464104
2464105
2464108
2464109
2464112
2464115
2464118
2464121
2464122
2464125
2464128
2464131
2464134
2464137
2464142
2464143
2464144
2464145
2464146
2464147
2464150
2464151
2464152
2464155
2464158
2464161
2464162
2464163
2464164
2464167
2464170
2464173
2464182
2464183
2464192
2464194
2464196
2464197
2464198
2464200
2464202
2464204
2464206
2464208
2464209
2464210
2464211
2464212
2464214
2464216
2464218
2464219
2464228
2464237
2464238
2464239
2464240
2464241
2464242
2464243
2464244
2464245
2464246
2464247
2464248
2464257
2464266
2464275
2464292
2464293
2464294
2464295
2464296
2464297
2464325
2464331
2464332
2464333
2464334
2464340
2464346
2464352
2464353
2464359
2464360
2464361
2464362
2464363
2464364
2464365
2464371
2464377
2464383
2464389
2464395
2464401
2464407
2464413
2464414
2464415
2464421
2464422
2464423
2464424
2464425
2464426
2464427
2464428
2464429
2464435
2464436
2464437
2464438
2464439
2464440
2464441
2464442
2464443
2464444
2464445
2464446
2464452
2464454
2464455
2464456
2464458
2464460
2464461
2464463
2464465
2464466
2464467
2464468
2464469
2464471
2464473
2464474
2464475
2464476
2464482
2464483
2464485
2464487
2464488
2464489
2464490
2464492
2464493
2464494
2464495
2464496
2464497
2464499
2464501
2464503
2464505
2464506
2464512
2464513
2464520
2464527
2464534
2464541
2464548
2464555
2464562
2464569
2464576
2464577
2464578
2464579
2464580
2464581
2464588
2464595
2464602
2464609
2464616
2464617
2464618
2464619
2464620
2464621
2464622
2464623
2464624
2464625
2464626
2464627
2464634
2464641
2464648
2464649
2464656
2464663
2464670
2464677
2464678
2464685
2464903
2464904
2464905
2464906
2464907
2464966
2464967
2464968
2464969
2464970
2464971
2464972
2464973
2464974
2464975
2464976
2464977
2464978
2464979
2464980
2464981
2464982
2464983
2464984
2464985
2464986
2464987
2465085
2465101
2465102
2465103
2465104
2465105
2465121
2465138
2465139
2465140
2465141
2465142
2465143
2465160
2465177
2465194
2465195
2465212
2465229
2465230
2465247
2465264
2465281
2465298
2465316
2465334
2465351
2465369
2465387
2465388
2465389
2465390
2465391
2465392
2465410
2465428
2465429
2465430
2465431
2465432
2465517
2465518
2465519
2465520
2465521
2465522
2465523
2465524
2465525
2465526
2465527
2465528
2465529
2465530
2465531
2465532
2465533
2465566
2465567
2465619
2465620
2465621
2465622
2465623
2465624
2465625
2465626
2465627
2465628
2465629
2465677
2465678
2465679
2465680
2465681
2465682
2465683
2465684
2465685
2465686
2465733
2465781
2465782
2465783
2465784
2465785
2465786
2465787
2465788
2465849
2465850
2465851
2465853
2465854
2465855
2465857
2465859
2465860
2465861
2465862
2465863
2465865
2465867
2465868
2465869
2465870
2465871
2465872
2465874
2465875
2465876
2465877
2465878
2465879
2465881
2465883
2465885
2465886
2465887
2465888
2465889
2465890
2465892
2465894
2465896
2465897
2465899
2465946
2465947
2465948
2465949
2465950
2465951
2465952
2465953
2465954
2465955
2465984
2465985
2465986
2465987
2465988
2465989
2465990
2466020
2466022
2466023
2466025
2466026
2466027
2466028
2466030
2466032
2466033
2466034
2466035
2466037
2466039
2466041
2466042
2466043
2466044
2466045
2466047
2466049
2466051
2466053
2466054
2466055
2466057
2466082
2466083
2466084
2466085
2466109
2466133
2466157
2466181
2466182
2466206
2466230
2466231
2466265
2466266
2466299
2466332
2466364
2466365
2466366
2466367
2466368
2466369
2466370
2466404
2466438
2466529
2466530
2466531
2466532
2466533
2466534
2466535
2466536
2466537
2466538
2466539
2466608
2466683
2466684
2466685
2466686
2466687
2466688
2466689
2466690
2466691
2466692
2466693
2466694
2466695
2466696
2466773
2466816
2466817
2466818
2466819
2466820
2466821
2466822
2466823
2466868
2466869
2466870
2466915
2466960
2467005
2467052
2467130
2467131
2467196
2467197
2467263
2467264
2467265
2467266
2467307
2467308
2467309
2467310
2467311
2467312
2467313
2467314
2467315
2467381
2467382
2467383
2467384
2467447
2467513
2467558
2467559
2467560
2467561
2467562
2467563
2467617
2467664
2467711
2467757
2467758
2467759
2467760
2467761
2467762
2467823
2467999
2468019
2468039
2468055
2468056
2468072
2468088
2468089
2468102
2468103
2468104
2468117
2468130
2468131
2468132
2468133
2468134
2468135
2468136
2468137
2468138
2468139
2468140
2468141
2468142
2468155
2468156
2468157
2468158
2468159
2468160
2468161
2468162
2468163
2468164
2468165
2468166
2468167
2468168
2468169
2468170
2468184
2468185
2468186
2468203
2468204
2468205
2468206
2468207
2468208
2468218
2468228
2468238
2468248
2468258
2468268
2468278
2468288
2468289
2468290
2468291
2468292
2468293
2468303
2468304
2468305
2468306
2468307
2468308
2468309
2468319
2468329
2468339
2468340
2468341
2468342
2468353
2468354
2468355
2468356
2468357
2468358
2468359
2468360
2468378
2468379
2468380
2468381
2468382
2468383
2468384
2468385
2468386
2468396
2468398
2468399
2468401
2468402
2468403
2468405
2468407
2468408
2468410
2468412
2468415
2468418
2468421
2468424
2468427
2468428
2468429
2468430
2468431
2468434
2468439
2468444
2468449
2468454
2468457
2468460
2468463
2468464
2468467
2468470
2468471
2468472
2468473
2468474
2468475
2468478
2468481
2468482
2468483
2468484
2468487
2468490
2468493
2468497
2468498
2468499
2468500
2468504
2468505
2468506
2468510
2468514
2468515
2468519
2468523
2468524
2468525
2468526
2468527
2468528
2468529
2468530
2468531
2468536
2468541
2468546
2468547
2468548
2468549
2468554
2468564
2468579
2468581
2468582
2468584
2468586
2468588
2468589
2468591
2468592
2468593
2468594
2468596
2468598
2468599
2468607
2468608
2468609
2468610
2468611
2468612
2468619
2468626
2468633
2468640
2468647
2468654
2468661
2468662
2468669
2468676
2468677
2468678
2468679
2468686
2468687
2468694
2468695
2468696
2468697
2468704
2468705
2468713
2468721
2468729
2468737
2468745
2468753
2468761
2468769
2468776
2468783
2468790
2468797
2468798
2468799
2468806
2468807
2468808
2468815
2468822
2468829
2468836
2468837
2468844
2468851
2468852
2468859
2468884
2468885
2468886
2468887
2468888
2468889
2468891
2468892
2468893
2468894
2468895
2468896
2468898
2468899
2468901
2468903
2468905
2468906
2468907
2468909
2468910
2468911
2468924
2468928
2468929
2468930
2468931
2468932
2468933
2468934
2468938
2468942
2468946
2468947
2468948
2468952
2468953
2468957
2468961
2468962
2468963
2468964
2468968
2468972
2468973
2468977
2468978
2468981
2468984
2468987
2468990
2468993
2468994
2468995
2468996
2468997
2469000
2469003
2469006
2469007
2469008
2469011
2469014
2469017
2469018
2469019
2469020
2469033
2469035
2469037
2469038
2469039
2469041
2469043
2469045
2469046
2469048
2469050
2469052
2469053
2469054
2469055
2469056
2469058
2469060
2469062
2469064
2469066
2469068
2469070
2469071
2469072
2469074
2469076
2469078
2469080
2469081
2469095
2469096
2469097
2469098
2469099
2469100
2469101
2469108
2469115
2469116
2469120
2469124
2469128
2469132
2469136
2469140
2469141
2469142
2469146
2469150
2469154
2469155
2469156
2469157
2469158
2469159
2469160
2469164
2469168
2469169
2469170
2469171
2469172
2469173
2469174
2469181
2469188
2469196
2469197
2469198
2469206
2469207
2469208
2469216
2469224
2469231
2469238
2469245
2469246
2469247
2469248
2469249
2469250
2469251
2469259
2469260
2469261
2469262
2469263
2469264
2469265
2469266
2469267
2469268
2469269
2469270
2469283
2469284
2469285
2469286
2469287
2469288
2469289
2469304
2469319
2469320
2469335
2469352
2469359
2469366
2469367
2469368
2469369
2469376
2469377
2469379
2469380
2469381
2469382
2469384
2469386
2469388
2469389
2469390
2469391
2469393
2469395
2469397
2469398
2469399
2469400
2469401
2469403
2469405
2469407
2469414
2469415
2469422
2469424
2469426
2469428
2469429
2469430
2469432
2469434
2469436
2469437
2469439
2469441
2469443
2469445
2469452
2469453
2469454
2469455
2469456
2469457
2469458
2469459
2469460
2469461
2469462
2469469
2469476
2469477
2469478
2469479
2469486
2469494
2469498
2469499
2469500
2469501
2469502
2469503
2469504
2469505
2469506
2469507
2469510
2469511
2469512
2469516
2469517
2469518
2469519
2469520
2469521
2469525
2469526
2469527
2469528
2469529
2469530
2469544
2469555
2469556
2469567
2469579
2469591
2469592
2469593
2469594
2469595
2469596
2469597
2469598
2469599
2469602
2469605
2469608
2469609
2469612
2469613
2469614
2469615
2469616
2469617
2469620
2469623
2469626
2469628
2469629
2469631
2469632
2469634
2469636
2469638
2469640
2469642
2469645
2469646
2469648
2469649
2469650
2469652
2469654
2469656
2469658
2469660
2469673
2469674
2469675
2469676
2469677
2469678
2469691
2469699
2469707
2469715
2469723
2469724
2469732
2469740
2469748
2469749
2469750
2469758
2469759
2469767
2469768
2469776
2469777
2469785
2469793
2469801
2469809
2469817
2469825
2469833
2469841
2469849
2469850
2469851
2469852
2469853
2469861
2469869
2469870
2469871
2469879
2469887
2469888
2469889
2469890
2469891
2469892
2469893
2469894
2469895
2469896
2469897
2469898
2469906
2469907
2469908
2469909
2469910
2469911
2469912
2469913
2469921
2469929
2469937
2469945
2469946
2469954
2469962
2469970
2469971
2469972
2469973
2469974
2469977
2469978
2469979
2469980
2469981
2469984
2469985
2469986
2469987
2469988
2469989
2469990
2469991
2469992
2469995
2469996
2469997
2469998
2470001
2470004
2470005
2470008
2470011
2470014
2470017
2470018
2470026
2470027
2470028
2470036
2470037
2470038
2470046
2470054
2470055
2470056
2470057
2470058
2470059
2470060
2470061
2470062
2470070
2470071
2470079
2470087
2470095
2470103
2470111
2470112
2470120
2470121
2470122
2470123
2470124
2470125
2470126
2470127
2470128
2470155
2470158
2470161
2470162
2470163
2470164
2470165
2470166
2470167
2470168
2470171
2470174
2470175
2470176
2470177
2470178
2470179
2470182
2470185
2470188
2470191
2470192
2470193
2470196
2470199
2470202
2470205
2470206
2470207
2470209
2470211
2470213
2470215
2470217
2470219
2470221
2470224
2470227
2470230
2470233
2470236
2470239
2470252
2470253
2470254
2470255
2470256
2470257
2470258
2470261
2470262
2470265
2470266
2470267
2470270
2470273
2470274
2470275
2470276
2470277
2470278
2470281
2470284
2470290
2470291
2470292
2470293
2470294
2470295
2470302
2470308
2470314
2470320
2470321
2470322
2470323
2470324
2470325
2470326
2470327
2470334
2470335
2470336
2470337
2470338
2470339
2470340
2470341
2470342
2470343
2470349
2470350
2470351
2470352
2470353
2470354
2470355
2470356
2470357
2470358
2470364
2470371
2470378
2470384
2470390
2470391
2470392
2470393
2470394
2470395
2470396
2470402
2470408
2470414
2470420
2470426
2470433
2470434
2470435
2470436
2470437
2470438
2470441
2470442
2470445
2470448
2470451
2470453
2470455
2470457
2470459
2470461
2470463
2470465
2470468
2470471
2470472
2470473
2470476
2470483
2470489
2470491
2470493
2470495
2470497
2470499
2470501
2470503
2470505
2470507
2470509
2470511
2470513
2470519
2470520
2470523
2470524
2470525
2470526
2470527
2470528
2470529
2470530
2470531
2470534
2470537
2470540
2470543
2470544
2470545
2470546
2470547
2470550
2470553
2470556
2470563
2470564
2470565
2470566
2470567
2470568
2470569
2470570
2470571
2470572
2470573
2470580
2470581
2470582
2470583
2470584
2470590
2470596
2470597
2470603
2470604
2470605
2470606
2470607
2470608
2470615
2470617
2470618
2470619
2470620
2470621
2470623
2470625
2470627
2470629
2470631
2470633
2470635
2470636
2470637
2470638
2470639
2470640
2470647
2470648
2470649
2470656
2470663
2470670
2470677
2470683
2470684
2470690
2470691
2470697
2470698
2470699
2470700
2470701
2470702
2470703
2470709
2470715
2470721
2470726
2470727
2470732
2470737
2470742
2470747
2470748
2470749
2470754
2470759
2470764
2470769
2470774
2470779
2470784
2470785
2470790
2470795
2470800
2470805
2470810
2470811
2470812
2470813
2470814
2470815
2470816
2470822
2470823
2470824
2470825
2470826
2470832
2470838
2470845
2470846
2470891
2470929
2470967
2471006
2471007
2471045
2471084
2471122
2471161
2471172
2471183
2471193
2471203
2471213
2471223
2471233
2471243
2471254
2471255
2471256
2471257
2471258
2471259
2471260
2471261
2471262
2471263
2471274
2471285
2471286
2471297
2471308
2471311
2471314
2471317
2471320
2471321
2471322
2471325
2471326
2471327
2471328
2471329
2471330
2471331
2471334
2471337
2471340
2471341
2471342
2471343
2471344
2471345
2471348
2471349
2471350
2471351
2471354
2471357
2471360
2471361
2471362
2471363
2471371
2471372
2471377
2471378
2471379
2471384
2471385
2471390
2471391
2471392
2471393
2471394
2471395
2471396
2471401
2471406
2471411
2471416
2471421
2471422
2471423
2471424
2471426
2471428
2471430
2471431
2471433
2471435
2471437
2471439
2471441
2471443
2471445
2471447
2471459
2471460
2471462
2471463
2471464
2471466
2471467
2471468
2471469
2471470
2471471
2471473
2471474
2471475
2471476
2471477
2471478
2471480
2471482
2471483
2471485
2471487
2471489
2471490
2471492
2471493
2471494
2471496
2471498
2471510
2471521
2471532
2471544
2471555
2471566
2471577
2471588
2471599
2471600
2471601
2471612
2471623
2471634
2471645
2471656
2471657
2471661
2471662
2471663
2471664
2471665
2471666
2471667
2471668
2471669
2471673
2471677
2471681
2471685
2471689
2471693
2471697
2471698
2471699
2471700
2471701
2471702
2471706
2471707
2471708
2471709
2471711
2471712
2471713
2471714
2471716
2471717
2471718
2471719
2471723
2471727
2471728
2471732
2471736
2471737
2471738
2471742
2471757
2471759
2471761
2471763
2471765
2471767
2471769
2471770
2471772
2471773
2471776
2471779
2471780
2471783
2471784
2471786
2471788
2471790
2471792
2471793
2471794
2471795
2471796
2471799
2471802
2471805
2471808
2471811
2471812
2471813
2471814
2471815
2471816
2471828
2471832
2471836
2471840
2471842
2471843
2471844
2471845
2471847
2471849
2471850
2471852
2471853
2471855
2471857
2471861
2471862
2471863
2471864
2471868
2471869
2471870
2471871
2471872
2471873
2471874
2471875
2471876
2471880
2471881
2471882
2471883
2471885
2471887
2471888
2471889
2471891
2471892
2471893
2471895
2471899
2471900
2471923
2471943
2471963
2471983
2472003
2472023
2472043
2472062
2472081
2472082
2472083
2472084
2472103
2472104
2472105
2472106
2472125
2472144
2472163
2472183
2472198
2472199
2472200
2472201
2472215
2472216
2472217
2472218
2472233
2472247
2472261
2472262
2472263
2472264
2472280
2472281
2472297
2472313
2472314
2473754
2473755
2473759
2473760
2473761
2473762
2473763
2473764
2473765
2473769
2473773
2473774
2473778
2473782
2473786
2473787
2473788
2473789
2473793
2473797
2473798
2473802
2473806
2473810
2473814
2473818
2473819
2473820
2473821
2473822
2473823
2473824
2473828
2473829
2473833
2473837
2473841
2473842
2473843
2473847
2473851
2473852
2473853
2473855
2473857
2473858
2473860
2473862
2473864
2473866
2473867
2473869
2473874
2473875
2473876
2473877
2473878
2473879
2473880
2473885
2473904
2473921
2473938
2473939
2473940
2473941
2473942
2473950
2473958
2473966
2473974
2473975
2473983
2473984
2473985
2473986
2473987
2473988
2473989
2473990
2473991
2473994
2473995
2473998
2474001
2474002
2474005
2474008
2474011
2474014
2474017
2474018
2474019
2474021
2474022
2474023
2474025
2474026
2474028
2474029
2474037
2474045
2474046
2474047
2474055
2474056
2474057
2474064
2474071
2474079
2474087
2474094
2474095
2474096
2474097
2474098
2474101
2474102
2474103
2474104
2474105
2474106
2474107
2474108
2474109
2474112
2474113
2474114
2474115
2474116
2474117
2474118
2474125
2474126
2474127
2474128
2474129
2474130
2474137
2474138
2474145
2474146
2474153
2474160
2474167
2474174
2474181
2474188
2474195
2474202
2474203
2474204
2474212
2474214
2474216
2474217
2474218
2474219
2474221
2474222
2474224
2474226
2474228
2474229
2474230
2474232
2474234
2474236
2474238
2474248
2474250
2474252
2474253
2474255
2474257
2474259
2474260
2474261
2474262
2474263
2474264
2474266
2474268
2474270
2474271
2474273
2474274
2474275
2474276
2474278
2474287
2474288
2474289
2474290
2474291
2474292
2474293
2474294
2474295
2474296
2474297
2474298
2474299
2474309
2474310
2474311
2474312
2474313
2474314
2474315
2474316
2474317
2474327
2474337
2474338
2474339
2474340
2474341
2474342
2474343
2474344
2474345
2474346
2474347
2474348
2474349
2474350
2474351
2474402
2474403
2474404
2474405
2474448
2474449
2474450
2474451
2474452
2474453
2474454
2474455
2474499
2474500
2474530
2474531
2474562
2474563
2474607
2474608
2474609
2474659
2474660
2474661
2474662
2474663
2474664
2474665
2474666
2474667
2474668
2474669
2474670
2474671
2474672
2474673
2474722
2474723
2474724
2474773
2474824
2474840
2474855
2474856
2474857
2474858
2474859
2474860
2474861
2474862
2474863
2474864
2474865
2474880
2474895
2474896
2474910
2474924
2474925
2474926
2474941
2474942
2474957
2474972
2474987
2475002
2475017
2475032
2475047
2475063
2475064
2475065
2475066
2475067
2475068
2475069
2475070
2475071
2475072
2475073
2475074
2475075
2475076
2475077
2475078
2475079
2475080
2475097
2475099
2475101
2475102
2475103
2475105
2475107
2475109
2475110
2475111
2475113
2475115
2475117
2475118
2475119
2475121
2475123
2475125
2475127
2475129
2475130
2475132
2475134
2475136
2475138
2475140
2475141
2475143
2475144
2475145
2475146
2475148
2475149
2475150
2475151
2475153
2475170
2475171
2475172
2475173
2475174
2475175
2475176
2475178
2475180
2475182
2475184
2475185
2475187
2475189
2475190
2475192
2475193
2475195
2475197
2475199
2475201
2475203
2475205
2475206
2475207
2475208
2475209
2475211
2475227
2475228
2475229
2475230
2475231
2475232
2475233
2475234
2475235
2475236
2475237
2475238
2475239
2475256
2475257
2475258
2475259
2475262
2475265
2475268
2475269
2475270
2475273
2475274
2475275
2475276
2475277
2475278
2475279
2475282
2475283
2475284
2475285
2475286
2475287
2475290
2475293
2475296
2475299
2475300
2475301
2475302
2475303
2475304
2475307
2475308
2475309
2475310
2475311
2475312
2475338
2475341
2475342
2475345
2475346
2475347
2475348
2475349
2475352
2475355
2475358
2475359
2475360
2475361
2475362
2475363
2475364
2475367
2475370
2475371
2475372
2475374
2475376
2475378
2475380
2475382
2475384
2475386
2475388
2475390
2475392
2475395
2475396
2475399
2475400
2475402
2475403
2475404
2475405
2475407
2475409
2475411
2475412
2475414
2475416
2475443
2475446
2475449
2475452
2475455
2475458
2475460
2475462
2475464
2475466
2475468
2475469
2475470
2475471
2475472
2475474
2475477
2475478
2475481
2475482
2475485
2475486
2475487
2475488
2475489
2475492
2475495
2475496
2475497
2475498
2475499
2475500
2475501
2475502
2475503
2475506
2475509
2475510
2475511
2475512
2475513
2475516
2475517
2475518
2475519
2475520
2475521
2475524
2475525
2475528
2475531
2475534
2475535
2475538
2475563
2475564
2475565
2475566
2475590
2475591
2475592
2475616
2475640
2475641
2475642
2475666
2475690
2475714
2475715
2475748
2475749
2475750
2475751
2475752
2475753
2475761
2475769
2475777
2475778
2475779
2475780
2475781
2475782
2475789
2475796
2475797
2475798
2475799
2475800
2475801
2475802
2475803
2475804
2475805
2475806
2475807
2475808
2475816
2475817
2475818
2475819
2475820
2475828
2475829
2475835
2475836
2475842
2475848
2475849
2475850
2475851
2475852
2475853
2475854
2475855
2475856
2475857
2475863
2475864
2475865
2475866
2475867
2475874
2475875
2475876
2475877
2475878
2475879
2475886
2475887
2475893
2475899
2475905
2475906
2475907
2475913
2475919
2475920
2475921
2475922
2475928
2475934
2475940
2475946
2475952
2475958
2475959
2475965
2475966
2475967
2475968
2475969
2475970
2475976
2475982
2475984
2475986
2475988
2475990
2475992
2475994
2475996
2475998
2475999
2476000
2476001
2476002
2476004
2476005
2476006
2476007
2476008
2476010
2476016
2476017
2476018
2476019
2476020
2476026
2476027
2476028
2476029
2476035
2476044
2476048
2476052
2476056
2476057
2476058
2476059
2476063
2476064
2476065
2476066
2476067
2476071
2476075
2476079
2476081
2476083
2476084
2476085
2476086
2476088
2476090
2476092
2476094
2476096
2476098
2476099
2476100
2476101
2476105
2476106
2476107
2476108
2476109
2476110
2476111
2476112
2476116
2476120
2476124
2476128
2476132
2476141
2476150
2476151
2476152
2476161
2476162
2476163
2476172
2476181
2476182
2476183
2476184
2476193
2476194
2476205
2476208
2476211
2476214
2476217
2476220
2476221
2476222
2476224
2476225
2476226
2476228
2476230
2476232
2476233
2476236
2476239
2476242
2476243
2476246
2476249
2476250
2476253
2476256
2476259
2476260
2476261
2476262
2476263
2476266
2476269
2476270
2476271
2476272
2476275
2476557
2476558
2476559
2476560
2476566
2476567
2476568
2476569
2476570
2476576
2476582
2476583
2476584
2476585
2476586
2476587
2476588
2476589
2476590
2476591
2476596
2476597
2476598
2476599
2476600
2476601
2476602
2476607
2476608
2476609
2476610
2476611
2476612
2476613
2476614
2476615
2476616
2476617
2476622
2476623
2476628
2476629
2476634
2476635
2476640
2476645
2476646
2476647
2476648
2476653
2476654
2476655
2476660
2476665
2476670
2476671
2476676
2476681
2476682
2476687
2476692
2476697
2476702
2476707
2476712
2476717
2476718
2476723
2476728
2476729
2476734
2476739
2476744
2476745
2476746
2476747
2476752
2476757
2476762
2476764
2476765
2476766
2476768
2476770
2476772
2476774
2476775
2476777
2476778
2476779
2476780
2476781
2476783
2476785
2476787
2476792
2476794
2476796
2476797
2476799
2476800
2476801
2476803
2476804
2476806
2476807
2476809
2476810
2476812
2476814
2476816
2476817
2476837
2476838
2476840
2476841
2476842
2476843
2476844
2476846
2476847
2476848
2476849
2476851
2476853
2476854
2476857
2476860
2476863
2476866
2476869
2476870
2476871
2476874
2476877
2476880
2476883
2476886
2476887
2476888
2476891
2476902
2476905
2476906
2476909
2476910
2476913
2476916
2476919
2476922
2476925
2476928
2476931
2476932
2476935
2476936
2476937
2476938
2476941
2476942
2476945
2476948
2476951
2476954
2476957
2476960
2476961
2476964
2476975
2476976
2476977
2476978
2476979
2476980
2476981
2476984
2476987
2476989
2476990
2476992
2476994
2476996
2476998
2476999
2477002
2477005
2477006
2477007
2477012
2477013
2477018
2477023
2477024
2477025
2477030
2477035
2477040
2477045
2477046
2477047
2477052
2477057
2477062
2477067
2477076
2477087
2477088
2477089
2477090
2477091
2477092
2477093
2477094
2477095
2477096
2477097
2477098
2477112
2477126
2477140
2477141
2477142
2477143
2477144
2477145
2477146
2477147
2477148
2477149
2477150
2477151
2477152
2477153
2477154
2477155
2477167
2477179
2477191
2477203
2477215
2477227
2477239
2477240
2477252
2477253
2477265
2477277
2477289
2477301
2477313
2477325
2477337
2477338
2477339
2477340
2477341
2477342
2477343
2477409
2477441
2477442
2477471
2477500
2477529
2477559
2477589
2477619
2477651
2477652
2477684
2477716
2477717
2477748
2477749
2477781
2477813
2477845
2477908
2477909
2477910
2477971
2477972
2477973
2478037
2478039
2478040
2478042
2478043
2478045
2478046
2478047
2478048
2478050
2478052
2478054
2478055
2478056
2478058
2478059
2478061
2478063
2478065
2478067
2478068
2478070
2478072
2478074
2478076
2478078
2478080
2478082
2478083
2478084
2478085
2478086
2478088
2478089
2478091
2478092
2478093
2478094
2478095
2478135
2478175
2478214
2478253
2478254
2478255
2478294
2478365
2478366
2478367
2478368
2478370
2478372
2478374
2478376
2478377
2478379
2478381
2478383
2478384
2478385
2478386
2478387
2478389
2478390
2478391
2478392
2478394
2478395
2478396
2478397
2478399
2478400
2478401
2478402
2478411
2478416
2478421
2478426
2478427
2478428
2478429
2478430
2478431
2478432
2478433
2478434
2478435
2478440
2478441
2478442
2478443
2478444
2478445
2478446
2478447
2478452
2478457
2478462
2478467
2478468
2478469
2478470
2478471
2478472
2478477
2478482
2478487
2478492
2478493
2478495
2478497
2478499
2478500
2478502
2478504
2478505
2478507
2478509
2478511
2478516
2478521
2478526
2478531
2478536
2478545
2478554
2478563
2478564
2478565
2478566
2478567
2478568
2478569
2478570
2478579
2478581
2478583
2478585
2478587
2478589
2478591
2478593
2478595
2478597
2478598
2478600
2478601
2478603
2478605
2478607
2478608
2478610
2478612
2478614
2478623
2478632
2478633
2478642
2478650
2478658
2478666
2478674
2478682
2478690
2478698
2478706
2478707
2478715
2478723
2478731
2478732
2478733
2478741
2478749
2478750
2478751
2478759
2478767
2478775
2478776
2478777
2478786
2478788
2478790
2478792
2478794
2478795
2478796
2478798
2478800
2478802
2478804
2478805
2478807
2478808
2478810
2478812
2478814
2478825
2478836
2478837
2478838
2478839
2478840
2478841
2478852
2478863
2478874
2478875
2478876
2478877
2478881
2478885
2478889
2478893
2478897
2478901
2478902
2478903
2478907
2478911
2478912
2478913
2478917
2478918
2478919
2478923
2478927
2478931
2478935
2478939
2478940
2478941
2478942
2478946
2478947
2478951
2478955
2478958
2478959
2478962
2478965
2478966
2478967
2478968
2478971
2478974
2478977
2478980
2478983
2478986
2478989
2478992
2478995
2478998
2479001
2479082
2479083
2479084
2479085
2479086
2479134
2479180
2479227
2479274
2479321
2479369
2479414
2479415
2479416
2479417
2479418
2479419
2479492
2479564
2479565
2479642
2479643
2479644
2479645
2479646
2479647
2479648
2479649
2479650
2479651
2479652
2479653
2479654
2479655
2479656
2479657
2479658
2479659
2479660
2479661
2479662
2479663
2479664
2479665
2479666
2479667
2479668
2479669
2479670
2479671
2479672
2479673
2479674
2479675
2479676
2479677
2479678
2479679
2479757
2479758
2479759
2479760
2479838
2479915
2479991
2480255
2480256
2480257
2480258
2480259
2480260
2480261
2480262
2480263
2480264
2480265
2480266
2480267
2480268
2480269
2480270
2480271
2480316
2480360
2480402
2480444
2480486
2480528
2480572
2480573
2480574
2480575
2480618
2480661
2480662
2480663
2480664
2480708
2480709
2480710
2480711
2480712
2480713
2480714
2480715
2480716
2480717
2480718
2480763
2480764
2480765
2480766
2480767
2480768
2480769
2480770
2480771
2480772
2480773
2480774
2480775
2480776
2480777
2480778
2480779
2480780
2480781
2480782
2480828
2480829
2480830
2480831
2480832
2480833
2480834
2480835
2480836
2480837
2480838
2480884
2480932
2480933
2480934
2480935
2480936
2480937
2480938
2480939
2480940
2480941
2480942
2480990
2480991
2480992
2480993
2480994
2481042
2481164
2481281
2481282
2481283
2481400
2481519
2481638
2481757
2481867
2481977
2481978
2482089
2482201
2482313
2482425
2482545
2482546
2482547
2482548
2482549
2482550
2482551
2482552
2482553
2482554
2482555
2482575
2482594
2482595
2482596
2482597
2482598
2482617
2482636
2482637
2482656
2482675
2482693
2482694
2482695
2482696
2482697
2482698
2482716
2482733
2482750
2482767
2482784
2482801
2482818
2482835
2482852
2482869
2482886
2482903
2482904
2482905
2482906
2482907
2482925
2482943
2482961
2482962
2482980
2482981
2483002
2483003
2483004
2483005
2483006
2483012
2483013
2483014
2483015
2483021
2483022
2483023
2483024
2483030
2483036
2483042
2483044
2483045
2483047
2483049
2483051
2483053
2483055
2483057
2483059
2483061
2483063
2483065
2483067
2483068
2483069
2483075
2483081
2483087
2483093
2483094
2483095
2483101
2483107
2483113
2483119
2483125
2483126
2483132
2483138
2483144
2483150
2483156
2483162
2483168
2483169
2483170
2483171
2483172
2483173
2483179
2483185
2483186
2483188
2483189
2483191
2483193
2483195
2483197
2483199
2483201
2483203
2483204
2483205
2483206
2483208
2483209
2483210
2483249
2483252
2483255
2483256
2483257
2483260
2483261
2483262
2483263
2483264
2483265
2483266
2483267
2483268
2483271
2483274
2483277
2483278
2483279
2483282
2483283
2483284
2483285
2483286
2483287
2483288
2483291
2483294
2483295
2483298
2483301
2483304
2483305
2483306
2483307
2483308
2483311
2483314
2483315
2483318
2483319
2483322
2483355
2483356
2483359
2483360
2483361
2483362
2483365
2483368
2483369
2483372
2483375
2483378
2483379
2483380
2483381
2483382
2483385
2483388
2483389
2483392
2483395
2483398
2483401
2483404
2483407
2483408
2483409
2483411
2483412
2483413
2483418
2483419
2483420
2483421
2483422
2483423
2483424
2483425
2483430
2483432
2483433
2483434
2483435
2483436
2483437
2483439
2483440
2483441
2483442
2483443
2483444
2483449
2483454
2483455
2483456
2483457
2483458
2483459
2483464
2483469
2483471
2483472
2483473
2483475
2483477
2483479
2483480
2483482
2483483
2483484
2483485
2483486
2483487
2483489
2483494
2483499
2483504
2483509
2483514
2483519
2483520
2483522
2483524
2483525
2483526
2483528
2483530
2483532
2483533
2483535
2483536
2483537
2483542
2483547
2483552
2483553
2483554
2483559
2483564
2483755
2483894
2484033
2484034
2484039
2484043
2484047
2484048
2484052
2484053
2484054
2484055
2484056
2484057
2484058
2484059
2484063
2484067
2484068
2484069
2484073
2484077
2484081
2484085
2484089
2484093
2484098
2484099
2484104
2484105
2484106
2484111
2484112
2484115
2484118
2484121
2484122
2484123
2484126
2484129
2484132
2484135
2484136
2484137
2484138
2484141
2484142
2484143
2484146
2484147
2484148
2484151
2484152
2484153
2484154
2484155
2484156
2484159
2484162
2484169
2484176
2484183
2484190
2484197
2484204
2484211
2484218
2484225
2484226
2484233
2484240
2484247
2484255
2484257
2484259
2484261
2484263
2484265
2484267
2484269
2484271
2484273
2484275
2484276
2484280
2484281
2484282
2484283
2484284
2484286
2484288
2484290
2484292
2484294
2484296
2484297
2484301
2484302
2484303
2484310
2484316
2484317
2484318
2484324
2484330
2484331
2484332
2484333
2484334
2484335
2484336
2484337
2484338
2484339
2484340
2484346
2484348
2484349
2484351
2484352
2484354
2484356
2484357
2484359
2484361
2484363
2484365
2484367
2484368
2484370
2484372
2484378
2484384
2484390
2484396
2484402
2484403
2484404
2484405
2484411
2484417
2484418
2484419
2484420
2484421
2484422
2484423
2484424
2484425
2484426
2484427
2484441
2484442
2484443
2484444
2484445
2484446
2484447
2484448
2484449
2484450
2484451
2484452
2484453
2484489
2484490
2484491
2484492
2484493
2484494
2484495
2484501
2484502
2484503
2484509
2484510
2484511
2484517
2484523
2484524
2484525
2484531
2484532
2484538
2484544
2484545
2484546
2484552
2484558
2484564
2484570
2484571
2484572
2484573
2484574
2484580
2484581
2484582
2484583
2484584
2484585
2484586
2484592
2484593
2484594
2484595
2484596
2484597
2484598
2484599
2484600
2484601
2484602
2484608
2484613
2484614
2484619
2484624
2484626
2484628
2484630
2484631
2484632
2484634
2484636
2484638
2484639
2484640
2484641
2484643
2484645
2484681
2484689
2484697
2484705
2484706
2484707
2484708
2484709
2484710
2484711
2484719
2484720
2484728
2484729
2484736
2484743
2484744
2484745
2484752
2484759
2484767
2484768
2484769
2484770
2484771
2484772
2484780
2484781
2484782
2484783
2484784
2484792
2484800
2484808
2484809
2484810
2484811
2484812
2484820
2484828
2484831
2484834
2484835
2484838
2484841
2484843
2484844
2484845
2484847
2484849
2484851
2484853
2484855
2484856
2484857
2484858
2484861
2484864
2484867
2484868
2484869
2484870
2484871
2484872
2484873
2484876
2484877
2484878
2484879
2484880
2484883
2484884
2484885
2484886
2484887
2484890
2484893
2484896
2484909
2484910
2484911
2484912
2484913
2484917
2484918
2484919
2484921
2484922
2484923
2484924
2484925
2484926
2484928
2484930
2484932
2484934
2484936
2484938
2484940
2484941
2484942
2484943
2484944
2484945
2484947
2484948
2484949
2484950
2484951
2484952
2484954
2484956
2484958
2484960
2484962
2484963
2484965
2484967
2484969
2484971
2484973
2484974
2484976
2484978
2484980
2484981
2484983
2484984
2484986
2484988
2484990
2484992
2484994
2484997
2485001
2485005
2485009
2485013
2485017
2485021
2485025
2485029
2485033
2485034
2485038
2485042
2485046
2485047
2485048
2485049
2485053
2485057
2485061
2485065
2485066
2485067
2485068
2485072
2485076
2485080
2485084
2485085
2485089
2485093
2485097
2485098
2485113
2485122
2485131
2485132
2485133
2485134
2485143
2485152
2485161
2485162
2485163
2485164
2485165
2485174
2485183
2485184
2485185
2485186
2485187
2485189
2485191
2485192
2485193
2485195
2485197
2485199
2485201
2485203
2485205
2485207
2485209
2485211
2485212
2485213
2485214
2485215
2485225
2485230
2485235
2485240
2485245
2485250
2485255
2485260
2485265
2485270
2485275
2485276
2485277
2485282
2485287
2485288
2485289
2485293
2485294
2485295
2485296
2485297
2485298
2485299
2485304
2485308
2485312
2485313
2485314
2485315
2485319
2485323
2485324
2485328
2485332
2485333
2485337
2485341
2485345
2485349
2485350
2485354
2485355
2485356
2485357
2485361
2485365
2485370
2485371
2485372
2485373
2485374
2485375
2485376
2485377
2485382
2485383
2485384
2485385
2485386
2485391
2485396
2485401
2485406
2485407
2485408
2485409
2485410
2485415
2485416
2485421
2485422
2485423
2485424
2485425
2485426
2485427
2485428
2485429
2485434
2485442
2485444
2485446
2485448
2485450
2485451
2485452
2485453
2485454
2485456
2485457
2485459
2485461
2485462
2485464
2485466
2485468
2485470
2485472
2485483
2485486
2485489
2485492
2485493
2485494
2485495
2485498
2485499
2485500
2485503
2485506
2485507
2485508
2485509
2485510
2485511
2485512
2485513
2485516
2485519
2485522
2485523
2485524
2485525
2485526
2485529
2485532
2485535
2485538
2485539
2485540
2485541
2485559
2485570
2485581
2485592
2485603
2485614
2485615
2485616
2485627
2485638
2485649
2485660
2485671
2485682
2485693
2485704
2485705
2485716
2485727
2485738
2485739
2485750
2485761
2485762
2485764
2485766
2485767
2485768
2485769
2485770
2485771
2485773
2485774
2485775
2485777
2485778
2485779
2485780
2485781
2485782
2485784
2485786
2485788
2485790
2485792
2485794
2485796
2485798
2485800
2485802
2485804
2485805
2485807
2485819
2485820
2485821
2485822
2485823
2485824
2485825
2485826
2485827
2485832
2485837
2485842
2485847
2485852
2485857
2485862
2485867
2485873
2485874
2485875
2485876
2485877
2485878
2485879
2485885
2485886
2485887
2485888
2485889
2485890
2485891
2485892
2485898
2485904
2485910
2485911
2485912
2485918
2485924
2485925
2485926
2485927
2485928
2485929
2485930
2485936
2485942
2485953
2485954
2485965
2485966
2485967
2485968
2485970
2485972
2485974
2485976
2485978
2485980
2485982
2485984
2485986
2485987
2485989
2485991
2485993
2485994
2485995
2485997
2485999
2486010
2486021
2486032
2486043
2486054
2486055
2486056
2486057
2486068
2486069
2486070
2486071
2486082
2486083
2486084
2486095
2486099
2486103
2486107
2486108
2486109
2486110
2486114
2486115
2486117
2486119
2486121
2486123
2486125
2486126
2486128
2486130
2486132
2486136
2486140
2486144
2486148
2486152
2486153
2486157
2486161
2486165
2486169
2486173
2486177
2486178
2486179
2486183
2486187
2486191
2486195
2486196
2486197
2486198
2486199
2486203
2486207
2486211
2486215
2486219
2486234
2486235
2486236
2486237
2486238
2486239
2486240
2486241
2486252
2486253
2486255
2486257
2486259
2486261
2486263
2486265
2486266
2486267
2486268
2486270
2486272
2486274
2486276
2486278
2486280
2486282
2486284
2486285
2486287
2486297
2486307
2486317
2486327
2486337
2486347
2486348
2486358
2486368
2486379
2486380
2486381
2486382
2486383
2486384
2486385
2486386
2486387
2486388
2486389
2486390
2486391
2486392
2486393
2486404
2486405
2486411
2486417
2486423
2486429
2486430
2486436
2486442
2486448
2486454
2486460
2486466
2486472
2486473
2486474
2486476
2486478
2486480
2486482
2486484
2486485
2486487
2486489
2486491
2486496
2486497
2486498
2486503
2486505
2486506
2486507
2486508
2486509
2486511
2486513
2486515
2486517
2486519
2486521
2486523
2486525
2486531
2486537
2486538
2486539
2486540
2486541
2486542
2486543
2486544
2486545
2486546
2486547
2486548
2486666
2486667
2486668
2486669
2486670
2486671
2486672
2486673
2486777
2486779
2486781
2486783
2486785
2486787
2486789
2486791
2486793
2486795
2486797
2486799
2486800
2486801
2486803
2486805
2486807
2486809
2486811
2486812
2486813
2486814
2486815
2486816
2486818
2486820
2486822
2486824
2486825
2486826
2486828
2486829
2486830
2486831
2486955
2486978
2487001
2487024
2487025
2487026
2487027
2487028
2487051
2487052
2487075
2487092
2487109
2487126
2487143
2487160
2487177
2487179
2487180
2487181
2487182
2487184
2487186
2487188
2487190
2487192
2487194
2487196
2487198
2487200
2487201
2487202
2487204
2487206
2487208
2487210
2487212
2487213
2487214
2487216
2487233
2487234
2487235
2487236
2487237
2487238
2487239
2487240
2487241
2487242
2487243
2487244
2487245
2487246
2487247
2487248
2487249
2487250
2487251
2487271
2487278
2487279
2487280
2487281
2487282
2487283
2487284
2487285
2487286
2487292
2487298
2487304
2487310
2487311
2487317
2487323
2487329
2487330
2487331
2487332
2487333
2487339
2487345
2487351
2487356
2487361
2487362
2487367
2487372
2487377
2487382
2487387
2487392
2487397
2487398
2487399
2487404
2487405
2487406
2487411
2487416
2487421
2487426
2487427
2487428
2487429
2487434
2487439
2487444
2487445
2487446
2487447
2487452
2487453
2487454
2487459
2487460
2487461
2487462
2487469
2487470
2487471
2487472
2487473
2487474
2487475
2487476
2487484
2487492
2487493
2487494
2487502
2487503
2487504
2487505
2487512
2487519
2487520
2487521
2487522
2487523
2487524
2487525
2487526
2487527
2487528
2487529
2487530
2487531
2487538
2487545
2487546
2487553
2487554
2487561
2487573
2487574
2487586
2487587
2487599
2487600
2487612
2487624
2487625
2487626
2487638
2487650
2487651
2487652
2487664
2487676
2487677
2487689
2487690
2487702
2487703
2487715
2487727
2487739
2487740
2487741
2487767
2487768
2487769
2487770
2487771
2487772
2487773
2487774
2487780
2487785
2487790
2487791
2487796
2487801
2487803
2487805
2487807
2487809
2487811
2487813
2487815
2487816
2487817
2487818
2487819
2487820
2487825
2487826
2487827
2487828
2487830
2487831
2487832
2487833
2487835
2487836
2487837
2487839
2487841
2487846
2487847
2487848
2487850
2487852
2487853
2487855
2487857
2487859
2487861
2487863
2487864
2487865
2487867
2487872
2487874
2487876
2487877
2487879
2487881
2487883
2487885
2487887
2487889
2487891
2487893
2487895
2487896
2487901
2487903
2487905
2487907
2487908
2487909
2487910
2487911
2487913
2487915
2487917
2487919
2487921
2487923
2487961
2487962
2487963
2487964
2487965
2487966
2487986
2487987
2488007
2488027
2488028
2488029
2488049
2488050
2488051
2488052
2488053
2488054
2488055
2488056
2488057
2488077
2488097
2488098
2488099
2488100
2488101
2488102
2488122
2488142
2488162
2488163
2488164
2488165
2488166
2488167
2488168
2488169
2488170
2488171
2488196
2488197
2488198
2488199
2488200
2488201
2488202
2488203
2488204
2488205
2488206
2488207
2488208
2488209
2488210
2488220
2488221
2488232
2488233
2488234
2488235
2488236
2488237
2488238
2488243
2488248
2488249
2488254
2488255
2488256
2488257
2488258
2488259
2488264
2488269
2488274
2488279
2488280
2488281
2488282
2488283
2488284
2488289
2488294
2488299
2488304
2488309
2488314
2488315
2488316
2488317
2488318
2488319
2488320
2488325
2488330
2488335
2488336
2488337
2488338
2488339
2488345
2488346
2488347
2488348
2488349
2488350
2488351
2488352
2488353
2488354
2488355
2488356
2488362
2488363
2488364
2488365
2488371
2488372
2488373
2488374
2488375
2488388
2488389
2488401
2488402
2488403
2488404
2488405
2488418
2488419
2488420
2488421
2488422
2488423
2488424
2488425
2488426
2488427
2488428
2488429
2488430
2488431
2488432
2488445
2488446
2488448
2488450
2488452
2488454
2488456
2488458
2488459
2488460
2488461
2488462
2488463
2488465
2488467
2488469
2488471
2488472
2488473
2488475
2488477
2488479
2488481
2488489
2488491
2488493
2488495
2488497
2488498
2488499
2488500
2488502
2488504
2488505
2488507
2488509
2488511
2488512
2488513
2488514
2488516
2488522
2488528
2488534
2488540
2488546
2488552
2488553
2488561
2488562
2488563
2488564
2488565
2488566
2488567
2488568
2488569
2488577
2488578
2488579
2488582
2488583
2488584
2488587
2488588
2488589
2488590
2488591
2488592
2488595
2488598
2488599
2488602
2488603
2488604
2488605
2488608
2488611
2488612
2488615
2488616
2488619
2488622
2488623
2488624
2488627
2488630
2488633
2488642
2488643
2488644
2488645
2488646
2488647
2488648
2488657
2488659
2488661
2488663
2488665
2488667
2488669
2488671
2488673
2488675
2488677
2488678
2488680
2488681
2488682
2488694
2488699
2488700
2488701
2488702
2488707
2488712
2488713
2488714
2488719
2488724
2488726
2488728
2488730
2488731
2488732
2488733
2488735
2488737
2488739
2488740
2488742
2488744
2488745
2488750
2488755
2488756
2488757
2488758
2488759
2488764
2488769
2488770
2488771
2488772
2488773
2488774
2488779
2488780
2488781
2488782
2488783
2488784
2488785
2488791
2488792
2488794
2488796
2488797
2488798
2488799
2488801
2488802
2488804
2488806
2488807
2488808
2488809
2488854
2488860
2488861
2488862
2488863
2488864
2488865
2488866
2488867
2488868
2488869
2488870
2488871
2488877
2488883
2488889
2488895
2488897
2488899
2488901
2488903
2488905
2488907
2488909
2488911
2488913
2488914
2488915
2488917
2488918
2488923
2488928
2488933
2488934
2488939
2488940
2488941
2488942
2488947
2488948
2488949
2488950
2488951
2488952
2488953
2488954
2488955
2488960
2488961
2488966
2488972
2488978
2488984
2488990
2488996
2489002
2489003
2489004
2489005
2489006
2489007
2489008
2489009
2489010
2489011
2489017
2489023
2489029
2489030
2489031
2489032
2489038
2489040
2489042
2489044
2489046
2489047
2489049
2489051
2489053
2489055
2489056
2489058
2489060
2489061
2489063
2489064
2489081
2489082
2489083
2489084
2489085
2489086
2489087
2489088
2489089
2489090
2489091
2489092
2489093
2489113
2489123
2489125
2489127
2489129
2489131
2489133
2489135
2489136
2489138
2489140
2489142
2489144
2489146
2489148
2489149
2489150
2489152
2489154
2489155
2489156
2489157
2489167
2489169
2489171
2489173
2489175
2489177
2489179
2489181
2489182
2489184
2489185
2489186
2489188
2489190
2489192
2489194
2489196
2489206
2489216
2489217
2489218
2489219
2489220
2489221
2489231
2489241
2489242
2489252
2489262
2489263
2489264
2489265
2489266
2489267
2489268
2489272
2489276
2489277
2489278
2489279
2489280
2489281
2489285
2489290
2489291
2489292
2489293
2489298
2489299
2489300
2489301
2489302
2489307
2489308
2489313
2489318
2489320
2489322
2489324
2489326
2489327
2489328
2489330
2489332
2489334
2489336
2489337
2489342
2489343
2489344
2489345
2489346
2489347
2489352
2489357
2489362
2489367
2489378
2489379
2489380
2489381
2489382
2489383
2489384
2489385
2489386
2489387
2489388
2489397
2489398
2489399
2489400
2489401
2489410
2489419
2489428
2489437
2489446
2489454
2489463
2489472
2489481
2489490
2489491
2489492
2489493
2489494
2489495
2489496
2489505
2489515
2489524
2489525
2489534
2489535
2489544
2489553
2489562
2489571
2489572
2489581
2489590
2489591
2489592
2489593
2489602
2489611
2489620
2489629
2489638
2489639
2489640
2489641
2489651
2489652
2489653
2489663
2489664
2489665
2489666
2489667
2489668
2489669
2489678
2489687
2489688
2489689
2489690
2489691
2489692
2489693
2489694
2489706
2489717
2489728
2489740
2489741
2489742
2489743
2489744
2489745
2489746
2489747
2489748
2489749
2489750
2489762
2489763
2489764
2489776
2489788
2489789
2489790
2489791
2489792
2489793
2489804
2489815
2489826
2489827
2489828
2489829
2489830
2489831
2489842
2489853
2489864
2489875
2489886
2489897
2489908
2489919
2489930
2489941
2490114
2490115
2490116
2490117
2490118
2490119
2490126
2490133
2490140
2490147
2490148
2490149
2490150
2490157
2490164
2490171
2490178
2490179
2490186
2490193
2490194
2490195
2490196
2490197
2490198
2490205
2490206
2490208
2490210
2490212
2490213
2490214
2490216
2490218
2490220
2490222
2490223
2490225
2490227
2490234
2490235
2490236
2490237
2490239
2490240
2490241
2490242
2490244
2490246
2490248
2490249
2490251
2490253
2490254
2490261
2490268
2490275
2490276
2490277
2490278
2490279
2490280
2490281
2490282
2490283
2490284
2490285
2490292
2490293
2490295
2490297
2490298
2490299
2490301
2490303
2490305
2490306
2490307
2490308
2490309
2490311
2490313
2490317
2490321
2490325
2490329
2490333
2490337
2490341
2490345
2490349
2490353
2490357
2490358
2490359
2490360
2490367
2490374
2490376
2490378
2490380
2490382
2490383
2490384
2490385
2490387
2490388
2490389
2490391
2490393
2490394
2490396
2490397
2490404
2490411
2490412
2490413
2490414
2490421
2490428
2490435
2490442
2490447
2490448
2490449
2490450
2490451
2490456
2490461
2490462
2490463
2490468
2490469
2490470
2490471
2490472
2490473
2490475
2490477
2490478
2490479
2490481
2490483
2490485
2490487
2490491
2490495
2490499
2490503
2490507
2490511
2490516
2490517
2490518
2490523
2490528
2490533
2490538
2490543
2490548
2490553
2490558
2490563
2490568
2490569
2490574
2490581
2490588
2490595
2490638
2490642
2490646
2490647
2490648
2490649
2490653
2490654
2490655
2490656
2490660
2490661
2490662
2490663
2490667
2490671
2490672
2490676
2490677
2490678
2490679
2490683
2490684
2490685
2490689
2490690
2490691
2490693
2490695
2490697
2490699
2490701
2490703
2490705
2490707
2490709
2490711
2490712
2490716
2490720
2490724
2490725
2490729
2490733
2490737
2490741
2490745
2490749
2490750
2490754
2490755
2490756
2490757
2490758
2490762
2490763
2490767
2490771
2490772
2490773
2490774
2490775
2490776
2490780
2490907
2490909
2490911
2490912
2490913
2490915
2490917
2490919
2490921
2490923
2490925
2490927
2490929
2490930
2490931
2490932
2490933
2490934
2490936
2490938
2490963
2490964
2490965
2490966
2490968
2490969
2490971
2490973
2490975
2490977
2490979
2490981
2490983
2490984
2490986
2490988
2490989
2490990
2490991
2490992
2490993
2490994
2490996
2490999
2491000
2491003
2491006
2491009
2491010
2491011
2491012
2491013
2491015
2491017
2491019
2491021
2491023
2491025
2491044
2491067
2491068
2491069
2491070
2491071
2491077
2491081
2491082
2491083
2491084
2491088
2491089
2491090
2491091
2491092
2491093
2491094
2491098
2491099
2491103
2491107
2491108
2491112
2491113
2491117
2491118
2491119
2491120
2491121
2491122
2491123
2491124
2491130
2491131
2491132
2491133
2491134
2491135
2491136
2491137
2491138
2491139
2491140
2491146
2491147
2491148
2491149
2491150
2491153
2491154
2491157
2491158
2491161
2491164
2491165
2491166
2491167
2491168
2491171
2491174
2491175
2491178
2491181
2491184
2491209
2491214
2491219
2491224
2491225
2491226
2491231
2491232
2491233
2491238
2491243
2491244
2491245
2491246
2491247
2491248
2491250
2491252
2491253
2491254
2491255
2491257
2491259
2491264
2491269
2491274
2491275
2491276
2491281
2491283
2491284
2491285
2491286
2491287
2491289
2491291
2491292
2491293
2491295
2491297
2491299
2491304
2491309
2491310
2491311
2491312
2491313
2491318
2491323
2491328
2491333
2491338
2491343
2491348
2491353
2491358
2491363
2491368
2491369
2491374
2491379
2491382
2491385
2491388
2491389
2491390
2491393
2491396
2491399
2491402
2491403
2491404
2491405
2491406
2491409
2491410
2491411
2491412
2491413
2491414
2491415
2491416
2491419
2491422
2491427
2491428
2491429
2491430
2491431
2491432
2491433
2491445
2491446
2491447
2491448
2491449
2491450
2491451
2491452
2491453
2491454
2491455
2491456
2491457
2491458
2491459
2491460
2491472
2491484
2491496
2491497
2491498
2491499
2491500
2491501
2491502
2491514
2491547
2491548
2491549
2491550
2491551
2491552
2491553
2491554
2491555
2491556
2491557
2491558
2491559
2491560
2491561
2491617
2491619
2491621
2491623
2491625
2491626
2491627
2491629
2491630
2491631
2491633
2491636
2491637
2491640
2491643
2491646
2491649
2491652
2491655
2491658
2491661
2491664
2491665
2491668
2491671
2491674
2491677
2491678
2491679
2491682
2491683
2491684
2491687
2491690
2491693
2491694
2491695
2491696
2491697
2491698
2491701
2491702
2491703
2491704
2491705
2491706
2491709
2491712
2491713
2491716
2491719
2491722
2491725
2491728
2491729
2491730
2491731
2491732
2491735
2491753
2491754
2491755
2491756
2491757
2491775
2491776
2491793
2491811
2491829
2491847
2491865
2491866
2491867
2491884
2491910
2491935
2491960
2491985
2492010
2492035
2492036
2492037
2492038
2492039
2492040
2492041
2492042
2492043
2492044
2492045
2492046
2492047
2492048
2492049
2492050
2492051
2492076
2492077
2492078
2492079
2492080
2492081
2492082
2492083
2492084
2492085
2492086
2492111
2492136
2492161
2492186
2492241
2492278
2492314
2492350
2492387
2492423
2492459
2492460
2492496
2492533
2492535
2492537
2492538
2492540
2492541
2492542
2492543
2492545
2492546
2492548
2492550
2492552
2492554
2492555
2492556
2492557
2492559
2492561
2492563
2492565
2492566
2492568
2492570
2492572
2492574
2492575
2492577
2492579
2492581
2492583
2492585
2492587
2492588
2492590
2492592
2492594
2492595
2492596
2492597
2492598
2492669
2492676
2492683
2492690
2492697
2492699
2492700
2492701
2492702
2492703
2492704
2492706
2492707
2492708
2492710
2492712
2492713
2492714
2492715
2492717
2492719
2492721
2492723
2492725
2492727
2492729
2492735
2492741
2492747
2492753
2492761
2492762
2492763
2492771
2492772
2492773
2492774
2492776
2492777
2492778
2492779
2492781
2492783
2492785
2492787
2492789
2492791
2492792
2492794
2492796
2492798
2492799
2492800
2492802
2492804
2492811
2492813
2492814
2492815
2492817
2492819
2492821
2492822
2492823
2492825
2492827
2492828
2492829
2492830
2492832
2492834
2492836
2492838
2492839
2492855
2492856
2492857
2492858
2492873
2492874
2492875
2492876
2492877
2492893
2492894
2492895
2492896
2492897
2492913
2492927
2492941
2492943
2492945
2492947
2492949
2492951
2492953
2492955
2492957
2492959
2492960
2492962
2492963
2492965
2492967
2492969
2492971
2492973
2492975
2492976
2492977
2492979
2492993
2492994
2492995
2492996
2492997
2492998
2492999
2493000
2493001
2493015
2493020
2493025
2493026
2493027
2493028
2493029
2493034
2493039
2493043
2493047
2493051
2493055
2493056
2493057
2493058
2493059
2493060
2493062
2493064
2493065
2493067
2493069
2493071
2493072
2493074
2493078
2493079
2493083
2493084
2493085
2493086
2493090
2493094
2493095
2493096
2493097
2493098
2493099
2493103
2493107
2493111
2493115
2493120
2493121
2493122
2493123
2493124
2493129
2493134
2493139
2493144
2493149
2493150
2493151
2493152
2493153
2493154
2493171
2493172
2493173
2493174
2493175
2493176
2493177
2493178
2493179
2493180
2493181
2493182
2493183
2493184
2493185
2493186
2493201
2493216
2493231
2493232
2493247
2493262
2493277
2493292
2493293
2493294
2493295
2493309
2493324
2493325
2493326
2493327
2493328
2493329
2493330
2493331
2493332
2493346
2493347
2493362
2493385
2493386
2493387
2493400
2493401
2493402
2493403
2493404
2493405
2493406
2493419
2493432
2493433
2493434
2493435
2493436
2493437
2493438
2493439
2493440
2493441
2493442
2493443
2493444
2493445
2493453
2493461
2493468
2493475
2493482
2493483
2493484
2493485
2493486
2493487
2493488
2493489
2493490
2493491
2493492
2493499
2493500
2493507
2493508
2493509
2493510
2493511
2493512
2493519
2493520
2493521
2493522
2493523
2493524
2493531
2493532
2493533
2493534
2493535
2493536
2493537
2493538
2493539
2493546
2493553
2493560
2493562
2493563
2493564
2493565
2493566
2493568
2493570
2493572
2493574
2493576
2493578
2493580
2493581
2493582
2493584
2493585
2493592
2493594
2493595
2493597
2493599
2493600
2493601
2493602
2493604
2493606
2493607
2493608
2493610
2493612
2493619
2493627
2493628
2493636
2493644
2493652
2493660
2493668
2493676
2493684
2493692
2493700
2493701
2493703
2493705
2493706
2493707
2493708
2493710
2493712
2493714
2493716
2493718
2493720
2493722
2493724
2493725
2493726
2493727
2493729
2493731
2493738
2493739
2493740
2493747
2493748
2493749
2493750
2493751
2493752
2493753
2493754
2493755
2493756
2493757
2493764
2493771
2493772
2493779
2493786
2493793
2493800
2493807
2493814
2493815
2493822
2493829
2493836
2493837
2493838
2493839
2493840
2493841
2493842
2493843
2493855
2493861
2493867
2493873
2493874
2493880
2493881
2493882
2493883
2493884
2493885
2493886
2493887
2493888
2493889
2493890
2493896
2493901
2493906
2493907
2493908
2493913
2493919
2493920
2493921
2493926
2493927
2493932
2493933
2493934
2493940
2493946
2493947
2493953
2493954
2493955
2493956
2493962
2493963
2493964
2493965
2493966
2493967
2493968
2493974
2493980
2493992
2493993
2493994
2493995
2493996
2493997
2493998
2493999
2494000
2494001
2494002
2494014
2494026
2494038
2494050
2494118
2494119
2494124
2494129
2494130
2494135
2494136
2494137
2494138
2494139
2494144
2494146
2494148
2494150
2494151
2494152
2494153
2494154
2494156
2494158
2494160
2494161
2494162
2494164
2494166
2494171
2494176
2494177
2494178
2494179
2494180
2494182
2494184
2494186
2494188
2494190
2494192
2494194
2494196
2494198
2494203
2494208
2494213
2494214
2494219
2494220
2494221
2494226
2494227
2494228
2494233
2494234
2494239
2494240
2494245
2494250
2494251
2494252
2494257
2494262
2494267
2494312
2494313
2494314
2494315
2494316
2494317
2494318
2494319
2494377
2494378
2494379
2494428
2494429
2494430
2494431
2494479
2494528
2494582
2494583
2494584
2494585
2494586
2494587
2494588
2494589
2494590
2494591
2494592
2494593
2494653
2494654
2494694
2494734
2494773
2494812
2494851
2494892
2494929
2494964
2494965
2494966
2495001
2495002
2495003
2495044
2495085
2495086
2495087
2495088
2495089
2495090
2495091
2495122
2495123
2495158
2495194
2495231
2495281
2495329
2495377
2495425
2495426
2495427
2495476
2495477
2495478
2495479
2495480
2495481
2495748
2496007
2496261
2496262
2496263
2496264
2496265
2496525
2497350
2497354
2497355
2497356
2497357
2497361
2497365
2497369
2497373
2497374
2497375
2497379
2497383
2497384
2497385
2497389
2497393
2497397
2497401
2497405
2497406
2497410
2497411
2497415
2497416
2497417
2497418
2497419
2497420
2497424
2497425
2497426
2497427
2497428
2497429
2497433
2497437
2497438
2497439
2497443
2497447
2497448
2497449
2497450
2497452
2497454
2497456
2497458
2497460
2497462
2497464
2497466
2497468
2497470
2497474
2497478
2497482
2497486
2497487
2497488
2497489
2497490
2497491
2497492
2497493
2497494
2497498
2497499
2497500
2497504
2497505
2497506
2497507
2497508
2497509
2497510
2497511
2497512
2497554
2497555
2497597
2497639
2497681
2497723
2497767
2497771
2497775
2497776
2497777
2497781
2497785
2497789
2497790
2497791
2497792
2497793
2497794
2497795
2497796
2497797
2497801
2497804
2497807
2497810
2497813
2497816
2497819
2497822
2497823
2497824
2497827
2497830
2497833
2497836
2497837
2497838
2497841
2497842
2497845
2497849
2497850
2497851
2497852
2497853
2497854
2497855
2497856
2497857
2497858
2497862
2497863
2497864
2497865
2497866
2497867
2497868
2497872
2497873
2497874
2497875
2497876
2497877
2497878
2497882
2497883
2497884
2497885
2497886
2497887
2497888
2497889
2497890
2497894
2497898
2497928
2497929
2497931
2497933
2497934
2497936
2497937
2497939
2497940
2497941
2497942
2497944
2497946
2497948
2497950
2497951
2497952
2497954
2497955
2497956
2497958
2497960
2497962
2497964
2497966
2497992
2497993
2497994
2497995
2497996
2497997
2498021
2498047
2498075
2498076
2498077
2498078
2498079
2498080
2498081
2498108
2498109
2498136
2498164
2498167
2498170
2498173
2498174
2498175
2498176
2498177
2498180
2498183
2498184
2498185
2498186
2498189
2498190
2498191
2498192
2498193
2498196
2498199
2498202
2498205
2498208
2498209
2498212
2498215
2498216
2498217
2498218
2498219
2498220
2498221
2498222
2498223
2498226
2498227
2498228
2498229
2498230
2498257
2498258
2498259
2498260
2498261
2498262
2498263
2498264
2498265
2498266
2498267
2498268
2498269
2498270
2498271
2498296
2498321
2498361
2498363
2498365
2498367
2498369
2498370
2498371
2498373
2498374
2498375
2498377
2498378
2498382
2498383
2498384
2498385
2498386
2498390
2498391
2498392
2498393
2498394
2498397
2498400
2498402
2498404
2498406
2498408
2498409
2498411
2498413
2498415
2498417
2498420
2498423
2498426
2498429
2498432
2498435
2498438
2498441
2498444
2498445
2498446
2498447
2498450
2498451
2498452
2498453
2498456
2498457
2498458
2498461
2498464
2498467
2498470
2498473
2498476
2498479
2498482
2498485
2498488
2498489
2498490
2498491
2498492
2498493
2498496
2498497
2498500
2498501
2498502
2498503
2498504
2498505
2498508
2498509
2498510
2498511
2498512
2498513
2498514
2498517
2498518
2498521
2498524
2498564
2498568
2498572
2498573
2498574
2498575
2498579
2498583
2498587
2498591
2498595
2498599
2498600
2498601
2498602
2498603
2498607
2498611
2498615
2498619
2498620
2498621
2498622
2498623
2498627
2498628
2498629
2498630
2498634
2498635
2498636
2498637
2498638
2498639
2498640
2498644
2498645
2498646
2498647
2498648
2498649
2498653
2498657
2498661
2498665
2498669
2498673
2498677
2498681
2498685
2498686
2498690
2498691
2498692
2498697
2498702
2498707
2498712
2498717
2498722
2498727
2498728
2498729
2498734
2498735
2498736
2498741
2498746
2498751
2498756
2498761
2498762
2498800
2498801
2498802
2498803
2498804
2498805
2498806
2498807
2498808
2498809
2498810
2498816
2498817
2498818
2498819
2498820
2498821
2498822
2498823
2498824
2498825
2498826
2498832
2498838
2498841
2498844
2498847
2498850
2498853
2498856
2498859
2498860
2498861
2498862
2498863
2498864
2498865
2498868
2498869
2498870
2498871
2498872
2498875
2498878
2498885
2498886
2498888
2498890
2498892
2498893
2498895
2498897
2498898
2498899
2498900
2498902
2498904
2498906
2498908
2498914
2498920
2498921
2498927
2498928
2498929
2498930
2498931
2498932
2498933
2498934
2498935
2498942
2498949
2498950
2498951
2498958
2498959
2498960
2498961
2498962
2498963
2498964
2498965
2498966
2498967
2498973
2498979
2498985
2498991
2498997
2499003
2499004
2499005
2499006
2499007
2499008
2499009
2499010
2499011
2499012
2499013
2499014
2499020
2499026
2499032
2499038
2499044
2499050
2499051
2499052
2499053
2499059
2499060
2499066
2499072
2499078
2499079
2499080
2499081
2499082
2499085
2499088
2499091
2499092
2499095
2499096
2499097
2499098
2499099
2499102
2499105
2499108
2499109
2499110
2499111
2499112
2499115
2499121
2499127
2499133
2499139
2499145
2499151
2499152
2499153
2499154
2499160
2499161
2499167
2499343
2499345
2499347
2499349
2499351
2499353
2499354
2499355
2499357
2499359
2499361
2499362
2499363
2499365
2499367
2499369
2499371
2499372
2499374
2499376
2499378
2499379
2499380
2499381
2499383
2499402
2499420
2499436
2499452
2499453
2499454
2499455
2499456
2499472
2499473
2499489
2499505
2499506
2499507
2499508
2499509
2499510
2499529
2499530
2499531
2499533
2499534
2499536
2499538
2499540
2499542
2499544
2499546
2499548
2499550
2499552
2499554
2499556
2499558
2499559
2499560
2499561
2499562
2499564
2499566
2499568
2499570
2499572
2499574
2499576
2499578
2499596
2499613
2499614
2499615
2499616
2499633
2499634
2499635
2499636
2499653
2499670
2499687
2499688
2499689
2499690
2499691
2499692
2499693
2499694
2499695
2499696
2499715
2499716
2499735
2499754
2499755
2499756
2499757
2499758
2499759
2499760
2499761
2499762
2499763
2499764
2499783
2499784
2499785
2499786
2499787
2499788
2499789
2499790
2499791
2499792
2499793
2499794
2499795
2499814
2499833
2499852
2499853
2499872
2499891
2499892
2499940
2499941
2499942
2499943
2499944
2499947
2499950
2499953
2499956
2499959
2499962
2499965
2499968
2499969
2499970
2499971
2499972
2499973
2499976
2499977
2499980
2499981
2499982
2499985
2499986
2499987
2499988
2499989
2499992
2499995
2499996
2499997
2499998
2499999
2500002
2500005
2500006
2500009
2500012
2500015
2500018
2500021
2500022
2500023
2500024
2500027
2500030
2500031
2500032
2500035
2500038
2500039
2500042
2500045
2500048
2500051
2500090
2500122
2500123
2500124
2500125
2500126
2500127
2500128
2500160
2500161
2500162
2500163
2500192
2500193
2500221
2500222
2500250
2500278
2500306
2500334
2500362
2500390
2500418
2500446
2500473
2500500
2500527
2500554
2500583
2500584
2500585
2500586
2500587
2500588
2500589
2500590
2500591
2500592
2500593
2500594
2500595
2500630
2500663
2500664
2500697
2500698
2500699
2500700
2500701
2500702
2500703
2500704
2500705
2500706
2500707
2500708
2500709
2500710
2500740
2500742
2500743
2500744
2500746
2500747
2500748
2500750
2500752
2500754
2500756
2500757
2500758
2500759
2500760
2500761
2500763
2500766
2500769
2500772
2500773
2500774
2500777
2500780
2500783
2500786
2500789
2500790
2500791
2500792
2500795
2500796
2500797
2500798
2500799
2500800
2500801
2500804
2500805
2500808
2500809
2500810
2500811
2500812
2500813
2500816
2500849
2500893
2500894
2500895
2500896
2500910
2500911
2500912
2500913
2500914
2500915
2500916
2500917
2500918
2500932
2500946
2500947
2500948
2500949
2500963
2500964
2500965
2500966
2500980
2500994
2501008
2501022
2501023
2501024
2501025
2501026
2501027
2501028
2501029
2501030
2501031
2501032
2501033
2501034
2501035
2501036
2501037
2501038
2501053
2501055
2501057
2501058
2501060
2501061
2501063
2501065
2501067
2501069
2501071
2501073
2501075
2501076
2501077
2501079
2501085
2501091
2501097
2501103
2501109
2501115
2501121
2501122
2501128
2501134
2501135
2501141
2501142
2501143
2501149
2501150
2501151
2501152
2501153
2501154
2501155
2501161
2501167
2501173
2501174
2501175
2501181
2501182
2501188
2501194
2501200
2501206
2501207
2501208
2501214
2501215
2501221
2501227
2501229
2501231
2501233
2501235
2501236
2501238
2501240
2501242
2501243
2501244
2501245
2501247
2501249
2501251
2501253
2501255
2501261
2501267
2501274
2501280
2501286
2501293
2501295
2501297
2501299
2501301
2501302
2501303
2501304
2501306
2501308
2501309
2501311
2501313
2501314
2501315
2501316
2501318
2501319
2501459
2501460
2501461
2501462
2501463
2501464
2501465
2501466
2501467
2501468
2501469
2501470
2501471
2501472
2501473
2501531
2501537
2501538
2501544
2501550
2501556
2501562
2501565
2501568
2501571
2501574
2501577
2501580
2501581
2501582
2501583
2501584
2501587
2501588
2501589
2501590
2501591
2501594
2501595
2501596
2501597
2501598
2501599
2501604
2501605
2501611
2501614
2501615
2501616
2501617
2501618
2501619
2501620
2501621
2501624
2501627
2501629
2501630
2501631
2501632
2501634
2501636
2501638
2501639
2501640
2501641
2501643
2501644
2501645
2501646
2501647
2501648
2501651
2501654
2501655
2501658
2501659
2501662
2501665
2501666
2501672
2501677
2501678
2501679
2501684
2501685
2501690
2501695
2501700
2501705
2501706
2501707
2501708
2501709
2501710
2501711
2501717
2501722
2501727
2501728
2501729
2501730
2501731
2501736
2501737
2501738
2501743
2501746
2501747
2501748
2501749
2501750
2501753
2501756
2501759
2501760
2501763
2501766
2501769
2501771
2501772
2501773
2501775
2501776
2501778
2501779
2501780
2501781
2501783
2501784
2501786
2501791
2501796
2501801
2501806
2501811
2501816
2501817
2501819
2501821
2501823
2501825
2501827
2501829
2501831
2501833
2501834
2501836
2501841
2501842
2501843
2501847
2501848
2501852
2501853
2501854
2501855
2501859
2501864
2501865
2501866
2501870
2501871
2501872
2501876
2501880
2501881
2501885
2501890
2501893
2501896
2501897
2501898
2501899
2501900
2501901
2501902
2501903
2501906
2501907
2501908
2501911
2501914
2501917
2501920
2501923
2501924
2501925
2501926
2501929
2502890
2502891
2502892
2502894
2502895
2502897
2502899
2502900
2502901
2502902
2502903
2502904
2502906
2502908
2502910
2502911
2502912
2502913
2502915
2502917
2502918
2502919
2502920
2502922
2502924
2502926
2502928
2502954
2502958
2502959
2502960
2502961
2502965
2502969
2502970
2502971
2502972
2502973
2502977
2502978
2502979
2502980
2502981
2502984
2502985
2502986
2502987
2502988
2502989
2502992
2502995
2502998
2503001
2503004
2503007
2503008
2503009
2503010
2503011
2503012
2503013
2503014
2503017
2503020
2503023
2503026
2503029
2503032
2503036
2503040
2503041
2503045
2503046
2503047
2503049
2503051
2503052
2503053
2503055
2503056
2503058
2503059
2503060
2503064
2503068
2503072
2503073
2503074
2503075
2503076
2503077
2503078
2503079
2503083
2503087
2503091
2503095
2503099
2503100
2503101
2503102
2503103
2503104
2503108
2503109
2503110
2503146
2503147
2503151
2503152
2503156
2503159
2503162
2503165
2503166
2503167
2503170
2503171
2503172
2503173
2503174
2503175
2503176
2503177
2503180
2503183
2503186
2503189
2503190
2503193
2503196
2503197
2503198
2503201
2503202
2503203
2503206
2503209
2503212
2503215
2503218
2503221
2503224
2503227
2503231
2503232
2503235
2503238
2503241
2503244
2503247
2503250
2503253
2503255
2503256
2503257
2503259
2503261
2503263
2503265
2503267
2503268
2503269
2503273
2503274
2503275
2503276
2503277
2503281
2503282
2503283
2503284
2503285
2503289
2503290
2503291
2503292
2503293
2503297
2503301
2503305
2503306
2503307
2503308
2503309
2503310
2503311
2503312
2503313
2503314
2503318
2503322
2503323
2503327
2503331
2503335
2503339
2503340
2503341
2503342
2503343
2503363
2503381
2503382
2503383
2503384
2503385
2503386
2503387
2503388
2503389
2503390
2503391
2503392
2503393
2503413
2503414
2503432
2503450
2503451
2503452
2503470
2503488
2503489
2503507
2503508
2503526
2503549
2503550
2503551
2503552
2503553
2503559
2503566
2503567
2503568
2503575
2503581
2503582
2503583
2503584
2503585
2503586
2503587
2503588
2503589
2503595
2503597
2503598
2503599
2503600
2503602
2503603
2503604
2503605
2503606
2503608
2503610
2503612
2503614
2503616
2503622
2503629
2503630
2503631
2503632
2503633
2503639
2503645
2503646
2503647
2503648
2503649
2503650
2503651
2503652
2503659
2503665
2503666
2503667
2503668
2503674
2503680
2503681
2503687
2503693
2503699
2503705
2503711
2503717
2503723
2503729
2503735
2503741
2503747
2503753
2503759
2503765
2503772
2503778
2503779
2503780
2503781
2503782
2503788
2503789
2503790
2503791
2503792
2503798
2503804
2503810
2503817
2503824
2503831
2503838
2503865
2503867
2503868
2503870
2503871
2503873
2503874
2503876
2503878
2503880
2503881
2503883
2503887
2503891
2503892
2503893
2503894
2503895
2503896
2503897
2503901
2503902
2503903
2503904
2503905
2503906
2503907
2503911
2503915
2503919
2503923
2503927
2503928
2503929
2503933
2503934
2503935
2503936
2503940
2503945
2503948
2503951
2503954
2503957
2503958
2503959
2503962
2503965
2503968
2503971
2503974
2503977
2503980
2503981
2503982
2503985
2503988
2503991
2503994
2503997
2503998
2504001
2504004
2504007
2504033
2504034
2504035
2504036
2504037
2504038
2504039
2504040
2504041
2504042
2504043
2504044
2504107
2504169
2504230
2504292
2504293
2504294
2504339
2504340
2504341
2504386
2504431
2504476
2504534
2504586
2504587
2504638
2504687
2504736
2504737
2504738
2504787
2504836
2504894
2504895
2504896
2504950
2504951
2504952
2505075
2505197
2505198
2505199
2505200
2505201
2505202
2505203
2505325
2505326
2505327
2505328
2505329
2505330
2505331
2505454
2505455
2505456
2505457
2505458
2505499
2505539
2505579
2505580
2505581
2505582
2505583
2505621
2505659
2505660
2505697
2505698
2505735
2505772
2505813
2505855
2505897
2505939
2505982
2506029
2506030
2506031
2506032
2506033
2506034
2506035
2506036
2506037
2506038
2506079
2506121
2506122
2506123
2506124
2506125
2506164
2506165
2506203
2506241
2506278
2506279
2506280
2506281
2506282
2506319
2506354
2506387
2506416
2506444
2506473
2506506
2506546
2506603
2506604
2506605
2506606
2506607
2506608
2506609
2506610
2506611
2506612
2506613
2506614
2506615
2506616
2506617
2506679
2506680
2506681
2506682
2506683
2506684
2506685
2506686
2506687
2506688
2506689
2506786
2506820
2506821
2506822
2506823
2506857
2506891
2506892
2506893
2506894
2506895
2506896
2506897
2506931
2506965
2506966
2507001
2507015
2507016
2507017
2507018
2507033
2507039
2507045
2507051
2507057
2507063
2507069
2507075
2507081
2507087
2507093
2507099
2507100
2507106
2507109
2507112
2507115
2507116
2507117
2507118
2507119
2507120
2507123
2507126
2507127
2507128
2507129
2507130
2507131
2507132
2507133
2507136
2507139
2507144
2507149
2507154
2507159
2507165
2507166
2507167
2507168
2507169
2507170
2507171
2507177
2507183
2507189
2507195
2507201
2507202
2507203
2507204
2507205
2507211
2507217
2507218
2507224
2507225
2507226
2507227
2507228
2507229
2507230
2507231
2507237
2507238
2507239
2507245
2507246
2507247
2507248
2507249
2507263
2507277
2507278
2507279
2507280
2507281
2507282
2507283
2507297
2507298
2507299
2507300
2507313
2507314
2507315
2507316
2507330
2507331
2507332
2507333
2507334
2507335
2507336
2507337
2507338
2507339
2507340
2507341
2507342
2507359
2507373
2507374
2507375
2507388
2507401
2507402
2507403
2507404
2507417
2507430
2507431
2507432
2507446
2507461
2507462
2507463
2507464
2507465
2507466
2507467
2507468
2507469
2507470
2507471
2507472
2507473
2507474
2507475
2507476
2507477
2507492
2507508
2507524
2507541
2507542
2507543
2507544
2507572
2507599
2507600
2507627
2507654
2507688
2507717
2507746
2507775
2507804
2507830
2507831
2507832
2507833
2507834
2507860
2507861
2507862
2507863
2507864
2507895
2507925
2507956
2507957
2507987
2507988
2507989
2508020
2508022
2508024
2508026
2508028
2508030
2508032
2508034
2508036
2508038
2508040
2508041
2508042
2508043
2508045
2508046
2508047
2508049
2508051
2508052
2508054
2508056
2508057
2508058
2508059
2508060
2508091
2508120
2508121
2508150
2508179
2508207
2508235
2508236
2508237
2508238
2508266
2508294
2508295
2508322
2508323
2508350
2508379
2508408
2508436
2508464
2508493
2508563
2508629
2508641
2508642
2508643
2508644
2508645
2508648
2508649
2508650
2508651
2508652
2508655
2508658
2508659
2508660
2508661
2508662
2508663
2508664
2508665
2508668
2508669
2508670
2508673
2508676
2508679
2508682
2508694
2508706
2508707
2508708
2508709
2508710
2508711
2508712
2508713
2508714
2508715
2508727
2508735
2508743
2508751
2508752
2508753
2508761
2508762
2508767
2508772
2508773
2508774
2508775
2508776
2508777
2508782
2508783
2508784
2508785
2508786
2508787
2508788
2508789
2508790
2508795
2508796
2508797
2508798
2508799
2508804
2508809
2508814
2508819
2508820
2508821
2508822
2508823
2508828
2508833
2508838
2508843
2508844
2508849
2508850
2508862
2508873
2508874
2508875
2508876
2508887
2508888
2508889
2508890
2508891
2508892
2508893
2508894
2508895
2508896
2508907
2508918
2508929
2508930
2508931
2508932
2508933
2508934
2508935
2508936
2508937
2508938
2508939
2508940
2508941
2508942
2508943
2508954
2508957
2508960
2508962
2508964
2508966
2508968
2508970
2508971
2508973
2508975
2508977
2508979
2508982
2508985
2508988
2508989
2508992
2508995
2508996
2508997
2508998
2508999
2509002
2509005
2509006
2509007
2509008
2509009
2509020
2509021
2509022
2509023
2509034
2509045
2509046
2509047
2509048
2509049
2509050
2509051
2509052
2509053
2509054
2509055
2509056
2509057
2509058
2509059
2509117
2509146
2509147
2509148
2509149
2509150
2509151
2509152
2509153
2509154
2509155
2509156
2509157
2509158
2509159
2509160
2509161
2509162
2509163
2509164
2509165
2509195
2509223
2509224
2509252
2509253
2509254
2509255
2509256
2509257
2509258
2509259
2509287
2509316
2509317
2509344
2509371
2509398
2509426
2509455
2509458
2509459
2509460
2509461
2509462
2509463
2509466
2509467
2509468
2509469
2509472
2509473
2509474
2509477
2509480
2509483
2509484
2509485
2509486
2509489
2509492
2509493
2509496
2509499
2509502
2509505
2509506
2509507
2509508
2509509
2509510
2509511
2509512
2509513
2509516
2509517
2509520
2509521
2509522
2509523
2509526
2509529
2509532
2509535
2509581
2509607
2509633
2509659
2509685
2509711
2509712
2509713
2509715
2509716
2509718
2509720
2509722
2509724
2509726
2509728
2509730
2509732
2509734
2509735
2509736
2509737
2509738
2509739
2509741
2509742
2509743
2509744
2509745
2509747
2509749
2509774
2509799
2509824
2509851
2509853
2509854
2509856
2509858
2509860
2509861
2509863
2509865
2509867
2509869
2509871
2509873
2509875
2509876
2509877
2509878
2509879
2509881
2509883
2509885
2509912
2509915
2509918
2509921
2509922
2509923
2509924
2509925
2509926
2509927
2509928
2509929
2509932
2509933
2509934
2509935
2509936
2509939
2509940
2509941
2509944
2509947
2509948
2509951
2509954
2509956
2509958
2509960
2509962
2509963
2509965
2509966
2509968
2509971
2509972
2509973
2509974
2509975
2509978
2509981
2509984
2509987
2509990
2509993
2509996
2509999
2510000
2510001
2510002
2510003
2510006
2510009
2510012
2510015
2510043
2510045
2510047
2510049
2510051
2510052
2510053
2510055
2510057
2510059
2510060
2510061
2510062
2510064
2510066
2510068
2510070
2510072
2510074
2510076
2510078
2510080
2510081
2510082
2510083
2510109
2510132
2510155
2510156
2510179
2510202
2510225
2510252
2510253
2510277
2510301
2510325
2510349
2510350
2510374
2510375
2510376
2510377
2510378
2510379
2510380
2510381
2510398
2510415
2510416
2510417
2510434
2510435
2510436
2510437
2510438
2510462
2510486
2510510
2510536
2510562
2510588
2510614
2510649
2510650
2510684
2510718
2510752
2510906
2510907
2510908
2510909
2510910
2510911
2510917
2510923
2510924
2510925
2510926
2510927
2510928
2510929
2510935
2510936
2510942
2510948
2510950
2510951
2510953
2510955
2510957
2510959
2510961
2510962
2510963
2510964
2510966
2510967
2510969
2510971
2510972
2510974
2510979
2510980
2510981
2510982
2510983
2510988
2510993
2510994
2510995
2510996
2510997
2511002
2511003
2511004
2511005
2511006
2511007
2511008
2511011
2511012
2511013
2511014
2511015
2511016
2511017
2511020
2511023
2511026
2511027
2511030
2511033
2511039
2511040
2511046
2511047
2511048
2511049
2511050
2511051
2511052
2511058
2511108
2511109
2511110
2511111
2511112
2511113
2511114
2511115
2511116
2511117
2511126
2511127
2511128
2511129
2511130
2511131
2511132
2511133
2511142
2511143
2511144
2511145
2511146
2511147
2511148
2511149
2511150
2511151
2511152
2511153
2511154
2511155
2511156
2511157
2511166
2511167
2511168
2511169
2511179
2511188
2511197
2511206
2511207
2511216
2511225
2511226
2511227
2511236
2511237
2511246
2511255
2511264
2511273
2511282
2511291
2511292
2511293
2511295
2511297
2511298
2511300
2511302
2511304
2511306
2511308
2511310
2511312
2511314
2511315
2511317
2511319
2511321
2511330
2511340
2511341
2511342
2511352
2511362
2511372
2511382
2511392
2511402
2511412
2511413
2511414
2511415
2511416
2511417
2511427
2511437
2511447
2511448
2511458
2511460
2511462
2511464
2511466
2511468
2511470
2511472
2511474
2511476
2511477
2511479
2511480
2511481
2511482
2511484
2511485
2511486
2511487
2511489
2511490
2511492
2511494
2511496
2511498
2511500
2511502
2511504
2511505
2511506
2511508
2511519
2511523
2511524
2511525
2511526
2511527
2511528
2511529
2511533
2511537
2511538
2511539
2511540
2511544
2511548
2511552
2511553
2511557
2511558
2511559
2511560
2511564
2511565
2511566
2511567
2511571
2511572
2511573
2511574
2511575
2511576
2511577
2511578
2511579
2511588
2511597
2511606
2511617
2511626
2511627
2511628
2511629
2511638
2511647
2511656
2511657
2511658
2511659
2511660
2511661
2511662
2511663
2511664
2511665
2511666
2511674
2511675
2511676
2511677
2511685
2511686
2511687
2511688
2511696
2511697
2511698
2511699
2511700
2511701
2511702
2511703
2511724
2511725
2511727
2511729
2511731
2511732
2511733
2511734
2511735
2511736
2511738
2511739
2511740
2511741
2511742
2511743
2511745
2511746
2511748
2511750
2511751
2511752
2511753
2511754
2511755
2511757
2511759
2511761
2511762
2511764
2511766
2511767
2511768
2511770
2511791
2511792
2511793
2511794
2511799
2511800
2511801
2511802
2511803
2511804
2511805
2511806
2511811
2511816
2511821
2511826
2511827
2511828
2511829
2511834
2511835
2511840
2511845
2511846
2511847
2511848
2511849
2511850
2511851
2511852
2511853
2511858
2511859
2511860
2511861
2511862
2511863
2511864
2511865
2511866
2511867
2511873
2511879
2511880
2511881
2511882
2511883
2511884
2511885
2511886
2511887
2511888
2511889
2511890
2511896
2511902
2511908
2511909
2511910
2511916
2511917
2511918
2511923
2511928
2511929
2511930
2511931
2511932
2511933
2511934
2511939
2511940
2511941
2511942
2511943
2511944
2511945
2511949
2511953
2511954
2511958
2511959
2511960
2511964
2511965
2511969
2511970
2511971
2511972
2511976
2511980
2511981
2511982
2511983
2511984
2511985
2511986
2511994
2512010
2512024
2512036
2512047
2512058
2512069
2512080
2512081
2512082
2512083
2512094
2512095
2512096
2512097
2512108
2512109
2512120
2512130
2512140
2512141
2512142
2512143
2512144
2512145
2512146
2512147
2512148
2512149
2512150
2512151
2512152
2512153
2512154
2512155
2512166
2512167
2512168
2512169
2512170
2512171
2512182
2512197
2512212
2512227
2512242
2512243
2512244
2512344
2512517
2512518
2512530
2512542
2512554
2512566
2512578
2512590
2512591
2512592
2512593
2512594
2512595
2512596
2512608
2512620
2512632
2512633
2512645
2512647
2512649
2512651
2512653
2512655
2512656
2512657
2512659
2512660
2512661
2512663
2512665
2512667
2512669
2512671
2512673
2512674
2512676
2512688
2512689
2512690
2512691
2512692
2512693
2512694
2512695
2512696
2512697
2512698
2512699
2512700
2512701
2512702
2512703
2512704
2512705
2512717
2512718
2512719
2512720
2512721
2512722
2512723
2512724
2512736
2512748
2512760
2512772
2512784
2512796
2512797
2512798
2512799
2512800
2512801
2512802
2512803
2512815
2512826
2512827
2512828
2512839
2512840
2512841
2512842
2512843
2512844
2512845
2512846
2512847
2512859
2512877
2512878
2512879
2512880
2512881
2512882
2512898
2512914
2512930
2512946
2512962
2512978
2512993
2512994
2513009
2513024
2513025
2513041
2513042
2513043
2513044
2513045
2513046
2513047
2513048
2513049
2513050
2513067
2513068
2513069
2513070
2513071
2513090
2513091
2513092
2513093
2513094
2513095
2513096
2513097
2513098
2513099
2513100
2513101
2513102
2513103
2513117
2513118
2513119
2513120
2513121
2513122
2513123
2513124
2513125
2513140
2513154
2513155
2513156
2513157
2513171
2513185
2513199
2513213
2513227
2513228
2513229
2513230
2513231
2513232
2513233
2513234
2513235
2513249
2513251
2513253
2513254
2513255
2513256
2513258
2513260
2513262
2513264
2513266
2513268
2513269
2513270
2513271
2513273
2513274
2513275
2513276
2513291
2513305
2513319
2513333
2513347
2513361
2513375
2513389
2513403
2513417
2513433
2513438
2513439
2513444
2513449
2513454
2513459
2513463
2513467
2513468
2513472
2513476
2513480
2513484
2513488
2513492
2513493
2513494
2513498
2513502
2513506
2513508
2513510
2513512
2513514
2513516
2513518
2513520
2513522
2513523
2513524
2513527
2513530
2513534
2513535
2513536
2513537
2513538
2513539
2513540
2513545
2513550
2513551
2513552
2513553
2513554
2513555
2513556
2513561
2513566
2513571
2513572
2513577
2513578
2513583
2513587
2513591
2513592
2513593
2513597
2513601
2513605
2513609
2513610
2513611
2513615
2513619
2513623
2513624
2513628
2513632
2513638
2513644
2513645
2513646
2513647
2513653
2513654
2513660
2513681
2513693
2513705
2513717
2513729
2513741
2513753
2513765
2513777
2513789
2513790
2513791
2513792
2513793
2513794
2513795
2513796
2513797
2513798
2513799
2513811
2513812
2513813
2513825
2513836
2513847
2513848
2513859
2513870
2513881
2513893
2513905
2513917
2513919
2513921
2513923
2513925
2513927
2513929
2513931
2513933
2513934
2513936
2513938
2513939
2513940
2513941
2513942
2513943
2513945
2513956
2513967
2513968
2513969
2513970
2513971
2513983
2513995
2514007
2514018
2514019
2514030
2514031
2514032
2514033
2514034
2514045
2514046
2514047
2514048
2514059
2514069
2514070
2514071
2514072
2514073
2514074
2514075
2514076
2514077
2514078
2514079
2514080
2514090
2514100
2514110
2514120
2514130
2514140
2514151
2514162
2514171
2514172
2514181
2514182
2514183
2514184
2514193
2514202
2514203
2514212
2514223
2514224
2514225
2514226
2514237
2514249
2514259
2514260
2514261
2514271
2514281
2514291
2514301
2514311
2514321
2514331
2514332
2514342
2514352
2514362
2514363
2514373
2514374
2514384
2514385
2514395
2514405
2514406
2514407
2514408
2514409
2514419
2514429
2514439
2514449
2514459
2514469
2514479
2514489
2514499
2514509
2514519
2514520
2514521
2514522
2514523
2514524
2514534
2514535
2514536
2514546
2514554
2514562
2514563
2514571
2514579
2514580
2514588
2514596
2514604
2514605
2514606
2514607
2514608
2514609
2514610
2514611
2514619
2514628
2514630
2514632
2514634
2514636
2514638
2514640
2514641
2514643
2514645
2514647
2514648
2514650
2514651
2514652
2514654
2514656
2514658
2514660
2514662
2514664
2514666
2514667
2514676
2514677
2514678
2514679
2514680
2514681
2514682
2514683
2514684
2514685
2514686
2514700
2514711
2514712
2514713
2514714
2514715
2514726
2514728
2514729
2514731
2514732
2514733
2514734
2514736
2514738
2514740
2514742
2514744
2514746
2514748
2514750
2514752
2514754
2514755
2514757
2514759
2514770
2514771
2514782
2514793
2514794
2514805
2514816
2514818
2514820
2514821
2514823
2514825
2514827
2514829
2514831
2514833
2514834
2514835
2514836
2514837
2514838
2514840
2514841
2514842
2514843
2514844
2514846
2514848
2514850
2514852
2514854
2514865
2514875
2514886
2514898
2514899
2514900
2514901
2514902
2514903
2514904
2514907
2514909
2514911
2514912
2514913
2514914
2514916
2514918
2514919
2514921
2514923
2514925
2514927
2514929
2514931
2514934
2514937
2514939
2514941
2514942
2514943
2514944
2514946
2514948
2514958
2514959
2514968
2514969
2514978
2514979
2514980
2514983
2514986
2514989
2514992
2514995
2514998
2514999
2515002
2515003
2515006
2515009
2515010
2515011
2515012
2515014
2515015
2515016
2515017
2515020
2515022
2515023
2515025
2515027
2515029
2515031
2515032
2515034
2515036
2515038
2515040
2515041
2515043
2515046
2515047
2515048
2515049
2515050
2515059
2515060
2515061
2515062
2515063
2515064
2515065
2515066
2515067
2515068
2515069
2515070
2515071
2515072
2515085
2515086
2515091
2515096
2515097
2515098
2515099
2515104
2515105
2515106
2515107
2515112
2515117
2515122
2515123
2515124
2515125
2515126
2515127
2515128
2515129
2515130
2515135
2515136
2515137
2515138
2515139
2515140
2515141
2515142
2515143
2515148
2515153
2515154
2515159
2515164
2515169
2515170
2515171
2515176
2515181
2515186
2515187
2515188
2515189
2515190
2515195
2515196
2515201
2515202
2515207
2515211
2515212
2515213
2515214
2515215
2515216
2515217
2515218
2515219
2515220
2515257
2515258
2515259
2515260
2515261
2515262
2515263
2515264
2515265
2515266
2515267
2515268
2515269
2515270
2515271
2515272
2515285
2515286
2515289
2515290
2515293
2515296
2515297
2515298
2515299
2515300
2515303
2515306
2515309
2515312
2515315
2515318
2515321
2515324
2515327
2515330
2515333
2515334
2515335
2515336
2515337
2515340
2515341
2515344
2515345
2515348
2515351
2515354
2515357
2515358
2515359
2515362
2515363
2515376
2515389
2515390
2515391
2515400
2515409
2515418
2515419
2515420
2515421
2515430
2515439
2515448
2515457
2515466
2515475
2515476
2515485
2515486
2515487
2515496
2515505
2515514
2515515
2515524
2515525
2515526
2515527
2515528
2515529
2515530
2515531
2515532
2515533
2515534
2515535
2515544
2515553
2515562
2515571
2515572
2515579
2515580
2515581
2515582
2515583
2515584
2515585
2515586
2515587
2515588
2515589
2515590
2515597
2515598
2515599
2515606
2515607
2515608
2515609
2515610
2515611
2515612
2515613
2515614
2515615
2515621
2515627
2515633
2515639
2515645
2515651
2515660
2515662
2515664
2515666
2515667
2515668
2515670
2515672
2515674
2515676
2515677
2515679
2515681
2515682
2515684
2515686
2515687
2515689
2515691
2515700
2515709
2515710
2515719
2515728
2515729
2515730
2515731
2515732
2515733
2515734
2515750
2515751
2515752
2515753
2515754
2515755
2515756
2515757
2515758
2515759
2515760
2515776
2515792
2515808
2515824
2515840
2515855
2515862
2515869
2515870
2515871
2515878
2515885
2515886
2515887
2515894
2515901
2515902
2515904
2515905
2515906
2515908
2515910
2515912
2515914
2515916
2515917
2515919
2515920
2515922
2515924
2515926
2515933
2515940
2515947
2515954
2515955
2515962
2515964
2515966
2515968
2515969
2515970
2515972
2515974
2515975
2515977
2515979
2515981
2515982
2515984
2515991
2515998
2516005
2516012
2516013
2516020
2516033
2516046
2516047
2516108
2516109
2516114
2516119
2516120
2516121
2516122
2516123
2516124
2516125
2516126
2516131
2516136
2516137
2516138
2516139
2516140
2516141
2516145
2516146
2516150
2516154
2516155
2516156
2516157
2516158
2516159
2516160
2516161
2516162
2516163
2516167
2516171
2516176
2516177
2516182
2516187
2516188
2516189
2516190
2516191
2516192
2516193
2516198
2516203
2516204
2516205
2516206
2516207
2516208
2516209
2516210
2516211
2516212
2516217
2516222
2516251
2516256
2516261
2516266
2516267
2516268
2516269
2516270
2516272
2516274
2516275
2516276
2516278
2516280
2516282
2516283
2516284
2516285
2516287
2516292
2516297
2516302
2516307
2516312
2516313
2516314
2516315
2516319
2516320
2516321
2516322
2516323
2516327
2516331
2516335
2516339
2516343
2516347
2516351
2516352
2516353
2516357
2516358
2516359
2516360
2516361
2516362
2516366
2516370
2516374
2516375
2516379
2516380
2516384
2516388
2516389
2516394
2516399
2516400
2516405
2516406
2516407
2516408
2516409
2516414
2516419
2516420
2516421
2516422
2516423
2516424
2516425
2516426
2516431
2516432
2516433
2516438
2516443
2516448
2516453
2516458
2516459
2516460
2516465
2516470
2516475
2516476
2516481
2516486
2516487
2516488
2516489
2516494
2516513
2516514
2516515
2516516
2516517
2516523
2516524
2516525
2516526
2516527
2516534
2516535
2516536
2516537
2516538
2516539
2516540
2516541
2516542
2516543
2516544
2516551
2516558
2516559
2516561
2516562
2516563
2516565
2516566
2516567
2516569
2516571
2516572
2516573
2516575
2516577
2516578
2516579
2516586
2516593
2516600
2516607
2516608
2516609
2516610
2516611
2516612
2516613
2516614
2516621
2516622
2516623
2516624
2516625
2516626
2516627
2516628
2516629
2516630
2516631
2516632
2516633
2516640
2516641
2516642
2516643
2516644
2516645
2516652
2516659
2516666
2516673
2516680
2516687
2516694
2516701
2516708
2516709
2516710
2516711
2516712
2516719
2516726
2516733
2516734
2516741
2516748
2516755
2516756
2516757
2516758
2516763
2516766
2516769
2516772
2516775
2516776
2516777
2516778
2516781
2516784
2516787
2516790
2516793
2516796
2516799
2516802
2516803
2516804
2516805
2516806
2516812
2516814
2516816
2516817
2516818
2516819
2516821
2516822
2516824
2516826
2516828
2516830
2516831
2516833
2516834
2516835
2516841
2516842
2516843
2516872
2516873
2516874
2516875
2516904
2516932
2516958
2516984
2516985
2516986
2517011
2517036
2517061
2517087
2517088
2517089
2517090
2517091
2517092
2517118
2517119
2517120
2517121
2517122
2517123
2517151
2517178
2517206
2517234
2517262
2517292
2517296
2517300
2517301
2517302
2517303
2517304
2517305
2517306
2517310
2517311
2517312
2517313
2517314
2517315
2517316
2517317
2517318
2517322
2517326
2517327
2517328
2517329
2517333
2517337
2517341
2517345
2517349
2517350
2517354
2517358
2517362
2517366
2517367
2517368
2517369
2517373
2517377
2517378
2517379
2517380
2517381
2517382
2517386
2517387
2517388
2517389
2517390
2517394
2517398
2517400
2517402
2517404
2517406
2517408
2517410
2517412
2517414
2517416
2517417
2517419
2517424
2517425
2517426
2517427
2517428
2517429
2517430
2517435
2517436
2517437
2517438
2517439
2517440
2517445
2517446
2517451
2517456
2517457
2517458
2517459
2517489
2517490
2517491
2517492
2517493
2517494
2517495
2517496
2517497
2517498
2517499
2517525
2517526
2517527
2517557
2517586
2517587
2517616
2517617
2517618
2517619
2517620
2517621
2517622
2517651
2517680
2517681
2517682
2517683
2517684
2517685
2517765
2517771
2517774
2517775
2517776
2517779
2517780
2517781
2517782
2517783
2517784
2517785
2517786
2517789
2517790
2517791
2517792
2517793
2517794
2517795
2517796
2517802
2517808
2517813
2517818
2517823
2517824
2517825
2517826
2517827
2517828
2517829
2517830
2517831
2517832
2517837
2517842
2517847
2517852
2517853
2517854
2517859
2517860
2517861
2517866
2517867
2517868
2517869
2517870
2517871
2517872
2517873
2517874
2517875
2517876
2517882
2517883
2517884
2517890
2517896
2517902
2517907
2517912
2517917
2517918
2517919
2517920
2517921
2517926
2517931
2517936
2517941
2517946
2517952
2517958
2517999
2518000
2518038
2518039
2518040
2518041
2518042
2518043
2518044
2518045
2518046
2518047
2518048
2518049
2518050
2518051
2518052
2518053
2518054
2518094
2518095
2518096
2518139
2518143
2518145
2518146
2518147
2518149
2518150
2518151
2518153
2518155
2518156
2518157
2518158
2518159
2518161
2518163
2518165
2518170
2518171
2518176
2518181
2518186
2518191
2518196
2518197
2518201
2518202
2518206
2518210
2518214
2518215
2518219
2518223
2518224
2518225
2518226
2518227
2518228
2518229
2518230
2518234
2518236
2518237
2518239
2518240
2518241
2518242
2518244
2518245
2518247
2518249
2518251
2518252
2518253
2518254
2518256
2518260
2518264
2518269
2518274
2518279
2518284
2518285
2518286
2518287
2518292
2518293
2518294
2518295
2518300
2518305
2518310
2518315
2518320
2518321
2518322
2518323
2518324
2518329
2518334
2518339
2518340
2518341
2518342
2518347
2518348
2518349
2518350
2518351
2518356
2518424
2518425
2518435
2518445
2518455
2518465
2518466
2518467
2518477
2518478
2518479
2518480
2518481
2518482
2518483
2518484
2518485
2518486
2518492
2518498
2518499
2518500
2518507
2518514
2518515
2518516
2518523
2518530
2518537
2518544
2518551
2518558
2518565
2518572
2518574
2518576
2518578
2518580
2518582
2518584
2518585
2518586
2518588
2518590
2518592
2518593
2518594
2518595
2518597
2518603
2518604
2518610
2518616
2518622
2518623
2518624
2518626
2518627
2518628
2518629
2518630
2518631
2518633
2518634
2518635
2518636
2518637
2518638
2518639
2518641
2518643
2518644
2518646
2518656
2518666
2518676
2518677
2518678
2518679
2518680
2518681
2518685
2518686
2518687
2518688
2518689
2518690
2518691
2518692
2518693
2518694
2518698
2518699
2518700
2518701
2518702
2518706
2518707
2518708
2518712
2518713
2518717
2518721
2518725
2518729
2518730
2518734
2518738
2518742
2518746
2518750
2518751
2518755
2518759
2518763
2518767
2518771
2518772
2518773
2518775
2518777
2518779
2518781
2518782
2518784
2518785
2518786
2518788
2518816
2518817
2518818
2518819
2518821
2518823
2518825
2518827
2518829
2518831
2518833
2518835
2518837
2518839
2518840
2518842
2518844
2518846
2518848
2518849
2518851
2518852
2518876
2518877
2518878
2518902
2518926
2518950
2518951
2518975
2518976
2518977
2518978
2518979
2518980
2519013
2519014
2519015
2519016
2519044
2519045
2519046
2519047
2519048
2519049
2519050
2519051
2519052
2519053
2519054
2519055
2519083
2519110
2519137
2519138
2519165
2519193
2519222
2519223
2519224
2519250
2519276
2519302
2519303
2519329
2519355
2519381
2519407
2519433
2519459
2519485
2519513
2519541
2519569
2519597
2519627
2519628
2519629
2519630
2519631
2519632
2519633
2519634
2519635
2519636
2519637
2519638
2519639
2519640
2519665
2519666
2519667
2519668
2519669
2519670
2519671
2519672
2519673
2519674
2519693
2519695
2519697
2519699
2519701
2519703
2519704
2519705
2519706
2519707
2519709
2519711
2519713
2519715
2519717
2519719
2519721
2519722
2519723
2519724
2519725
2519727
2519728
2519729
2519730
2519731
2519733
2519735
2519737
2519739
2519741
2519743
2519745
2519747
2519749
2519751
2519753
2519755
2519756
2519758
2519776
2519932
2519970
2519971
2520009
2520047
2520048
2520049
2520050
2520088
2520089
2520090
2520091
2520130
2520131
2520133
2520135
2520137
2520138
2520140
2520141
2520143
2520145
2520146
2520148
2520150
2520152
2520153
2520155
2520157
2520159
2520161
2520162
2520163
2520165
2520166
2520168
2520170
2520172
2520173
2520174
2520217
2520218
2520219
2520220
2520221
2520232
2520243
2520246
2520247
2520250
2520251
2520254
2520257
2520260
2520263
2520266
2520269
2520272
2520275
2520278
2520281
2520284
2520287
2520288
2520289
2520290
2520291
2520294
2520295
2520296
2520297
2520298
2520299
2520300
2520301
2520304
2520307
2520310
2520311
2520312
2520315
2520326
2520327
2520338
2520339
2520340
2520341
2520342
2520343
2520354
2520365
2520376
2520387
2520398
2520409
2520420
2520431
2520432
2520433
2520434
2520435
2520436
2520437
2520448
2520459
2520468
2520477
2520478
2520487
2520488
2520497
2520506
2520515
2520524
2520525
2520534
2520535
2520544
2520554
2520555
2520556
2520557
2520558
2520559
2520560
2520561
2520562
2520563
2520564
2520565
2520566
2520567
2520578
2520579
2520590
2520601
2520611
2520621
2520622
2520623
2520624
2520625
2520626
2520637
2520648
2520650
2520651
2520652
2520654
2520655
2520656
2520658
2520660
2520661
2520663
2520665
2520667
2520669
2520670
2520672
2520673
2520674
2520707
2520709
2520711
2520712
2520714
2520715
2520717
2520719
2520721
2520723
2520725
2520727
2520728
2520729
2520731
2520733
2520735
2520737
2520739
2520741
2520743
2520744
2520746
2520748
2520750
2520751
2520753
2520755
2520756
2520757
2520807
2520811
2520815
2520816
2520820
2520824
2520825
2520826
2520827
2520828
2520829
2520831
2520832
2520833
2520835
2520837
2520839
2520843
2520844
2520845
2520849
2520850
2520851
2520852
2520856
2520860
2520861
2520862
2520863
2520867
2520871
2520872
2520876
2520880
2520881
2520882
2520883
2520884
2520888
2520889
2520890
2520891
2520892
2520893
2520894
2520895
2520899
2520910
2520922
2520923
2520924
2520925
2520926
2520927
2520928
2520929
2520930
2520931
2520932
2520938
2520940
2520942
2520943
2520944
2520946
2520948
2520950
2520952
2520954
2520956
2520958
2520959
2520960
2520961
2520963
2520965
2520967
2520968
2520969
2520976
2520982
2520988
2520989
2520990
2520996
2520997
2521003
2521009
2521011
2521013
2521014
2521016
2521018
2521020
2521022
2521023
2521025
2521027
2521029
2521031
2521033
2521035
2521036
2521042
2521049
2521050
2521051
2521052
2521053
2521054
2521055
2521062
2521064
2521066
2521068
2521070
2521072
2521074
2521076
2521078
2521079
2521080
2521082
2521084
2521085
2521086
2521087
2521088
2521090
2521092
2521099
2521101
2521102
2521103
2521105
2521107
2521108
2521110
2521112
2521114
2521116
2521118
2521120
2521122
2521124
2521126
2521127
2521135
2521142
2521144
2521146
2521147
2521148
2521150
2521152
2521154
2521156
2521158
2521160
2521161
2521163
2521164
2521166
2521168
2521175
2521182
2521183
2521184
2521198
2521211
2521212
2521213
2521214
2521215
2521228
2521242
2521256
2521270
2521283
2521284
2521296
2521297
2521298
2521299
2521300
2521301
2521302
2521315
2521328
2521340
2521352
2521365
2521378
2521391
2521392
2521393
2521394
2521395
2521396
2521397
2521410
2521424
2521427
2521430
2521433
2521436
2521437
2521438
2521439
2521442
2521443
2521444
2521445
2521448
2521450
2521452
2521454
2521455
2521457
2521459
2521461
2521463
2521465
2521468
2521469
2521470
2521471
2521485
2521497
2521498
2521499
2521500
2521501
2521513
2521514
2521515
2521516
2521517
2521529
2521542
2521543
2521556
2521572
2521588
2521589
2521616
2521623
2521624
2521631
2521638
2521645
2521646
2521647
2521648
2521649
2521650
2521657
2521661
2521662
2521666
2521670
2521671
2521675
2521676
2521680
2521681
2521682
2521686
2521687
2521691
2521695
2521696
2521697
2521701
2521705
2521709
2521713
2521717
2521718
2521719
2521720
2521721
2521722
2521725
2521726
2521727
2521728
2521729
2521732
2521733
2521736
2521737
2521738
2521741
2521744
2521747
2521750
2521757
2521758
2521762
2521766
2521770
2521771
2521772
2521773
2521774
2521775
2521776
2521777
2521781
2521782
2521783
2521784
2521785
2521786
2521787
2521788
2521792
2521796
2521800
2521801
2521802
2521806
2521810
2521811
2521815
2521816
2521817
2521818
2521819
2521820
2521824
2521825
2521826
2521827
2521828
2521829
2521830
2521837
2521844
2521851
2521852
2521853
2521854
2521861
2521868
2521869
2521870
2521877
2521884
2521891
2521892
2521893
2521894
2521895
2521896
2521897
2521898
2521905
2521909
2521913
2521914
2521915
2521916
2521920
2521924
2521928
2521932
2521936
2521937
2521938
2521942
2521943
2521944
2521945
2521946
2521947
2521951
2521955
2521959
2521963
2521964
2521965
2521969
2521970
2521971
2521972
2521979
2521986
2521987
2521994
2522001
2522003
2522004
2522005
2522007
2522009
2522010
2522011
2522012
2522013
2522015
2522016
2522017
2522019
2522021
2522023
2522025
2522027
2522028
2522029
2522036
2522038
2522040
2522042
2522044
2522045
2522047
2522049
2522050
2522051
2522052
2522054
2522056
2522058
2522060
2522062
2522069
2522070
2522071
2522072
2522079
2522086
2522093
2522100
2522107
2522108
2522115
2522122
2522129
2522131
2522133
2522134
2522136
2522138
2522140
2522142
2522144
2522146
2522148
2522150
2522152
2522154
2522156
2522157
2522158
2522160
2522161
2522162
2522163
2522164
2522216
2522218
2522220
2522222
2522224
2522226
2522227
2522228
2522230
2522232
2522234
2522236
2522238
2522240
2522241
2522243
2522245
2522246
2522247
2522248
2522249
2522251
2522253
2522266
2522267
2522268
2522269
2522270
2522283
2522296
2522308
2522320
2522332
2522344
2522356
2522368
2522369
2522370
2522371
2522383
2522395
2522407
2522408
2522409
2522410
2522411
2522412
2522413
2522414
2522426
2522438
2522450
2522462
2522474
2522486
2522487
2522488
2522489
2522490
2522491
2522492
2522510
2522527
2522529
2522530
2522532
2522534
2522536
2522538
2522539
2522541
2522542
2522544
2522546
2522547
2522548
2522549
2522551
2522552
2522553
2522554
2522556
2522558
2522560
2522561
2522562
2522563
2522564
2522565
2522566
2522583
2522584
2522585
2522586
2522588
2522589
2522591
2522593
2522595
2522597
2522599
2522601
2522602
2522603
2522604
2522605
2522606
2522608
2522610
2522612
2522613
2522614
2522615
2522617
2522618
2522619
2522620
2522622
2522624
2522647
2522648
2522649
2522651
2522653
2522655
2522657
2522659
2522661
2522663
2522665
2522666
2522668
2522669
2522671
2522673
2522675
2522685
2522695
2522696
2522697
2522698
2522699
2522700
2522701
2522702
2522703
2522704
2522714
2522724
2522734
2522735
2522736
2522737
2522738
2522739
2522740
2522741
2522742
2522743
2522744
2522745
2522755
2522765
2522766
2522767
2522777
2522787
2522797
2522807
2522817
2522827
2522837
2522838
2522839
2522840
2522841
2522842
2522843
2522844
2522845
2522855
2522865
2522875
2522885
2522886
2522887
2522888
2522889
2522890
2522891
2522892
2522893
2522894
2522904
2522914
2522915
2522927
2522939
2522940
2522941
2522953
2522965
2522966
2522967
2522968
2522980
2522992
2522993
2522994
2522995
2522996
2522997
2522998
2523072
2523076
2523080
2523084
2523088
2523092
2523096
2523100
2523104
2523108
2523112
2523116
2523117
2523121
2523125
2523129
2523130
2523131
2523132
2523133
2523134
2523135
2523136
2523137
2523141
2523145
2523149
2523153
2523157
2523161
2523162
2523163
2523164
2523168
2523172
2523176
2523177
2523178
2523179
2523180
2523181
2523182
2523186
2523190
2523192
2523194
2523196
2523198
2523200
2523202
2523204
2523206
2523207
2523208
2523212
2523213
2523214
2523215
2523216
2523220
2523224
2523276
2523277
2523278
2523279
2523280
2523281
2523282
2523283
2523284
2523285
2523286
2523287
2523288
2523289
2523290
2523291
2523327
2523330
2523333
2523334
2523337
2523338
2523341
2523342
2523343
2523344
2523345
2523346
2523349
2523350
2523351
2523354
2523355
2523356
2523357
2523360
2523361
2523364
2523367
2523368
2523369
2523370
2523373
2523376
2523377
2523378
2523379
2523380
2523383
2523386
2523387
2523388
2523389
2523390
2523391
2523392
2523395
2523398
2523401
2523404
2523458
2523459
2523511
2523512
2523564
2523616
2523617
2523618
2523669
2523670
2523721
2523722
2523723
2523724
2533406
2533407
2533408
2533409
2533410
2533411
2533412
2533413
2533414
2533415
2533416
2533417
2533418
2533419
2533420
2533421
2533422
2533423
2533479
2533480
2533481
2533482
2533483
2533484
2533485
2533486
2533487
2533488
2533489
2533490
2533545
2533546
2533547
2533548
2533603
2534522
2534523
2534524
2534525
2535491
2536122
2536123
2536747
2537416
2538085
2538086
2538791
2539482
2539483
2540178
2540179
2540180
2540181
2540182
2540886
2540887
2540888
2541584
2542258
2542259
2542866
2543507
2544164
2544165
2546334
2546335
2546336
2546337
2546338
2546339
2546340
2546341
2546342
2546343
2546344
2547246
2548922
2549369
2549937
2550518
2551099
2551553
2552005
2552536
2552977
2553413
2554220
2555049
2558160
2558295
2558426
2558560
2558696
2558697
2558698
2558829
2558830
2558831
2558832
2558833
2558834
2558835
2558836
2559032
2559485
2559486
2559487
2559488
2560199
2560200
2560201
2560202
2560203
2560204
2560205
2560839
2561526
2561527
2561528
2561529
2561530
2561531
2562222
2562938
2563414
2563892
2564379
2566127
2566455
2566456
2566457
2566458
2566459
2566460
2566461
2566462
2566463
2566464
2566465
2566466
2566467
2566468
2566469
2566849
2567228
2567725
2568101
2568102
2568103
2568469
2568829
2568830
2568831
2568832
2569222
2570204
2570205
2570206
2571227
2571675
2572126
2572402
2572677
2572968
2573156
2573343
2573532
2573722
2573723
2573724
2573725
2573931
2573932
2573933
2573934
2573935
2573936
2574424
2574425
2574426
2574427
2574428
2574429
2574430
2574431
2574432
2574433
2574434
2574435
2574436
2574437
2574438
2574439
2574440
2574441
2574442
2574443
2574444
2574445
2574446
2574447
2574448
2574659
2574801
2574942
2575084
2575085
2575295
2575486
2575797
2576050
2576344
2576638
2576923
2576924
2576925
2576926
2577202
2577477
2577478
2577479
2577480
2577833
2578186
2578522
2578864
2584200
2586675
2587699
2587700
2588707
2589747
2589748
2590776
2591964
2592126
2592288
2592439
2592590
2592763
2592764
2592765
2592766
2592767
2592768
2592769
2592979
2592980
2592981
2592982
2592983
2592984
2592985
2592986
2594209
2594210
2594211
2594212
2594213
2594214
2594215
2594216
2594217
2594218
2594219
2594220
2594221
2594222
2595494
2595495
2595496
2595497
2595498
2595499
2596732
2596733
2596734
2596735
2596736
2596737
2596738
2596739
2596740
2596741
2596742
2597422
2597822
2598195
2598568
2598939
2599319
2599796
2600273
2600788
2600789
2600790
2600791
2600792
2600793
2600794
2600795
2600796
2600797
2600798
2600799
2604082
2604083
2605247
2606364
2606365
2606366
2606367
2606368
2606369
2607555
2607556
2608741
2608742
2609938
2611038
2611039
2612154
2613479
2613480
2613481
2613482
2614952
2616256
2616257
2616258
2616259
2616260
2616261
2616262
2616263
2616264
2616265
2616266
2616267
2616268
2616269
2617591
2619219
2619220
2619221
2619222
2619223
2620225
2620226
2620227
2620228
2620229
2621253
2621254
2621255
2621256
2621257
2621258
2623077
2623377
2623677
2623678
2623679
2623680
2623681
2623982
2623983
2623984
2624288
2624601
2624602
2624603
2624604
2624605
2624606
2624607
2624608
2624609
2624610
2624611
2624843
2624844
2624845
2624846
2624847
2624848
2624849
2624850
2624851
2624852
2624853
2624854
2624855
2625388
2625684
2625976
2626261
2626558
2626855
2627077
2627299
2627590
2627879
2628219
2631586
2631587
2631588
2631764
2631911
2632069
2632070
2632071
2632072
2632073
2632074
2632075
2632076
2632077
2632078
2632250
2632420
2632598
2632599
2632600
2632601
2632602
2632603
2632604
2632605
2632606
2633847
2635049
2635050
2636286
2637599
2637660
2637721
2637782
2637843
2637904
2637965
2637966
2637967
2638011
2638012
2638013
2638057
2638101
2638145
2638188
2638189
2638233
2638234
2638235
2638236
2638237
2638238
2638239
2638286
2638288
2638290
2638291
2638293
2638295
2638297
2638299
2638300
2638301
2638302
2638303
2638304
2638305
2638308
2638309
2638312
2638315
2638316
2638317
2638318
2638321
2638324
2638327
2638330
2638331
2638332
2638335
2638336
2638339
2638342
2638345
2638348
2638362
2638363
2638365
2638366
2638367
2638368
2638370
2638372
2638374
2638375
2638376
2638377
2638379
2638381
2638383
2638384
2638385
2638386
2638388
2638390
2638391
2638392
2638393
2638394
2638396
2638398
2638400
2638402
2638404
2638406
2638408
2638422
2638423
2638435
2638447
2638460
2638461
2638475
2638489
2638490
2638491
2638505
2638506
2638507
2638508
2638509
2638510
2638511
2638512
2638516
2638517
2638521
2638522
2638523
2638524
2638525
2638526
2638529
2638532
2638533
2638534
2638535
2638536
2638537
2638538
2638541
2638543
2638545
2638547
2638549
2638551
2638552
2638553
2638554
2638555
2638557
2638560
2638561
2638564
2638568
2638569
2638570
2638571
2638572
2638573
2638574
2638575
2638576
2638580
2638584
2638629
2638630
2638631
2638632
2638633
2638634
2638635
2638636
2638637
2638638
2638639
2638721
2639658
2639761
2639762
2639763
2639864
2639965
2640068
2640172
2640268
2640363
2640459
2640556
2640661
2640745
2640746
2640747
2640748
2640749
2640750
2640833
2640932
2641030
2641126
2641224
2641322
2641323
2641324
2641424
2641554
2641680
2641806
2641930
2642056
2642184
2642474
2642477
2642478
2642481
2642484
2642487
2642490
2642493
2642496
2642499
2642502
2642505
2642508
2642511
2642514
2642517
2642518
2642519
2642520
2642521
2642522
2642525
2642528
2642531
2642534
2642537
2642538
2642539
2642540
2642541
2642542
2642543
2642546
2642549
2642552
2642553
2642554
2642555
2642556
2642559
2642561
2642563
2642564
2642566
2642568
2642569
2642571
2642573
2642575
2642578
2642579
2642580
2642581
2642582
2642585
2642588
2642589
2642590
2642591
2642592
2642595
2642598
2642601
2642604
2642607
2642731
2642732
2642733
2642734
2642735
2642736
2642737
2642890
2642891
2643035
2643168
2643302
2643442
2643574
2643707
2643854
2644002
2644141
2644279
2644417
2644557
2644665
2644666
2644667
2644668
2644669
2644670
2644671
2644672
2644673
2644792
2644793
2644907
2644908
2644909
2644910
2644911
2644912
2645030
2645181
2645182
2645328
2645474
2645614
2645754
2646156
2646157
2646158
2646159
2646160
2646161
2646162
2646163
2646164
2646165
2646166
2646167
2646168
2646169
2646170
2646171
2646172
2646173
2646174
2646175
2646176
2646177
2646178
2648884
2650141
2651510
2652890
2654178
2655191
2655192
2656207
2658414
2658780
2658961
2658962
2658963
2658964
2659114
2659246
2659247
2659248
2659249
2659250
2659251
2659252
2659253
2659254
2659255
2659256
2659257
2659258
2659259
2659260
2659560
2659561
2659562
2659563
2659564
2659795
2659796
2660027
2660442
2661888
2663283
2664675
2666364
2666365
2666366
2666367
2666368
2666369
2666370
2666371
2666372
2666373
2668315
2670921
2671731
2672617
2672618
2673391
2673392
2674048
2674049
2674050
2674051
2674052
2674834
2674835
2674836
2674837
2677213
2677214
2677215
2677216
2677217
2677218
2677219
2677220
2680231
2680232
2680659
2681079
2681080
2681081
2681500
2681929
2681930
2681931
2681932
2681933
2681934
2681935
2681936
2681937
2682200
2682201
2682202
2682203
2682204
2682205
2682206
2682474
2682704
2682934
2683153
2683387
2683388
2683653
2683904
2683905
2684322
2684645
2684975
2685309
2685310
2685311
2685312
2685313
2685314
2685315
2685316
2685317
2685662
2685663
2685664
2685665
2685666
2685667
2685668
2685669
2685670
2685671
2685672
2685673
2685674
2685675
2685676
2685677
2685678
2685679
2685680
2686043
2686044
2686045
2687792
2688395
2688396
2689000
2689001
2689002
2689003
2689004
2689005
2689687
2689688
2690123
2690724
2691415
2691416
2691417
2691418
2691419
2691420
2691421
2691422
2691423
2691424
2691977
2691978
2691979
2691980
2691981
2691982
2692360
2692361
2692362
2692363
2692364
2692365
2692366
2692367
2692368
2692369
2692370
2692371
2692372
2692373
2692374
2692375
2692376
2692377
2692378
2692686
2692929
2693177
2693423
2693668
2693914
2694162
2694163
2694164
2694165
2694400
2694636
2696504
2697242
2697566
2697567
2697568
2697870
2697871
2698182
2698811
2700240
2700241
2700242
2700243
2700244
2700245
2701011
2701012
2701772
2703112
2704853
2704854
2704855
2704856
2704857
2704858
2704859
2704860
2704861
2706726
2707338
2707948
2708559
2709175
2709176
2709177
2709178
2709179
2709180
2709181
2709182
2709183
2709184
2709185
2709186
2709187
2709188
2709189
2709190
2709191
2713967
2713968
2714993
2716038
2717265
2717266
2717267
2717268
2717704
2718069
2718070
2718071
2718442
2718918
2718919
2719325
2719326
2719327
2719328
2719734
2720188
2720189
2720190
2720191
2720549
2720550
2720907
2723308
2723765
2724324
2724736
2725111
2725492
2725902
2725903
2726352
2726796
2726797
2727248
2727249
2727250
2727251
2730079
2730482
2730885
2730886
2730887
2730888
2731297
2731595
2731892
2732173
2732452
2732726
2733061
2733391
2733392
2733393
2733692
2733994
2733995
2733996
2733997
2733998
2734321
2734741
2734742
2734743
2734746
2734747
2734748
2734751
2734752
2734753
2734754
2734755
2734756
2734759
2734762
2734765
2734766
2734769
2734770
2734773
2734776
2734777
2734780
2734783
2734786
2734789
2734792
2734793
2734796
2734799
2734802
2734803
2734804
2734805
2734806
2734807
2734808
2734809
2734810
2734813
2734814
2734817
2734820
2734823
2734824
2734825
2734826
2734829
2734832
2734833
2734834
2734835
2734836
2734837
2734840
2734841
2734842
2734843
2734844
2734845
2734848
2734851
2734854
2734857
2734858
2735717
2735932
2735933
2735934
2736148
2736376
2736377
2736378
2736379
2736630
2736632
2736634
2736636
2736637
2736639
2736640
2736641
2736642
2736644
2736646
2736647
2736649
2736650
2736652
2736653
2736654
2736655
2736657
2736658
2736660
2736662
2736664
2736666
2736727
2736728
2736729
2736827
2736921
2737015
2737109
2737234
2737236
2737238
2737239
2737240
2737242
2737244
2737246
2737248
2737249
2737251
2737253
2737255
2737257
2737259
2737261
2737263
2737265
2737267
2737268
2737270
2737271
2737272
2737274
2737275
2737277
2737279
2737280
2737281
2737282
2737283
2737449
2737450
2737451
2737452
2737453
2737454
2737455
2737456
2737457
2737458
2737459
2737605
2737751
2738329
2738728
2739115
2739116
2739117
2739118
2739611
2760576
2760581
2760582
2760583
2760588
2760589
2760594
2760595
2760596
2760601
2760602
2760603
2760608
2760613
2760618
2760623
2760624
2760629
2760630
2760631
2760636
2760641
2760642
2760643
2760644
2760645
2760646
2760647
2760648
2760649
2760650
2760655
2760657
2760658
2760659
2760661
2760662
2760663
2760665
2760667
2760669
2760670
2760671
2760672
2760685
2760687
2760689
2760690
2760692
2760693
2760695
2760696
2760697
2760698
2760700
2760702
2760704
2760706
2760707
2760708
2760709
2760711
2760713
2760715
2760717
2760719
2760720
2760722
2760723
2760725
2760727
2760729
2760731
2760733
2760745
2760757
2760758
2760770
2760782
2760794
2760806
2760817
2760818
2760819
2760829
2760830
2760831
2760841
2760842
2760853
2760864
2760875
2760886
2760899
2760900
2760901
2760902
2760903
2760904
2760905
2760906
2760907
2760908
2760909
2760932
2760933
2760934
2760935
2760936
2760938
2760939
2760940
2760941
2760942
2760944
2760946
2760947
2760949
2760951
2760952
2760953
2760954
2760955
2760962
2760963
2760964
2760965
2760966
2760967
2760968
2760974
2760979
2760980
2760981
2760982
2760985
2760988
2760989
2760990
2760991
2760992
2760993
2760994
2760995
2760996
2760997
2761000
2761003
2761004
2761007
2761008
2761011
2761014
2761017
2761020
2761025
2761030
2761035
2761043
2761044
2761045
2761047
2761049
2761050
2761051
2761053
2761055
2761056
2761057
2761059
2761061
2761062
2761064
2761065
2761067
2761075
2761083
2761084
2761085
2761086
2761087
2761088
2761089
2761090
2761091
2761092
2761093
2761094
2761095
2761097
2761105
2761106
2761107
2761108
2761120
2761123
2761126
2761129
2761132
2761133
2761134
2761135
2761136
2761137
2761140
2761141
2761144
2761147
2761150
2761153
2761156
2761159
2761162
2761165
2761168
2761171
2761175
2761179
2761183
2761187
2761191
2761192
2761196
2761200
2761201
2761202
2761203
2761207
2761208
2761209
2761210
2761211
2761212
2761213
2761214
2761218
2761219
2761223
2761227
2761228
2761229
2761241
2761242
2761243
2761244
2761245
2761246
2761247
2761259
2761260
2761272
2761284
2761285
2761286
2761287
2761288
2761289
2761290
2761291
2761292
2761293
2761294
2761295
2761296
2761297
2761308
2761309
2761310
2761311
2761312
2761313
2761324
2761325
2761326
2761327
2761328
2761339
2761341
2761343
2761345
2761347
2761348
2761350
2761352
2761354
2761356
2761357
2761358
2761359
2761360
2761362
2761364
2761366
2761367
2761368
2761370
2761372
2761373
2761374
2761375
2761376
2761377
2761379
2761391
2761393
2761395
2761397
2761399
2761400
2761402
2761404
2761406
2761408
2761410
2761411
2761412
2761413
2761415
2761417
2761418
2761419
2761420
2761422
2761433
2761434
2761435
2761436
2761437
2761438
2761450
2761451
2761459
2761463
2761467
2761468
2761472
2761476
2761480
2761481
2761482
2761483
2761484
2761485
2761486
2761490
2761491
2761492
2761493
2761497
2761501
2761502
2761506
2761507
2761511
2761515
2761519
2761523
2761524
2761528
2761529
2761537
2761538
2761539
2761547
2761548
2761549
2761558
2761560
2761562
2761564
2761566
2761568
2761570
2761572
2761574
2761576
2761578
2761580
2761581
2761583
2761585
2761593
2761595
2761597
2761599
2761601
2761603
2761605
2761606
2761607
2761608
2761610
2761612
2761614
2761615
2761616
2761617
2761619
2761621
2761622
2761623
2761625
2761626
2761627
2761635
2761636
2761637
2761645
2761653
2761661
2761662
2761663
2761671
2761681
2761682
2761683
2761693
2761703
2761713
2761714
2761724
2761733
2761742
2761751
2761760
2761769
2761778
2761779
2761780
2761789
2761798
2761810
2761811
2761812
2761813
2761814
2761815
2761816
2761817
2761818
2761819
2761820
2761821
2761830
2761839
2761848
2761857
2761867
2761868
2761869
2761870
2761871
2761872
2761882
2761885
2761886
2761887
2761888
2761891
2761894
2761896
2761898
2761900
2761902
2761904
2761906
2761908
2761910
2761911
2761912
2761913
2761914
2761916
2761919
2761922
2761923
2761924
2761934
2761935
2761936
2761938
2761940
2761942
2761944
2761945
2761947
2761949
2761951
2761952
2761954
2761956
2761958
2761960
2761962
2761973
2761974
2761975
2761976
2761977
2761978
2761979
2761980
2761981
2761982
2761983
2761984
2761985
2761986
2761987
2761996
2761997
2761998
2761999
2762000
2762001
2762002
2762003
2762004
2762005
2762006
2762007
2762008
2762009
2762010
2762019
2762020
2762021
2762022
2762023
2762026
2762029
2762030
2762031
2762034
2762037
2762040
2762043
2762046
2762047
2762050
2762053
2762056
2762059
2762062
2762063
2762064
2762065
2762066
2762067
2762068
2762078
2762079
2762080
2762083
2762086
2762087
2762090
2762091
2762092
2762095
2762096
2762099
2762102
2762103
2762104
2762105
2762106
2762109
2762110
2762111
2762112
2762113
2762116
2762117
2762118
2762119
2762120
2762123
2762124
2762125
2762126
2762127
2762128
2762131
2762132
2762133
2762134
2762135
2762136
2762144
2762152
2762160
2762161
2762169
2762177
2762178
2762186
2762194
2762201
2762208
2762209
2762210
2762217
2762218
2762228
2762229
2762230
2762231
2762232
2762233
2762234
2762235
2762236
2762246
2762248
2762250
2762252
2762254
2762256
2762258
2762260
2762262
2762264
2762266
2762268
2762270
2762272
2762274
2762276
2762277
2762278
2762280
2762282
2762284
2762286
2762287
2762289
2762291
2762293
2762295
2762296
2762306
2762307
2762317
2762327
2762328
2762329
2762339
2762349
2762359
2762360
2762361
2762362
2762363
2762364
2762365
2762366
2762367
2762368
2762369
2762370
2762371
2762381
2762384
2762385
2762386
2762387
2762390
2762393
2762396
2762399
2762400
2762403
2762405
2762407
2762409
2762411
2762413
2762415
2762417
2762418
2762420
2762422
2762425
2762428
2762431
2762486
2762487
2762488
2762489
2762490
2762491
2762492
2762493
2762494
2762495
2762540
2762579
2762618
2762657
2762658
2762696
2762734
2762735
2762736
2762774
2762812
2762851
2762890
2762891
2762892
2762893
2762894
2762895
2762896
2762927
2762958
2762988
2763018
2763050
2763051
2763052
2763053
2763054
2763055
2763056
2763057
2763058
2763089
2763120
2763121
2763152
2763183
2763185
2763187
2763188
2763190
2763192
2763193
2763195
2763196
2763198
2763199
2763201
2763202
2763203
2763204
2763206
2763208
2763210
2763212
2763213
2763214
2763215
2763217
2763219
2763221
2763223
2763225
2763226
2763228
2763230
2763232
2763233
2763270
2763307
2763344
2763381
2763382
2763383
2763384
2763385
2763386
2763387
2763388
2763422
2763423
2763424
2763425
2763426
2763427
2763428
2763461
2763462
2764162
2764163
2764164
2764165
2764166
2764167
2764168
2764169
2764170
2764171
2764172
2764419
2764420
2764652
2764653
2764654
2764655
2764656
2764657
2764658
2764659
2764660
2764661
2764662
2764663
2764731
2764803
2764804
2764805
2764806
2764807
2764808
2764809
2764810
2764907
2765003
2765090
2765091
2765176
2765177
2765262
2765339
2765340
2765341
2765342
2765430
2765731
2765732
2765733
2765734
2765735
2765736
2765737
2765741
2765742
2765746
2765750
2765752
2765753
2765754
2765756
2765758
2765760
2765761
2765762
2765763
2765764
2765765
2765769
2765773
2765774
2765775
2765776
2765780
2765784
2765788
2765789
2765790
2765791
2765795
2765796
2765797
2765798
2765802
2765803
2765804
2765805
2765809
2765813
2765817
2765818
2765822
2765823
2765827
2765828
2765829
2765830
2765834
2765838
2765842
2765846
2765847
2765851
2765855
2765859
2765863
2765867
2765871
2765875
2765879
2765883
2765887
2765891
2765895
2765896
2765900
2765904
2765908
2765912
2765917
2765922
2765927
2765928
2765929
2765930
2765935
2765940
2765945
2765946
2765951
2765956
2765961
2765962
2765967
2765969
2765971
2765973
2765975
2765977
2765979
2765981
2765983
2765985
2765987
2765989
2765994
2765999
2766000
2766005
2766006
2766007
2766012
2766055
2766056
2766057
2766058
2766059
2766060
2766084
2766085
2766086
2766087
2766088
2766089
2766090
2766091
2766094
2766097
2766100
2766101
2766102
2766103
2766104
2766107
2766108
2766109
2766110
2766111
2766112
2766113
2766114
2766117
2766118
2766119
2766120
2766122
2766123
2766124
2766125
2766127
2766129
2766132
2766134
2766135
2766136
2766137
2766139
2766141
2766143
2766145
2766147
2766150
2766153
2766154
2766155
2766156
2766157
2766158
2766159
2766160
2766161
2766195
2766196
2766197
2766198
2766199
2766200
2766204
2766205
2766206
2766207
2766208
2766209
2766210
2766211
2766212
2766216
2766220
2766221
2766222
2766223
2766227
2766231
2766232
2766233
2766234
2766238
2766239
2766240
2766241
2766242
2766246
2766250
2766254
2766258
2766259
2766260
2766261
2766262
2766263
2766264
2766265
2766269
2766270
2766271
2766272
2766273
2766274
2766275
2766276
2766280
2766284
2766288
2766289
2766290
2766291
2766292
2766293
2766314
2766315
2766316
2766317
2766318
2766319
2766320
2766321
2766340
2766341
2766360
2766362
2766364
2766366
2766368
2766370
2766371
2766372
2766374
2766375
2766376
2766377
2766378
2766380
2766382
2766384
2766386
2766388
2766389
2766391
2766393
2766395
2766397
2766399
2766401
2766402
2766420
2766421
2766439
2766440
2766441
2766442
2766443
2766444
2766463
2766464
2766483
2766502
2766520
2766538
2766539
2766558
2766576
2766594
2766595
2766613
2766631
2766650
2766651
2766652
2766653
2766654
2766655
2766656
2766657
2766676
2766677
2766699
2766700
2766701
2766702
2766703
2766704
2766705
2766706
2766707
2766708
2766709
2766710
2766769
2766828
2768446
2768645
2768844
2769039
2769237
2769440
2769441
2769442
2769643
2769862
2770069
2770276
2770277
2770278
2770455
2770642
2770862
2771055
2771056
2771057
2771058
2771059
2771060
2771061
2771062
2771063
2771064
2771266
2771267
2771268
2771453
2771454
2771620
2771754
2771887
2771888
2771889
2772026
2772195
2772361
2772497
2772634
2772760
2772885
2773012
2773195
2773196
2773197
2773198
2773199
2773200
2773386
2773697
2773698
2773699
2773702
2773705
2773706
2773707
2773710
2773713
2773714
2773715
2773716
2773717
2773718
2773721
2773724
2773725
2773726
2773727
2773728
2773731
2773734
2773737
2773738
2773739
2773742
2773745
2773748
2773749
2773750
2773753
2773756
2773757
2773760
2773763
2773766
2773769
2773772
2773773
2773774
2773775
2773776
2773777
2773873
2773874
2773875
2773876
2773877
2773878
2773879
2773880
2773881
2773882
2773883
2773884
2773885
2773886
2773887
2773888
2773889
2773890
2773891
2773892
2774097
2774143
2774189
2774190
2774235
2774236
2774237
2774238
2774239
2774240
2774285
2774286
2774329
2774372
2774417
2774463
2774464
2774465
2774466
2774467
2774468
2774469
2774470
2774519
2774521
2774523
2774525
2774527
2774529
2774531
2774533
2774534
2774535
2774537
2774539
2774541
2774542
2774543
2774544
2774546
2774548
2774550
2774551
2774552
2774554
2774556
2774558
2774559
2774560
2774561
2774563
2774565
2774567
2774568
2774570
2774572
2774574
2774576
2774578
2774579
2774580
2774582
2774791
2774992
2775179
2775180
2775355
2775530
2775531
2775708
2775709
2775710
2781641
2781642
2781643
2781644
2781645
2781646
2781647
2781648
2781649
2781650
2781651
2781652
2781653
2781654
2781655
2781656
2781657
2781671
2781672
2781673
2781674
2781675
2781676
2781677
2781678
2781679
2781680
2781681
2781682
2781683
2781684
2781685
2781686
2781687
2781701
2781716
2781731
2781732
2781733
2781734
2781735
2781736
2781737
2781738
2781739
2781740
2781741
2781742
2781743
2781744
2781745
2781746
2781747
2781760
2781761
2781762
2781763
2781764
2781765
2781767
2781768
2781769
2781770
2781771
2781772
2781774
2781775
2781776
2781777
2781778
2781779
2781781
2781783
2781785
2781797
2781809
2781821
2781833
2781845
2781857
2781858
2781870
2781882
2781894
2781908
2781910
2781912
2781913
2781914
2781916
2781917
2781918
2781920
2781922
2781923
2781925
2781927
2781929
2781930
2781932
2781937
2781938
2781939
2781940
2781941
2781946
2781947
2781948
2781949
2781950
2781951
2781952
2781953
2781958
2781963
2781968
2781969
2781974
2781979
2781984
2781989
2781994
2781999
2782000
2782001
2782002
2782003
2782008
2782013
2782015
2782017
2782019
2782021
2782023
2782025
2782026
2782028
2782029
2782030
2782031
2782032
2782033
2782272
2782273
2782274
2782275
2782276
2782277
2782278
2782279
2782280
2782281
2782282
2782283
2782284
2782285
2782286
2782287
2782288
2782289
2782290
2782490
2782491
2782492
2782493
2782494
2782495
2782496
2782497
2782498
2782499
2782500
2782501
2782502
2782503
2782703
2782704
2782705
2782706
2782707
2782708
2782709
2782710
2782711
2782712
2782713
2782776
2782777
2782840
2782903
2782967
2782968
2782969
2782970
2783036
2783037
2783039
2783040
2783041
2783042
2783044
2783046
2783047
2783049
2783051
2783053
2783055
2783057
2783059
2783061
2783063
2783064
2783066
2783067
2783068
2783069
2783070
2783072
2783073
2783075
2783076
2783077
2783078
2783080
2783082
2783142
2783200
2783258
2783316
2783373
2783430
2783488
2783489
2783490
2783491
2783551
2783609
2783610
2783611
2783612
2783670
2783728
2783786
2783844
2783903
2783904
2783905
2783906
2783974
2783976
2783978
2783980
2783982
2783983
2783985
2783987
2783989
2783991
2783992
2783994
2783996
2783998
2784000
2784002
2784003
2784004
2784006
2784008
2784010
2784012
2784014
2784016
2784018
2784151
2784152
2784153
2784154
2784158
2784162
2784166
2784170
2784171
2784175
2784179
2784183
2784187
2784191
2784195
2784199
2784203
2784204
2784205
2784206
2784207
2784208
2784212
2784216
2784217
2784218
2784219
2784223
2784224
2784225
2784229
2784233
2784237
2784241
2784242
2784243
2784244
2784245
2784246
2784250
2784251
2784255
2784256
2784257
2784258
2784259
2784263
2784267
2784268
2784269
2784270
2784310
2784311
2784350
2784351
2784352
2784353
2784354
2784355
2784356
2784357
2784358
2784359
2784432
2784433
2784497
2784498
2784562
2784563
2784564
2784565
2784566
2784567
2784568
2784569
2784570
2784571
2784572
2784573
2784682
2784683
2784684
2784685
2784686
2784780
2784850
2784851
2784921
2784990
2785060
2785130
2785131
2785132
2785133
2785134
2785135
2785136
2785137
2785138
2785139
2785140
2785141
2785142
2785143
2785237
2785330
2785422
2785515
2785607
2785742
2785804
2785805
2785806
2785807
2785808
2785809
2785810
2785876
2785877
2785878
2785879
2785880
2785881
2785948
2785949
2785950
2785951
2785952
2785953
2785954
2785955
2785956
2785957
2785958
2785959
2785960
2785961
2786043
2786124
2786436
2786451
2786466
2786468
2786470
2786472
2786474
2786475
2786476
2786478
2786480
2786482
2786483
2786485
2786489
2786493
2786497
2786498
2786499
2786500
2786501
2786502
2786506
2786510
2786514
2786515
2786516
2786517
2786518
2786519
2786520
2786524
2786528
2786532
2786536
2786537
2786538
2786539
2786540
2786541
2786545
2786546
2786550
2786551
2786552
2786553
2786554
2786558
2786562
2786566
2786567
2786568
2786579
2786590
2786591
2786592
2786593
2786594
2786597
2786600
2786601
2786602
2786603
2786604
2786607
2786610
2786613
2786616
2786617
2786620
2786621
2786624
2786625
2786628
2786629
2786630
2786633
2786634
2786635
2786636
2786639
2786640
2786641
2786642
2786643
2786646
2786647
2786648
2786649
2786650
2786651
2786652
2786653
2786662
2786663
2786666
2786667
2786668
2786671
2786672
2786673
2786674
2786675
2786676
2786679
2786682
2786683
2786684
2786685
2786686
2786689
2786692
2786695
2786698
2786701
2786702
2786703
2786704
2786707
2786709
2786711
2786713
2786715
2786717
2786719
2786721
2786724
2786727
2786730
2786731
2786734
2786735
2786744
2786753
2786754
2786755
2786756
2786765
2786774
2786784
2786785
2786786
2786787
2786788
2786789
2786790
2786791
2786801
2786811
2786812
2786813
2786814
2786815
2786816
2786817
2786818
2786819
2786820
2786830
2786840
2786850
2786860
2786873
2786874
2786875
2786876
2786877
2786878
2786879
2786880
2786881
2786882
2786883
2786884
2786885
2786886
2786898
2786899
2786900
2786901
2786902
2786903
2786904
2786905
2786906
2786907
2786908
2786909
2786910
2786911
2786958
2786961
2786964
2786967
2786970
2786973
2786976
2786977
2786980
2786981
2786982
2786983
2786984
2786985
2786986
2786987
2786990
2786993
2786996
2786999
2787002
2787005
2787008
2787009
2787010
2787013
2787016
2787019
2787022
2787023
2787024
2787025
2787026
2787027
2787028
2787031
2787034
2787037
2787047
2787049
2787050
2787052
2787054
2787056
2787058
2787060
2787061
2787062
2787063
2787065
2787067
2787069
2787071
2787073
2787075
2787076
2787078
2787080
2787082
2787091
2787092
2787093
2787094
2787095
2787096
2787097
2787098
2787099
2787100
2787101
2787102
2787103
2787104
2787105
2787114
2787123
2787124
2787133
2787134
2787135
2787136
2787145
2787154
2787155
2787156
2787157
2787158
2787159
2787160
2787161
2787171
2787181
2787191
2787201
2787211
2787212
2787213
2787214
2787215
2787216
2787226
2787227
2787228
2787229
2787230
2787239
2787247
2787255
2787263
2787271
2787279
2787280
2787289
2787290
2787291
2787292
2787300
2787308
2787309
2787317
2787325
2787331
2787337
2787343
2787349
2787350
2787351
2787352
2787353
2787354
2787355
2787360
2787365
2787370
2787371
2787376
2787377
2787378
2787379
2787384
2787389
2787395
2787396
2787397
2787398
2787399
2787400
2787401
2787402
2787403
2787404
2787405
2787412
2787420
2787426
2787427
2787428
2787429
2787430
2787431
2787437
2787443
2787449
2787455
2787461
2787467
2787473
2787479
2787480
2787481
2787482
2787483
2787484
2787485
2787486
2787492
2787498
2787504
2787512
2787520
2787528
2787529
2787530
2787531
2787532
2787533
2787534
2787535
2787536
2787537
2787538
2787539
2787547
2787555
2787576
2787577
2787578
2787579
2787580
2787581
2787582
2787585
2787588
2787591
2787594
2787595
2787598
2787601
2787604
2787605
2787606
2787607
2787608
2787609
2787610
2787613
2787616
2787617
2787620
2787621
2787624
2787627
2787628
2787629
2787630
2787631
2787632
2787633
2787634
2787637
2787640
2787643
2787646
2787647
2787648
2787649
2787650
2787651
2787673
2787695
2787717
2787718
2787740
2787741
2787742
2787743
2787744
2787745
2787746
2787871
2787872
2787981
2787982
2787983
2788090
2788199
2788200
2788309
2788416
2788417
2788418
2788538
2788540
2788542
2788544
2788546
2788548
2788549
2788551
2788553
2788555
2788556
2788557
2788559
2788560
2788561
2788562
2788563
2788565
2788567
2788569
2788571
2788573
2788575
2788577
2788579
2788581
2788825
2788839
2788840
2788841
2788855
2788869
2788877
2788878
2788879
2788887
2788894
2788895
2788896
2788897
2788898
2788899
2788900
2788901
2788902
2788909
2788916
2788923
2788924
2788925
2788926
2788927
2788928
2788929
2788930
2788931
2788932
2788933
2788934
2788935
2788943
2788944
2788945
2788946
2788947
2788950
2788951
2788954
2788955
2788956
2788957
2788958
2788961
2788964
2788965
2788966
2788969
2788972
2788975
2788978
2788981
2788984
2788987
2788988
2788989
2788990
2788991
2788994
2788995
2788996
2788997
2789011
2789013
2789014
2789015
2789016
2789018
2789019
2789020
2789021
2789022
2789023
2789025
2789026
2789027
2789028
2789030
2789032
2789033
2789034
2789035
2789036
2789037
2789039
2789040
2789041
2789043
2789045
2789046
2789047
2789048
2789049
2789060
2789061
2789062
2789063
2789064
2789065
2789066
2789067
2789068
2789069
2789070
2789071
2789072
2789073
2789074
2789083
2789092
2789101
2789110
2789111
2789120
2789129
2789138
2789139
2789140
2789149
2789151
2789153
2789155
2789157
2789159
2789161
2789163
2789165
2789167
2789169
2789171
2789173
2789175
2789176
2789177
2789178
2789179
2789181
2789182
2789183
2789184
2789185
2789194
2789195
2789196
2789197
2789198
2789199
2789200
2789201
2789202
2789203
2789204
2789205
2789206
2789207
2789216
2789225
2789234
2789235
2789236
2789237
2789238
2789239
2789240
2789241
2789255
2789256
2789257
2789258
2789259
2789260
2789261
2789262
2789263
2789276
2789277
2789278
2789279
2789280
2789281
2789282
2789283
2789296
2789297
2789298
2789299
2789300
2789301
2789303
2789305
2789306
2789308
2789310
2789312
2789314
2789316
2789317
2789319
2789321
2789323
2789325
2789327
2789329
2789330
2789332
2789333
2789335
2789337
2789339
2789340
2789341
2789343
2789357
2789359
2789361
2789363
2789365
2789367
2789369
2789371
2789373
2789375
2789377
2789378
2789380
2789382
2789384
2789386
2789388
2789389
2789390
2789406
2789407
2789408
2789409
2789410
2789411
2789412
2789413
2789416
2789418
2789419
2789421
2789423
2789424
2789426
2789427
2789429
2789431
2789433
2789435
2789437
2789442
2789447
2789452
2789457
2789458
2789459
2789460
2789461
2789466
2789467
2789472
2789477
2789482
2789483
2789488
2789489
2789490
2789496
2789498
2789500
2789501
2789502
2789504
2789505
2789506
2789508
2789510
2789512
2789514
2789516
2789517
2789518
2789519
2789521
2789523
2789525
2789527
2789529
2789531
2789557
2789569
2789580
2789581
2789582
2789583
2789584
2789585
2789586
2789587
2789588
2789589
2789590
2789591
2789603
2789604
2789605
2789606
2789607
2789608
2789609
2789610
2789611
2789612
2789613
2789614
2789626
2789628
2789630
2789632
2789634
2789636
2789638
2789640
2789642
2789644
2789646
2789647
2789648
2789650
2789652
2789654
2789656
2789657
2789658
2789660
2789662
2789664
2789665
2789666
2789668
2789679
2789680
2789681
2789682
2789683
2789684
2789685
2789686
2789687
2789688
2789689
2789690
2789691
2789692
2789703
2789706
2789707
2789708
2789709
2789712
2789715
2789718
2789721
2789722
2789725
2789728
2789729
2789730
2789731
2789732
2789733
2789736
2789739
2789740
2789743
2789746
2789747
2789748
2789749
2789752
2789755
2789758
2789761
2789784
2789806
2789807
2789808
2789809
2789831
2789853
2789854
2789856
2789858
2789859
2789861
2789863
2789865
2789867
2789869
2789871
2789873
2789874
2789876
2789877
2789879
2789880
2789881
2789883
2789885
2789887
2789889
2789891
2789913
2789935
2789957
2789980
2789981
2790005
2790143
2790198
2790252
2790253
2790305
2790306
2790358
2790359
2790360
2790412
2790468
2790469
2790470
2790471
2790472
2790473
2790474
2790475
2790476
2790477
2790478
2790479
2790534
2790535
2790536
2790537
2790538
2790539
2790540
2790541
2790542
2790543
2790544
2790545
2790599
2790728
2790856
2790857
2790858
2791035
2791041
2791042
2791048
2791054
2791060
2791066
2791067
2791068
2791074
2791075
2791076
2791077
2791078
2791079
2791080
2791081
2791082
2791083
2791084
2791085
2791091
2791097
2791103
2791104
2791105
2791106
2791107
2791108
2791109
2791110
2791115
2791120
2791125
2791130
2791135
2791138
2791139
2791140
2791141
2791142
2791145
2791146
2791149
2791152
2791153
2791154
2791155
2791158
2791161
2791164
2791165
2791166
2791167
2791168
2791171
2791174
2791175
2791176
2791177
2791182
2791187
2791188
2791189
2791194
2791196
2791198
2791199
2791201
2791203
2791205
2791207
2791208
2791209
2791211
2791213
2791215
2791220
2791225
2791226
2791227
2791228
2791229
2791230
2791235
2791236
2791237
2791238
2791239
2791240
2791245
2791250
2791255
2791256
2791257
2791258
2791259
2791260
2791261
2791262
2791385
2791386
2791387
2791388
2791389
2791397
2791404
2791406
2791408
2791410
2791412
2791414
2791416
2791418
2791420
2791422
2791424
2791426
2791428
2791430
2791432
2791434
2791436
2791438
2791445
2791452
2791459
2791460
2791461
2791468
2791469
2791470
2791471
2791472
2791473
2791474
2791475
2791476
2791477
2791478
2791479
2791480
2791488
2791490
2791491
2791492
2791493
2791495
2791496
2791497
2791498
2791500
2791502
2791503
2791504
2791505
2791506
2791507
2791514
2791515
2791516
2791523
2791524
2791525
2791532
2791539
2791546
2791547
2791548
2791555
2791556
2791557
2791564
2791565
2791566
2791574
2791575
2791576
2791577
2791578
2791585
2791592
2791599
2791600
2791601
2791602
2791603
2791604
2791605
2791612
2791620
2791628
2791629
2791630
2791631
2791632
2791633
2791634
2791635
2791636
2791644
2791652
2791660
2791668
2791676
2792482
2792485
2792486
2792487
2792488
2792491
2792493
2792495
2792497
2792499
2792501
2792502
2792503
2792505
2792507
2792509
2792512
2792515
2792516
2792517
2792518
2792519
2792520
2792523
2792530
2792533
2792534
2792535
2792538
2792541
2792544
2792547
2792550
2792553
2792556
2792558
2792560
2792561
2792562
2792564
2792565
2792566
2792568
2792570
2792571
2792572
2792573
2792575
2792585
2792594
2792595
2792596
2792597
2792598
2792607
2792616
2792625
2792634
2792643
2792644
2792645
2792654
2792655
2792656
2792657
2792658
2792659
2792660
2792663
2792664
2792665
2792666
2792668
2792670
2792672
2792674
2792676
2792678
2792679
2792680
2792682
2792683
2792684
2792686
2792688
2792691
2792700
2792709
2792718
2792727
2792728
2792737
2792738
2792747
2792756
2792757
2792758
2792767
2792776
2792785
2792794
2792795
2792796
2792797
2792798
2792807
2792816
2792825
2792870
2792873
2792876
2792878
2792879
2792880
2792882
2792883
2792884
2792886
2792887
2792888
2792890
2792893
2792894
2792897
2792900
2792903
2792906
2792909
2792912
2792915
2792916
2792919
2792922
2792925
2792926
2792927
2792928
2792929
2792932
2792934
2792936
2792938
2792940
2792942
2792944
2792946
2792948
2792950
2792953
2792956
2792957
2792958
2792959
2792960
2792961
2792962
2792963
2792964
2792967
2792968
2792969
2792970
2792973
2792974
2792975
2792976
2792979
2792980
2792981
2792984
2792985
2792986
2792987
2792988
2792989
2792992
2792995
2792996
2792997
2793067
2793089
2793090
2793112
2793113
2793114
2793136
2793158
2793180
2793202
2793203
2793204
2793205
2793206
2793207
2793208
2793209
2793230
2793251
2793275
2793276
2793277
2793278
2793279
2793280
2793281
2793282
2793283
2793284
2793285
2793286
2793287
2793288
2793289
2793352
2793413
2793474
2793535
2793596
2793657
2793718
2793779
2793839
2793899
2793961
2793962
2793963
2793964
2793965
2793966
2793967
2794154
2794155
2794156
2794157
2794158
2794159
2794160
2794161
2794162
2794163
2794164
2794165
2794166
2794167
2794168
2794169
2794170
2794171
2794172
2794173
2794174
2794175
2794176
2794177
2794253
2794254
2794255
2794278
2794301
2794324
2794326
2794328
2794329
2794331
2794332
2794334
2794336
2794338
2794339
2794341
2794343
2794344
2794345
2794346
2794348
2794350
2794352
2794354
2794356
2794358
2794360
2794361
2794363
2794364
2794397
2794399
2794400
2794401
2794403
2794404
2794405
2794407
2794408
2794410
2794412
2794414
2794416
2794417
2794419
2794420
2794422
2794424
2794426
2794428
2794429
2794431
2794465
2794498
2794499
2794500
2794501
2794502
2794503
2794504
2794505
2794506
2794507
2794676
2794680
2794681
2794682
2794683
2794684
2794685
2794686
2794687
2794691
2794695
2794699
2794700
2794701
2794705
2794709
2794713
2794714
2794715
2794716
2794720
2794724
2794728
2794729
2794730
2794731
2794732
2794733
2794737
2794741
2794745
2794749
2794753
2794757
2794758
2794762
2794763
2794764
2794768
2794769
2794770
2794774
2794778
2794782
2794783
2794784
2794788
2794792
2794796
2794797
2794798
2794802
2794803
2794804
2794805
2794806
2794807
2794808
2794809
2794810
2794811
2794815
2794819
2794823
2794827
2794828
2794829
2794830
2794831
2794832
2794836
2794837
2794838
2794839
2794840
2794841
2794845
2794849
2794853
2794857
2794858
2794915
2794916
2794917
2794926
2794935
2794936
2794937
2794938
2794947
2794956
2794965
2794974
2794983
2794984
2794985
2794994
2795003
2795012
2795021
2795023
2795025
2795027
2795028
2795030
2795031
2795032
2795033
2795035
2795037
2795039
2795040
2795041
2795042
2795043
2795045
2795046
2795047
2795048
2795049
2795059
2795060
2795061
2795062
2795063
2795064
2795065
2795066
2795067
2795076
2795077
2795078
2795079
2795080
2795088
2795089
2795090
2795091
2795092
2795093
2795094
2795095
2795096
2795097
2795098
2795099
2795100
2795109
2795110
2795111
2795112
2795113
2795114
2795115
2795124
2795126
2795128
2795129
2795130
2795132
2795134
2795135
2795136
2795137
2795138
2795139
2795141
2795142
2795143
2795144
2795146
2795147
2795148
2795149
2795151
2795153
2795155
2795164
2795173
2795174
2795183
2795185
2795187
2795189
2795191
2795192
2795193
2795195
2795197
2795198
2795199
2795200
2795201
2795202
2795203
2795205
2795206
2795207
2795208
2795210
2795212
2795214
2795215
2795217
2795218
2795245
2795246
2795247
2795248
2795249
2795250
2795251
2795252
2795253
2795254
2795255
2795277
2795278
2795279
2795280
2795281
2795282
2795283
2795284
2795310
2795311
2795312
2795337
2795362
2795387
2795412
2795438
2795464
2795465
2795491
2795517
2795518
2795544
2795548
2795552
2795556
2795557
2795558
2795559
2795563
2795567
2795568
2795572
2795576
2795577
2795578
2795579
2795580
2795581
2795582
2795583
2795584
2795588
2795592
2795596
2795597
2795598
2795601
2795604
2795605
2795606
2795609
2795612
2795615
2795618
2795621
2795624
2795627
2795630
2795633
2795636
2795639
2795640
2795643
2795646
2795647
2795648
2795649
2795652
2795653
2795654
2795655
2795658
2795661
2795662
2795665
2795666
2795669
2795672
2795675
2795676
2795677
2795678
2795679
2795680
2795681
2795682
2795685
2795688
2795689
2795692
2795695
2795877
2795878
2795879
2795882
2795883
2795886
2795887
2795888
2795889
2795890
2795893
2795896
2795899
2795902
2795905
2795908
2795911
2795912
2795913
2795914
2795917
2795920
2795923
2795926
2795929
2795932
2795935
2795938
2795939
2795942
2795945
2795946
2795947
2795948
2795949
2795950
2795953
2795954
2795957
2795958
2795959
2795962
2795965
2795968
2795969
2795970
2795971
2795972
2795975
2795976
2795977
2795980
2795983
2795986
2795989
2795991
2795993
2795994
2795996
2795997
2795998
2796000
2796003
2796005
2796007
2796008
2796010
2796012
2796014
2796016
2796017
2796019
2796020
2796022
2796023
2796025
2796088
2796089
2796090
2796141
2796144
2796147
2796148
2796151
2796152
2796153
2796154
2796155
2796156
2796159
2796162
2796165
2796168
2796171
2796174
2796175
2796176
2796177
2796178
2796179
2796180
2796183
2796186
2796187
2796190
2796191
2796194
2796197
2796200
2796203
2796206
2796209
2796212
2796215
2796218
2796221
2796224
2796227
2796230
2796231
2796232
2796235
2796238
2796241
2796244
2796247
2796293
2796335
2796336
2796337
2796378
2796419
2796420
2796421
2796463
2796503
2796504
2796505
2796506
2796507
2796508
2796509
2796510
2796511
2796512
2796513
2796514
2796515
2796516
2796517
2796518
2796519
2796563
2796564
2796565
2796566
2796568
2796569
2796571
2796573
2796575
2796577
2796578
2796579
2796580
2796582
2796584
2796586
2796588
2796589
2796591
2796592
2796594
2796596
2796598
2796600
2796602
2796604
2796606
2796670
2796671
2796672
2796673
2796674
2796675
2796677
2796678
2796679
2796680
2796681
2796682
2796683
2796685
2796687
2796689
2796690
2796692
2796694
2796695
2796697
2796699
2796700
2796702
2796703
2796705
2796707
2796708
2796710
2796723
2796725
2796726
2796728
2796730
2796732
2796734
2796736
2796738
2796740
2796741
2796743
2796745
2796747
2796749
2796751
2796753
2796754
2796755
2796757
2796758
2796772
2796773
2796777
2796781
2796782
2796786
2796790
2796794
2796798
2796799
2796800
2796801
2796802
2796803
2796807
2796811
2796815
2796816
2796817
2796818
2796819
2796820
2796821
2796825
2796829
2796831
2796833
2796835
2796837
2796839
2796840
2796842
2796844
2796846
2796848
2796850
2796854
2796857
2796858
2796861
2796862
2796865
2796868
2796871
2796872
2796875
2796878
2796881
2796884
2796885
2796888
2796891
2796892
2796893
2796894
2796897
2796900
2796916
2796917
2796918
2796919
2796920
2796921
2796922
2796923
2796924
2796925
2796926
2796934
2796935
2796936
2796937
2796938
2796939
2796940
2796948
2796949
2796950
2796951
2796952
2796953
2796954
2796955
2796956
2796957
2796958
2796966
2796974
2796982
2796990
2796998
2796999
2797000
2797008
2797016
2797024
2797025
2797026
2797027
2797028
2797029
2797030
2797031
2797032
2797033
2797034
2797035
2797036
2797037
2797046
2797047
2797048
2797049
2797050
2797052
2797054
2797056
2797058
2797059
2797060
2797061
2797062
2797064
2797066
2797067
2797068
2797070
2797072
2797074
2797076
2797078
2797086
2797087
2797088
2797089
2797090
2797091
2797092
2797100
2797108
2797116
2797118
2797120
2797121
2797122
2797123
2797124
2797126
2797128
2797130
2797132
2797134
2797136
2797138
2797146
2797147
2797148
2797149
2797150
2797151
2797152
2797153
2797154
2797155
2797156
2797157
2797172
2797186
2797200
2797214
2797228
2797242
2797256
2797270
2797283
2797296
2797309
2797322
2797335
2797349
2797374
2797375
2797376
2797377
2797378
2797379
2797404
2797408
2797409
2797413
2797414
2797418
2797422
2797426
2797430
2797434
2797435
2797439
2797443
2797445
2797446
2797447
2797448
2797450
2797452
2797454
2797456
2797458
2797459
2797460
2797464
2797468
2797472
2797476
2797477
2797479
2797481
2797483
2797485
2797487
2797489
2797491
2797493
2797495
2797497
2797499
2797502
2797505
2797506
2797507
2797508
2797509
2797510
2797513
2797516
2797519
2797522
2797525
2797528
2797531
2797534
2797535
2797538
2797541
2797542
2797543
2797544
2797547
2797598
2797600
2797601
2797603
2797605
2797607
2797609
2797611
2797613
2797614
2797615
2797617
2797619
2797621
2797622
2797623
2797625
2797630
2797631
2797636
2797637
2797638
2797639
2797640
2797645
2797646
2797651
2797652
2797653
2797654
2797655
2797656
2797657
2797658
2797659
2797660
2797661
2797666
2797667
2797668
2797669
2797670
2797671
2797673
2797675
2797677
2797679
2797681
2797683
2797685
2797687
2797688
2797690
2797695
2797697
2797698
2797700
2797701
2797703
2797705
2797707
2797709
2797711
2797713
2797715
2797717
2797722
2797723
2797728
2797730
2797732
2797734
2797736
2797738
2797740
2797742
2797744
2797746
2797748
2797749
2797750
2797751
2797753
2797755
2797757
2797762
2797763
2797764
2797765
2797770
2797771
2797776
2797777
2797827
2797828
2797829
2797889
2797936
2797937
2797938
2797985
2798032
2798033
2798034
2798035
2798036
2798037
2798038
2798039
2798040
2798041
2798042
2798096
2798149
2798202
2798255
2798308
2798361
2798414
2798467
2798521
2798575
2798576
2798577
2798578
2798579
2798636
2798639
2798642
2798645
2798646
2798647
2798648
2798649
2798650
2798653
2798656
2798658
2798660
2798662
2798664
2798666
2798668
2798669
2798670
2798671
2798672
2798675
2798681
2798687
2798693
2798698
2798699
2798700
2798701
2798706
2798711
2798712
2798713
2798718
2798723
2798728
2798733
2798738
2798742
2798746
2798750
2798751
2798752
2798753
2798754
2798758
2798762
2798766
2798770
2798771
2798772
2798773
2798777
2798781
2798785
2798789
2798790
2798791
2798792
2798793
2798794
2798795
2798796
2798800
2798801
2798802
2798803
2798804
2798805
2798806
2798807
2798811
2798812
2798813
2798817
2798821
2798826
2798827
2798828
2798829
2798830
2798831
2798832
2798833
2798834
2798835
2798836
2798841
2798846
2798847
2798848
2798849
2798850
2798855
2798866
2798874
2798882
2798890
2798898
2798906
2798914
2798922
2798923
2798924
2798925
2798932
2798939
2798941
2798943
2798945
2798947
2798949
2798951
2798953
2798955
2798956
2798958
2798959
2798960
2798962
2798964
2798965
2798967
2798974
2798976
2798977
2798978
2798979
2798980
2798981
2798983
2798985
2798987
2798989
2798991
2798993
2798995
2798997
2798999
2799001
2799002
2799004
2799006
2799013
2799020
2799027
2799034
2799041
2799048
2799055
2799056
2799057
2799058
2799059
2799060
2799061
2799062
2799063
2799064
2799070
2799076
2799077
2799078
2799079
2799080
2799081
2799082
2799088
2799094
2799095
2799102
2799109
2799110
2799111
2799112
2799113
2799114
2799115
2799116
2799123
2799134
2799136
2799138
2799140
2799142
2799144
2799146
2799148
2799150
2799152
2799154
2799156
2799158
2799160
2799162
2799164
2799165
2799167
2799169
2799171
2799172
2799174
2799175
2799270
2799309
2799348
2799387
2799426
2799465
2799466
2799467
2799468
2799469
2799470
2799471
2799472
2799476
2799477
2799478
2799479
2799480
2799484
2799485
2799486
2799487
2799488
2799489
2799493
2799497
2799498
2799499
2799500
2799501
2799502
2799506
2799507
2799508
2799512
2799513
2799514
2799518
2799519
2799520
2799524
2799528
2799529
2799530
2799534
2799535
2799536
2799540
2799541
2799542
2799543
2799547
2799549
2799550
2799552
2799554
2799556
2799557
2799558
2799559
2799560
2799562
2799563
2799602
2799618
2799633
2799648
2799663
2799679
2799695
2799711
2799727
2799728
2799729
2799730
2799731
2799732
2799733
2799734
2799735
2799736
2799737
2799753
2799754
2799755
2799756
2799757
2799758
2799759
2799760
2799761
2799762
2799763
2799764
2799765
2799778
2799792
2799806
2799820
2799823
2799824
2799825
2799826
2799829
2799832
2799835
2799837
2799838
2799839
2799840
2799841
2799842
2799844
2799847
2799848
2799849
2799850
2799853
2799856
2799859
2799862
2799865
2799868
2799871
2799888
2799889
2799890
2799891
2799892
2799893
2799894
2799895
2799896
2799901
2799906
2799907
2799908
2799913
2799918
2799919
2799920
2799925
2799926
2799927
2799928
2799929
2799930
2799931
2799932
2799933
2799934
2799935
2799940
2799945
2799950
2799955
2799957
2799959
2799960
2799962
2799964
2799965
2799966
2799968
2799970
2799972
2799974
2799975
2799988
2800001
2800002
2800015
2800028
2800041
2800054
2800067
2800080
2800093
2800094
2800119
2800134
2800135
2800150
2800151
2800152
2800153
2800167
2800184
2800185
2800186
2800187
2800188
2800204
2800220
2800236
2800237
2800272
2800273
2800274
2800275
2800276
2800277
2800278
2800279
2800315
2800316
2800351
2800386
2800387
2800388
2800389
2800390
2800393
2800396
2800397
2800398
2800399
2800400
2800403
2800404
2800405
2800406
2800407
2800408
2800409
2800412
2800415
2800418
2800421
2800424
2800425
2800426
2800427
2800428
2800431
2800432
2800435
2800438
2800439
2800440
2800441
2800444
2800447
2800450
2800453
2800454
2800455
2800456
2800457
2800458
2800459
2800462
2800465
2800466
2800467
2800468
2800471
2800474
2800475
2800476
2800477
2800478
2800479
2800480
2800483
2800484
2800485
2800486
2800487
2800708
2800711
2800712
2800715
2800716
2800719
2800722
2800723
2800726
2800729
2800732
2800733
2800734
2800737
2800740
2800743
2800746
2800749
2800752
2800755
2800758
2800759
2800760
2800761
2800762
2800763
2800764
2800765
2800768
2800771
2800774
2800775
2800778
2800781
2800784
2800787
2800788
2800789
2800790
2800791
2800792
2800794
2800796
2800798
2800800
2800802
2800832
2800833
2800834
2800839
2800844
2800849
2800854
2800859
2800864
2800869
2800874
2800879
2800880
2800881
2800882
2800883
2800888
2800890
2800892
2800894
2800896
2800898
2800899
2800901
2800902
2800903
2800905
2800906
2800907
2800908
2800909
2800910
2800914
2800918
2800922
2800926
2800930
2800934
2800938
2800942
2800943
2800944
2800945
2800946
2800947
2800951
2800955
2800956
2800960
2800964
2800965
2800966
2800967
2800968
2800972
2800976
2800980
2800984
2800985
2800986
2800987
2800988
2800989
2800990
2800991
2800992
2800996
2801000
2801001
2801002
2801007
2801012
2801038
2801060
2801080
2801081
2801101
2801121
2801141
2801142
2801162
2801182
2801202
2801224
2801227
2801230
2801233
2801234
2801235
2801236
2801237
2801238
2801239
2801242
2801243
2801244
2801245
2801246
2801247
2801248
2801251
2801254
2801257
2801258
2801259
2801262
2801263
2801264
2801267
2801270
2801273
2801276
2801279
2801282
2801285
2801286
2801287
2801288
2801291
2801294
2801295
2801298
2801301
2801304
2801307
2801310
2801313
2801316
2801317
2801320
2801323
2801326
2801329
2801330
2801333
2801334
2801335
2801356
2801377
2801378
2801379
2801400
2801420
2801440
2801460
2801480
2801500
2801501
2801502
2801503
2801504
2801505
2801506
2801507
2801508
2801509
2801510
2801511
2801512
2801513
2801537
2801538
2801539
2801540
2801541
2801542
2801559
2801575
2801576
2801577
2801578
2801579
2801580
2801581
2801582
2801583
2801584
2801585
2801601
2801617
2801633
2801634
2801635
2801637
2801639
2801640
2801642
2801643
2801644
2801646
2801647
2801648
2801650
2801651
2801652
2801654
2801656
2801658
2801660
2801661
2801662
2801664
2801666
2801668
2801669
2801670
2801692
2801719
2801720
2801721
2801722
2801723
2801724
2801725
2801758
2801760
2801762
2801764
2801766
2801768
2801770
2801772
2801774
2801775
2801776
2801777
2801778
2801780
2801781
2801782
2801783
2801784
2801785
2801787
2801789
2801791
2801792
2801794
2801796
2801811
2801812
2801827
2801842
2801843
2801860
2801865
2801866
2801867
2801868
2801869
2801870
2801871
2801872
2801873
2801878
2801883
2801888
2801893
2801898
2801899
2801900
2801905
2801910
2801915
2801920
2801925
2801930
2801935
2801940
2801945
2801950
2801955
2801960
2801961
2801962
2801963
2801968
2801973
2801978
2801983
2801988
2801989
2801990
2801991
2801992
2801993
2801994
2801995
2801996
2802001
2802002
2802003
2802004
2802005
2802006
2802007
2802008
2802009
2802014
2802015
2802016
2802023
2802024
2802025
2802028
2802031
2802034
2802037
2802040
2802043
2802046
2802047
2802050
2802053
2802056
2802059
2802062
2802065
2802068
2802071
2802074
2802075
2802076
2802077
2802078
2802086
2802094
2802101
2802102
2802103
2802104
2802105
2802106
2802107
2802108
2802109
2802110
2802111
2802112
2802120
2802121
2802122
2802140
2802143
2802145
2802147
2802149
2802151
2802153
2802154
2802155
2802157
2802159
2802161
2802163
2802166
2802168
2802170
2802171
2802172
2802173
2802174
2802176
2802177
2802179
2802182
2802183
2802184
2802185
2802186
2802189
2802190
2802191
2802194
2802197
2802198
2802199
2802209
2802210
2802211
2802212
2802213
2802214
2802215
2802218
2802219
2802220
2802221
2802224
2802227
2802230
2802233
2802234
2802235
2802236
2802237
2802238
2802239
2802240
2802243
2802244
2802247
2802250
2802251
2802252
2802253
2802256
2802259
2802260
2802263
2802264
2802265
2802266
2802286
2802287
2802288
2802289
2802290
2802291
2802292
2802293
2802294
2802295
2802296
2802314
2802315
2802316
2802317
2802318
2802319
2802320
2802321
2802322
2802323
2802339
2802341
2802342
2802343
2802345
2802347
2802349
2802351
2802353
2802354
2802355
2802357
2802358
2802360
2802362
2802364
2802366
2802368
2802369
2802370
2802372
2802374
2802387
2802388
2802389
2802390
2802391
2802392
2802393
2802394
2802395
2802396
2802397
2802410
2802423
2802424
2802437
2802450
2802463
2802465
2802467
2802469
2802471
2802472
2802473
2802474
2802476
2802478
2802479
2802481
2802482
2802484
2802486
2802488
2802490
2802491
2802493
2802495
2802496
2802497
2802498
2802499
2802500
2802502
2802504
2802519
2802534
2802548
2802562
2802563
2802564
2802565
2802583
2802598
2802613
2802628
2802641
2802642
2802643
2802644
2802645
2802646
2802647
2802648
2802649
2802650
2802651
2802664
2802665
2802666
2802667
2802679
2802680
2802681
2802682
2802694
2802707
2802708
2802709
2802722
2802735
2802737
2802739
2802741
2802743
2802745
2802747
2802748
2802749
2802751
2802753
2802755
2802756
2802758
2802759
2802761
2802763
2802765
2802767
2802769
2802770
2802771
2802773
2802788
2802803
2802818
2802819
2802820
2802835
2802850
2802865
2802880
2802895
2802910
2802925
2802940
2802955
2802970
2802971
2802972
2802973
2802974
2802975
2802976
2802977
2802978
2802979
2802980
2802981
2802982
2802983
2802984
2802985
2802986
2803013
2803021
2803022
2803024
2803026
2803028
2803029
2803031
2803033
2803034
2803035
2803037
2803039
2803040
2803042
2803043
2803044
2803045
2803047
2803048
2803050
2803057
2803064
2803071
2803078
2803085
2803092
2803093
2803094
2803095
2803096
2803097
2803104
2803111
2803112
2803113
2803121
2803129
2803137
2803145
2803153
2803161
2803169
2803177
2803185
2803193
2803201
2803209
2803217
2803218
2803219
2803220
2803221
2803222
2803223
2803224
2803225
2803226
2803227
2803228
2803229
2803230
2803231
2803232
2803240
2803248
2803256
2803257
2803258
2803266
2803274
2803275
2803276
2803277
2803278
2803279
2803280
2803281
2803282
2803283
2803284
2803285
2803290
2803295
2803296
2803297
2803298
2803299
2803300
2803305
2803310
2803311
2803312
2803313
2803314
2803315
2803316
2803317
2803318
2803319
2803344
2803345
2803346
2803347
2803348
2803349
2803350
2803351
2803377
2803378
2803379
2803380
2803381
2803382
2803383
2803384
2803385
2803405
2803406
2803407
2803408
2803409
2803410
2803411
2803412
2803413
2803414
2803415
2803416
2803417
2803418
2803438
2803439
2803440
2803441
2803442
2803443
2803461
2803462
2803463
2803464
2803465
2803482
2803498
2803499
2803500
2803516
2803532
2803549
2803566
2803567
2803568
2803569
2803570
2803571
2803572
2803573
2803574
2803575
2803576
2803577
2803578
2803599
2803600
2803609
2803610
2803611
2803619
2803627
2803628
2803629
2803630
2803631
2803632
2803640
2803648
2803657
2803658
2803659
2803660
2803661
2803669
2803677
2803678
2803679
2803680
2803681
2803682
2803683
2803684
2803685
2803686
2803687
2803695
2803698
2803701
2803704
2803707
2803709
2803710
2803712
2803714
2803716
2803718
2803719
2803722
2803725
2803726
2803727
2803728
2803729
2803732
2803735
2803738
2803741
2803742
2803750
2803752
2803754
2803756
2803757
2803758
2803760
2803762
2803763
2803765
2803766
2803768
2803770
2803772
2803773
2803774
2803776
2803778
2803780
2803788
2803796
2803804
2803805
2803806
2803807
2803819
2803828
2803830
2803832
2803834
2803836
2803838
2803839
2803840
2803841
2803843
2803845
2803847
2803848
2803850
2803851
2803852
2803854
2803855
2803856
2803857
2803858
2803867
2803876
2803877
2803878
2803879
2803880
2803881
2803882
2803883
2803884
2803885
2803886
2803887
2803888
2803889
2803890
2803899
2803908
2803909
2803910
2803911
2803912
2803921
2803930
2803931
2803932
2803933
2803934
2803943
2803952
2803961
2803970
2803972
2803973
2803975
2803977
2803979
2803981
2803983
2803984
2803986
2803988
2803990
2803992
2803994
2803996
2803998
2804000
2804002
2804004
2804016
2804037
2804038
2804049
2804052
2804053
2804054
2804055
2804058
2804061
2804064
2804067
2804070
2804073
2804074
2804077
2804080
2804081
2804082
2804083
2804086
2804089
2804090
2804091
2804092
2804095
2804098
2804101
2804102
2804103
2804104
2804107
2804108
2804109
2804110
2804111
2804122
2804123
2804124
2804135
2804136
2804139
2804140
2804141
2804142
2804143
2804144
2804147
2804148
2804149
2804150
2804151
2804152
2804155
2804158
2804161
2804162
2804165
2804168
2804171
2804172
2804173
2804174
2804175
2804178
2804181
2804182
2804183
2804184
2804185
2804186
2804187
2804190
2804193
2804204
2804209
2804210
2804211
2804212
2804213
2804214
2804219
2804224
2804229
2804230
2804235
2804240
2804245
2804250
2804251
2804252
2804253
2804254
2804259
2804264
2804269
2804274
2804279
2804284
2804289
2804290
2804295
2804300
2804301
2804302
2804303
2804304
2804305
2804306
2804307
2804308
2804309
2804314
2804319
2804320
2804325
2804330
2804335
2804336
2804341
2804346
2804347
2804348
2804349
2804350
2804351
2804352
2804353
2804402
2804404
2804406
2804408
2804410
2804411
2804413
2804415
2804416
2804417
2804418
2804420
2804422
2804424
2804426
2804428
2804430
2804432
2804434
2804435
2804437
2804439
2804441
2804442
2804443
2804444
2804446
2804447
2804448
2804449
2804451
2804452
2804453
2804454
2804456
2804458
2804460
2804462
2804496
2804530
2804560
2804590
2804620
2804650
2804680
2804710
2804711
2804712
2804713
2804714
2804715
2804716
2804717
2804718
2804719
2804750
2804751
2804752
2804753
2804754
2804755
2804771
2804772
2804773
2804790
2804791
2804792
2804793
2804794
2804797
2804800
2804801
2804804
2804805
2804806
2804807
2804808
2804809
2804810
2804813
2804816
2804817
2804818
2804819
2804820
2804823
2804826
2804829
2804832
2804835
2804836
2804837
2804840
2804843
2804846
2804849
2804852
2804855
2804858
2804876
2804877
2804878
2804880
2804882
2804883
2804885
2804886
2804888
2804889
2804890
2804891
2804893
2804895
2804896
2804898
2804900
2804901
2804903
2804905
2804907
2804908
2804909
2804911
2804913
2804915
2804931
2804932
2804933
2804934
2804935
2804936
2804937
2804938
2804939
2804940
2804941
2804942
2804943
2804944
2804945
2804946
2804947
2804963
2804979
2804980
2804981
2804982
2804983
2804984
2804985
2804986
2804987
2804988
2805030
2805039
2805040
2805041
2805042
2805043
2805044
2805045
2805046
2805047
2805048
2805049
2805050
2805051
2805052
2805062
2805064
2805066
2805068
2805070
2805071
2805072
2805073
2805075
2805077
2805079
2805081
2805082
2805083
2805085
2805087
2805088
2805089
2805091
2805093
2805095
2805096
2805097
2805099
2805101
2805110
2805119
2805128
2805137
2805146
2805155
2805164
2805165
2805166
2805167
2805176
2805185
2805194
2805203
2805212
2805221
2805230
2805239
2805240
2805249
2805258
2805268
2805269
2805270
2805277
2805283
2805284
2805285
2805286
2805292
2805293
2805295
2805297
2805299
2805301
2805303
2805305
2805307
2805309
2805310
2805311
2805313
2805315
2805316
2805317
2805318
2805319
2805326
2805328
2805329
2805331
2805333
2805335
2805337
2805339
2805340
2805342
2805344
2805345
2805346
2805347
2805354
2805356
2805357
2805359
2805360
2805362
2805363
2805365
2805367
2805368
2805369
2805371
2805373
2805375
2805377
2805379
2805386
2805387
2805388
2805389
2805390
2805391
2805392
2805399
2805406
2805413
2805420
2805427
2805440
2805459
2805462
2805463
2805464
2805465
2805466
2805469
2805470
2805473
2805476
2805479
2805480
2805481
2805484
2805487
2805490
2805493
2805496
2805497
2805498
2805501
2805504
2805507
2805508
2805509
2805510
2805513
2805516
2805519
2805522
2805525
2805528
2805531
2805534
2805537
2805540
2805543
2805560
2805561
2805562
2805563
2805564
2805565
2805567
2805568
2805569
2805571
2805572
2805573
2805574
2805575
2805576
2805578
2805580
2805582
2805584
2805585
2805586
2805588
2805589
2805590
2805592
2805594
2805596
2805598
2805600
2805602
2805604
2805606
2805608
2805625
2805626
2805627
2805628
2805642
2805656
2805671
2805686
2805701
2805716
2805731
2805732
2805733
2805748
2805763
2805779
2805780
2805781
2805782
2805783
2805784
2805785
2805786
2805787
2805788
2805789
2805790
2805791
2805792
2805793
2805794
2805795
2805810
2805811
2805827
2805843
2805859
2805860
2805861
2805862
2805863
2805879
2805880
2805896
2805912
2805928
2805944
2806012
2806053
2806094
2806136
2806137
2806138
2806139
2806140
2806143
2806144
2806145
2806146
2806147
2806148
2806149
2806150
2806153
2806156
2806157
2806158
2806159
2806160
2806161
2806164
2806167
2806170
2806173
2806176
2806179
2806182
2806183
2806184
2806185
2806186
2806187
2806188
2806191
2806194
2806195
2806196
2806199
2806202
2806203
2806204
2806205
2806208
2806211
2806214
2806217
2806220
2806221
2806222
2806223
2806226
2806227
2806228
2806231
2806234
2806237
2806280
2806330
2806379
2806380
2806381
2806443
2806444
2806445
2806446
2806447
2806448
2806449
2806450
2806451
2806452
2806453
2806502
2806503
2806504
2806505
2806506
2806507
2806508
2806509
2806552
2806595
2806638
2806639
2806640
2806691
2806692
2806693
2806694
2806746
2806797
2806798
2806849
2806900
2806901
2806902
2806903
2807044
2807046
2807047
2807048
2807049
2807050
2807052
2807054
2807056
2807058
2807060
2807061
2807063
2807065
2807067
2807069
2807071
2807073
2807074
2807076
2807078
2807080
2807082
2807084
2807099
2807110
2807121
2807132
2807143
2807154
2807155
2807166
2807177
2807188
2807189
2807190
2807201
2807214
2807216
2807218
2807219
2807220
2807221
2807222
2807223
2807225
2807227
2807228
2807230
2807231
2807232
2807233
2807234
2807236
2807238
2807239
2807240
2807241
2807242
2807255
2807258
2807259
2807262
2807263
2807264
2807265
2807268
2807271
2807274
2807275
2807278
2807281
2807282
2807283
2807284
2807287
2807290
2807292
2807294
2807295
2807296
2807297
2807298
2807300
2807301
2807302
2807303
2807304
2807307
2807308
2807309
2807310
2807313
2807316
2807317
2807318
2807319
2807320
2807321
2807322
2807325
2807328
2807341
2807353
2807365
2807377
2807378
2807379
2807392
2807406
2807420
2807434
2807448
2807449
2807450
2807451
2807452
2807453
2807454
2807455
2807456
2807457
2807458
2807459
2807460
2807461
2807477
2807492
2807507
2807522
2807537
2807552
2807568
2807583
2807598
2807613
2807628
2807643
2807658
2807673
2807674
2807675
2807690
2807705
2807720
2807721
2807722
2807723
2807740
2807743
2807746
2807749
2807752
2807754
2807756
2807758
2807760
2807762
2807764
2807766
2807768
2807770
2807772
2807774
2807777
2807780
2807783
2807784
2807785
2807786
2807787
2807790
2807793
2807796
2807799
2807802
2807805
2807808
2807811
2807814
2807817
2807820
2807823
2807826
2807829
2807832
2807835
2807904
2807905
2807906
2807907
2807908
2807909
2807961
2807962
2807963
2807998
2808033
2808067
2808102
2808139
2808140
2808141
2808178
2808179
2808220
2808261
2808262
2808263
2808264
2808305
2808306
2808307
2808349
2808350
2808351
2808352
2808353
2808354
2808355
2808356
2808365
2808374
2808383
2808392
2808393
2808396
2808397
2808400
2808403
2808406
2808407
2808410
2808411
2808414
2808415
2808418
2808419
2808420
2808423
2808426
2808427
2808428
2808429
2808432
2808435
2808438
2808441
2808444
2808447
2808450
2808453
2808456
2808459
2808462
2808465
2808468
2808469
2808470
2808471
2808472
2808473
2808476
2808485
2808493
2808501
2808502
2808503
2808504
2808512
2808513
2808521
2808529
2808532
2808533
2808534
2808535
2808538
2808539
2808542
2808545
2808548
2808551
2808554
2808555
2808556
2808559
2808562
2808565
2808568
2808571
2808574
2808575
2808576
2808577
2808578
2808579
2808582
2808585
2808586
2808589
2808592
2808593
2808594
2808595
2808596
2808597
2808600
2808601
2808602
2808605
2808613
2808615
2808616
2808618
2808620
2808622
2808624
2808625
2808627
2808629
2808631
2808632
2808634
2808635
2808637
2808638
2808645
2808646
2808647
2808653
2808659
2808660
2808666
2808672
2808678
2808684
2808685
2808691
2808697
2808698
2808699
2808700
2808701
2808702
2808703
2808704
2808705
2808706
2808712
2808713
2808714
2808715
2808716
2808717
2808718
2808719
2808720
2808721
2808727
2808728
2808729
2808730
2808732
2808734
2808736
2808738
2808740
2808742
2808744
2808746
2808748
2808749
2808751
2808752
2808756
2808760
2808764
2808768
2808769
2808770
2808771
2808772
2808776
2808777
2808778
2808782
2808786
2808790
2808791
2808792
2808793
2808801
2808802
2808803
2808804
2808805
2808806
2808807
2808808
2808809
2808817
2808865
2808866
2808867
2808868
2808869
2808870
2808915
2819215
2819747
2820284
2820823
2821409
2821999
2822000
2822001
2822002
2822003
2822004
2822005
2822006
2822007
2822008
2822009
2822010
2822011
2822012
2822013
2822014
2822015
2822016
2822017
2822018
2822019
2822020
2822021
2822022
2822849
2823130
2823397
2823398
2823399
2823400
2823401
2823708
2824013
2824319
2824320
2824632
2824633
2824634
2824635
2824636
2824637
2824638
2824639
2824962
2825219
2825486
2825753
2826004
2826005
2826281
2827098
2827099
2827717
2828337
2828338
2828339
2828340
2828341
2828342
2828343
2828344
2828345
2828346
2828919
2829670
2829671
2829672
2829673
2829674
2829675
2829676
2829677
2829678
2829679
2829680
2829681
2829682
2829683
2829684
2829685
2829686
2829687
2829688
2829689
2829690
2829691
2829692
2829693
2829694
2829695
2829696
2829697
2829698
2829699
2829700
2829701
2829702
2829703
2831203
2832131
2832995
2833866
2834591
2834592
2835496
2835497
2836403
2837345
2837346
2837347
2837348
2837349
2837637
2837932
2837933
2837934
2837935
2837936
2837937
2837938
2838181
2838182
2838183
2838184
2838421
2838563
2838705
2838706
2838846
2839058
2839267
2839268
2839269
2839487
2840480
2840481
2840482
2841825
2842559
2842560
2843423
2844311
2844312
2844313
2844314
2844315
2844316
2844317
2844318
2844319
2844320
2844321
2845808
2848237
2848484
2848485
2848486
2848487
2848488
2848489
2848490
2848491
2848492
2848493
2848494
2848495
2848496
2848497
2848498
2848499
2848500
2848501
2848502
2848503
2848504
2848505
2848769
2849031
2849520
2850005
2850688
2850689
2850690
2850691
2850692
2850693
2851595
2851596
2851597
2851598
2852389
2853167
2854080
2854081
2854082
2854083
2854086
2854087
2854088
2854089
2854092
2854093
2854094
2854095
2854096
2854097
2854098
2854099
2854100
2854103
2854106
2854109
2854112
2854115
2854118
2854119
2854120
2854121
2854122
2854123
2854124
2854125
2854126
2854129
2854132
2854133
2854134
2854135
2854136
2854137
2854140
2854143
2854146
2854149
2854152
2854721
2854722
2855135
2855511
2855890
2856322
2856323
2856324
2856325
2856829
2857242
2857616
2857990
2857991
2857992
2858413
2858846
2859271
2859693
2860166
2860667
2861151
2861744
2862320
2862912
2865390
2865798
2865799
2866199
2866631
2866632
2866633
2866634
2867497
2868531
2869733
2869734
2869735
2869736
2869737
2869738
2869739
2869740
2869741
2869742
2869743
2869744
2869745
2869746
2869747
2869748
2869749
2869750
2869751
2869752
2869753
2869754
2869755
2869756
2869757
2869758
2869759
2869760
2870003
2870004
2870005
2870006
2870009
2870010
2870011
2870012
2870015
2870016
2870019
2870022
2870025
2870026
2870029
2870032
2870035
2870036
2870038
2870040
2870041
2870042
2870043
2870045
2870046
2870047
2870048
2870050
2870052
2870055
2870056
2870057
2870058
2870059
2870060
2870061
2870064
2870065
2870066
2870067
2870068
2870069
2870070
2870517
2870518
2870519
2870520
2871477
2871478
2871479
2871480
2871481
2871483
2871485
2871487
2871489
2871491
2871493
2871494
2871495
2871496
2871497
2871498
2871499
2871500
2871501
2871502
2871503
2871504
2871505
2871506
2871507
2871508
2871509
2871510
2871511
2872482
2873443
2874410
2875778
2875779
2875780
2875781
2875782
2875783
2875784
2875785
2875786
2875787
2875788
2875789
2875790
2875822
2875849
2875850
2875851
2875852
2875853
2875854
2875855
2875856
2875857
2875866
2875867
2875876
2875885
2875894
2875903
2875912
2875913
2875914
2875915
2875916
2875917
2875926
2875927
2875928
2875930
2875931
2875932
2875934
2875936
2875938
2875940
2875942
2875944
2875946
2875948
2875956
2875957
2875958
2875966
2875974
2875982
2875984
2875986
2875988
2875990
2875992
2875994
2875996
2875998
2875999
2876000
2876001
2876002
2876004
2876006
2876013
2876014
2876015
2876016
2876017
2876018
2876019
2876020
2876027
2876035
2876043
2876051
2876059
2876067
2876075
2876087
2876088
2876089
2876090
2876091
2876102
2876108
2876114
2876120
2876121
2876127
2876133
2876139
2876140
2876146
2876152
2876158
2876164
2876170
2876176
2876182
2876188
2876194
2876200
2876206
2876212
2876218
2876224
2876230
2876236
2876242
2876243
2876244
2876245
2876246
2876247
2876248
2876249
2876250
2876251
2876257
2876258
2876259
2876260
2876261
2876262
2876263
2876264
2876265
2876266
2876267
2876268
2876290
2876291
2876292
2876293
2876294
2876295
2876297
2876298
2876300
2876302
2876304
2876306
2876308
2876310
2876312
2876314
2876315
2876317
2876319
2876321
2876323
2876325
2876327
2876329
2876330
2876331
2876332
2876334
2876336
2876338
2876380
2876414
2876415
2876416
2876417
2876450
2876483
2876516
2876550
2876584
2876618
2876652
2876653
2876688
2876723
2876755
2876787
2876819
2876820
2876852
2876884
2876916
2876948
2876980
2877013
2877053
2877055
2877056
2877058
2877060
2877061
2877062
2877063
2877064
2877065
2877066
2877068
2877069
2877071
2877073
2877075
2877077
2877078
2877080
2877082
2877084
2877085
2877087
2877089
2877091
2877093
2877094
2877095
2877097
2877098
2877100
2877102
2877103
2878089
2878546
2878871
2878872
2878873
2878874
2878875
2879176
2879729
2880312
2880576
2880839
2880840
2880841
2880842
2881104
2881377
2881632
2881880
2881881
2882131
2882386
2882387
2882388
2882389
2882390
2883142
2883679
2883680
2883681
2883682
2883683
2883684
2884211
2884737
2885220
2885739
2886419
2886420
2886421
2886422
2886423
2886424
2886425
2886426
2886427
2886428
2886429
2886430
2887272
2887273
2887274
2887275
2887276
2887277
2887278
2887279
2887280
2887281
2887282
2887283
2887284
2887285
2887286
2887287
2887288
2887289
2887290
2887504
2887505
2887506
2887507
2887673
2887839
2888004
2888159
2888315
2888471
2888639
2888843
2888950
2889058
2889166
2889274
2889408
2889537
2889666
2889796
2889797
2889798
2889799
2889800
2889801
2889802
2889999
2890187
2890375
2892054
2893664
2893665
2893666
2893667
2893668
2893669
2893670
2895301
2895881
2896473
2897021
2897486
2898081
2898082
2898083
2898084
2898432
2898433
2898434
2898435
2898436
2898437
2898438
2898439
2898440
2898441
2898442
2898443
2898444
2898445
2898446
2898673
2898932
2898933
2898934
2898935
2898936
2898937
2898938
2898939
2898940
2899192
2899193
2899445
2899700
2899953
2900500
2900974
2901503
2901968
2902435
2905221
2905222
2905223
2905224
2905225
2905226
2905238
2905248
2905258
2905259
2905260
2905261
2905262
2905272
2905282
2905292
2905302
2905303
2905304
2905305
2905306
2905307
2905319
2905320
2905321
2905322
2905332
2905342
2905352
2905362
2905363
2905364
2905365
2905366
2905367
2905368
2905369
2905375
2905381
2905382
2905383
2905389
2905395
2905401
2905407
2905413
2905419
2905425
2905431
2905432
2905433
2905434
2905435
2905436
2905437
2905443
2905449
2905450
2905451
2905452
2905453
2905454
2905455
2905456
2905462
2905468
2905469
2905470
2905471
2905472
2905473
2905474
2905475
2905476
2905477
2905478
2905484
2905490
2905496
2905498
2905499
2905500
2905501
2905502
2905503
2905505
2905507
2905509
2905510
2905511
2905512
2905513
2905514
2905516
2905517
2905518
2905524
2905525
2905526
2905527
2905528
2905529
2905530
2905531
2905537
2905538
2905539
2905540
2905541
2905542
2905544
2905545
2905547
2905549
2905551
2905552
2905554
2905555
2905556
2905557
2905558
2905559
2905565
2905573
2905574
2905581
2905582
2905583
2905584
2905585
2905586
2905593
2905594
2905595
2905596
2905597
2905599
2905601
2905603
2905605
2905607
2905609
2905611
2905613
2905615
2905617
2905618
2905619
2905621
2905623
2905624
2905631
2905633
2905634
2905635
2905637
2905639
2905641
2905643
2905645
2905647
2905648
2905649
2905651
2905653
2905655
2905657
2905658
2905666
2905674
2905675
2905676
2905684
2905692
2905693
2905694
2905695
2905696
2905697
2905698
2905699
2905707
2905715
2905723
2905724
2905732
2905740
2905748
2905749
2905757
2905765
2905773
2905781
2905789
2905790
2905798
2905806
2905814
2905815
2905816
2905824
2905825
2905826
2905834
2905842
2905843
2905844
2905845
2905846
2905847
2905848
2905849
2905850
2905858
2905859
2905860
2905861
2905862
2905863
2905864
2905871
2905873
2905875
2905877
2905878
2905879
2905880
2905881
2905882
2905884
2905886
2905887
2905888
2905890
2905892
2905894
2905896
2905898
2905900
2905955
2905956
2905957
2905958
2905959
2905960
2905961
2905965
2905968
2905969
2905972
2905975
2905978
2905979
2905982
2905984
2905986
2905988
2905990
2905992
2905994
2905996
2905998
2906000
2906002
2906004
2906008
2906012
2906016
2906020
2906024
2906028
2906032
2906036
2906040
2906041
2906042
2906043
2906044
2906048
2906052
2906056
2906060
2906064
2906068
2906072
2906076
2906080
2906084
2906085
2906086
2906087
2906088
2906092
2906096
2906100
2906103
2906104
2906105
2906106
2906107
2906108
2906109
2906112
2906115
2906118
2906121
2906122
2906123
2906124
2906125
2906129
2906133
2906137
2906141
2906195
2906196
2906197
2906198
2906199
2906202
2906205
2906208
2906211
2906214
2906217
2906220
2906221
2906222
2906223
2906224
2906225
2906228
2906231
2906234
2906237
2906240
2906243
2906246
2906247
2906248
2906249
2906250
2906253
2906256
2906259
2906262
2906265
2906268
2906271
2906274
2906277
2906278
2906279
2906280
2906283
2906284
2906285
2906286
2906289
2906292
2906293
2906294
2906295
2906296
2906297
2906298
2906301
2906302
2906303
2906304
2906350
2906351
2906352
2906397
2906398
2906399
2906400
2906401
2906402
2906403
2906404
2906405
2906406
2906407
2906408
2906409
2906410
2906411
2906412
2906413
2906414
2906415
2906416
2906417
2906418
2906507
2906509
2906511
2906513
2906514
2906515
2906516
2906517
2906519
2906521
2906523
2906524
2906526
2906527
2906529
2906531
2906533
2906535
2906536
2906538
2906539
2906540
2906542
2906544
2906546
2906547
2906548
2906550
2906552
2906554
2906555
2906557
2906558
2906560
2906561
2906563
2906565
2906567
2906569
2906571
2906573
2906611
2906613
2906614
2906615
2906616
2906617
2906618
2906620
2906621
2906622
2906623
2906625
2906627
2906628
2906629
2906631
2906633
2906635
2906637
2906643
2906646
2906647
2906648
2906649
2906650
2906653
2906656
2906659
2906662
2906665
2906668
2906671
2906674
2906675
2906676
2906677
2906678
2906679
2906680
2906681
2906682
2906688
2906690
2906692
2906694
2906696
2906698
2906699
2906700
2906701
2906703
2906704
2906706
2906709
2906710
2906711
2906712
2906713
2906714
2906715
2906716
2906721
2906726
2906727
2906728
2906729
2906730
2906731
2906736
2906737
2906738
2906739
2906740
2906741
2906742
2906743
2906744
2906749
2906750
2906751
2906752
2906753
2906754
2906755
2906756
2906757
2906758
2906802
2906810
2906818
2906819
2906820
2906821
2906822
2906823
2906824
2906828
2906832
2906836
2906837
2906841
2906842
2906843
2906847
2906848
2906849
2906853
2906857
2906861
2906865
2906869
2906873
2906877
2906881
2906882
2906883
2906884
2906885
2906893
2906901
2906902
2906903
2906911
2906919
2906920
2906921
2906922
2906923
2906927
2906931
2906932
2906933
2906937
2906941
2906942
2906943
2906944
2906945
2906946
2906947
2906951
2906952
2906953
2906956
2906957
2906958
2906959
2906962
2906965
2906968
2906969
2906972
2906975
2906978
2906979
2906987
2906994
2906995
2906996
2906997
2906998
2907001
2907002
2907005
2907006
2907009
2907010
2907011
2907014
2907015
2907016
2907017
2907018
2907021
2907022
2907023
2907024
2907025
2907028
2907029
2907032
2907035
2907038
2907041
2907049
2907051
2907053
2907055
2907057
2907059
2907061
2907062
2907063
2907064
2907066
2907068
2907070
2907071
2907072
2907081
2907082
2907083
2907084
2907085
2907086
2907087
2907088
2907089
2907090
2907091
2907092
2907093
2907094
2907095
2907096
2907106
2907107
2907109
2907111
2907113
2907115
2907116
2907118
2907120
2907121
2907123
2907125
2907127
2907129
2907131
2907132
2907134
2907168
2907169
2907203
2907237
2907270
2907303
2907337
2907371
2907405
2908146
2908147
2908148
2908149
2908150
2908151
2908152
2908153
2908154
2908155
2908156
2908157
2908158
2908159
2908160
2908161
2908162
2908163
2908164
2908165
2908225
2908226
2908227
2908228
2908229
2908288
2908350
2908402
2908403
2908404
2908405
2908406
2908407
2908408
2908409
2908410
2908411
2908412
2908413
2908414
2908415
2908416
2908417
2908418
2908419
2908494
2908495
2908496
2908497
2908498
2908499
2908500
2908501
2908502
2908503
2908504
2908564
2908588
2908612
2908636
2908660
2908661
2908662
2908686
2908710
2908734
2908760
2908786
2908807
2908828
2908849
2908870
2908892
2908914
2908948
2908949
2908950
2908951
2908952
2908953
2908954
2908955
2908956
2908957
2908958
2908959
2908960
2908961
2908994
2909025
2909056
2909086
2909116
2909148
2909180
2909212
2909246
2909249
2909252
2909253
2909254
2909255
2909258
2909261
2909262
2909263
2909264
2909265
2909268
2909269
2909270
2909271
2909272
2909273
2909274
2909275
2909278
2909281
2909284
2909285
2909288
2909291
2909294
2909297
2909300
2909303
2909306
2909307
2909310
2909311
2909312
2909313
2909316
2909319
2909322
2909325
2909328
2909331
2909334
2909337
2909340
2909343
2909344
2909347
2909350
2909430
2909431
2909432
2909433
2909434
2909435
2909436
2909438
2909440
2909442
2909444
2909446
2909448
2909450
2909451
2909452
2909454
2909456
2909457
2909459
2909461
2909463
2909465
2909467
2909468
2909469
2909471
2909472
2909473
2909475
2909477
2909479
2909481
2909483
2909485
2909486
2909487
2909488
2909490
2909492
2909493
2909494
2909496
2909498
2909499
2909500
2909502
2909800
2909803
2909806
2909807
2909808
2909809
2909812
2909815
2909818
2909821
2909824
2909825
2909826
2909827
2909828
2909829
2909830
2909831
2909832
2909835
2909838
2909841
2909844
2909848
2909849
2909853
2909857
2909858
2909860
2909862
2909863
2909864
2909865
2909866
2909868
2909869
2909871
2909872
2909873
2909874
2909876
2909877
2909879
2909883
2909887
2909888
2909889
2909890
2909891
2909892
2909893
2909897
2909901
2909905
2909909
2909910
2909911
2909912
2909969
2909970
2909971
2909972
2909973
2909974
2909975
2909976
2909977
2909978
2909979
2909980
2909981
2909982
2909983
2909984
2909985
2909986
2910040
2910094
2910530
2910531
2910599
2910659
2910660
2910661
2910662
2910663
2910664
2910665
2910735
2910736
2910737
2910738
2910739
2910806
2910874
2910875
2910876
2910877
2910878
2910879
2910880
2910881
2910882
2910883
2910884
2910885
2910886
2910887
2911108
2911328
2911549
2911769
2912014
2912222
2912408
2912594
2912780
2912967
2913178
2913389
2913618
2913619
2913620
2913621
2913622
2913623
2913624
2913625
2913626
2913627
2913628
2913629
2913630
2913631
2913632
2913633
2913634
2913635
2913636
2913637
2913638
2913639
2913640
2913641
2913642
2913643
2913644
2913645
2913896
2913897
2914222
2914543
2914862
2915182
2916931
2916972
2917012
2917053
2917054
2917055
2917056
2917057
2917058
2917059
2917060
2917061
2917062
2917063
2917064
2917065
2917066
2917067
2917068
2917092
2917116
2917139
2917162
2917185
2917209
2917235
2917236
2917237
2917238
2917239
2917240
2917241
2917242
2917243
2917303
2917304
2917305
2917306
2917307
2917312
2917317
2917318
2917319
2917320
2917324
2917325
2917329
2917332
2917333
2917336
2917339
2917340
2917343
2917346
2917349
2917352
2917354
2917356
2917357
2917358
2917359
2917360
2917362
2917363
2917364
2917366
2917369
2917372
2917377
2917378
2917379
2917384
2917389
2917390
2917391
2917393
2917395
2917396
2917397
2917399
2917401
2917403
2917404
2917406
2917408
2917410
2917411
2917417
2917419
2917421
2917423
2917425
2917427
2917429
2917431
2917433
2917435
2917437
2917439
2917441
2917443
2917444
2917450
2917451
2917452
2917453
2917454
2917455
2917456
2917494
2917496
2917498
2917500
2917501
2917502
2917503
2917504
2917505
2917507
2917509
2917511
2917513
2917515
2917517
2917518
2917519
2917521
2917523
2917525
2917526
2917527
2917529
2917530
2917531
2917533
2917535
2917537
2917539
2917540
2917541
2917542
2917544
2917546
2917548
2917550
2917552
2917554
2917556
2917558
2917560
2917562
2917564
2917566
2917568
2917569
2917570
2917571
2917572
2917574
2917575
2917576
2917577
2917578
2917580
2917582
2917583
2917585
2917587
2917589
2917590
2917592
2917595
2917598
2917601
2917604
2917607
2917645
2917646
2917647
2917648
2917649
2917650
2917651
2917652
2917653
2917711
2917712
2917713
2917714
2917715
2917716
2917717
2917718
2917719
2917720
2917721
2917722
2917723
2917724
2917725
2917903
2917906
2917907
2917908
2917909
2917910
2917911
2917912
2917915
2917918
2917921
2917924
2917925
2917928
2917929
2917930
2917933
2917935
2917937
2917939
2917941
2917942
2917944
2917946
2917947
2917949
2917952
2917955
2917956
2917957
2917958
2917959
2917960
2917963
2917964
2917965
2917966
2917967
2917968
2917971
2917972
2917975
2917976
2917979
2917980
2917981
2917982
2917983
2917986
2917989
2917992
2917995
2917996
2917997
2918086
2918087
2918171
2918258
2918342
2918426
2918513
2918514
2918515
2918516
2918661
2918787
2918788
2918789
2921208
2921216
2921217
2921218
2921219
2921220
2921228
2921236
2921244
2921245
2921246
2921247
2921254
2921255
2921256
2921257
2921258
2921259
2921260
2921261
2921262
2921269
2921271
2921272
2921273
2921275
2921277
2921279
2921280
2921281
2921282
2921284
2921285
2921286
2921287
2921289
2921290
2921292
2921294
2921295
2921296
2921305
2921307
2921309
2921311
2921313
2921315
2921317
2921319
2921321
2921323
2921324
2921326
2921328
2921330
2921332
2921334
2921336
2921337
2921339
2921341
2921343
2921352
2921355
2921356
2921357
2921358
2921359
2921362
2921365
2921368
2921369
2921372
2921373
2921376
2921379
2921382
2921383
2921386
2921389
2921390
2921391
2921392
2921395
2921398
2921401
2921402
2921403
2921404
2921405
2921408
2921409
2921412
2921413
2921414
2921415
2921416
2921425
2921434
2921435
2921436
2921437
2921438
2921439
2921440
2921441
2921442
2921443
2921444
2921445
2921446
2921447
2921448
2921449
2921458
2921459
2921460
2921461
2921462
2921463
2921464
2921465
2921466
2921467
2921468
2921469
2921470
2921471
2921472
2921473
2921482
2921491
2921492
2921501
2921510
2921511
2921512
2921521
2921522
2921531
2921532
2921575
2921578
2921581
2921584
2921587
2921590
2921593
2921596
2921599
2921602
2921605
2921608
2921611
2921614
2921615
2921616
2921617
2921620
2921623
2921626
2921629
2921632
2921635
2921638
2921641
2921642
2921643
2921644
2921645
2921648
2921649
2921650
2921651
2921652
2921655
2921656
2921659
2921662
2921665
2921668
2921669
2921670
2921673
2921676
2921679
2921682
2921684
2921685
2921687
2921689
2921691
2921693
2921695
2921696
2921698
2921700
2921702
2921704
2921707
2921708
2921709
2921710
2921711
2921712
2921713
2921760
2921761
2921762
2921763
2921764
2921765
2921766
2921767
2921768
2921769
2921812
2921820
2921828
2921836
2921844
2921852
2921854
2921856
2921858
2921859
2921860
2921862
2921864
2921866
2921868
2921870
2921872
2921874
2921876
2921878
2921879
2921880
2921882
2921890
2921898
2921906
2921914
2921922
2921923
2921924
2921925
2921926
2921927
2921934
2921935
2921936
2921937
2921938
2921939
2921940
2921947
2921948
2921949
2921950
2921951
2921952
2921953
2921954
2921955
2921956
2921957
2921958
2921959
2921966
2921973
2921974
2921975
2921976
2921977
2921978
2921979
2921980
2921981
2921982
2921989
2921997
2921998
2921999
2922001
2922003
2922005
2922007
2922009
2922011
2922012
2922013
2922015
2922017
2922019
2922021
2922022
2922024
2922032
2922033
2922034
2922035
2922036
2922037
2922038
2922039
2922040
2922041
2922042
2922043
2922049
2922055
2922056
2922057
2922058
2922059
2922060
2922061
2922062
2922063
2922064
2922065
2922070
2922075
2922080
2922085
2922090
2922091
2922092
2922093
2922094
2922095
2922096
2922097
2922098
2922099
2922100
2922116
2922117
2922118
2922119
2922120
2922121
2922122
2922123
2922124
2922125
2922126
2922127
2922128
2922129
2922144
2922157
2922170
2922183
2922184
2922197
2922209
2922221
2922234
2922236
2922237
2922238
2922239
2922240
2922242
2922243
2922244
2922245
2922246
2922248
2922250
2922252
2922254
2922255
2922257
2922259
2922260
2922262
2922263
2922265
2922267
2922268
2922269
2922270
2922271
2922286
2922287
2922302
2922317
2922331
2922345
2922359
2922372
2922388
2922390
2922391
2922392
2922394
2922396
2922397
2922398
2922400
2922402
2922404
2922405
2922407
2922409
2922411
2922413
2922415
2922417
2922418
2922420
2922422
2922423
2922424
2922425
2922426
2922428
2922430
2922431
2922432
2922471
2922476
2922477
2922478
2922483
2922484
2922489
2922490
2922495
2922496
2922497
2922498
2922499
2922504
2922509
2922514
2922515
2922517
2922519
2922521
2922523
2922524
2922526
2922528
2922530
2922531
2922532
2922533
2922538
2922539
2922540
2922545
2922546
2922547
2922548
2922549
2922550
2922551
2922556
2922557
2922558
2922559
2922560
2922561
2922562
2922563
2922564
2922569
2922573
2922577
2922581
2922585
2922589
2922593
2922597
2922598
2922599
2922600
2922601
2922602
2922603
2922604
2922608
2922609
2922610
2922614
2922615
2922616
2922617
2922621
2922626
2922631
2922632
2922633
2922634
2922635
2922636
2922641
2922676
2922711
2922712
2922713
2922714
2922715
2922716
2922717
2922718
2922719
2922720
2922721
2922722
2922723
2922757
2922758
2922795
2922796
2922797
2922798
2922800
2922802
2922804
2922806
2922808
2922810
2922812
2922813
2922814
2922815
2922816
2922818
2922820
2922822
2922824
2922826
2922828
2922830
2922831
2922832
2922833
2922835
2922837
2922839
2922840
2922842
2922844
2922846
2922848
2922850
2922851
2922852
2922853
2922883
2922884
2922885
2922886
2922914
2922915
2922916
2922917
2922918
2922919
2922920
2922921
2922922
2922923
2922924
2922925
2922926
2923004
2923010
2923012
2923013
2923015
2923017
2923019
2923021
2923022
2923023
2923024
2923026
2923028
2923029
2923030
2923031
2923032
2923034
2923040
2923046
2923052
2923058
2923059
2923060
2923066
2923067
2923068
2923074
2923080
2923081
2923082
2923083
2923084
2923090
2923096
2923102
2923108
2923114
2923120
2923121
2923122
2923123
2923124
2923125
2923126
2923127
2923128
2923134
2923140
2923147
2923148
2923149
2923150
2923151
2923152
2923153
2923156
2923159
2923160
2923161
2923164
2923167
2923168
2923169
2923172
2923173
2923174
2923175
2923176
2923177
2923178
2923181
2923184
2923187
2923190
2923193
2923196
2923199
2923200
2923203
2923206
2923209
2923212
2923215
2923216
2923217
2923218
2923219
2923220
2923225
2923230
2923231
2923232
2923237
2923242
2923247
2923252
2923257
2923262
2923267
2923268
2923269
2923274
2923275
2923276
2923281
2923282
2923283
2923284
2923285
2923286
2923287
2923292
2923297
2923298
2923299
2923304
2923309
2923378
2923401
2923402
2923403
2923404
2923405
2923421
2923437
2923453
2923469
2923487
2923505
2923523
2923541
2923542
2923560
2923574
2923588
2923601
2923614
2923615
2923628
2923629
2923643
2923661
2923662
2923663
2923664
2923665
2923683
2923684
2923685
2923686
2923687
2923688
2923705
2923706
2923707
2923708
2923725
2923742
2923759
2923776
2923793
2923794
2923795
2923796
2923814
2923815
2923816
2923817
2923818
2923819
2923820
2923821
2923822
2923823
2923824
2923825
2923826
2923915
2923916
2923917
2923920
2923923
2923924
2923927
2923928
2923931
2923934
2923935
2923936
2923937
2923938
2923939
2923941
2923943
2923945
2923947
2923949
2923952
2923953
2923954
2923957
2923960
2923961
2923962
2923963
2923966
2923969
2923972
2923975
2923976
2923977
2923978
2923979
2923980
2923983
2923984
2923985
2923988
2923991
2923992
2923993
2923994
2923997
2924000
2924002
2924004
2924006
2924008
2924010
2924012
2924014
2924016
2924018
2924020
2924023
2924026
2924029
2924032
2924033
2924034
2924035
2924036
2924037
2924038
2924039
2924042
2924045
2924048
2924051
2924054
2924055
2924056
2924057
2924058
2924059
2924060
2924061
2924130
2924131
2924132
2924134
2924136
2924137
2924138
2924140
2924142
2924144
2924145
2924146
2924148
2924150
2924151
2924153
2924155
2924157
2924158
2924159
2924160
2924162
2924163
2924164
2924166
2924167
2924169
2924209
2924218
2924219
2924220
2924222
2924224
2924226
2924228
2924230
2924232
2924234
2924236
2924238
2924240
2924241
2924243
2924250
2924251
2924252
2924259
2924260
2924261
2924262
2924263
2924264
2924271
2924277
2924278
2924283
2924284
2924285
2924286
2924287
2924288
2924289
2924290
2924295
2924300
2924305
2924306
2924307
2924308
2924313
2924314
2924315
2924316
2924317
2924318
2924319
2924324
2924329
2924330
2924331
2924332
2924333
2924338
2924343
2924348
2924349
2924350
2924351
2924352
2924353
2924359
2924366
2924369
2924370
2924373
2924374
2924375
2924376
2924377
2924379
2924381
2924382
2924384
2924386
2924387
2924390
2924391
2924392
2924395
2924396
2924400
2924401
2924402
2924403
2924404
2924405
2924406
2924407
2924408
2924409
2924419
2924423
2924427
2924428
2924431
2924432
2924433
2924434
2924437
2924440
2924443
2924446
2924449
2924450
2924453
2924456
2924459
2924462
2924463
2924464
2924465
2924466
2924467
2924468
2924469
2924473
2924474
2924479
2924481
2924482
2924484
2924485
2924487
2924489
2924490
2924491
2924492
2924494
2924496
2924498
2924499
2924500
2924501
2924550
2924576
2924579
2924582
2924585
2924588
2924589
2924590
2924593
2924596
2924599
2924602
2924605
2924608
2924609
2924610
2924611
2924612
2924614
2924616
2924618
2924620
2924622
2924623
2924624
2924625
2924630
2924631
2924635
2924639
2924643
2924647
2924651
2924655
2924659
2924663
2924667
2924668
2924669
2924670
2924671
2924675
2924679
2924683
2924684
2924685
2924686
2924687
2924688
2924689
2924690
2924691
2924721
2924751
2924752
2924753
2924754
2924755
2924756
2924757
2924758
2924759
2924760
2924761
2924762
2924763
2924790
2924791
2924792
2924793
2924872
2924873
2924874
2924875
2924876
2924877
2924878
2924879
2924880
2924881
2924882
2924883
2924884
2924885
2924886
2924887
2924899
2924911
2924923
2924924
2924936
2924937
2924938
2924939
2924940
2924941
2924942
2924954
2924961
2924962
2924963
2924964
2924965
2924966
2924967
2924968
2924969
2924970
2924971
2924972
2924973
2924979
2924980
2924981
2924982
2924983
2924984
2924991
2924993
2924994
2924995
2924996
2924997
2924999
2925000
2925001
2925002
2925004
2925006
2925007
2925008
2925010
2925012
2925018
2925020
2925022
2925024
2925025
2925027
2925029
2925031
2925033
2925034
2925035
2925036
2925038
2925040
2925041
2925042
2925043
2925045
2925051
2925057
2925065
2925071
2925072
2925076
2925080
2925081
2925085
2925086
2925087
2925091
2925095
2925099
2925103
2925107
2925111
2925115
2925116
2925117
2925118
2925119
2925123
2925124
2925125
2925126
2925127
2925128
2925132
2925136
2925140
2925141
2925145
2925149
2925150
2925151
2925212
2925213
2925214
2925215
2925216
2925217
2925218
2925219
2925220
2925221
2925222
2925223
2925284
2925344
2925391
2925438
2925439
2925440
2925441
2925442
2925443
2925488
2925489
2925490
2925491
2925492
2925493
2925553
2925622
2925627
2925632
2925633
2925638
2925639
2925640
2925641
2925642
2925643
2925644
2925645
2925646
2925647
2925648
2925653
2925654
2925655
2925656
2925657
2925658
2925659
2925660
2925661
2925666
2925667
2925668
2925673
2925674
2925676
2925678
2925680
2925681
2925682
2925683
2925684
2925686
2925688
2925689
2925694
2925699
2925704
2925705
2925706
2925711
2925713
2925714
2925716
2925718
2925719
2925720
2925722
2925724
2925725
2925726
2925728
2925730
2925735
2925740
2925745
2925750
2925755
2925756
2925757
2925758
2925759
2925764
2925765
2925770
2925775
2925780
2925785
2925786
2925787
2925788
2925789
2925790
2925791
2925792
2925793
2925794
2925799
2925804
2925805
2925806
2925811
2925816
2925821
2925826
2925831
2925836
2925841
2925846
2925851
2925856
2925861
2925862
2925867
2925868
2925869
2925870
2925871
2925876
2925881
2925886
2925891
2925896
2925901
2925906
2925907
2925908
2925977
2926002
2926027
2926052
2926055
2926058
2926061
2926062
2926063
2926064
2926065
2926066
2926069
2926072
2926075
2926076
2926077
2926078
2926079
2926080
2926083
2926086
2926089
2926092
2926095
2926097
2926099
2926101
2926103
2926105
2926106
2926108
2926109
2926111
2926113
2926116
2926119
2926120
2926121
2926122
2926123
2926124
2926125
2926126
2926127
2926145
2926154
2926155
2926164
2926173
2926176
2926179
2926182
2926185
2926188
2926191
2926192
2926193
2926196
2926197
2926198
2926199
2926202
2926205
2926208
2926209
2926210
2926211
2926214
2926215
2926216
2926219
2926222
2926225
2926228
2926231
2926234
2926237
2926240
2926243
2926246
2926249
2926252
2926255
2926264
2926273
2926282
2926283
2926292
2926293
2926302
2926311
2926320
2926329
2926330
2926339
2926348
2926357
2926366
2926367
2926368
2926369
2926370
2926371
2926372
2926373
2926374
2926375
2926376
2926377
2926378
2926386
2926394
2926403
2926404
2926405
2926406
2926407
2926415
2926416
2926417
2926418
2926427
2926428
2926429
2926438
2926439
2926440
2926441
2926442
2926443
2926444
2926445
2926446
2926447
2926448
2926456
2926464
2926465
2926466
2926474
2926482
2926490
2926491
2926492
2926493
2926494
2926495
2926496
2926497
2926498
2926506
2926507
2926508
2926516
2926524
2926533
2926541
2926542
2926543
2926551
2926552
2926553
2926554
2926555
2926556
2926572
2926587
2926602
2926603
2926604
2926619
2926633
2926647
2926661
2926662
2926663
2926664
2926665
2926666
2926667
2926668
2926669
2926683
2926697
2926711
2926726
2926727
2926728
2926732
2926736
2926740
2926741
2926745
2926746
2926750
2926754
2926758
2926762
2926766
2926770
2926774
2926778
2926782
2926786
2926790
2926794
2926798
2926799
2926803
2926807
2926811
2926815
2926819
2926823
2926824
2926825
2926826
2926830
2926831
2926832
2926833
2926834
2926835
2926836
2926837
2926838
2926842
2926846
2926850
2926854
2926855
2926856
2926857
2926858
2926862
2926863
2926867
2926871
2926875
2926876
2926880
2926881
2926896
2926898
2926900
2926902
2926904
2926906
2926908
2926910
2926911
2926912
2926913
2926914
2926915
2926917
2926919
2926921
2926922
2926924
2926926
2926940
2926941
2926942
2926943
2926977
2927005
2927033
2927034
2927035
2927062
2927089
2927090
2927118
2927119
2927120
2927121
2927122
2927123
2927124
2927125
2927155
2927185
2927186
2927187
2927218
2927220
2927222
2927224
2927226
2927228
2927229
2927231
2927233
2927235
2927237
2927239
2927241
2927243
2927245
2927247
2927249
2927251
2927253
2927255
2927257
2927259
2927261
2927263
2927265
2927267
2927269
2927271
2927281
2927282
2927290
2927298
2927301
2927302
2927303
2927304
2927307
2927310
2927313
2927316
2927319
2927322
2927325
2927328
2927331
2927334
2927337
2927338
2927341
2927344
2927347
2927348
2927349
2927350
2927358
2927359
2927360
2927361
2927362
2927363
2927364
2927365
2927366
2927367
2927368
2927369
2927370
2927378
2927386
2927388
2927389
2927391
2927393
2927395
2927397
2927399
2927400
2927401
2927403
2927405
2927407
2927409
2927411
2927420
2927421
2927422
2927426
2927430
2927431
2927432
2927433
2927437
2927438
2927439
2927440
2927441
2927442
2927443
2927444
2927445
2927446
2927450
2927451
2927452
2927453
2927454
2927455
2927456
2927457
2927461
2927466
2927467
2927468
2927473
2927478
2927483
2927488
2927493
2927498
2927499
2927504
2927519
2927532
2927533
2927534
2927535
2927547
2927559
2927560
2927561
2927562
2927563
2927564
2927565
2927577
2927589
2927590
2927603
2927615
2927627
2927639
2927640
2927652
2927665
2927678
2927680
2927681
2927683
2927684
2927686
2927687
2927689
2927691
2927693
2927695
2927697
2927699
2927701
2927702
2927703
2927705
2927707
2927708
2927710
2927712
2927713
2927714
2927726
2927733
2927740
2927747
2927754
2927761
2927768
2927775
2927782
2927783
2927784
2927785
2927786
2927787
2927788
2927789
2927790
2927791
2927792
2927793
2927794
2927801
2927802
2927809
2927816
2927817
2927818
2927819
2927820
2927821
2927822
2927823
2927824
2927831
2927838
2927839
2927840
2927847
2927854
2927861
2927862
2927863
2927864
2927865
2927866
2927867
2927868
2927869
2927870
2927871
2927872
2927892
2927893
2927904
2927906
2927908
2927910
2927912
2927914
2927916
2927918
2927920
2927922
2927923
2927925
2927927
2927929
2927931
2927933
2927935
2927937
2927938
2927940
2927953
2927954
2927955
2927956
2927957
2927958
2927959
2927960
2927961
2927962
2927963
2927964
2927965
2927966
2927967
2927968
2927969
2927970
2927982
2927984
2927986
2927987
2927988
2927989
2927991
2927992
2927993
2927994
2927996
2927998
2927999
2928000
2928001
2928002
2928003
2928015
2928016
2928017
2928024
2928031
2928038
2928041
2928042
2928043
2928044
2928045
2928047
2928049
2928050
2928051
2928052
2928053
2928055
2928057
2928059
2928062
2928063
2928066
2928067
2928068
2928069
2928076
2928077
2928078
2928080
2928082
2928084
2928086
2928087
2928088
2928089
2928090
2928092
2928094
2928096
2928103
2928110
2928111
2928118
2928130
2928131
2928132
2928133
2928145
2928165
2928166
2928167
2928168
2928169
2928170
2928171
2928172
2928173
2928174
2928175
2928176
2928177
2928196
2928198
2928200
2928201
2928203
2928205
2928207
2928208
2928209
2928210
2928211
2928213
2928215
2928216
2928217
2928219
2928221
2928223
2928224
2928225
2928227
2928228
2928229
2928230
2928231
2928233
2928234
2928236
2928238
2928240
2928242
2928244
2928246
2928248
2928250
2928252
2928254
2928256
2928275
2928276
2928277
2928296
2928297
2928298
2928299
2928300
2928319
2928338
2928357
2928358
2928359
2928378
2928416
2928418
2928419
2928420
2928422
2928423
2928425
2928427
2928429
2928430
2928431
2928432
2928434
2928436
2928438
2928440
2928442
2928444
2928446
2928448
2928449
2928450
2928451
2928453
2928455
2928456
2928457
2928459
2928461
2928463
2928465
2928467
2928469
2928502
2928530
2928531
2928532
2928559
2928560
2928561
2928588
2928616
2928617
2928618
2928646
2928647
2928648
2928649
2928650
2928655
2928660
2928665
2928669
2928670
2928671
2928675
2928679
2928683
2928687
2928691
2928692
2928696
2928700
2928701
2928702
2928703
2928704
2928705
2928709
2928713
2928717
2928718
2928719
2928720
2928721
2928722
2928723
2928727
2928728
2928729
2928730
2928731
2928735
2928736
2928740
2928744
2928745
2928749
2928753
2928757
2928761
2928762
2928767
2928768
2928769
2928770
2928771
2928776
2928781
2928786
2928791
2928796
2928801
2928806
2928811
2928812
2928813
2928814
2928815
2928820
2928825
2928826
2928831
2928833
2928835
2928837
2928839
2928841
2928843
2928845
2928847
2928848
2928850
2928852
2928853
2928880
2928901
2928922
2928943
2928964
2928985
2929007
2929029
2929050
2929051
2929052
2929053
2929074
2929096
2929098
2929100
2929101
2929102
2929104
2929106
2929108
2929109
2929110
2929111
2929112
2929114
2929116
2929118
2929120
2929122
2929124
2929125
2929126
2929128
2929130
2929132
2929165
2929166
2929169
2929172
2929175
2929178
2929181
2929184
2929185
2929186
2929187
2929188
2929191
2929194
2929196
2929198
2929200
2929202
2929204
2929205
2929207
2929209
2929211
2929213
2929215
2929216
2929218
2929220
2929222
2929225
2929228
2929231
2929234
2929235
2929236
2929239
2929242
2929243
2929244
2929245
2929248
2929251
2929252
2929255
2929259
2929260
2929261
2929262
2929263
2929264
2929431
2929432
2929433
2929434
2929440
2929446
2929452
2929457
2929458
2929459
2929460
2929465
2929470
2929475
2929480
2929481
2929486
2929488
2929489
2929490
2929492
2929493
2929494
2929495
2929496
2929497
2929499
2929501
2929502
2929504
2929505
2929506
2929513
2929514
2929515
2929516
2929523
2929529
2929530
2929531
2929532
2929533
2929534
2929535
2929536
2929537
2929538
2929544
2929550
2929551
2929552
2929553
2929554
2929560
2929566
2929567
2929568
2929569
2929570
2929571
2929572
2929573
2929574
2929575
2929576
2929577
2929583
2929584
2929585
2929586
2929592
2929598
2929604
2929610
2929611
2929612
2929613
2929614
2929615
2929616
2929622
2929628
2929634
2929635
2929640
2929641
2929642
2929643
2929648
2929653
2929654
2929659
2929660
2929665
2929666
2929667
2929668
2929669
2929670
2929671
2929672
2929673
2929674
2929675
2929680
2929681
2929682
2929683
2929684
2929689
2929695
2929697
2929699
2929700
2929701
2929703
2929705
2929707
2929709
2929711
2929712
2929714
2929716
2929717
2929718
2929719
2929720
2929726
2929727
2929728
2929729
2929782
2929799
2929816
2929833
2929834
2929835
2929852
2929871
2929872
2929873
2929892
2929911
2929930
2929949
2929968
2929987
2930006
2930024
2930042
2930060
2930078
2930096
2930097
2930115
2930116
2930134
2930135
2930136
2930137
2930138
2930139
2930140
2930141
2930142
2930143
2930144
2930145
2930146
2930147
2930148
2930149
2930150
2930151
2930169
2930183
2930197
2930211
2930212
2930213
2930214
2930228
2930242
2930262
2930272
2930273
2930274
2930275
2930276
2930277
2930278
2930279
2930288
2930297
2930298
2930299
2930300
2930301
2930302
2930303
2930304
2930305
2930306
2930307
2930317
2930318
2930319
2930320
2930321
2930322
2930323
2930324
2930325
2930335
2930336
2930337
2930338
2930339
2930340
2930341
2930342
2930343
2930344
2930345
2930346
2930347
2930348
2930349
2930358
2930359
2930360
2930361
2930362
2930363
2930364
2930365
2930366
2930370
2930374
2930378
2930382
2930386
2930388
2930389
2930390
2930392
2930394
2930396
2930398
2930400
2930402
2930404
2930406
2930408
2930410
2930411
2930415
2930416
2930417
2930418
2930419
2930424
2930426
2930428
2930429
2930430
2930432
2930434
2930436
2930438
2930440
2930442
2930444
2930446
2930448
2930450
2930452
2930462
2930464
2930466
2930467
2930468
2930470
2930472
2930474
2930475
2930476
2930478
2930480
2930481
2930483
2930485
2930487
2930488
2930490
2930499
2930508
2930517
2930526
2930527
2930528
2930537
2930538
2930539
2930540
2930541
2930542
2930543
2930544
2930545
2930546
2930547
2930556
2930565
2930566
2930567
2930568
2930569
2930570
2930571
2930580
2930589
2930597
2930605
2930606
2930607
2930608
2930609
2930610
2930612
2930614
2930615
2930617
2930619
2930621
2930623
2930624
2930625
2930627
2930629
2930631
2930640
2930649
2930658
2930659
2930660
2930661
2930662
2930671
2930680
2930683
2930686
2930689
2930692
2930695
2930698
2930699
2930702
2930705
2930708
2930711
2930714
2930717
2930720
2930721
2930724
2930727
2930730
2930733
2930734
2930735
2930736
2930737
2930738
2930739
2930755
2930756
2930757
2930758
2930759
2930760
2930763
2930764
2930765
2930766
2930767
2930768
2930769
2930772
2930775
2930778
2930781
2930784
2930787
2930790
2930793
2930796
2930799
2930800
2930801
2930804
2930807
2930808
2930809
2930810
2930813
2930816
2930817
2930818
2930819
2930822
2930837
2930844
2930851
2930858
2930865
2930873
2930881
2930882
2930883
2930890
2930897
2930904
2930911
2930918
2930925
2930932
2930933
2930941
2930942
2930943
2930944
2930945
2930946
2930947
2930948
2930949
2930950
2930951
2930952
2930953
2930954
2930955
2930956
2930964
2930972
2930973
2930974
2930982
2930990
2930998
2930999
2931000
2931001
2931009
2931011
2931013
2931015
2931017
2931019
2931021
2931023
2931025
2931027
2931029
2931031
2931032
2931034
2931035
2931036
2931037
2931038
2931046
2931047
2931048
2931049
2931050
2931051
2931103
2931104
2931114
2931124
2931134
2931144
2931145
2931146
2931147
2931148
2931158
2931168
2931179
2931180
2931181
2931182
2931193
2931204
2931205
2931206
2931209
2931212
2931215
2931218
2931221
2931222
2931225
2931228
2931231
2931234
2931237
2931238
2931239
2931240
2931241
2931242
2931243
2931244
2931247
2931248
2931251
2931254
2931257
2931260
2931263
2931264
2931265
2931268
2931271
2931281
2931291
2931302
2931313
2931323
2931324
2931325
2931326
2931327
2931328
2931338
2931348
2931359
2931360
2931361
2931362
2931373
2931384
2931388
2931389
2931390
2931391
2931392
2931396
2931400
2931404
2931405
2931409
2931410
2931411
2931415
2931416
2931417
2931418
2931419
2931420
2931421
2931425
2931429
2931433
2931437
2931441
2931442
2931443
2931447
2931451
2931452
2931456
2931460
2931461
2931462
2931463
2931464
2931465
2931466
2931470
2931474
2931478
2931490
2931491
2931492
2931504
2931516
2931528
2931540
2931552
2931564
2931565
2931615
2931617
2931618
2931619
2931621
2931622
2931623
2931624
2931625
2931626
2931627
2931629
2931631
2931632
2931633
2931634
2931635
2931636
2931643
2931644
2931646
2931647
2931648
2931649
2931650
2931652
2931654
2931656
2931658
2931659
2931660
2931662
2931664
2931665
2931666
2931667
2931669
2931671
2931678
2931679
2931680
2931681
2931682
2931683
2931684
2931685
2931686
2931687
2931688
2931689
2931696
2931697
2931698
2931699
2931700
2931701
2931702
2931703
2931704
2931705
2931706
2931707
2931708
2931720
2931728
2931736
2931738
2931739
2931741
2931742
2931744
2931745
2931747
2931748
2931749
2931750
2931752
2931754
2931756
2931757
2931758
2931759
2931761
2931769
2931770
2931771
2931772
2931773
2931774
2931775
2931776
2931777
2931778
2931779
2931780
2931788
2931796
2931804
2931805
2931806
2931807
2931808
2931809
2931810
2931811
2931812
2931820
2931821
2931829
2931830
2931831
2931832
2931833
2931834
2931846
2931854
2931862
2931863
2931864
2931872
2931874
2931876
2931878
2931880
2931882
2931883
2931885
2931886
2931888
2931890
2931892
2931894
2931896
2931898
2931900
2931902
2931904
2931905
2931906
2931907
2931909
2931917
2931918
2931919
2931920
2931927
2931934
2931941
2931948
2931955
2931962
2931970
2931977
2931984
2931985
2931986
2931987
2931988
2931989
2931990
2931991
2931992
2931993
2931994
2931995
2932007
2932019
2932020
2932021
2932033
2932035
2932036
2932037
2932038
2932039
2932041
2932042
2932044
2932046
2932048
2932050
2932052
2932053
2932055
2932057
2932059
2932060
2932061
2932062
2932063
2932064
2932066
2932068
2932105
2932138
2932171
2932204
2932237
2932270
2932303
2932304
2932337
2932371
2932372
2932373
2932374
2932375
2932376
2932377
2932378
2932379
2932380
2932381
2932382
2932383
2932384
2932385
2932386
2932387
2932419
2932420
2932452
2932453
2932490
2932492
2932494
2932496
2932498
2932500
2932502
2932504
2932506
2932507
2932509
2932511
2932513
2932515
2932517
2932519
2932521
2932523
2932525
2932527
2932529
2932571
2932573
2932575
2932577
2932578
2932579
2932581
2932582
2932584
2932586
2932587
2932588
2932589
2932590
2932594
2932598
2932599
2932603
2932607
2932608
2932612
2932613
2932614
2932615
2932616
2932617
2932618
2932619
2932620
2932621
2932625
2932629
2932633
2932637
2932639
2932640
2932642
2932644
2932646
2932648
2932649
2932651
2932652
2932653
2932654
2932655
2932656
2932657
2932673
2932675
2932677
2932679
2932680
2932681
2932683
2932685
2932687
2932689
2932691
2932693
2932695
2932697
2932699
2932701
2932703
2932705
2932706
2932708
2932709
2932740
2932770
2932771
2932772
2932773
2932774
2932775
2932776
2932823
2932825
2932827
2932828
2932829
2932830
2932832
2932833
2932835
2932836
2932838
2932840
2932841
2932842
2932843
2932844
2932846
2932847
2932849
2932850
2932851
2932852
2932853
2932855
2932857
2932859
2932860
2932862
2932864
2932866
2932868
2932870
2932871
2932872
2932873
2932875
2932877
2932879
2932881
2932882
2932884
2932886
2932888
2932890
2932892
2932893
2932895
2932897
2932899
2932901
2932903
2932905
2932940
2932942
2932943
2932945
2932947
2932949
2932951
2932953
2932955
2932957
2932959
2932961
2932963
2932965
2932967
2932969
2932971
2932973
2932975
2932977
2932979
2933060
2933065
2933066
2933067
2933068
2933073
2933078
2933083
2933084
2933085
2933086
2933087
2933088
2933089
2933094
2933095
2933096
2933101
2933102
2933107
2933109
2933110
2933111
2933113
2933114
2933115
2933117
2933118
2933119
2933121
2933122
2933127
2933132
2933133
2933134
2933135
2933140
2933145
2933146
2933147
2933148
2933149
2933154
2933156
2933158
2933159
2933160
2933162
2933164
2933166
2933167
2933168
2933169
2933171
2933176
2933177
2933178
2933179
2933180
2933185
2933187
2933189
2933191
2933193
2933195
2933197
2933198
2933199
2933201
2933203
2933205
2933207
2933208
2933210
2933212
2933213
2933214
2933219
2933224
2933225
2933226
2933227
2933228
2933229
2933230
2933231
2933235
2933236
2933237
2933238
2933239
2933243
2933244
2933245
2933249
2933250
2933251
2933877
2933879
2933881
2933883
2933885
2933887
2933889
2933891
2933893
2933895
2933896
2933897
2933898
2933900
2933902
2933904
2933905
2933906
2933907
2933909
2933911
2933913
2933915
2933917
2933919
2933921
2933923
2933924
2933926
2933928
2933930
2933932
2933933
2933934
2933936
2933938
2933939
2933941
2933942
2933943
2933944
2933946
2933947
2933948
2933949
2934322
2934323
2934324
2934325
2934326
2934327
2934328
2934329
2934330
2934331
2934574
2934575
2934576
2934577
2934578
2934579
2934580
2934581
2934582
2934583
2934584
2934585
2934586
2934587
2934588
2934589
2934590
2934591
2934592
2934838
2934839
2934840
2934841
2934842
2934843
2934844
2934845
2934846
2934847
2934848
2934849
2934850
2934851
2934852
2934853
2934854
2934855
2934856
2934857
2934858
2934859
2934860
2934861
2934862
2934863
2934864
2935148
2935432
2935715
2935987
2936273
2936274
2936275
2936276
2936277
2936278
2936279
2936280
2936281
2936282
2936283
2936284
2936285
2936286
2936287
2936288
2936289
2936290
2936291
2936716
2936717
2936718
2936719
2936720
2936721
2936722
2936723
2936857
2936858
2936859
2936860
2936943
2936944
2936945
2936946
2937029
2937134
2937135
2937136
2937240
2937375
2937376
2937377
2937378
2937379
2937380
2937381
2937382
2937383
2937384
2937385
2937386
2937387
2937524
2937525
2937526
2937527
2937528
2937529
2937661
2937788
2937789
2937790
2937922
2938002
2938003
2938084
2938165
2938246
2938327
2938408
2938489
2938490
2938491
2938492
2938625
2938757
2938890
2939024
2939133
2939242
2939351
2939450
2939584
2939715
2939943
2939944
2939945
2939946
2939947
2939948
2939949
2939950
2939951
2939952
2939953
2939954
2939955
2939956
2939957
2939958
2939959
2939960
2939961
2939962
2939963
2939964
2940161
2940359
2940360
2940361
2940508
2940509
2940510
2940511
2940682
2940683
2940853
2941021
2941022
2941191
2941420
2941610
2941611
2941612
2941613
2941614
2941615
2941616
2941617
2941618
2941619
2941620
2941621
2941622
2941623
2941707
2941791
2941874
2941958
2942042
2942183
2942184
2942185
2942186
2942187
2942188
2942189
2942190
2942191
2942192
2942193
2942194
2942195
2942196
2942197
2942198
2942280
2942362
2942443
2942525
2942607
2942693
2942694
2942695
2942696
2942778
2942862
2942946
2943030
2943114
2943191
2943268
2943269
2943270
2943271
2943272
2943273
2943274
2943275
2943276
2943277
2943278
2943279
2943280
2943281
2943282
2943327
2943407
2943476
2943477
2943478
2943479
2943480
2943481
2943482
2943483
2943484
2943485
2943486
2943487
2943556
2943626
2943627
2943628
2943629
2943630
2943631
2943632
2943633
2943634
2943795
2943902
2943903
2943904
2943905
2943906
2943907
2943908
2943913
2943915
2943917
2943919
2943921
2943923
2943924
2943926
2943927
2943929
2943931
2943933
2943935
2943937
2943939
2943944
2943948
2943952
2943956
2943960
2943964
2943968
2943972
2943976
2943980
2943984
2943985
2943986
2943990
2943991
2943996
2943997
2943998
2943999
2944000
2944001
2944002
2944006
2944010
2944011
2944012
2944013
2944014
2944015
2944016
2944017
2944018
2944019
2944020
2944025
2944030
2944031
2944032
2944033
2944035
2944036
2944037
2944038
2944040
2944042
2944043
2944044
2944046
2944048
2944050
2944051
2944052
2944054
2944059
2944064
2944065
2944066
2944067
2944072
2944077
2944082
2944087
2944092
2944093
2944094
2944095
2944096
2944209
2944251
2944252
2944295
2944296
2944339
2944340
2944383
2944385
2944387
2944389
2944391
2944393
2944395
2944397
2944399
2944401
2944403
2944405
2944407
2944409
2944411
2944413
2944415
2944417
2944418
2944420
2944422
2944456
2944457
2944498
2944499
2944500
2944501
2944502
2944503
2944504
2944505
2944506
2944507
2944508
2944509
2944510
2944511
2944512
2944513
2944514
2944555
2944596
2944597
2944638
2944805
2944806
2944807
2944808
2944809
2944810
2944811
2944812
2944813
2944814
2944966
2945117
2945118
2945119
2945120
2945121
2945122
2945123
2945124
2945287
2945288
2945432
2945577
2945711
2945842
2945942
2945943
2945944
2945945
2945946
2946043
2946151
2946275
2946362
2946363
2946447
2946582
2946583
2946733
2946734
2946735
2946736
2946737
2946738
2946739
2946740
2946741
2946742
2946743
2946744
2946745
2946746
2946747
2946748
2946749
2946750
2946751
2946752
2946753
2946754
2946755
2946915
2946916
2946917
2946918
2946919
2947057
2947181
2947305
2947306
2947307
2947308
2947309
2947310
2947311
2947467
2947620
2947621
2947622
2947623
2948059
2948060
2948061
2948265
2948478
2948479
2948701
2948761
2948817
2948873
2948929
2948986
2948987
2948988
2948989
2949049
2949199
2949352
2949353
2949354
2949355
2949356
2949357
2949358
2949359
2949501
2949643
2949783
2949907
2950034
2950157
2950340
2950586
2950588
2950590
2950592
2950594
2950596
2950598
2950599
2950600
2950602
2950604
2950606
2950607
2950608
2950609
2950610
2950612
2950614
2950615
2950617
2950619
2950621
2950623
2950625
2950627
2950629
2950630
2950632
2950633
2950635
2950637
2950639
2950640
2950641
2950642
2950644
2950645
2950751
2950880
2950882
2950884
2950885
2950886
2950888
2950890
2950892
2950894
2950896
2950898
2950900
2950902
2950903
2950904
2950906
2950908
2950910
2950911
2950912
2950914
2950915
2950916
2950917
2950918
2950919
2950920
2950921
2950922
2950923
2950924
2950925
2950927
2950929
2950930
2950931
2950932
2950933
2950934
2950935
2951062
2951185
2951297
2951385
2951386
2951387
2951388
2951389
2951390
2951514
2951636
2951637
2951638
2951737
2952202
2952203
2952204
2952205
2952206
2952207
2952208
2952209
2952210
2952211
2952212
2952213
2952214
2952215
2952216
2952217
2952324
2952415
2952416
2952417
2952515
2952619
2952620
2952621
2953031
2953032
2953033
2953034
2953035
2953036
2953037
2953038
2953039
2953040
2953041
2953042
2953388
2953746
2953747
2953748
2953749
2953750
2953751
2953836
2953837
2953905
2953971
2954037
2954038
2954039
2954040
2954041
2954109
2954110
2954111
2954112
2954113
2954114
2954115
2954116
2954185
2954252
2954253
2954320
2954389
2954521
2954522
2954523
2954524
2954525
2954526
2954527
2954528
2954529
2954530
2954531
2954532
2954847
2955159
2955160
2979833
2982420
2982443
2982466
2982489
2982512
2982535
2982558
2982581
2982583
2982585
2982587
2982589
2982591
2982593
2982594
2982596
2982598
2982600
2982602
2982604
2982606
2982608
2982610
2982612
2982614
2982616
2982617
2982618
2982619
2982621
2982623
2982624
2982625
2982627
2982628
2982630
2982632
2982634
2982636
2982638
2982640
2982642
2982665
2982666
2982667
2982668
2982670
2982671
2982673
2982674
2982676
2982678
2982680
2982682
2982684
2982685
2982686
2982688
2982690
2982692
2982693
2982695
2982696
2982698
2982700
2982702
2982722
2982726
2982730
2982734
2982735
2982736
2982737
2982738
2982739
2982740
2982744
2982745
2982746
2982747
2982748
2982752
2982756
2982757
2982758
2982759
2982760
2982761
2982765
2982766
2982767
2982768
2982772
2982773
2982774
2982775
2982776
2982777
2982778
2982779
2982780
2982783
2982784
2982785
2982788
2982791
2982792
2982793
2982794
2982797
2982800
2982803
2982817
2982818
2982819
2982820
2982821
2982822
2982823
2982824
2982825
2982826
2982827
2982828
2982829
2982830
2982831
2982832
2982833
2982834
2982846
2982848
2982850
2982852
2982854
2982855
2982856
2982858
2982860
2982862
2982864
2982865
2982866
2982868
2982870
2982871
2982873
2982875
2982877
2982878
2982879
2982892
2982894
2982896
2982898
2982900
2982901
2982902
2982904
2982906
2982907
2982909
2982911
2982913
2982915
2982917
2982918
2982920
2982922
2982924
2982925
2982926
2982928
2982930
2982931
2982933
2982934
2982936
2982938
2982939
2982940
2982941
2982943
2982976
2982977
2982978
2982979
2982980
2982981
2982982
2982987
2982992
2982993
2982994
2982995
2982996
2983001
2983006
2983011
2983016
2983021
2983026
2983031
2983032
2983033
2983034
2983035
2983036
2983037
2983038
2983039
2983040
2983041
2983046
2983051
2983052
2983053
2983054
2983055
2983056
2983057
2983058
2983059
2983060
2983065
2983066
2983071
2983072
2983073
2983074
2983075
2983076
2983077
2983078
2983083
2983084
2983085
2983090
2983095
2983100
2983105
2983110
2983118
2983119
2983120
2983121
2983122
2983123
2983124
2983128
2983132
2983136
2983140
2983144
2983148
2983152
2983153
2983157
2983161
2983165
2983169
2983170
2983174
2983178
2983182
2983186
2983190
2983191
2983192
2983196
2983200
2983211
2983212
2983213
2983214
2983218
2983219
2983223
2983224
2983225
2983226
2983227
2983228
2983229
2983230
2983231
2983235
2983239
2983243
2983244
2983248
2983252
2983256
2983260
2983264
2983268
2983272
2983276
2983280
2983284
2983288
2983292
2983296
2983300
2983304
2983305
2983306
2983310
2983314
2983318
2983319
2983320
2983321
2983322
2983323
2983324
2983325
2983326
2983330
2983331
2983349
2983352
2983353
2983354
2983355
2983358
2983359
2983362
2983364
2983365
2983366
2983367
2983368
2983370
2983372
2983374
2983375
2983377
2983379
2983381
2983386
2983391
2983392
2983393
2983394
2983395
2983396
2983397
2983398
2983399
2983400
2983405
2983410
2983415
2983420
2983425
2983426
2983427
2983428
2983429
2983430
2983431
2983436
2983437
2983438
2983443
2983444
2983445
2983450
2983456
2983462
2983468
2983474
2983480
2983486
2983492
2983498
2983504
2983505
2983506
2983507
2983508
2983509
2983515
2983521
2983527
2983533
2983534
2983535
2983541
2983547
2983553
2983568
2983583
2983597
2983611
2983625
2983626
2983640
2983654
2983668
2983682
2983696
2983730
2983763
2983795
2983827
2983828
2983860
2983892
2983893
2983894
2983895
2983896
2983897
2983898
2983930
2983960
2983990
2984020
2984050
2984080
2984081
2984082
2984113
2984144
2984145
2984177
2984178
2984179
2984180
2984181
2984182
2984183
2984217
2984248
2984278
2984309
2984310
2984311
2984312
2984315
2984318
2984319
2984320
2984323
2984326
2984329
2984330
2984333
2984336
2984337
2984338
2984339
2984342
2984346
2984350
2984354
2984355
2984356
2984357
2984360
2984363
2984364
2984365
2984368
2984371
2984372
2984373
2984374
2984377
2984378
2984381
2984382
2984383
2984384
2984385
2984386
2984387
2984400
2984412
2984424
2984425
2984426
2984427
2984428
2984429
2984430
2984434
2984435
2984436
2984437
2984441
2984442
2984445
2984448
2984449
2984452
2984455
2984458
2984461
2984464
2984465
2984468
2984471
2984472
2984476
2984480
2984481
2984482
2984486
2984490
2984494
2984498
2984499
2984500
2984501
2984502
2984503
2984504
2984505
2984506
2984507
2984511
2984512
2984516
2984520
2984524
2984543
2984560
2984561
2984578
2984595
2984612
2984628
2984644
2984660
2984676
2984692
2984708
2984724
2984740
2984756
2984757
2984773
2984790
2984791
2984808
2984825
2984842
2984859
2984860
2984861
2984862
2984863
2984864
2984881
2984889
2984890
2984891
2984892
2984893
2984894
2984895
2984903
2984911
2984919
2984927
2984929
2984931
2984933
2984935
2984937
2984939
2984941
2984943
2984945
2984947
2984950
2984953
2984956
2984957
2984960
2984961
2984962
2984965
2984966
2984967
2984968
2984969
2984972
2984975
2984978
2984981
2984984
2984987
2984990
2984993
2984994
2984995
2984996
2984999
2985002
2985003
2985006
2985007
2985008
2985011
2985014
2985017
2985020
2985021
2985022
2985023
2985026
2985029
2985032
2985035
2985038
2985041
2985044
2985047
2985050
2985053
2985054
2985057
2985060
2985063
2985066
2985067
2985068
2985071
2985072
2985073
2985076
2985077
2985078
2985081
2985082
2985083
2985084
2985085
2985086
2985089
2985092
2985095
2985096
2985097
2985100
2985101
2985102
2985103
2985106
2985109
2985110
2985113
2985114
2985115
2985116
2985117
2985118
2985119
2985122
2985125
2985128
2985129
2985130
2985133
2985137
2985138
2985139
2985140
2985141
2985144
2985147
2985148
2985149
2985150
2985153
2985156
2985159
2985162
2985165
2985166
2985167
2985168
2985169
2985172
2985175
2985178
2985179
2985182
2985185
2985186
2985187
2985190
2985193
2985194
2985195
2985196
2985197
2985200
2985203
2985204
2985207
2985210
2985245
2985275
2985305
2985335
2985336
2985337
2985338
2985339
2985340
2985341
2985373
2985374
2985375
2985405
2985406
2985407
2985408
2985409
2985410
2985411
2985441
2985470
2985471
2985472
2985473
2985502
2985503
2985504
2985505
2985534
2985563
2985592
2985620
2985648
2985677
2985707
2985708
2985759
2985762
2985765
2985768
2985771
2985774
2985775
2985778
2985781
2985782
2985783
2985784
2985785
2985786
2985788
2985789
2985790
2985791
2985792
2985793
2985796
2985798
2985799
2985801
2985802
2985804
2985806
2985807
2985808
2985809
2985810
2985813
2985814
2985817
2985820
2985823
2985825
2985827
2985828
2985829
2985831
2985833
2985834
2985835
2985836
2985837
2985838
2985841
2985844
2985847
2985850
2985851
2985852
2985853
2985854
2985857
2985903
2985904
2985905
2985906
2985907
2985908
2985909
2985910
2985932
2985933
2985934
2985956
2985977
2985998
2986019
2986020
2986021
2986022
2986023
2986024
2986025
2986026
2986027
2986028
2986029
2986030
2986051
2986073
2986074
2986075
2986076
2986077
2986078
2986079
2986080
2986081
2986082
2986083
2986084
2986106
2986107
2986108
2986109
2986135
2986158
2986181
2986204
2986225
2986246
2986267
2986288
2986309
2986310
2986311
2986312
2986333
2986354
2986375
2986396
2986419
2986420
2986421
2986445
2986466
2986467
2986468
2986469
2986470
2986471
2986491
2986511
2986512
2986513
2986533
2986554
2986555
2986556
2986557
2986558
2986559
2986580
2986581
2986582
2986583
2986584
2986585
2986586
2986607
2986626
2986645
2986664
2986683
2986702
2986721
2986740
2986759
2986778
2986797
2986798
2986817
2986836
2986855
2986874
2986892
2986910
2986928
2986929
2986947
2986965
2986983
2986984
2987004
2987025
2987046
2987047
2987048
2987049
2987070
2987268
2987269
2987270
2987271
2987272
2987273
2987274
2987275
2987323
2987371
2987372
2987373
2987422
2987423
2987424
2987425
2987426
2987447
2987467
2987468
2987469
2987470
2987471
2987472
2987473
2987474
2987475
2987476
2987477
2987478
2987499
2987500
2987503
2987506
2987509
2987512
2987515
2987518
2987519
2987520
2987521
2987524
2987525
2987528
2987531
2987532
2987533
2987534
2987537
2987540
2987543
2987544
2987547
2987550
2987553
2987556
2987559
2987562
2987565
2987568
2987571
2987575
2987577
2987578
2987579
2987581
2987583
2987585
2987587
2987589
2987590
2987592
2987596
2987600
2987604
2987625
2987638
2987640
2987642
2987644
2987646
2987648
2987649
2987650
2987652
2987654
2987655
2987656
2987658
2987660
2987661
2987662
2987663
2987665
2987667
2987669
2987671
2987672
2987674
2987676
2987677
2987678
2987679
2987681
2987683
2987685
2987686
2987750
2987754
2987758
2987762
2987766
2987770
2987774
2987775
2987779
2987783
2987787
2987791
2987795
2987799
2987803
2987804
2987805
2987806
2987807
2987808
2987809
2987810
2987811
2987815
2987817
2987819
2987821
2987822
2987823
2987825
2987827
2987829
2987830
2987832
2987833
2987835
2987837
2987848
2987858
2987868
2987869
2987879
2987880
2987881
2987891
2987892
2987893
2987894
2987895
2987896
2987897
2987898
2987899
2987900
2987901
2987902
2987913
2987924
2987925
2987926
2987927
2987928
2987939
2987950
2987951
2987952
2987953
2987954
2987955
2987956
2987957
2987958
2987959
2987960
2987961
2987962
2987963
2987964
2987975
2987976
2987977
2987978
2987980
2987982
2987984
2987986
2987988
2987990
2987992
2987994
2987995
2987996
2987997
2987999
2988000
2988002
2988003
2988004
2988006
2988007
2988009
2988010
2988011
2988012
2988013
2988014
2988016
2988018
2988020
2988031
2988032
2988035
2988038
2988041
2988044
2988047
2988050
2988053
2988056
2988059
2988062
2988065
2988068
2988071
2988074
2988077
2988080
2988081
2988082
2988083
2988084
2988085
2988086
2988087
2988088
2988091
2988092
2988093
2988094
2988095
2988096
2988099
2988102
2988105
2988106
2988116
2988117
2988118
2988139
2988159
2988179
2988180
2988181
2988182
2988183
2988184
2988185
2988186
2988187
2988188
2988208
2988209
2988210
2988211
2988212
2988213
2988214
2988215
2988216
2988217
2988218
2988232
2988245
2988258
2988270
2988282
2988295
2988309
2988310
2988311
2988312
2988313
2988314
2988315
2988316
2988317
2988331
2988351
2988372
2988373
2988374
2988375
2988376
2988377
2988397
2988417
2988438
2988459
2988460
2988461
2988462
2988463
2988464
2988465
2988466
2988467
2988502
2988504
2988505
2988506
2988507
2988509
2988511
2988513
2988514
2988515
2988516
2988518
2988522
2988526
2988528
2988529
2988530
2988532
2988533
2988534
2988536
2988538
2988540
2988541
2988542
2988543
2988545
2988546
2988548
2988552
2988553
2988554
2988555
2988559
2988563
2988567
2988568
2988572
2988576
2988577
2988578
2988579
2988580
2988581
2988582
2988586
2988587
2988591
2988595
2988596
2988597
2988598
2988599
2988600
2988601
2988605
2988606
2988607
2988611
2988612
2988616
2988620
2988624
2988628
2988629
2988660
2988676
2988685
2988686
2988687
2988688
2988689
2988690
2988691
2988692
2988693
2988694
2988695
2988703
2988708
2988709
2988710
2988711
2988716
2988721
2988726
2988727
2988728
2988733
2988738
2988739
2988740
2988741
2988742
2988747
2988752
2988753
2988754
2988755
2988756
2988761
2988766
2988771
2988776
2988781
2988782
2988783
2988784
2988785
2988786
2988787
2988788
2988789
2988790
2988791
2988792
2988797
2988802
2988803
2988808
2988813
2988818
2988819
2988820
2988824
2988828
2988829
2988830
2988831
2988832
2988833
2988834
2988835
2988839
2988840
2988841
2988842
2988846
2988847
2988848
2988852
2988856
2988860
2988861
2988862
2988863
2988864
2988865
2988866
2988867
2988868
2988869
2988873
2988877
2988882
2988887
2988892
2988897
2988905
2988913
2988914
2988922
2988923
2988924
2988925
2988926
2988927
2988928
2989024
2989067
2989068
2989111
2989154
2989197
2989240
2989284
2989323
2989324
2989325
2989326
2989327
2989368
2989413
2989414
2989415
2989416
2989417
2989418
2989419
2989420
2989421
2989422
2989423
2989424
2989425
2989426
2989427
2989428
2989429
2989430
2989431
2989450
2989452
2989454
2989456
2989458
2989460
2989461
2989462
2989463
2989464
2989466
2989468
2989470
2989472
2989474
2989476
2989478
2989480
2989482
2989483
2989484
2989529
2989573
2989617
2989618
2989660
2989702
2989703
2989745
2989789
2989843
2989844
2989845
2989846
2989847
2989848
2989849
2989850
2989851
2989852
2989853
2989858
2989859
2989860
2989861
2989866
2989867
2989868
2989869
2989870
2989871
2989872
2989873
2989878
2989879
2989880
2989881
2989882
2989883
2989884
2989885
2989891
2989897
2989903
2989909
2989915
2989921
2989927
2989933
2989939
2989945
2989951
2989957
2989963
2989964
2989965
2989966
2989972
2989973
2989974
2989975
2989981
2989982
2989983
2989984
2989985
2989986
2989992
2989998
2990004
2990010
2990011
2990027
2990028
2990029
2990030
2990031
2990032
2990033
2990034
2990035
2990036
2990037
2990042
2990043
2990044
2990045
2990048
2990051
2990052
2990053
2990054
2990055
2990056
2990059
2990060
2990062
2990063
2990065
2990067
2990068
2990069
2990070
2990072
2990073
2990075
2990078
2990081
2990084
2990087
2990090
2990091
2990092
2990093
2990094
2990095
2990096
2990099
2990100
2990103
2990106
2990116
2990117
2990118
2990119
2990120
2990121
2990131
2990132
2990133
2990134
2990135
2990136
2990137
2990138
2990139
2990140
2990141
2990142
2990143
2990153
2990154
2990155
2990156
2990157
2990158
2990159
2990160
2990161
2990162
2990163
2990164
2990165
2990166
2990167
2990168
2990177
2990178
2990179
2990180
2990181
2990189
2990190
2990192
2990193
2990195
2990197
2990199
2990201
2990202
2990204
2990206
2990208
2990210
2990212
2990214
2990216
2990218
2990220
2990222
2990224
2990226
2990234
2990242
2990251
2990260
2990269
2990278
2990287
2990296
2990305
2990306
2990315
2990325
2990335
2990336
2990337
2990338
2990339
2990340
2990341
2990342
2990343
2990344
2990354
2990364
2990366
2990368
2990370
2990372
2990373
2990375
2990377
2990379
2990380
2990382
2990384
2990385
2990386
2990387
2990388
2990389
2990391
2990392
2990393
2990403
2990413
2990423
2990433
2990443
2990454
2990465
2990476
2990487
2990498
2990509
2990520
2990531
2990532
2990543
2990544
2990555
2990566
2990567
2990568
2990569
2990570
2990571
2990572
2990573
2990574
2990575
2990576
2990577
2990578
2990579
2990587
2990589
2990590
2990591
2990592
2990593
2990595
2990596
2990597
2990598
2990599
2990601
2990602
2990604
2990605
2990607
2990608
2990609
2990610
2990612
2990614
2990622
2990623
2990624
2990625
2990626
2990627
2990628
2990629
2990630
2990631
2990632
2990633
2990634
2990635
2990636
2990637
2990648
2990659
2990670
2990681
2990682
2990683
2990684
2990695
2990706
2990717
2990718
2990719
2990730
2990741
2990872
2990873
2990874
2990875
2990876
2990877
2990878
2990879
2990880
2990884
2990885
2990886
2990887
2990891
2990895
2990898
2990899
2990902
2990905
2990908
2990909
2990913
2990917
2990918
2990919
2990920
2990921
2990922
2990926
2990934
2990935
2990936
2990939
2990942
2990945
2990948
2990949
2990950
2990951
2990952
2990953
2990954
2990955
2990958
2990961
2990962
2990965
2990966
2990967
2990968
2990969
2990970
2990971
2990978
2990980
2990981
2990983
2990985
2990987
2990989
2990991
2990993
2990995
2990997
2990998
2990999
2991001
2991008
2991010
2991011
2991012
2991013
2991015
2991016
2991018
2991020
2991022
2991024
2991025
2991027
2991029
2991031
2991052
2991053
2991055
2991057
2991058
2991060
2991062
2991064
2991065
2991067
2991069
2991070
2991071
2991073
2991074
2991076
2991077
2991079
2991081
2991082
2991084
2991086
2991088
2991089
2991105
2991121
2991123
2991125
2991127
2991129
2991131
2991132
2991134
2991136
2991138
2991139
2991140
2991142
2991143
2991145
2991147
2991148
2991149
2991151
2991153
2991155
2991156
2991158
2991159
2991160
2991162
2991164
2991165
2991167
2991169
2991171
2991187
2991188
2991189
2991190
2991191
2991192
2991193
2991194
2991195
2991196
2991197
2991198
2991199
2991200
2991216
2991217
2991232
2991248
2991263
2991264
2991265
2991266
2991267
2991268
2991269
2991270
2991271
2991272
2991273
2991288
2991303
2991304
2991319
2991320
2991334
2991335
2991349
2991364
2991379
2991394
2991409
2991741
2991743
2991745
2991747
2991748
2991749
2991751
2991753
2991755
2991756
2991758
2991760
2991762
2991764
2991766
2991768
2991770
2991772
2991773
2991775
2991777
2991779
2991781
2991783
2991784
2991785
2991787
2991894
2991895
2991896
2991897
2991898
2991899
2991900
2991901
2991902
2991967
2991968
2992033
2992034
2992035
2992100
2992166
2992232
2992298
2992299
2992300
2992342
2992373
2992374
2992405
2992436
2992467
2992530
2992596
2992597
2992598
2992599
2992600
2992601
2992602
2992667
2992792
2992794
2992796
2992798
2992799
2992800
2992802
2992803
2992804
2992806
2992807
2992809
2992810
2992812
2992813
2992815
2992817
2992818
2992819
2992821
2992822
2992824
2992825
2992827
2992828
2992829
2992830
2992832
2992834
2992836
2992838
2992839
2992840
2992842
2992843
2992844
2992846
2992847
2992848
2992849
2992850
2992852
2992854
2992856
2992858
2992860
2992862
2992864
2992865
2992867
2992868
2992870
2992872
2992980
2992981
2992982
2992983
2992984
2992985
2992986
2992987
2992988
2992989
2992990
2992991
2992992
2992993
2992994
2992995
2992996
2992997
2992998
2992999
2993000
2993001
2993002
2993004
2993005
2993097
2993098
2993099
2993100
2993101
2993102
2993103
2993104
2993105
2993106
2993107
2993108
2993109
2993110
2993111
2993112
2993113
2993114
2993115
2993116
2993117
2993118
2993119
2993201
2993279
2993357
2993435
2993512
2993513
2993514
2993515
2993516
2993517
2993518
2993519
2993520
2993594
2993595
2993596
2993597
2993598
2993599
2993600
2993601
2993602
2993603
2993604
2993605
2993606
2993607
2993691
2993692
2993693
2993694
2993695
2993696
2993697
2993698
2993699
2993700
2993701
2993702
2993703
2993704
2993705
2993706
2993707
2993708
2993780
2993781
2993782
2993783
2994029
2994070
2994071
2994072
2994073
2994074
2994116
2994117
2994118
2994122
2994126
2994130
2994134
2994137
2994140
2994141
2994142
2994143
2994146
2994147
2994148
2994149
2994152
2994155
2994158
2994159
2994160
2994161
2994162
2994165
2994166
2994167
2994171
2994175
2994179
2994180
2994181
2994185
2994189
2994193
2994197
2994201
2994205
2994209
2994213
2994214
2994218
2994222
2994226
2994230
2994231
2994232
2994233
2994234
2994235
2994236
2994237
2994241
2994243
2994244
2994245
2994246
2994248
2994250
2994252
2994253
2994255
2994257
2994258
2994259
2994261
2994302
2994303
2994304
2994632
2994634
2994636
2994637
2994639
2994640
2994642
2994644
2994645
2994646
2994647
2994649
2994651
2994653
2994655
2994657
2994658
2994660
2994662
2994664
2994666
2994668
2994669
2994670
2994671
2994672
2994674
2994676
2994677
2994679
2994681
2994683
2994685
2994687
2994708
2994728
2994748
2994768
2994788
2994808
2994809
2994829
2994849
2994850
2994870
2994890
2994911
2994926
2994941
2994956
2994971
2994986
2995002
2995017
2995032
2995033
2995034
2995035
2995051
2995067
2995083
2995099
2995100
2995101
2995102
2995103
2995104
2995120
2995122
2995124
2995125
2995126
2995128
2995130
2995132
2995133
2995134
2995135
2995136
2995137
2995139
2995140
2995142
2995144
2995146
2995147
2995148
2995150
2995152
2995154
2995156
2995158
2995160
2995162
2995164
2995166
2995168
2995183
2995184
2995185
2995200
2995215
2995230
2995231
2995232
2995233
2995252
2995255
2995258
2995261
2995262
2995265
2995268
2995271
2995272
2995273
2995274
2995275
2995276
2995279
2995282
2995285
2995288
2995291
2995295
2995297
2995299
2995301
2995303
2995305
2995307
2995309
2995311
2995313
2995315
2995317
2995319
2995320
2995322
2995327
2995328
2995329
2995330
2995331
2995332
2995333
2995334
2995339
2995344
2995345
2995346
2995347
2995348
2995353
2995358
2995363
2995368
2995373
2995378
2995383
2995384
2995406
2995407
2995408
2995430
2995431
2995432
2995433
2995472
2995473
2995474
2995475
2995476
2995477
2995478
2995479
2995480
2995481
2995482
2995483
2995484
2995485
2995486
2995487
2995488
2995489
2995490
2995511
2995512
2995529
2995530
2995531
2995532
2995533
2995534
2995535
2995536
2995537
2995538
2995539
2995540
2995541
2995542
2995543
2995544
2995545
2995546
2995563
2995564
2995565
2995566
2995567
2995568
2995569
2995570
2995571
2995572
2995589
2995590
2995591
2995592
2995593
2995594
2995651
2995652
2995653
2995660
2995667
2995669
2995670
2995671
2995672
2995674
2995676
2995678
2995680
2995682
2995684
2995686
2995687
2995688
2995689
2995690
2995696
2995702
2995708
2995709
2995710
2995711
2995712
2995713
2995714
2995720
2995726
2995732
2995738
2995744
2995745
2995746
2995752
2995758
2995764
2995770
2995776
2995777
2995778
2995779
2995780
2995781
2995787
2995788
2995789
2995790
2995791
2995792
2995793
2995794
2995795
2995796
2995802
2995804
2995806
2995807
2995809
2995810
2995812
2995813
2995815
2995817
2995819
2995820
2995822
2995823
2995825
2995827
2995829
2995835
2995838
2995839
2995840
2995843
2995844
2995845
2995848
2995849
2995850
2995851
2995854
2995857
2995860
2995863
2995866
2995867
2995868
2995871
2995874
2995877
2995882
2995883
2995884
2995885
2995886
2995887
2995888
2995889
2995894
2995896
2995898
2995900
2995902
2995904
2995905
2995906
2995908
2995910
2995912
2995914
2995916
2995921
2995926
2995927
2995928
2995929
2995930
2995931
2995936
2996066
2996067
2996068
2996069
2996070
2996071
2996072
2996073
2996074
2996075
2996076
2996077
2996078
2996079
2996080
2996081
2996082
2996083
2996084
2996085
2996086
2996087
2996088
2996089
2996174
2996189
2996203
2996217
2996232
2996246
2996247
2996261
2996276
2996277
2996278
2996279
2996280
2996281
2996282
2996283
2996284
2996285
2996286
2996287
2996302
2996304
2996306
2996308
2996309
2996311
2996312
2996314
2996316
2996317
2996318
2996320
2996322
2996324
2996325
2996327
2996329
2996331
2996333
2996347
2996348
2996362
2996363
2996380
2996381
2996382
2996383
2996384
2996385
2996386
2996387
2996388
2996389
2996390
2996391
2996392
2996409
2996410
2996411
2996412
2996413
2996414
2996415
2996416
2996417
2996418
2996419
2996420
2996421
2996422
2996423
2996432
2996441
2996442
2996443
2996452
2996453
2996462
2996471
2996480
2996489
2996498
2996500
2996502
2996504
2996506
2996508
2996509
2996510
2996511
2996512
2996513
2996515
2996517
2996519
2996521
2996522
2996523
2996525
2996527
2996536
2996546
2996556
2996566
2996576
2996586
2996596
2996597
2996598
2996599
2996600
2996601
2996602
2996603
2996604
2996605
2996606
2996607
2996608
2996609
2996610
2996611
2996620
2996621
2996622
2996631
2996632
2996633
2996634
2996635
2996636
2996637
2996638
2996639
2996640
2996641
2996642
2996643
2996644
2996654
2996664
2996665
2996666
2996667
2996668
2996678
2996688
2996689
2996690
2996700
2996710
2996720
2996730
2996740
2996750
2996760
2996772
2996773
2996775
2996777
2996779
2996780
2996781
2996782
2996784
2996785
2996787
2996788
2996790
2996791
2996792
2996793
2996797
2996799
2996800
2996801
2996803
2996805
2996806
2996808
2996810
2996811
2996813
2996815
2996816
2996817
2996819
2996823
2996827
2996831
2996832
2996833
2996837
2996841
2996843
2996844
2996845
2996847
2996849
2996851
2996853
2996855
2996857
2996859
2996861
2996862
2996863
2996864
2996865
2996891
2996893
2996894
2996895
2996897
2996899
2996901
2996902
2996903
2996905
2996907
2996909
2996911
2996913
2996915
2996921
2996922
2996923
2996924
2996925
2996926
2996927
2996933
2996934
2996935
2996936
2996937
2996938
2996939
2996940
2996941
2996942
2996943
2996944
2996951
2996952
2996953
2996954
2996955
2996956
2996957
2996958
2996959
2996960
2996961
2996962
2996969
2996976
2996983
2996990
2996997
2997004
2997005
2997012
2997019
2997021
2997023
2997025
2997027
2997029
2997030
2997032
2997034
2997035
2997037
2997039
2997040
2997042
2997049
2997056
2997062
2997068
2997074
2997081
2997082
2997083
2997090
2997091
2997092
2997098
2997104
2997110
2997111
2997112
2997118
2997124
2997130
2997136
2997142
2997148
2997154
2997160
2997162
2997164
2997166
2997168
2997170
2997172
2997174
2997176
2997178
2997180
2997181
2997183
2997185
2997187
2997189
2997196
2997203
2997204
2997211
2997218
2997219
2997226
2997227
2997228
2997229
2997230
2997231
2997238
2997256
2997257
2997258
2997259
2997260
2997261
2997262
2997263
2997264
2997265
2997266
2997267
2997268
2997269
2997270
2997271
2997272
2997289
2997290
2997306
2997322
2997346
2997347
2997364
2997365
2997366
2997367
2997368
2997385
2997386
2997387
2997403
2997419
2997435
2997451
2997468
2997484
2997501
2997518
2997519
2997520
2997521
2997522
2997550
2997551
2997579
2997580
2997581
2997582
2997583
2997584
2997585
2998295
2998438
2998439
2998440
2998441
2998442
2998443
2998444
2998592
2998697
2998789
2998878
2998966
2998967
2998968
2998969
2998970
2998971
2999072
2999175
2999297
2999298
2999299
2999300
2999301
2999302
2999303
2999439
2999447
2999455
2999456
2999457
2999465
2999473
2999481
2999489
2999490
2999491
2999499
2999507
2999515
2999523
2999524
2999525
2999533
2999534
2999535
2999536
2999544
2999550
2999551
2999552
2999553
2999559
2999565
2999571
2999577
2999578
2999579
2999580
2999581
2999582
2999583
2999589
2999595
2999596
2999597
2999598
2999599
2999600
2999601
2999602
2999603
2999611
2999612
2999613
2999614
2999615
2999616
2999617
2999618
2999619
2999620
2999621
2999622
2999623
2999632
2999636
2999637
2999638
2999639
2999640
2999641
2999642
2999646
2999647
2999648
2999649
2999650
2999651
2999652
2999656
2999660
2999661
2999665
2999666
2999667
2999670
2999672
2999674
2999676
2999677
2999679
2999681
2999683
2999685
2999687
2999688
2999689
2999693
2999694
2999698
2999699
2999709
2999710
2999711
2999712
2999713
2999714
2999715
2999716
2999723
2999724
2999725
2999726
2999727
2999734
2999741
2999748
2999755
2999762
2999769
2999776
2999777
2999778
2999779
2999780
2999787
2999794
2999800
2999806
2999812
2999818
2999819
2999820
2999821
2999822
2999823
2999824
2999830
2999831
2999832
2999833
2999834
2999840
2999846
2999852
2999858
2999864
2999870
2999876
2999882
2999883
2999889
2999895
2999896
2999897
2999898
2999899
2999900
2999901
2999907
2999908
2999914
2999915
2999921
2999922
2999928
2999929
2999930
2999931
2999932
2999933
2999934
2999941
2999946
2999947
2999948
2999949
2999950
2999951
2999952
2999953
2999954
2999959
2999960
2999961
2999962
2999963
2999964
2999965
2999966
2999967
2999968
2999969
2999974
2999979
2999980
2999981
2999982
2999983
2999988
2999993
2999999
3000000
3000001
3000002
3000003
3000004
3000007
3000010
3000013
3000016
3000019
3000022
3000025
3000026
3000027
3000028
3000029
3000030
3000033
3000036
3000039
3000042
3000048
3000054
3000060
3000061
3000062
3000063
3000069
3000075
3000076
3000077
3000078
3000107
3000108
3000109
3000110
3000111
3000112
3000113
3000114
3000115
3000116
3000117
3000146
3000177
3000208
3000239
3000240
3000241
3000242
3000243
3000274
3000305
3000336
3000367
3000398
3000428
3000459
3000906
3001250
3001317
3001318
3001385
3001386
3001387
3001388
3001389
3001390
3001456
3001522
3001585
3001586
3001587
3001588
3001658
3001693
3001728
3001729
3001730
3001731
3001732
3001733
3001763
3001764
3001795
3001830
3001831
3001832
3001833
3001834
3001835
3001836
3001837
3001881
3001882
3001883
3001884
3001886
3001887
3001888
3001890
3001891
3001892
3001893
3001894
3001895
3001897
3001899
3001901
3001903
3001905
3001907
3001909
3001910
3001911
3001912
3001914
3001916
3001917
3001918
3001920
3001922
3001924
3001925
3001926
3001928
3001969
3002009
3002049
3002050
3002090
3002131
3002170
3002171
3002172
3002173
3002212
3002251
3002375
3002376
3002377
3002378
3002379
3002380
3002381
3002382
3002383
3002384
3002385
3002386
3002387
3002388
3002389
3002390
3002575
3002639
3002703
3002704
3002705
3002771
3002773
3002775
3002777
3002779
3002781
3002783
3002785
3002787
3002788
3002789
3002791
3002793
3002795
3002796
3002797
3002798
3002799
3002801
3002802
3002803
3002804
3002806
3002808
3002810
3002812
3002814
3002816
3002817
3002818
3002820
3002822
3002824
3002825
3002827
3002829
3002831
3002833
3002894
3002953
3003010
3003067
3003068
3003069
3003070
3003127
3003186
3003243
3003300
3003301
3003358
3003417
3003477
3003535
3003683
3003831
3003979
3003980
3003981
3003982
3003983
3003984
3003985
3003986
3004138
3004142
3004146
3004150
3004151
3004152
3004153
3004154
3004155
3004156
3004160
3004161
3004162
3004163
3004164
3004168
3004172
3004176
3004180
3004184
3004185
3004186
3004190
3004194
3004198
3004202
3004206
3004207
3004208
3004209
3004210
3004211
3004212
3004213
3004217
3004221
3004225
3004229
3004233
3004234
3004235
3004239
3004240
3004241
3004242
3004243
3004244
3004245
3004246
3004247
3004251
3004255
3004259
3004263
3004267
3004271
3004275
3004279
3004280
3004281
3004282
3004283
3004287
3004288
3004292
3004296
3004297
3004298
3004299
3004300
3004301
3004303
3004305
3004307
3004309
3004311
3004313
3004314
3004315
3004455
3004456
3004457
3004458
3004459
3004460
3004461
3004462
3004463
3004464
3004465
3004466
3004467
3004468
3004469
3004470
3004471
3004665
3004702
3004737
3004772
3004806
3004840
3004874
3004908
3004943
3004944
3004945
3004946
3004947
3004948
3004949
3004983
3005017
3005018
3005055
3005056
3005057
3005058
3005059
3005060
3005061
3005062
3005063
3005064
3005065
3005066
3005067
3005068
3005133
3005134
3005135
3005137
3005139
3005141
3005143
3005145
3005147
3005149
3005151
3005153
3005158
3005161
3005162
3005165
3005168
3005169
3005172
3005175
3005178
3005181
3005182
3005183
3005184
3005187
3005190
3005193
3005196
3005199
3005200
3005206
3005207
3005208
3005209
3005210
3005215
3005220
3005225
3005226
3005231
3005232
3005233
3005234
3005235
3005240
3005241
3005246
3005251
3005256
3005261
3005262
3005263
3005264
3005269
3005274
3005279
3005284
3005286
3005288
3005290
3005292
3005294
3005296
3005297
3005298
3005299
3005301
3005303
3005305
3005307
3005308
3005309
3005310
3005315
3005316
3005321
3005322
3005323
3005324
3005325
3005326
3005327
3005328
3005333
3005334
3005335
3005336
3005337
3005338
3005339
3005340
3005345
3005350
3005351
3005352
3005353
3005354
3005355
3005356
3005360
3005364
3005365
3005366
3005367
3005368
3005369
3005370
3005374
3005378
3005383
3005384
3005385
3005386
3005387
3005388
3005391
3005392
3005393
3005394
3005396
3005397
3005398
3005399
3005400
3005403
3005406
3005407
3005412
3005417
3005422
3005423
3005428
3005509
3005510
3005511
3005512
3005591
3005592
3005593
3005594
3005670
3005746
3005822
3006248
3006251
3006254
3006257
3006258
3006259
3006260
3006261
3006262
3006263
3006266
3006269
3006272
3006275
3006276
3006277
3006280
3006281
3006282
3006285
3006288
3006291
3006295
3006296
3006299
3006302
3006303
3006306
3006309
3006312
3006313
3006314
3006317
3006320
3006323
3006324
3006325
3006327
3006329
3006331
3006333
3006335
3006337
3006339
3006356
3006357
3006358
3006359
3006373
3006386
3006387
3006400
3006413
3006426
3006439
3006452
3006465
3006466
3006467
3006481
3006482
3006483
3006484
3006498
3006499
3006500
3006501
3006502
3006503
3006504
3006505
3006515
3006525
3006535
3006541
3006542
3006543
3006545
3006547
3006549
3006550
3006551
3006553
3006555
3006557
3006559
3006560
3006561
3006563
3006565
3006571
3006577
3006583
3006585
3006587
3006589
3006591
3006592
3006593
3006594
3006595
3006596
3006597
3006598
3006600
3006606
3006612
3006618
3006624
3006625
3006626
3006627
3006632
3006637
3006642
3006647
3006652
3006657
3006662
3006663
3006664
3006665
3006666
3006667
3006668
3006669
3006670
3006671
3006676
3006681
3006682
3006683
3006689
3006691
3006693
3006695
3006697
3006698
3006699
3006700
3006702
3006703
3006704
3006705
3006707
3006708
3006710
3006711
3006712
3006713
3006714
3006716
3006722
3006728
3006734
3006740
3006741
3006747
3006753
3006759
3006765
3006771
3006777
3006778
3006784
3006796
3006824
3006844
3006845
3006846
3006847
3006848
3006849
3006869
3006889
3006909
3006930
3006933
3006936
3006939
3006940
3006943
3006944
3006947
3006950
3006951
3006952
3006955
3006958
3006961
3006962
3006963
3006964
3006967
3006970
3006973
3006976
3006979
3006980
3006983
3006984
3006987
3006990
3006993
3006996
3006999
3007000
3007003
3007006
3007009
3007012
3007013
3007016
3007019
3007022
3007025
3007028
3007029
3007054
3007055
3007056
3007057
3007072
3007074
3007076
3007078
3007080
3007082
3007084
3007086
3007088
3007089
3007090
3007091
3007092
3007093
3007094
3007095
3007096
3007098
3007107
3007112
3007113
3007114
3007115
3007116
3007117
3007118
3007119
3007120
3007121
3007126
3007131
3007136
3007141
3007142
3007143
3007148
3007153
3007154
3007155
3007160
3007161
3007162
3007167
3007172
3007173
3007174
3007175
3007176
3007177
3007178
3007179
3007184
3007185
3007186
3007187
3007188
3007189
3007190
3007191
3007192
3007205
3007206
3007207
3007211
3007215
3007219
3007223
3007224
3007225
3007229
3007233
3007237
3007241
3007243
3007245
3007247
3007249
3007251
3007253
3007255
3007257
3007258
3007259
3007260
3007262
3007264
3007266
3007270
3007271
3007272
3007276
3007277
3007278
3007279
3007280
3007284
3007285
3007286
3007287
3007288
3007292
3007296
3007297
3007298
3007302
3007306
3007310
3007314
3007315
3007316
3007317
3007321
3007326
3007328
3007330
3007332
3007333
3007334
3007335
3007337
3007339
3007341
3007343
3007344
3007345
3007347
3007349
3007351
3007353
3007358
3007363
3007368
3007373
3007375
3007377
3007378
3007379
3007381
3007382
3007383
3007385
3007387
3007388
3007389
3007391
3007402
3007413
3007414
3007415
3007426
3007437
3007438
3007439
3007440
3007441
3007442
3007454
3007455
3007456
3007457
3007458
3007459
3007460
3007461
3007462
3007492
3007493
3007494
3007495
3007496
3007497
3007504
3007507
3007508
3007509
3007510
3007512
3007514
3007515
3007517
3007519
3007521
3007523
3007524
3007525
3007527
3007529
3007531
3007532
3007533
3007535
3007537
3007540
3007546
3007552
3007553
3007554
3007560
3007561
3007567
3007568
3007569
3007570
3007571
3007572
3007573
3007579
3007585
3007591
3007597
3007603
3007609
3007615
3007616
3007617
3007623
3007629
3007630
3007631
3007632
3007633
3007639
3007645
3007650
3007652
3007654
3007656
3007658
3007659
3007660
3007662
3007664
3007665
3007667
3007668
3007669
3007670
3007671
3007672
3007678
3007679
3007680
3007681
3007682
3007683
3007684
3007690
3007691
3007692
3007698
3007699
3007700
3007701
3007702
3007703
3007709
3007715
3007721
3007727
3007733
3007739
3007745
3007751
3007757
3007763
3007769
3007775
3007781
3007787
3007793
3007799
3007805
3007811
3007817
3007870
3007872
3007874
3007876
3007878
3007880
3007882
3007884
3007886
3007888
3007889
3007891
3007893
3007894
3007896
3007898
3007900
3007901
3007902
3007904
3007906
3007908
3007910
3007911
3007912
3007914
3007916
3007918
3007920
3007922
3007923
3007924
3007955
3007956
3007957
3007959
3007961
3007963
3007965
3007967
3007969
3007971
3007972
3007974
3007975
3007977
3007979
3007981
3007983
3007985
3007986
3007987
3007988
3007989
3007990
3007991
3007993
3007995
3008009
3008011
3008013
3008015
3008017
3008019
3008021
3008022
3008023
3008024
3008026
3008029
3008030
3008031
3008032
3008033
3008036
3008039
3008042
3008043
3008044
3008045
3008048
3008051
3008052
3008053
3008065
3008068
3008069
3008072
3008075
3008078
3008079
3008080
3008081
3008082
3008085
3008086
3008087
3008088
3008089
3008090
3008093
3008094
3008095
3008096
3008097
3008098
3008099
3008102
3008103
3008104
3008105
3008106
3008109
3008112
3008115
3008118
3008121
3008122
3008123
3008134
3008135
3008136
3008137
3008138
3008139
3008140
3008141
3008142
3008143
3008154
3008159
3008160
3008165
3008166
3008167
3008172
3008173
3008178
3008179
3008180
3008184
3008185
3008186
3008190
3008194
3008198
3008202
3008206
3008207
3008208
3008209
3008210
3008214
3008218
3008222
3008226
3008230
3008231
3008232
3008233
3008234
3008235
3008236
3008237
3008238
3008242
3008246
3008247
3008248
3008249
3008250
3008254
3008255
3008260
3008265
3008266
3008378
3008379
3008380
3008381
3008382
3008383
3008385
3008386
3008388
3008389
3008390
3008391
3008392
3008393
3008395
3008396
3008397
3008398
3008399
3008400
3008410
3008412
3008413
3008414
3008416
3008418
3008420
3008422
3008424
3008426
3008428
3008430
3008432
3008434
3008436
3008438
3008440
3008450
3008459
3008461
3008462
3008464
3008465
3008467
3008468
3008470
3008472
3008474
3008475
3008476
3008478
3008480
3008481
3008483
3008484
3008485
3008486
3008488
3008490
3008499
3008500
3008509
3008518
3008527
3008528
3008529
3008530
3008531
3008532
3008533
3008542
3008561
3008566
3008571
3008576
3008581
3008582
3008583
3008588
3008593
3008598
3008599
3008604
3008609
3008614
3008619
3008620
3008621
3008626
3008627
3008628
3008629
3008630
3008635
3008637
3008639
3008641
3008643
3008644
3008645
3008646
3008648
3008650
3008652
3008654
3008658
3008659
3008660
3008661
3008662
3008663
3008664
3008665
3008670
3008675
3008677
3008679
3008680
3008681
3008682
3008684
3008686
3008688
3008690
3008692
3008694
3008695
3008696
3008697
3008698
3008703
3008708
3008709
3008710
3008715
3008720
3008725
3008730
3008731
3008736
3008737
3008738
3008797
3008799
3008801
3008802
3008803
3008804
3008806
3008807
3008808
3008809
3008811
3008813
3008815
3008816
3008818
3008819
3008820
3008822
3008824
3008826
3008827
3008829
3008830
3008832
3008834
3008836
3008838
3008839
3008841
3008843
3008845
3008847
3008848
3008850
3008852
3008853
3008854
3008856
3008858
3008860
3008862
3008864
3008866
3008868
3008870
3008929
3008965
3009000
3009035
3009070
3009105
3009106
3009107
3009149
3009150
3009151
3009152
3009153
3009154
3009155
3009156
3009157
3009158
3009159
3009160
3009161
3009162
3009163
3009164
3009165
3009166
3009167
3009168
3009169
3009220
3009222
3009223
3009225
3009227
3009229
3009231
3009233
3009235
3009236
3009237
3009238
3009239
3009241
3009242
3009243
3009244
3009245
3009246
3009248
3009250
3009252
3009254
3009255
3009257
3009258
3009822
3009860
3009892
3009924
3009956
3009957
3009989
3009990
3009991
3009992
3009993
3009994
3009995
3009996
3009997
3009998
3009999
3010000
3010001
3010002
3010033
3010034
3010066
3010098
3010099
3010100
3010101
3010102
3010103
3010104
3010136
3010168
3010224
3010316
3010318
3010319
3010320
3010321
3010322
3010323
3010325
3010327
3010328
3010329
3010330
3010332
3010334
3010336
3010337
3010339
3010341
3010343
3010349
3010354
3010359
3010364
3010369
3010374
3010379
3010384
3010389
3010394
3010399
3010400
3010401
3010406
3010411
3010416
3010421
3010422
3010427
3010429
3010431
3010432
3010433
3010434
3010436
3010438
3010440
3010442
3010443
3010445
3010447
3010449
3010454
3010455
3010456
3010457
3010458
3010469
3010470
3010471
3010474
3010477
3010480
3010483
3010484
3010485
3010486
3010489
3010492
3010495
3010497
3010498
3010499
3010501
3010503
3010504
3010505
3010507
3010508
3010513
3010514
3010515
3010520
3010525
3010526
3010527
3010528
3010529
3010530
3010537
3010539
3010540
3010541
3010542
3010544
3010545
3010546
3010547
3010549
3010551
3010553
3010555
3010557
3010559
3010561
3010563
3010565
3010567
3010574
3010575
3010576
3010577
3010578
3010580
3010582
3010584
3010586
3010588
3010590
3010591
3010593
3010594
3010595
3010596
3010598
3010599
3010601
3010608
3010615
3010622
3010629
3010636
3010643
3010650
3010651
3010652
3010653
3010660
3010667
3010674
3010681
3010688
3010695
3010702
3010709
3010710
3010711
3010712
3010713
3010720
3010721
3010722
3010723
3010724
3010725
3010726
3010733
3010734
3010735
3010736
3010737
3010738
3010739
3010740
3010741
3010742
3010743
3010750
3010751
3010752
3010753
3010754
3010755
3010756
3010763
3010764
3010771
3010772
3010773
3010774
3010775
3010776
3010777
3010780
3010783
3010786
3010787
3010788
3010791
3010792
3010795
3010798
3010799
3010802
3010803
3010804
3010805
3010806
3010807
3010808
3010817
3010869
3010870
3010871
3010872
3010873
3010874
3010875
3010881
3010887
3010889
3010891
3010892
3010893
3010895
3010897
3010899
3010901
3010903
3010905
3010907
3010908
3010913
3010914
3010915
3010916
3010917
3010922
3010923
3010924
3010925
3010926
3010927
3010932
3010937
3010942
3010949
3010955
3010961
3010967
3010968
3010969
3010970
3010971
3010972
3010973
3010979
3010980
3010981
3010982
3010983
3010984
3010989
3010990
3010991
3010992
3010993
3010994
3010995
3010996
3010997
3010998
3010999
3011005
3011011
3011012
3011013
3011019
3011026
3011028
3011030
3011032
3011033
3011035
3011037
3011039
3011041
3011043
3011044
3011045
3011046
3011047
3011048
3011050
3011052
3011180
3011181
3011182
3011299
3011417
3011418
3011504
3011505
3011506
3011507
3011508
3011509
3011510
3011511
3011512
3011513
3011514
3011515
3011516
3011517
3011518
3011519
3011643
3011645
3011647
3011648
3011650
3011652
3011654
3011656
3011658
3011660
3011661
3011663
3011668
3011669
3011670
3011671
3011672
3011677
3011678
3011679
3011680
3011681
3011682
3011683
3011688
3011689
3011695
3011701
3011702
3011703
3011704
3011705
3011706
3011712
3011720
3011721
3011722
3011723
3011724
3011725
3011726
3011727
3011728
3011729
3011730
3011738
3011739
3011748
3011757
3011758
3011759
3011760
3011761
3011762
3011763
3011764
3011765
3011768
3011769
3011770
3011771
3011772
3011773
3011776
3011777
3011778
3011779
3011782
3011785
3011786
3011789
3011792
3011793
3011794
3011795
3011798
3011807
3011816
3011825
3011834
3011835
3011844
3011845
3011846
3011847
3011848
3011849
3011850
3011851
3011852
3011853
3011854
3011863
3011865
3011867
3011869
3011870
3011871
3011873
3011875
3011876
3011878
3011880
3011882
3011883
3011885
3011886
3011888
3011890
3011891
3011893
3011894
3011896
3011898
3011899
3011901
3011903
3011905
3011907
3011909
3011911
3011913
3011921
3011922
3011923
3011924
3011925
3011926
3011927
3011928
3011929
3011937
3011938
3011947
3011956
3011965
3011974
3011985
3011987
3011989
3011990
3011991
3011992
3011994
3011996
3011998
3012000
3012002
3012004
3012006
3012008
3012010
3012012
3012014
3012015
3012017
3012018
3012019
3012020
3012022
3012024
3012026
3012028
3012030
3012032
3012034
3012036
3012038
3012254
3012258
3012262
3012266
3012270
3012274
3012278
3012279
3012283
3012287
3012291
3012292
3012293
3012294
3012295
3012296
3012297
3012301
3012305
3012309
3012311
3012313
3012315
3012317
3012319
3012321
3012323
3012325
3012327
3012329
3012330
3012331
3012333
3012335
3012339
3012340
3012341
3012342
3012343
3012345
3012347
3012349
3012351
3012352
3012353
3012354
3012355
3012357
3012361
3012365
3012366
3012367
3012371
3012375
3012379
3012383
3012387
3012391
3012392
3012396
3012400
3012401
3012402
3012403
3012404
3012405
3012406
3012407
3012408
3012409
3012413
3012417
3012421
3012425
3012429
3012433
3012437
3012441
3012442
3012446
3012447
3012451
3012452
3012453
3012543
3012544
3012545
3012569
3012570
3012571
3012572
3012580
3012581
3012582
3012583
3012584
3012585
3012586
3012587
3012588
3012589
3012590
3012591
3012592
3012593
3012601
3012608
3012615
3012616
3012617
3012618
3012619
3012620
3012627
3012628
3012629
3012630
3012631
3012632
3012633
3012634
3012635
3012636
3012637
3012644
3012651
3012658
3012665
3012666
3012667
3012675
3012676
3012677
3012685
3012686
3012693
3012700
3012701
3012708
3012716
3012717
3012718
3012719
3012720
3012721
3012722
3012723
3012724
3012725
3012726
3012727
3012735
3012743
3012751
3012759
3012760
3012761
3012762
3012763
3012764
3012765
3012773
3012774
3012775
3012776
3012800
3012801
3012802
3012803
3012804
3012805
3012806
3012807
3012808
3012809
3012810
3012811
3012835
3012836
3012837
3012838
3012839
3012840
3012841
3012842
3012843
3012856
3012857
3012858
3012859
3012860
3012861
3012874
3012875
3012876
3012877
3012878
3012879
3012880
3012881
3012882
3012883
3012884
3012885
3012886
3012899
3012900
3012901
3012914
3012927
3012940
3012953
3012966
3012967
3012968
3012981
3012982
3012983
3012998
3013011
3013024
3013037
3013050
3013063
3013064
3013077
3013090
3013091
3013106
3013121
3013122
3013123
3013124
3013139
3013154
3013155
3013156
3013171
3013186
3013201
3013236
3013237
3013257
3013276
3013277
3013278
3013279
3013280
3013281
3013282
3013283
3013302
3013321
3013341
3013342
3013360
3013378
3013379
3013397
3013415
3013433
3013434
3013435
3013436
3013437
3013438
3013439
3013440
3013441
3013459
3013477
3013495
3013513
3013531
3013532
3013550
3013568
3013569
3013588
3013589
3013590
3013591
3013592
3013593
3013594
3013595
3013596
3013597
3013598
3013616
3013635
3013654
3013673
3013694
3013695
3013696
3013697
3013698
3013699
3013700
3013709
3013710
3013711
3013712
3013713
3013714
3013715
3013724
3013725
3013734
3013743
3013752
3013761
3013762
3013763
3013764
3013765
3013766
3013767
3013776
3013777
3013778
3013779
3013780
3013781
3013782
3013783
3013784
3013785
3013786
3013787
3013788
3013797
3013798
3013799
3013800
3013801
3013802
3013803
3013804
3013805
3013814
3013815
3013816
3013817
3013826
3013835
3013844
3013853
3013854
3013855
3013856
3013857
3013858
3013859
3013860
3013861
3013870
3013871
3013872
3013873
3013882
3013891
3013913
3013934
3013955
3013976
3013997
3014017
3014018
3014019
3014020
3014021
3014022
3014023
3014024
3014025
3014026
3014027
3014028
3014049
3014050
3014051
3014052
3014053
3014054
3014055
3014092
3014159
3014160
3014161
3014162
3014163
3014164
3014189
3014190
3014208
3014209
3014210
3014211
3014212
3014213
3014231
3014232
3014233
3014234
3014235
3014253
3014254
3014272
3014273
3014291
3014292
3014311
3014330
3014355
3014356
3014357
3014383
3014384
3014385
3014386
3014387
3014388
3014389
3014390
3014391
3014392
3014393
3014394
3014395
3014421
3014446
3014471
3014472
3014473
3014474
3014475
3014505
3014506
3014507
3014508
3014509
3014510
3014511
3014512
3014513
3014514
3014515
3014516
3014517
3014534
3014535
3014538
3014541
3014542
3014543
3014546
3014549
3014551
3014553
3014555
3014557
3014559
3014561
3014563
3014566
3014569
3014572
3014575
3014578
3014581
3014584
3014587
3014588
3014591
3014594
3014597
3014600
3014603
3014604
3014607
3014610
3014611
3014614
3014617
3014618
3014634
3014650
3014665
3014680
3014695
3014696
3014697
3014698
3014699
3014700
3014701
3014716
3014731
3014747
3014763
3014779
3014795
3014813
3014831
3014849
3014850
3014851
3014869
3014890
3014905
3014906
3014921
3014936
3014952
3014967
3014982
3014998
3015000
3015001
3015002
3015004
3015006
3015008
3015010
3015012
3015013
3015014
3015015
3015017
3015019
3015020
3015021
3015022
3015023
3015024
3015026
3015042
3015045
3015048
3015051
3015054
3015057
3015060
3015063
3015066
3015067
3015068
3015069
3015070
3015073
3015076
3015077
3015078
3015079
3015080
3015081
3015082
3015085
3015086
3015087
3015088
3015089
3015090
3015093
3015096
3015099
3015102
3015103
3015106
3015109
3015112
3015115
3015116
3015117
3015118
3015119
3015120
3015121
3015122
3015123
3015126
3015129
3015145
3015161
3015177
3015191
3015205
3015206
3015220
3015234
3015248
3015249
3015250
3015271
3015272
3015273
3015274
3015293
3015312
3015331
3015350
3015369
3015370
3015371
3015372
3015389
3015406
3015423
3015439
3015455
3015456
3015457
3015458
3015459
3015476
3015477
3015498
3015499
3015500
3015521
3015542
3015563
3015584
3015605
3015626
3015647
3015668
3015669
3015670
3015671
3015672
3015673
3015845
3015846
3015875
3015904
3015905
3015934
3015939
3015944
3015949
3015950
3015951
3015952
3015957
3015962
3015967
3015972
3015973
3015974
3015975
3015976
3015981
3015982
3015983
3015984
3015986
3015987
3015988
3015990
3015991
3015992
3015993
3015994
3015995
3016000
3016004
3016008
3016009
3016010
3016011
3016012
3016013
3016014
3016018
3016019
3016023
3016027
3016028
3016029
3016033
3016034
3016035
3016036
3016037
3016041
3016045
3016046
3016047
3016051
3016052
3016053
3016057
3016089
3016091
3016093
3016094
3016096
3016097
3016099
3016101
3016103
3016105
3016107
3016109
3016111
3016113
3016115
3016117
3016119
3016121
3016122
3016123
3016125
3016127
3016129
3016131
3016133
3016135
3016137
3016139
3016140
3016142
3016152
3016162
3016171
3016181
3016191
3016192
3016193
3016194
3016195
3016196
3016197
3016198
3016199
3016200
3016211
3016212
3016213
3016214
3016215
3016216
3016220
3016221
3016222
3016223
3016224
3016225
3016226
3016230
3016234
3016238
3016239
3016240
3016241
3016242
3016243
3016244
3016248
3016252
3016253
3016254
3016255
3016256
3016257
3016258
3016259
3016260
3016261
3016266
3016270
3016272
3016273
3016275
3016276
3016278
3016279
3016281
3016282
3016283
3016284
3016286
3016290
3016294
3016298
3016302
3016313
3016314
3016315
3016316
3016317
3016318
3016319
3016320
3016321
3016322
3016323
3016324
3016336
3016337
3016339
3016340
3016342
3016344
3016346
3016348
3016349
3016350
3016351
3016352
3016353
3016354
3016356
3016357
3016358
3016359
3016360
3016361
3016362
3016379
3016380
3016381
3016382
3016383
3016384
3016385
3016386
3016387
3016388
3016395
3016402
3016403
3016404
3016405
3016406
3016407
3016414
3016415
3016416
3016417
3016418
3016419
3016426
3016432
3016433
3016434
3016440
3016446
3016450
3016454
3016458
3016459
3016460
3016461
3016462
3016463
3016464
3016465
3016469
3016470
3016474
3016478
3016479
3016483
3016487
3016491
3016495
3016499
3016503
3016504
3016508
3016509
3016510
3016511
3016512
3016516
3016523
3016524
3016525
3016526
3016527
3016528
3016529
3016530
3016531
3016532
3016538
3016542
3016546
3016550
3016554
3016558
3016559
3016560
3016561
3016562
3016563
3016564
3016568
3016569
3016574
3016579
3016580
3016581
3016582
3016583
3016584
3016585
3016586
3016587
3016588
3016593
3016598
3016603
3016608
3016625
3016671
3016672
3016673
3016674
3016686
3016698
3016700
3016701
3016702
3016703
3016704
3016705
3016706
3016707
3016708
3016709
3016710
3016711
3016712
3016714
3016716
3016717
3016719
3016731
3016742
3016743
3016744
3016755
3016766
3016767
3016768
3016779
3016780
3016781
3016782
3016783
3016794
3016795
3016796
3016797
3016798
3016799
3016800
3016801
3016802
3016803
3016804
3016805
3016806
3016807
3016808
3016819
3016820
3016821
3016823
3016825
3016827
3016829
3016831
3016833
3016835
3016837
3016839
3016841
3016843
3016845
3016846
3016847
3016848
3016850
3016852
3016854
3016856
3016858
3016859
3016861
3016872
3016874
3016876
3016878
3016880
3016882
3016884
3016886
3016888
3016890
3016892
3016894
3016896
3016898
3016900
3016902
3016903
3016915
3016927
3016928
3016940
3016941
3016953
3016969
3016983
3016997
3017011
3017025
3017039
3017040
3017041
3017042
3017056
3017070
3017085
3017100
3017112
3017113
3017114
3017115
3017116
3017117
3017118
3017119
3017120
3017121
3017126
3017127
3017129
3017131
3017132
3017133
3017134
3017135
3017137
3017138
3017140
3017141
3017142
3017144
3017146
3017148
3017153
3017154
3017159
3017164
3017165
3017166
3017167
3017172
3017177
3017182
3017183
3017184
3017189
3017190
3017195
3017200
3017201
3017202
3017203
3017204
3017205
3017206
3017207
3017212
3017213
3017214
3017215
3017220
3017221
3017235
3017236
3017237
3017253
3017266
3017267
3017280
3017293
3017296
3017299
3017302
3017303
3017306
3017307
3017310
3017311
3017314
3017317
3017320
3017321
3017322
3017323
3017326
3017327
3017330
3017333
3017336
3017339
3017342
3017345
3017348
3017353
3017354
3017355
3017356
3017357
3017358
3017359
3017360
3017364
3017366
3017367
3017369
3017371
3017372
3017374
3017376
3017377
3017379
3017381
3017382
3017383
3017385
3017387
3017391
3017395
3017399
3017404
3017405
3017406
3017407
3017408
3017409
3017414
3017419
3017424
3017425
3017426
3017459
3017463
3017464
3017468
3017469
3017470
3017471
3017472
3017476
3017480
3017484
3017486
3017488
3017490
3017492
3017494
3017496
3017498
3017500
3017502
3017503
3017504
3017508
3017512
3017516
3017517
3017518
3017519
3017520
3017524
3017528
3017532
3017536
3017537
3017538
3017539
3017543
3017547
3017548
3017549
3017553
3017554
3017555
3017556
3017557
3017558
3017562
3017566
3017570
3017574
3017578
3017582
3017583
3017584
3017588
3017592
3017596
3017600
3017601
3017602
3017603
3017604
3017605
3017609
3017613
3017617
3017618
3017619
3017623
3017627
3017628
3017629
3017633
3017634
3017635
3017636
3017637
3017638
3017642
3017667
3017668
3017669
3017682
3017695
3017697
3017699
3017701
3017703
3017705
3017707
3017709
3017711
3017713
3017715
3017717
3017719
3017720
3017721
3017723
3017725
3017726
3017728
3017730
3017731
3017732
3017745
3017747
3017749
3017751
3017753
3017755
3017757
3017758
3017760
3017762
3017764
3017766
3017768
3017770
3017772
3017774
3017776
3017778
3017780
3017781
3017783
3017785
3017787
3017788
3017802
3017803
3017804
3017805
3017806
3017819
3017832
3017845
3017859
3017860
3017861
3017863
3017864
3017865
3017866
3017867
3017869
3017871
3017872
3017873
3017874
3017875
3017877
3017878
3017880
3017882
3017884
3017886
3017888
3017889
3017890
3017891
3017892
3017893
3017895
3017908
3017921
3017922
3017923
3017924
3017925
3017938
3017956
3017974
3017975
3017993
3017995
3017997
3017999
3018001
3018003
3018005
3018007
3018009
3018010
3018012
3018014
3018015
3018016
3018017
3018018
3018019
3018021
3018023
3018025
3018026
3018028
3018030
3018031
3018033
3018034
3018036
3018038
3018040
3018041
3018107
3018139
3018140
3018141
3018142
3018143
3018144
3018145
3018146
3018147
3018148
3018164
3018165
3018166
3018167
3018168
3018169
3018170
3018171
3018172
3018186
3018200
3018214
3018215
3018216
3018217
3018231
3018245
3018246
3018247
3018248
3018249
3018250
3018251
3018252
3018253
3018254
3018267
3018283
3018299
3018300
3018317
3018319
3018320
3018322
3018324
3018325
3018326
3018328
3018330
3018332
3018334
3018335
3018336
3018338
3018339
3018341
3018342
3018343
3018345
3018347
3018348
3018357
3018359
3018360
3018361
3018362
3018364
3018366
3018368
3018370
3018372
3018374
3018376
3018378
3018380
3018382
3018383
3018384
3018385
3018386
3018387
3018389
3018391
3018393
3018395
3018397
3018399
3018401
3018403
3018405
3018406
3018415
3018416
3018417
3018418
3018419
3018420
3018421
3018422
3018423
3018424
3018425
3018426
3018427
3018428
3018429
3018430
3018438
3018445
3018452
3018459
3018466
3018467
3018468
3018469
3018470
3018471
3018472
3018478
3018479
3018480
3018481
3018487
3018493
3018494
3018495
3018496
3018502
3018507
3018509
3018511
3018513
3018515
3018517
3018519
3018521
3018522
3018524
3018526
3018528
3018530
3018532
3018538
3018543
3018548
3018553
3018558
3018563
3018568
3018573
3018578
3018583
3018588
3018593
3018594
3018599
3018604
3018605
3018610
3018615
3018616
3018617
3018618
3018623
3018624
3018625
3018626
3018631
3018632
3018633
3018638
3018639
3018640
3018641
3018642
3018643
3018644
3018648
3018649
3018650
3018651
3018652
3018653
3018654
3018659
3018660
3018661
3018662
3018663
3018664
3018665
3018666
3018671
3018676
3018695
3018696
3018697
3018698
3018699
3018700
3018701
3018702
3018703
3018704
3018705
3018721
3018736
3018737
3018738
3018739
3018755
3018771
3018787
3018803
3018819
3018835
3018836
3018837
3018838
3018839
3018840
3018841
3018842
3018843
3018844
3018845
3018846
3018854
3018855
3018856
3018857
3018858
3018859
3018860
3018861
3018869
3018877
3018878
3018886
3018894
3018902
3018903
3018904
3018912
3018920
3018923
3018926
3018929
3018932
3018935
3018936
3018937
3018940
3018941
3018942
3018943
3018946
3018947
3018950
3018951
3018954
3018957
3018960
3018963
3018966
3018967
3018968
3018971
3018972
3018975
3018978
3018981
3018984
3018987
3018990
3018993
3018996
3018999
3019002
3019015
3019027
3019039
3019040
3019052
3019064
3019076
3019088
3019101
3019103
3019105
3019107
3019109
3019110
3019111
3019113
3019115
3019117
3019119
3019121
3019123
3019124
3019126
3019128
3019130
3019132
3019134
3019136
3019138
3019150
3019151
3019152
3019153
3019156
3019157
3019158
3019159
3019162
3019163
3019164
3019165
3019168
3019171
3019174
3019177
3019180
3019183
3019186
3019189
3019190
3019193
3019196
3019197
3019198
3019199
3019212
3019217
3019222
3019223
3019228
3019233
3019238
3019243
3019248
3019253
3019258
3019263
3019264
3019265
3019266
3019267
3019268
3019269
3019270
3019275
3019276
3019277
3019278
3019279
3019280
3019281
3019282
3019283
3019284
3019285
3019290
3019291
3019292
3019293
3019294
3019295
3019296
3019302
3019308
3019314
3019320
3019326
3019332
3019338
3019354
3019355
3019356
3019357
3019358
3019359
3019360
3019373
3019374
3019375
3019376
3019377
3019390
3019391
3019392
3019405
3019418
3019431
3019444
3019457
3019458
3019459
3019462
3019465
3019468
3019471
3019474
3019477
3019480
3019483
3019486
3019489
3019492
3019495
3019496
3019497
3019500
3019503
3019506
3019509
3019510
3019511
3019512
3019515
3019518
3019521
3019522
3019525
3019528
3019531
3019532
3019535
3019536
3019537
3019538
3019539
3019552
3019554
3019555
3019557
3019559
3019561
3019563
3019565
3019567
3019569
3019571
3019573
3019575
3019577
3019579
3019581
3019583
3019585
3019587
3019589
3019591
3019593
3019595
3019609
3019610
3019611
3019612
3019613
3019614
3019615
3019616
3019617
3019618
3019619
3019620
3019621
3019622
3019623
3019624
3019639
3019640
3019641
3019642
3019643
3019644
3019645
3019646
3019647
3019648
3019649
3019650
3019651
3019665
3019677
3019678
3019679
3019680
3019692
3019704
3019705
3019706
3019716
3019717
3019718
3019719
3019720
3019721
3019722
3019723
3019724
3019725
3019726
3019727
3019728
3019740
3019741
3019742
3019743
3019744
3019745
3019763
3019765
3019767
3019768
3019769
3019771
3019773
3019775
3019776
3019777
3019778
3019780
3019782
3019784
3019786
3019787
3019788
3019789
3019791
3019793
3019795
3019797
3019799
3019800
3019801
3019802
3019804
3019805
3019806
3019808
3019809
3019811
3019813
3019815
3019816
3019817
3019818
3019838
3019851
3019852
3019853
3019854
3019855
3019868
3019881
3019882
3019895
3019897
3019898
3019900
3019901
3019903
3019904
3019906
3019908
3019909
3019910
3019912
3019914
3019915
3019916
3019917
3019919
3019920
3019921
3019922
3019923
3019925
3019927
3019929
3019930
3019931
3019932
3019934
3019936
3019938
3019940
3019942
3019958
3019975
3019977
3019979
3019981
3019983
3019985
3019986
3019988
3019989
3019991
3019993
3019995
3019996
3019998
3019999
3020001
3020003
3020005
3020007
3020009
3020011
3020013
3020015
3020016
3020033
3020050
3020067
3020215
3020296
3020297
3020378
3020379
3020460
3020461
3020547
3020627
3020705
3020782
3020860
3020861
3020862
3020948
3021033
3021109
3021184
3021185
3021186
3021262
3021343
3021449
3021553
3021554
3021644
3021726
3021727
3021817
3021923
3022028
3022134
3022273
3022373
3022473
3022573
3022695
3022817
3022948
3022949
3022950
3022951
3022952
3022953
3022954
3023079
3023191
3023192
3023304
3023416
3023552
3023687
3023820
3023951
3023952
3024082
3024083
3024214
3024325
3024436
3024548
3024659
3024888
3024934
3024980
3025026
3025072
3025073
3025077
3025081
3025082
3025086
3025090
3025094
3025095
3025096
3025097
3025098
3025099
3025103
3025104
3025105
3025106
3025107
3025108
3025109
3025110
3025111
3025112
3025117
3025119
3025120
3025121
3025122
3025124
3025126
3025128
3025129
3025131
3025133
3025134
3025136
3025141
3025144
3025145
3025148
3025151
3025154
3025155
3025158
3025161
3025164
3025167
3025170
3025171
3025172
3025173
3025176
3025177
3025180
3025183
3025188
3025189
3025190
3025191
3025196
3025199
3025202
3025203
3025204
3025207
3025210
3025213
3025216
3025219
3025220
3025221
3025222
3025223
3025226
3025229
3025231
3025233
3025234
3025235
3025237
3025239
3025241
3025242
3025243
3025248
3025253
3025254
3025255
3025260
3025261
3025266
3025271
3025272
3025277
3025278
3025279
3025280
3025281
3025286
3025287
3025292
3025351
3025404
3025405
3025406
3025407
3025408
3025409
3025410
3025411
3025412
3025413
3025414
3025415
3025416
3025417
3025418
3025419
3025420
3025421
3025478
3025527
3025576
3025625
3025626
3025627
3025628
3025629
3025630
3025631
3025632
3025633
3025634
3025678
3025722
3025766
3025815
3025873
3025894
3025915
3025936
3025939
3025940
3025943
3025946
3025949
3025950
3025951
3025952
3025953
3025954
3025955
3025956
3025957
3025960
3025963
3025964
3025967
3025969
3025971
3025973
3025975
3025977
3025979
3025980
3025981
3025983
3025986
3025987
3025988
3025989
3025990
3025991
3025992
3025993
3025996
3025997
3025998
3025999
3026000
3026001
3026002
3026023
3026024
3026025
3026026
3026027
3026028
3026029
3026030
3026031
3026032
3026051
3026069
3026070
3026088
3026108
3026109
3026110
3026111
3026112
3026113
3026114
3026115
3026116
3026168
3026170
3026171
3026172
3026173
3026174
3026175
3026176
3026177
3026178
3026179
3026180
3026181
3026182
3026183
3026184
3026185
3026186
3026187
3026188
3026189
3026190
3026191
3026192
3026193
3026194
3026195
3026196
3026197
3026198
3026199
3026200
3026201
3026202
3026203
3026409
3026545
3026587
3026588
3026630
3026631
3026674
3026717
3026760
3026803
3026847
3026850
3026851
3026852
3026855
3026858
3026860
3026861
3026862
3026864
3026865
3026866
3026867
3026870
3026871
3026875
3026879
3026880
3026881
3026884
3026887
3026888
3026891
3026892
3026893
3026894
3026895
3026897
3026899
3026901
3026902
3026903
3026904
3026905
3026909
3026910
3026911
3026912
3026913
3026914
3026918
3026922
3026926
3026927
3026931
3026932
3026933
3026934
3026935
3026939
3026940
3026941
3026942
3026943
3026947
3027020
3027076
3027132
3027184
3027185
3027237
3027238
3027290
3027343
3027344
3027345
3027398
3027451
3027504
3027557
3027606
3027653
3027700
3027748
3027796
3027845
3027903
3027960
3027961
3028018
3028073
3028128
3028184
3028185
3029019
3029022
3029025
3029027
3029028
3029029
3029031
3029032
3029033
3029035
3029037
3029039
3029040
3029041
3029044
3029045
3029046
3029047
3029048
3029051
3029052
3029053
3029054
3029055
3029056
3029059
3029062
3029065
3029068
3029071
3029072
3029073
3029076
3029079
3029082
3029083
3029084
3029085
3029086
3029089
3029092
3029093
3029094
3029095
3029096
3029099
3029102
3029104
3029105
3029106
3029108
3029110
3029112
3029113
3029114
3029115
3029116
3029119
3029120
3029123
3029126
3029129
3029132
3029135
3029138
3029141
3029144
3029147
3029148
3029151
3029152
3029155
3029158
3029161
3029164
3029167
3029213
3029244
3029275
3029306
3029337
3029367
3029398
3029429
3029430
3029431
3029432
3029433
3029434
3029435
3029436
3029437
3029438
3029439
3029440
3029441
3029442
3029473
3029474
3029475
3029505
3029506
3029507
3029537
3029567
3029598
3029599
3029600
3029601
3029602
3029603
3029604
3029641
3029677
3029713
3029749
3029786
3029819
3029820
3029847
3029874
3029875
3029903
3029931
3029933
3029934
3029935
3029936
3029938
3029940
3029942
3029944
3029945
3029946
3029948
3029950
3029952
3029954
3029956
3029957
3029958
3029959
3029961
3029963
3029964
3029965
3029966
3029968
3029994
3030019
3030044
3030069
3030094
3030119
3030120
3030146
3030186
3030226
3030266
3030306
3030346
3030418
3030439
3030460
3030481
3030482
3030483
3030484
3030485
3030486
3030487
3030488
3030489
3030490
3030491
3030511
3030531
3030532
3030533
3030534
3030535
3030536
3030556
3030576
3030577
3030578
3030579
3030580
3030581
3030604
3030606
3030608
3030610
3030611
3030612
3030613
3030614
3030615
3030617
3030618
3030619
3030620
3030622
3030624
3030626
3030628
3030630
3030632
3030633
3030635
3030637
3030639
3030664
3030665
3030666
3030667
3030668
3030669
3030673
3030677
3030680
3030683
3030684
3030685
3030686
3030687
3030688
3030691
3030694
3030695
3030696
3030699
3030702
3030705
3030708
3030711
3030712
3030713
3030716
3030719
3030722
3030725
3030726
3030727
3030728
3030729
3030730
3030733
3030736
3030739
3030740
3030743
3030746
3030747
3030748
3030749
3030750
3030753
3030754
3030755
3030756
3030757
3030758
3030759
3030762
3030763
3030764
3030765
3030766
3030768
3030770
3030772
3030774
3030776
3030778
3030780
3030782
3030784
3030788
3030789
3030793
3030794
3030795
3030796
3030797
3030801
3030802
3030803
3030804
3030805
3030809
3030810
3030811
3030812
3030813
3030844
3030845
3030846
3030847
3030848
3030849
3030850
3030851
3030852
3030857
3030858
3030859
3030860
3030861
3030862
3030863
3030867
3030871
3030872
3030876
3030877
3030878
3030879
3030880
3030881
3030882
3030883
3030884
3030888
3030889
3030893
3030894
3030895
3030899
3030903
3030907
3030908
3030909
3030910
3030914
3030918
3030920
3030921
3030922
3030924
3030926
3030927
3030928
3030929
3030930
3030931
3030932
3030936
3030937
3030941
3030942
3030946
3030947
3030948
3030949
3030950
3030951
3030952
3030956
3030960
3030961
3030965
3030969
3030973
3030977
3030981
3030985
3030986
3030987
3030988
3030989
3030990
3030991
3030995
3030999
3031000
3031001
3031002
3031006
3031007
3031011
3031015
3031019
3031023
3031027
3031031
3031035
3031057
3031060
3031063
3031066
3031069
3031072
3031075
3031078
3031081
3031082
3031083
3031084
3031085
3031088
3031091
3031094
3031097
3031100
3031101
3031102
3031103
3031104
3031107
3031108
3031109
3031110
3031111
3031112
3031113
3031114
3031115
3031118
3031119
3031120
3031121
3031122
3031125
3031128
3031131
3031134
3031137
3031158
3031159
3031160
3031161
3031162
3031163
3031164
3031165
3031166
3031167
3031168
3031169
3031189
3031209
3031229
3031249
3031269
3031270
3031271
3031292
3031293
3031294
3031295
3031296
3031297
3031318
3031341
3031361
3031362
3031363
3031383
3031403
3031423
3031443
3031463
3031464
3031480
3031496
3031497
3031511
3031512
3031513
3031514
3031528
3031542
3031556
3031572
3031573
3031574
3031575
3031576
3031577
3031578
3031579
3031580
3031581
3031582
3031583
3031584
3031585
3031586
3031587
3031588
3031589
3031605
3031670
3031672
3031674
3031675
3031676
3031677
3031679
3031681
3031683
3031685
3031687
3031689
3031690
3031691
3031693
3031695
3031696
3031698
3031700
3031702
3031724
3031746
3031767
3031768
3031789
3031790
3031791
3031792
3031793
3031794
3031795
3031796
3031797
3031798
3031799
3031800
3031801
3031820
3031821
3031822
3031823
3031824
3031825
3031826
3031827
3031828
3031829
3031869
3031909
3031910
3031911
3031912
3031950
3031951
3031952
3031953
3031994
3031998
3032002
3032006
3032007
3032011
3032015
3032019
3032020
3032021
3032022
3032023
3032027
3032028
3032032
3032036
3032037
3032041
3032042
3032043
3032047
3032051
3032055
3032059
3032063
3032067
3032071
3032072
3032076
3032079
3032082
3032083
3032086
3032089
3032092
3032095
3032096
3032097
3032098
3032099
3032100
3032101
3032102
3032103
3032106
3032109
3032112
3032115
3032118
3032121
3032124
3032335
3032336
3032337
3032338
3032339
3032340
3032341
3032342
3032343
3032344
3032524
3032525
3032526
3032527
3032528
3032529
3032530
3032531
3032532
3032533
3032704
3032881
3032882
3033165
3033166
3033167
3033168
3033169
3033170
3033171
3033172
3033173
3033174
3033175
3033176
3033184
3033185
3033186
3033187
3033189
3033190
3033191
3033192
3033194
3033195
3033197
3033198
3033199
3033200
3033208
3033214
3033220
3033221
3033227
3033233
3033234
3033235
3033236
3033237
3033238
3033239
3033240
3033241
3033242
3033243
3033244
3033251
3033252
3033253
3033254
3033255
3033256
3033257
3033263
3033269
3033271
3033273
3033275
3033276
3033278
3033280
3033282
3033284
3033285
3033287
3033289
3033291
3033293
3033295
3033297
3033303
3033304
3033310
3033311
3033317
3033323
3033329
3033335
3033341
3033347
3033353
3033359
3033365
3033371
3033372
3033373
3033379
3033380
3033386
3033392
3033398
3033404
3033405
3033406
3033407
3033408
3033409
3033410
3033411
3033412
3033413
3033419
3033425
3033426
3033427
3033428
3033429
3033430
3033431
3033438
3033445
3033452
3033459
3033460
3033461
3033462
3033463
3033464
3033471
3033478
3033485
3033492
3033499
3033506
3033513
3033520
3033521
3033522
3033523
3033524
3033525
3033526
3033527
3033534
3033541
3033548
3033555
3033559
3033563
3033567
3033569
3033571
3033573
3033575
3033577
3033579
3033580
3033581
3033582
3033583
3033587
3033588
3033589
3033593
3033597
3033598
3033599
3033600
3033601
3033602
3033603
3033604
3033608
3033609
3033610
3033611
3033612
3033613
3033630
3033641
3033642
3033643
3033644
3033645
3033646
3033656
3033657
3033658
3033659
3033660
3033661
3033662
3033663
3033664
3033665
3033666
3033667
3033668
3033669
3033680
3033690
3033700
3033701
3033702
3033703
3033704
3033705
3033715
3033716
3033717
3033727
3033728
3033729
3033730
3033731
3033732
3033744
3033756
3033757
3033769
3033781
3033782
3033783
3033784
3033785
3033786
3033798
3033810
3033822
3033834
3033846
3033858
3033859
3033860
3033861
3033862
3033863
3033875
3033876
3033877
3033878
3033879
3033880
3033881
3033893
3033905
3033906
3033907
3033908
3033909
3033921
3033932
3033943
3033944
3033955
3033966
3033977
3033988
3033999
3034010
3034022
3034023
3034024
3034036
3034037
3034038
3034039
3034051
3034069
3034079
3034080
3034081
3034091
3034101
3034111
3034121
3034131
3034141
3034151
3034152
3034153
3034162
3034163
3034164
3034173
3034182
3034191
3034200
3034201
3034202
3034211
3034220
3034229
3034238
3034247
3034248
3034249
3034250
3034259
3034260
3034261
3034262
3034271
3034272
3034281
3034290
3034299
3034308
3034317
3034326
3034335
3034336
3034337
3034338
3034339
3034340
3034341
3034342
3034343
3034344
3034345
3034355
3034356
3034357
3034365
3034368
3034371
3034374
3034377
3034380
3034383
3034385
3034386
3034387
3034388
3034390
3034392
3034394
3034396
3034398
3034399
3034401
3034404
3034407
3034408
3034411
3034414
3034417
3034420
3034421
3034422
3034423
3034426
3034427
3034428
3034429
3034430
3034431
3034432
3034433
3034436
3034439
3034440
3034443
3034451
3034452
3034453
3034461
3034464
3034467
3034468
3034469
3034472
3034473
3034474
3034477
3034480
3034483
3034486
3034489
3034492
3034494
3034496
3034497
3034498
3034499
3034500
3034501
3034503
3034505
3034506
3034507
3034508
3034509
3034510
3034512
3034520
3034521
3034522
3034523
3034524
3034531
3034538
3034540
3034542
3034543
3034544
3034545
3034547
3034549
3034551
3034552
3034554
3034556
3034557
3034558
3034559
3034560
3034562
3034569
3034570
3034571
3034572
3034573
3034574
3034581
3034588
3034595
3034602
3034609
3034610
3034611
3034612
3034613
3034614
3034615
3034616
3034617
3034618
3034619
3034626
3034633
3034640
3034647
3034653
3034654
3034660
3034666
3034667
3034668
3034669
3034670
3034676
3034682
3034688
3034694
3034700
3034701
3034707
3034713
3034719
3034720
3034726
3034727
3034728
3034734
3034735
3034742
3034749
3034750
3034751
3034752
3034753
3034754
3034761
3034763
3034764
3034765
3034767
3034769
3034771
3034773
3034775
3034777
3034779
3034781
3034783
3034785
3034787
3034794
3034801
3034808
3034815
3034822
3034823
3034824
3034825
3034826
3034827
3034828
3034829
3034836
3034843
3034844
3034845
3034846
3034853
3034854
3034855
3034856
3034857
3034858
3034860
3034862
3034864
3034866
3034868
3034869
3034870
3034872
3034874
3034876
3034877
3034879
3034881
3034882
3034883
3034885
3034892
3034902
3034909
3034911
3034913
3034914
3034915
3034916
3034917
3034918
3034920
3034922
3034923
3034924
3034925
3034927
3034929
3034931
3034933
3034935
3034937
3034939
3034941
3034943
3034951
3034952
3034953
3034955
3034957
3034958
3034959
3034960
3034961
3034962
3034964
3034965
3034967
3034969
3034970
3034972
3034973
3034974
3034976
3034984
3034985
3034986
3034987
3034988
3034989
3034990
3034991
3034992
3035000
3035008
3035016
3035024
3035025
3035026
3035027
3035028
3035029
3035030
3035031
3035032
3035033
3035041
3035042
3035043
3035044
3035045
3035046
3035047
3035050
3035053
3035054
3035057
3035058
3035059
3035062
3035063
3035064
3035065
3035066
3035067
3035068
3035071
3035074
3035075
3035076
3035106
3035121
3035136
3035138
3035140
3035142
3035143
3035144
3035145
3035146
3035148
3035149
3035150
3035151
3035152
3035153
3035155
3035156
3035157
3035158
3035159
3035161
3035163
3035165
3035167
3035169
3035170
3035171
3035172
3035174
3035191
3035208
3035225
3035243
3035259
3035262
3035263
3035264
3035265
3035268
3035271
3035274
3035275
3035276
3035279
3035282
3035283
3035286
3035287
3035288
3035289
3035290
3035291
3035294
3035297
3035298
3035299
3035302
3035305
3035306
3035309
3035312
3035315
3035316
3035319
3035322
3035325
3035328
3035329
3035330
3035331
3035334
3035337
3035340
3035341
3035344
3035360
3035361
3035363
3035365
3035367
3035369
3035371
3035373
3035375
3035376
3035378
3035380
3035382
3035384
3035386
3035388
3035389
3035391
3035392
3035393
3035445
3035473
3035474
3035502
3035530
3035559
3035588
3035589
3035590
3035591
3035592
3035593
3035594
3035595
3035596
3035597
3035598
3035599
3035616
3035633
3035634
3035635
3035636
3035637
3035638
3035639
3035640
3035641
3035642
3035643
3035644
3035645
3035646
3035647
3035648
3035649
3035650
3035667
3035684
3035713
3035743
3035744
3035745
3035746
3035747
3035766
3035785
3035804
3035823
3035842
3035861
3035862
3035863
3035886
3035887
3035888
3035911
3035912
3035913
3035914
3035915
3035916
3035917
3035918
3035956
3035958
3035959
3035960
3035961
3035962
3035964
3035966
3035968
3035970
3035972
3035973
3035975
3035977
3035979
3035980
3035982
3035984
3035985
3035986
3035987
3035989
3035991
3035993
3035995
3035997
3035999
3036001
3036035
3036073
3036101
3036129
3036157
3036185
3036215
3036216
3036217
3036249
3036250
3036251
3036252
3036254
3036256
3036258
3036259
3036261
3036262
3036264
3036266
3036268
3036270
3036271
3036273
3036275
3036277
3036278
3036280
3036282
3036284
3036286
3036287
3036288
3036290
3036292
3036294
3036296
3036298
3036300
3036302
3036334
3036335
3036336
3036337
3036338
3036339
3036340
3036341
3036342
3036343
3036344
3036345
3036346
3036347
3036382
3036417
3036418
3036419
3036420
3036421
3036422
3036423
3036424
3036427
3036430
3036433
3036434
3036435
3036436
3036437
3036438
3036439
3036440
3036443
3036445
3036446
3036447
3036448
3036449
3036451
3036453
3036456
3036457
3036458
3036461
3036464
3036467
3036470
3036471
3036474
3036475
3036491
3036506
3036507
3036508
3036509
3036510
3036511
3036512
3036513
3036514
3036515
3036516
3036517
3036518
3036533
3036534
3036535
3036536
3036537
3036551
3036565
3036578
3036579
3036592
3036593
3036594
3036607
3036608
3036609
3036622
3036623
3036636
3036649
3036662
3036675
3036688
3036701
3036718
3036724
3036730
3036731
3036737
3036738
3036739
3036740
3036741
3036742
3036743
3036744
3036750
3036751
3036752
3036753
3036754
3036760
3036766
3036772
3036773
3036774
3036775
3036781
3036785
3036789
3036793
3036797
3036801
3036805
3036808
3036811
3036814
3036815
3036818
3036821
3036822
3036823
3036826
3036827
3036830
3036833
3036836
3036837
3036841
3036842
3036843
3036844
3036845
3036846
3036851
3036852
3036853
3036854
3036859
3036860
3036861
3036862
3036863
3036864
3036865
3036866
3037051
3037062
3037073
3037074
3037075
3037076
3037087
3037088
3037089
3037090
3037091
3037092
3037093
3037104
3037106
3037107
3037108
3037110
3037112
3037113
3037114
3037115
3037117
3037119
3037121
3037123
3037125
3037127
3037128
3037129
3037131
3037133
3037135
3037136
3037137
3037138
3037139
3037140
3037142
3037144
3037146
3037148
3037150
3037152
3037163
3037164
3037165
3037166
3037177
3037179
3037181
3037182
3037184
3037186
3037188
3037190
3037192
3037194
3037196
3037198
3037200
3037201
3037202
3037204
3037206
3037216
3037226
3037236
3037246
3037256
3037266
3037278
3037279
3037280
3037281
3037282
3037283
3037284
3037296
3037308
3037309
3037321
3037333
3037344
3037345
3037346
3037357
3037358
3037369
3037380
3037391
3037392
3037393
3037394
3037395
3037396
3037397
3037398
3037399
3037400
3037401
3037402
3037403
3037404
3037405
3037415
3037425
3037435
3037436
3037437
3037438
3037439
3037449
3037459
3037460
3037470
3037872
3037873
3037874
3037875
3037876
3037877
3037878
3037879
3037880
3037881
3037882
3037883
3037884
3038137
3038138
3038139
3038140
3038141
3038142
3038143
3038407
3038408
3038409
3038410
3038411
3038412
3038413
3038414
3038415
3038416
3038417
3038929
3038931
3038933
3038935
3038937
3038939
3038940
3038942
3038944
3038946
3038948
3038950
3038951
3038952
3038954
3038955
3038957
3038959
3038960
3038962
3038964
3038966
3038968
3038970
3038972
3038974
3038976
3038978
3038980
3038981
3038982
3038984
3038986
3038988
3038990
3038992
3038994
3038995
3038997
3038998
3039000
3039001
3039143
3039148
3039149
3039150
3039151
3039152
3039157
3039162
3039163
3039168
3039169
3039170
3039175
3039176
3039181
3039186
3039187
3039192
3039193
3039194
3039199
3039200
3039201
3039202
3039203
3039204
3039205
3039206
3039211
3039216
3039221
3039226
3039231
3039236
3039241
3039242
3039243
3039244
3039245
3039246
3039247
3039248
3039249
3039250
3039255
3039256
3039257
3039258
3039259
3039264
3039265
3039266
3039267
3039268
3039273
3039278
3039279
3039280
3039281
3039286
3039291
3039296
3039297
3039298
3039299
3039300
3039301
3039302
3039304
3039305
3039306
3039308
3039310
3039312
3039314
3039316
3039318
3039319
3039324
3039325
3039326
3039327
3039328
3039333
3039338
3039339
3039340
3039341
3039342
3039343
3039344
3039345
3039346
3039347
3039348
3039349
3039392
3039393
3039394
3039395
3039396
3039397
3039399
3039400
3039402
3039404
3039406
3039408
3039410
3039412
3039414
3039415
3039416
3039418
3039425
3039432
3039433
3039434
3039435
3039436
3039437
3039438
3039439
3039446
3039447
3039448
3039450
3039451
3039453
3039455
3039457
3039459
3039461
3039463
3039465
3039467
3039469
3039471
3039473
3039480
3039487
3039494
3039501
3039508
3039509
3039510
3039517
3039524
3039531
3039538
3039539
3039540
3039541
3039548
3039549
3039550
3039551
3039552
3039553
3039554
3039555
3039556
3039557
3039564
3039571
3039578
3039585
3039592
3039599
3039606
3039613
3039620
3039627
3039634
3039641
3039642
3039643
3039644
3039645
3039652
3039653
3039654
3039655
3039656
3039657
3039658
3039659
3039666
3039667
3039674
3039675
3039676
3039677
3039678
3039679
3039680
3039720
3039724
3039725
3039726
3039727
3039728
3039729
3039733
3039737
3039741
3039742
3039743
3039744
3039748
3039749
3039753
3039757
3039758
3039762
3039763
3039764
3039765
3039766
3039767
3039768
3039772
3039773
3039774
3039775
3039776
3039777
3039780
3039783
3039786
3039787
3039790
3039791
3039793
3039795
3039797
3039799
3039801
3039803
3039804
3039805
3039807
3039809
3039812
3039815
3039818
3039821
3039824
3039827
3039830
3039833
3039834
3039837
3039840
3039843
3039844
3039845
3039846
3039849
3039852
3039856
3039857
3039858
3039859
3039862
3039863
3039864
3039865
3039868
3039871
3039874
3039875
3039876
3039879
3039880
3039881
3039882
3039885
3039888
3039910
3039911
3039912
3039913
3039914
3039915
3039916
3039917
3039918
3039919
3039923
3039927
3039931
3039932
3039933
3039934
3039935
3039936
3039940
3039944
3039945
3039946
3039947
3039951
3039955
3039959
3039962
3039965
3039966
3039967
3039970
3039973
3039974
3039975
3039976
3039979
3039980
3039981
3039982
3039983
3039984
3039985
3039986
3039987
3039990
3039991
3039994
3039997
3039998
3040001
3040004
3040007
3040010
3040013
3040016
3040019
3040022
3040023
3040026
3040027
3040062
3040063
3040066
3040067
3040070
3040071
3040074
3040075
3040076
3040077
3040078
3040079
3040082
3040085
3040088
3040091
3040094
3040097
3040100
3040101
3040102
3040105
3040108
3040111
3040114
3040117
3040120
3040123
3040126
3040129
3040132
3040133
3040136
3040137
3040140
3040143
3040146
3040149
3040152
3040155
3040156
3040157
3040158
3040159
3040160
3040161
3040208
3040224
3040240
3040241
3040257
3040258
3040259
3040275
3040291
3040307
3040308
3040324
3040340
3040356
3040372
3040373
3040374
3040375
3040376
3040377
3040393
3040398
3040403
3040408
3040413
3040418
3040423
3040428
3040433
3040438
3040443
3040448
3040449
3040450
3040451
3040456
3040461
3040462
3040463
3040468
3040473
3040478
3040479
3040480
3040481
3040482
3040483
3040484
3040485
3040486
3040487
3040492
3040495
3040498
3040501
3040504
3040505
3040506
3040507
3040508
3040509
3040512
3040514
3040515
3040517
3040519
3040521
3040523
3040525
3040527
3040529
3040531
3040536
3040537
3040538
3040539
3040540
3040541
3040542
3040543
3040544
3040549
3040554
3040559
3040564
3040569
3040574
3040579
3040580
3040581
3040582
3040583
3040584
3040585
3040601
3040612
3040623
3040634
3040645
3040646
3040647
3040648
3040650
3040652
3040654
3040656
3040657
3040658
3040659
3040661
3040663
3040665
3040667
3040669
3040671
3040673
3040675
3040676
3040687
3040698
3040699
3040710
3040711
3040712
3040713
3040723
3040724
3040725
3040736
3040747
3040758
3040769
3040780
3040791
3040802
3040813
3040824
3040835
3040846
3040857
3040868
3040869
3040880
3040881
3040882
3040893
3040894
3040895
3040906
3040917
3040928
3040929
3040940
3040952
3040953
3040955
3040956
3040958
3040960
3040962
3040964
3040966
3040968
3040970
3040972
3040973
3040976
3040977
3040978
3040979
3040980
3040981
3040983
3040985
3040987
3040988
3040989
3040990
3040991
3040994
3040997
3040998
3040999
3041000
3041003
3041006
3041007
3041008
3041011
3041012
3041013
3041014
3041015
3041018
3041038
3041045
3041052
3041053
3041060
3041067
3041074
3041081
3041088
3041089
3041090
3041091
3041092
3041093
3041094
3041095
3041096
3041103
3041109
3041115
3041121
3041127
3041133
3041139
3041145
3041151
3041157
3041163
3041167
3041168
3041169
3041173
3041174
3041175
3041176
3041180
3041181
3041182
3041183
3041184
3041185
3041189
3041193
3041197
3041201
3041205
3041209
3041213
3041214
3041215
3041216
3041217
3041218
3041222
3041223
3041224
3041225
3041226
3041227
3041231
3041235
3041239
3041243
3041247
3041251
3041252
3041253
3041254
3041255
3041256
3041257
3041258
3041259
3041263
3041267
3041268
3041269
3041270
3041271
3041272
3041273
3041276
3041277
3041280
3041281
3041282
3041283
3041284
3041285
3041286
3041287
3041288
3041292
3041293
3041296
3041299
3041302
3041305
3041308
3041309
3041312
3041315
3041318
3041321
3041322
3041325
3041326
3041329
3041332
3041333
3041336
3041339
3041342
3041345
3041348
3041360
3041361
3041362
3041363
3041368
3041369
3041370
3041371
3041376
3041381
3041386
3041391
3041392
3041393
3041394
3041399
3041400
3041405
3041406
3041411
3041416
3041417
3041418
3041419
3041420
3041423
3041424
3041427
3041430
3041433
3041434
3041435
3041436
3041437
3041438
3041441
3041444
3041445
3041446
3041447
3041448
3041449
3041450
3041451
3041454
3041459
3041460
3041461
3041505
3041506
3041507
3041508
3041509
3041544
3041545
3041546
3041547
3041548
3041549
3041550
3041551
3041552
3041553
3041554
3041555
3041556
3041557
3041592
3041593
3041594
3041595
3041596
3041597
3041598
3041599
3041600
3041601
3041602
3041603
3041604
3041605
3041606
3041607
3041608
3041609
3041610
3041611
3041650
3041651
3041652
3041654
3041655
3041657
3041658
3041659
3041661
3041663
3041664
3041665
3041667
3041668
3041669
3041671
3041673
3041675
3041677
3041678
3041679
3041680
3041682
3041684
3041686
3041688
3041724
3041760
3041761
3041762
3041798
3041799
3041800
3041836
3041838
3041840
3041841
3041842
3041844
3041845
3041846
3041847
3041848
3041849
3041851
3041853
3041854
3041855
3041857
3041860
3041863
3041864
3041865
3041866
3041867
3041868
3041871
3041874
3041877
3041880
3041883
3041886
3041889
3041890
3041891
3041892
3041895
3041898
3041901
3041904
3041908
3041909
3041910
3041911
3041912
3041913
3041914
3041915
3041919
3041923
3041924
3041925
3041926
3041957
3042259
3042330
3042331
3042332
3042333
3042334
3042335
3042410
3042411
3042412
3042413
3042414
3042415
3042416
3042417
3042418
3042419
3042420
3042421
3042489
3042490
3042558
3042559
3042560
3042561
3042562
3042629
3042699
3042766
3042833
3042834
3042914
3042915
3042995
3042996
3043087
3043088
3043089
3043090
3043091
3043164
3043165
3043166
3043167
3043168
3043242
3043316
3043317
3043386
3043388
3043390
3043392
3043394
3043396
3043398
3043400
3043402
3043403
3043405
3043407
3043409
3043411
3043412
3043413
3043415
3043416
3043418
3043420
3043421
3043423
3043425
3043427
3043429
3043430
3043431
3043433
3043435
3043437
3043438
3043527
3043616
3043705
3043795
3043797
3043799
3043801
3043803
3043805
3043807
3043809
3043811
3043813
3043815
3043817
3043819
3043821
3043822
3043824
3043826
3043828
3043830
3043832
3043834
3043836
3043838
3043840
3043842
3043844
3043846
3043848
3043850
3043852
3043854
3043855
3043856
3043858
3043860
3043862
3043864
3043866
3043868
3043870
3043872
3043874
3043876
3043878
3043880
3043882
3043884
3043886
3043887
3043889
3044341
3044342
3044343
3044344
3044345
3044346
3044347
3044348
3044349
3044350
3044351
3044352
3044353
3044354
3044355
3044356
3044357
3044358
3044359
3044360
3044361
3044362
3044658
3044765
3044872
3044933
3044995
3044996
3044997
3044998
3044999
3045000
3045001
3045002
3045003
3045004
3045005
3045006
3045007
3045008
3045009
3045067
3045124
3045125
3045126
3045127
3045128
3045129
3045130
3045131
3045132
3045133
3045134
3045135
3045193
3045250
3045251
3045252
3045253
3045311
3045312
3045313
3045371
3045515
3045516
3045517
3045518
3045519
3045545
3045571
3045572
3045598
3045629
3045661
3045663
3045665
3045667
3045669
3045671
3045673
3045674
3045675
3045677
3045678
3045679
3045681
3045683
3045685
3045687
3045688
3045689
3045690
3045691
3045693
3045694
3045695
3045696
3045698
3045700
3045702
3045704
3045706
3045708
3045709
3045710
3045712
3045714
3045716
3045737
3045738
3045739
3045740
3045741
3045742
3045744
3045746
3045748
3045750
3045752
3045753
3045754
3045755
3045757
3045759
3045761
3045763
3045765
3045766
3045767
3045768
3045769
3045771
3045773
3045775
3045776
3045777
3045778
3045779
3045780
3045781
3045783
3045784
3045814
3045815
3045816
3045817
3045818
3045819
3045820
3045821
3045822
3045823
3045824
3045825
3045826
3045827
3045876
3045877
3045878
3045879
3045880
3045881
3045882
3045883
3045884
3045885
3045886
3045887
3045888
3045889
3045890
3045891
3045892
3045934
3045975
3046016
3046057
3046097
3046138
3046179
3046221
3046222
3046223
3046224
3046225
3046226
3046227
3046228
3046229
3046230
3046231
3046365
3046366
3046417
3046418
3046419
3046420
3046471
3046521
3046522
3046523
3046524
3046525
3046576
3046577
3046578
3046579
3046580
3046585
3046586
3046587
3046588
3046589
3046590
3046595
3046600
3046601
3046605
3046606
3046607
3046611
3046615
3046616
3046617
3046621
3046622
3046623
3046624
3046625
3046626
3046629
3046630
3046633
3046636
3046639
3046640
3046641
3046642
3046643
3046644
3046647
3046650
3046651
3046654
3046657
3046660
3046661
3046665
3046669
3046673
3046677
3046680
3046683
3046686
3046689
3046690
3046693
3046696
3046697
3046698
3046699
3046700
3046701
3046702
3046705
3046706
3046707
3046710
3046711
3046716
3046721
3046726
3046731
3046736
3046741
3046746
3046751
3046756
3046761
3046786
3046792
3046798
3046804
3046810
3046816
3046822
3046823
3046829
3046835
3046841
3046847
3046848
3046849
3046850
3046851
3046856
3046857
3046858
3046859
3046860
3046861
3046862
3046863
3046868
3046869
3046870
3046871
3046872
3046873
3046874
3046879
3046880
3046881
3046882
3046883
3046888
3046889
3046890
3046891
3046892
3046893
3046894
3046895
3046900
3046905
3046910
3046915
3046920
3046925
3046930
3046935
3046940
3046945
3046946
3046947
3046948
3046953
3046958
3046959
3046960
3046961
3046962
3046963
3046964
3046969
3046970
3046971
3046972
3046973
3046974
3046975
3046976
3046977
3046978
3046979
3046980
3047141
3047142
3047143
3047144
3047226
3047227
3047228
3047229
3047312
3047313
3047314
3047315
3047316
3047317
3047318
3047319
3047320
3047409
3047411
3047413
3047415
3047416
3047418
3047420
3047422
3047424
3047426
3047427
3047428
3047430
3047432
3047434
3047435
3047436
3047438
3047439
3047441
3047442
3047444
3047458
3047472
3047482
3047492
3047493
3047503
3047504
3047514
3047524
3047534
3047544
3047545
3047546
3047556
3047566
3047576
3047586
3047596
3047606
3047616
3047617
3047619
3047621
3047623
3047624
3047626
3047628
3047630
3047632
3047634
3047636
3047637
3047638
3047640
3047642
3047644
3047646
3047648
3047649
3047651
3047665
3047678
3047691
3047704
3047717
3047730
3047743
3047756
3047769
3047770
3047772
3047774
3047776
3047778
3047780
3047782
3047784
3047786
3047788
3047790
3047792
3047794
3047795
3047796
3047797
3047798
3047799
3047800
3047802
3047803
3047819
3047835
3047851
3047867
3047868
3047869
3047870
3047871
3047872
3047873
3047874
3047875
3047876
3047877
3047878
3047879
3047880
3047881
3047882
3047883
3047898
3047914
3047917
3047918
3047921
3047924
3047925
3047926
3047929
3047932
3047933
3047936
3047939
3047940
3047943
3047944
3047947
3047950
3047953
3047956
3047959
3047962
3047965
3047966
3047969
3047972
3047973
3047976
3047979
3047982
3047985
3047986
3047987
3047988
3047989
3047992
3047995
3047996
3047997
3047998
3047999
3048000
3048001
3048004
3048007
3048010
3048013
3048047
3048048
3048049
3048050
3048051
3048052
3048053
3048054
3048055
3048056
3048063
3048064
3048066
3048068
3048070
3048072
3048074
3048076
3048078
3048079
3048081
3048083
3048085
3048087
3048088
3048095
3048096
3048097
3048098
3048099
3048106
3048112
3048118
3048125
3048126
3048127
3048128
3048129
3048130
3048131
3048132
3048139
3048140
3048142
3048144
3048146
3048148
3048150
3048151
3048153
3048155
3048156
3048157
3048159
3048161
3048162
3048169
3048171
3048173
3048174
3048176
3048178
3048180
3048182
3048183
3048185
3048187
3048189
3048190
3048192
3048194
3048195
3048196
3048197
3048198
3048199
3048201
3048203
3048210
3048217
3048224
3048225
3048226
3048233
3048240
3048241
3048248
3048255
3048256
3048257
3048258
3048259
3048260
3048261
3048262
3048269
3048275
3048276
3048277
3048283
3048289
3048290
3048291
3048292
3048293
3048294
3048295
3048296
3048297
3048301
3048302
3048303
3048304
3048305
3048306
3048307
3048308
3048309
3048313
3048318
3048323
3048324
3048325
3048326
3048327
3048332
3048333
3048334
3048335
3048342
3048343
3048344
3048345
3048346
3048347
3048348
3048349
3048356
3048375
3048376
3048377
3048378
3048379
3048392
3048404
3048417
3048430
3048443
3048444
3048445
3048446
3048447
3048448
3048449
3048450
3048451
3048452
3048453
3048454
3048455
3048456
3048457
3048458
3048459
3048460
3048472
3048473
3048474
3048475
3048476
3048477
3048478
3048479
3048480
3048481
3048482
3048483
3048484
3048485
3048486
3048487
3048500
3048513
3048526
3048527
3048540
3048553
3048566
3048567
3048580
3048592
3048604
3048617
3048630
3048643
3048644
3048645
3048646
3048647
3048648
3048649
3048650
3048651
3048652
3048653
3048654
3048662
3048670
3048678
3048682
3048686
3048690
3048691
3048695
3048699
3048700
3048701
3048702
3048703
3048707
3048711
3048715
3048716
3048717
3048718
3048719
3048720
3048721
3048725
3048729
3048733
3048737
3048738
3048742
3048746
3048747
3048748
3048752
3048756
3048760
3048768
3048769
3048770
3048771
3048772
3048773
3048781
3048789
3048790
3048791
3048799
3048800
3048801
3048832
3048833
3048834
3048837
3048838
3048839
3048842
3048843
3048844
3048845
3048846
3048847
3048848
3048849
3048853
3048854
3048855
3048856
3048857
3048858
3048859
3048860
3048861
3048864
3048867
3048870
3048873
3048876
3048879
3048882
3048885
3048888
3048892
3048896
3048900
3048901
3048902
3048903
3048904
3048905
3048906
3048910
3048911
3048912
3048913
3048914
3048915
3048916
3048917
3048918
3049012
3049014
3049015
3049016
3049017
3049019
3049020
3049021
3049022
3049023
3049024
3049026
3049027
3049029
3049030
3049032
3049033
3049034
3049036
3049042
3049048
3049049
3049050
3049056
3049057
3049058
3049064
3049070
3049076
3049077
3049079
3049080
3049082
3049083
3049084
3049086
3049088
3049090
3049091
3049092
3049094
3049096
3049098
3049100
3049102
3049103
3049104
3049111
3049112
3049113
3049114
3049115
3049116
3049117
3049118
3049119
3049120
3049121
3049122
3049129
3049135
3049136
3049137
3049138
3049139
3049140
3049141
3049142
3049143
3049144
3049145
3049146
3049147
3049168
3049171
3049174
3049177
3049180
3049183
3049186
3049189
3049192
3049195
3049196
3049197
3049198
3049199
3049200
3049203
3049204
3049205
3049208
3049211
3049214
3049215
3049216
3049217
3049218
3049219
3049222
3049225
3049226
3049227
3049228
3049229
3049232
3049235
3049238
3049241
3049242
3049243
3049244
3049245
3049248
3049251
3049254
3049255
3049256
3049257
3049258
3049259
3049262
3049283
3049303
3049304
3049305
3049306
3049307
3049308
3049328
3049348
3049349
3049369
3049370
3049371
3049372
3049373
3049374
3049394
3050027
3050029
3050031
3050032
3050033
3050035
3050036
3050037
3050039
3050041
3050043
3050045
3050046
3050047
3050049
3050051
3050053
3050055
3050057
3050059
3050061
3050063
3050065
3050067
3050069
3050070
3050148
3050149
3050150
3050151
3050366
3050552
3050741
3050742
3050743
3050744
3050892
3051075
3051076
3051077
3051078
3051079
3051080
3051081
3051266
3051267
3051268
3051577
3051581
3051585
3051586
3051590
3051594
3051595
3051596
3051597
3051598
3051599
3051600
3051604
3051608
3051611
3051614
3051617
3051620
3051623
3051626
3051629
3051632
3051635
3051639
3051640
3051641
3051642
3051643
3051644
3051645
3051646
3051649
3051652
3051655
3051658
3051661
3051664
3051667
3051670
3051674
3051675
3051676
3051677
3051678
3051679
3051680
3051681
3051682
3051685
3051686
3051687
3051688
3051691
3051694
3051697
3051700
3051703
3051706
3051709
3051710
3051713
3051714
3051718
3051722
3051726
3051730
3051734
3051736
3051738
3051740
3051742
3051744
3051746
3051748
3051750
3051752
3051754
3051756
3051758
3051760
3051764
3051768
3051772
3051776
3051780
3051784
3051785
3051789
3051793
3051797
3051798
3051799
3051800
3051801
3051802
3051806
3051807
3051808
3051809
3051810
3051814
3051818
3051819
3051820
3051821
3051822
3051823
3051827
3051831
3051835
3051839
3051843
3051844
3051845
3051846
3051847
3051851
3052130
3052313
3052314
3052493
3052494
3052671
3052845
3052846
3053014
3053233
3053234
3053235
3053236
3053456
3053729
3053952
3054173
3054488
3054489
3054491
3054493
3054494
3054495
3054496
3054498
3054499
3054500
3054502
3054504
3054506
3054507
3054508
3054510
3054512
3054514
3054516
3054518
3054520
3054521
3054522
3054523
3054524
3054526
3054528
3054530
3054532
3054533
3054534
3054535
3054537
3054539
3054540
3054541
3054542
3054543
3054545
3054547
3054549
3054550
3054551
3054553
3054555
3054557
3054559
3054561
3054563
3055136
3055138
3055140
3055141
3055142
3055143
3055145
3055147
3055148
3055150
3055152
3055155
3055156
3055157
3055158
3055159
3055162
3055164
3055166
3055167
3055168
3055170
3055172
3055174
3055177
3055180
3055181
3055182
3055185
3055188
3055191
3055192
3055193
3055194
3055197
3055200
3055203
3055206
3055209
3055212
3055215
3055218
3055221
3055224
3055227
3055228
3055229
3055230
3055231
3055232
3055233
3055234
3055237
3055238
3055241
3055242
3055245
3055274
3055275
3055276
3055277
3055278
3055279
3055280
3055307
3055308
3055335
3055336
3055364
3055380
3055396
3055397
3055398
3055399
3055400
3055401
3055417
3055418
3055419
3055435
3055439
3055443
3055447
3055451
3055455
3055459
3055463
3055464
3055465
3055466
3055467
3055471
3055472
3055473
3055474
3055475
3055479
3055480
3055481
3055482
3055483
3055487
3055491
3055495
3055499
3055502
3055503
3055506
3055509
3055512
3055515
3055518
3055521
3055524
3055527
3055530
3055533
3055536
3055539
3055542
3055543
3055544
3055545
3055546
3055572
3055598
3055623
3055624
3055625
3055626
3055627
3055628
3055653
3055654
3055679
3055680
3055705
3055730
3055755
3055756
3055757
3055782
3055783
3055784
3055808
3055809
3056029
3056087
3056143
3056199
3056200
3056201
3056256
3056313
3056367
3056368
3056369
3056370
3056371
3056372
3056373
3056374
3056423
3056495
3056496
3056497
3056498
3056499
3056500
3056501
3056563
3056630
3056632
3056634
3056635
3056637
3056639
3056641
3056643
3056645
3056647
3056649
3056651
3056653
3056655
3056657
3056659
3056660
3056661
3056662
3056664
3056665
3056667
3056669
3056671
3056673
3056674
3056675
3056677
3056679
3056680
3056681
3056683
3056685
3056686
3056688
3056689
3056691
3056692
3056693
3056694
3056695
3056763
3056798
3056799
3056800
3056835
3056870
3056871
3056872
3056873
3056874
3056875
3056876
3056877
3056913
3056950
3056952
3056954
3056956
3056958
3056960
3056962
3056963
3056965
3056967
3056968
3056970
3056972
3056974
3056976
3056978
3056980
3056982
3056984
3056985
3056987
3056989
3056991
3056993
3056995
3056996
3056998
3056999
3057001
3057003
3057004
3057005
3057006
3057041
3057073
3057104
3057105
3057137
3057169
3057170
3057202
3057203
3057204
3057234
3057264
3057265
3057295
3057325
3057355
3057386
3057418
3057450
3057482
3057518
3057519
3057520
3057555
3057556
3057557
3057590
3057591
3057592
3057627
3057659
3057660
3057692
3057724
3057756
3057855
3057859
3057860
3057864
3057868
3057872
3057873
3057874
3057875
3057876
3057877
3057878
3057879
3057880
3057881
3057885
3057886
3057887
3057888
3057889
3057893
3057894
3057898
3057899
3057903
3057904
3057905
3057906
3057907
3057908
3057909
3057910
3057911
3057915
3057919
3057920
3057921
3057932
3057934
3057935
3057936
3057938
3057940
3057942
3057944
3057946
3057948
3057950
3057951
3057952
3057954
3057956
3057958
3057960
3057962
3057964
3057966
3057977
3057978
3057989
3058002
3058003
3058004
3058005
3058006
3058007
3058008
3058009
3058010
3058011
3058012
3058013
3058014
3058015
3058016
3058029
3058030
3058031
3058032
3058047
3058053
3058054
3058055
3058061
3058067
3058073
3058078
3058083
3058088
3058093
3058098
3058103
3058104
3058105
3058106
3058107
3058108
3058109
3058115
3058116
3058117
3058123
3058129
3058135
3058141
3058147
3058153
3058159
3058164
3058165
3058166
3058167
3058168
3058169
3058170
3058171
3058172
3058173
3058174
3058179
3058184
3058189
3058195
3058196
3058197
3058198
3058199
3058200
3058201
3058202
3058203
3058208
3058209
3058214
3058215
3058216
3058217
3058223
3058224
3058225
3058226
3058227
3058233
3058238
3058239
3058240
3058241
3058246
3058251
3058252
3058253
3058254
3058255
3058256
3058257
3058258
3058259
3058260
3058261
3058266
3058268
3058270
3058272
3058274
3058276
3058277
3058278
3058280
3058282
3058284
3058286
3058288
3058535
3058697
3058698
3058699
3058700
3058701
3058702
3058703
3058704
3058705
3058706
3058871
3058872
3058873
3058874
3058875
3058876
3059009
3059010
3059011
3059012
3059013
3059014
3059015
3059016
3059172
3059243
3059314
3059365
3059366
3059367
3059368
3059369
3059370
3059371
3059372
3059373
3059374
3059375
3059376
3059377
3059378
3059379
3059380
3059381
3059382
3059433
3059434
3059485
3059486
3059487
3059488
3059489
3059490
3059491
3059492
3059537
3059538
3059539
3059540
3059541
3059542
3059543
3059587
3059588
3059589
3059590
3059591
3059592
3059593
3059594
3059725
3062445
3062454
3062456
3062458
3062459
3062461
3062462
3062463
3062464
3062466
3062468
3062470
3062472
3062473
3062475
3062483
3062484
3062485
3062486
3062487
3062488
3062489
3062490
3062491
3062492
3062493
3062501
3062502
3062503
3062504
3062505
3062506
3062507
3062508
3062509
3062510
3062511
3062520
3062529
3062538
3062539
3062540
3062541
3062542
3062543
3062544
3062545
3062546
3062547
3062548
3062557
3062566
3062575
3062576
3062585
3062592
3062599
3062606
3062613
3062620
3062621
3062628
3062635
3062636
3062637
3062644
3062645
3062652
3062659
3062666
3062673
3062674
3062681
3062688
3062689
3062690
3062691
3062692
3062699
3062706
3062713
3062720
3062727
3062734
3062741
3062748
3062755
3062762
3062769
3062776
3062783
3062784
3062785
3062786
3062793
3062800
3062807
3062814
3062821
3062828
3062835
3062842
3062849
3062856
3062863
3062864
3062865
3062866
3062867
3062868
3062869
3062870
3062877
3062884
3062885
3062886
3062887
3062888
3062895
3062896
3062897
3062898
3062899
3062900
3062901
3062902
3062903
3062910
3062911
3062918
3062925
3062926
3062933
3062940
3062941
3062948
3062949
3062958
3062967
3062976
3062985
3062994
3063003
3063012
3063013
3063021
3063022
3063023
3063024
3063025
3063026
3063136
3063137
3063138
3063139
3063140
3063141
3063144
3063147
3063148
3063149
3063150
3063151
3063152
3063153
3063154
3063157
3063160
3063161
3063162
3063163
3063164
3063165
3063168
3063171
3063172
3063173
3063174
3063175
3063176
3063179
3063182
3063185
3063188
3063191
3063194
3063197
3063198
3063201
3063204
3063207
3063208
3063211
3063214
3063215
3063216
3063217
3063218
3063219
3063222
3063225
3063228
3063231
3063234
3063235
3063236
3063297
3063329
3063330
3063331
3063332
3063333
3063334
3063335
3063367
3063401
3063437
3063439
3063440
3063441
3063443
3063445
3063447
3063449
3063451
3063453
3063455
3063457
3063458
3063460
3063461
3063463
3063465
3063467
3063469
3063470
3063471
3063472
3063474
3063476
3063477
3063479
3063480
3063482
3063524
3063562
3063563
3063601
3063602
3063640
3063641
3063642
3063643
3063644
3063645
3063646
3063647
3063648
3063649
3063650
3063651
3063652
3063659
3063666
3063667
3063674
3063675
3063682
3063689
3063690
3063691
3063693
3063694
3063696
3063697
3063699
3063701
3063703
3063705
3063707
3063710
3063713
3063714
3063716
3063718
3063720
3063722
3063723
3063724
3063725
3063726
3063727
3063729
3063730
3063732
3063735
3063743
3063744
3063745
3063752
3063754
3063756
3063758
3063759
3063760
3063762
3063763
3063764
3063765
3063766
3063767
3063769
3063770
3063771
3063772
3063774
3063776
3063778
3063779
3063780
3063781
3063789
3063790
3063791
3063792
3063793
3063794
3063795
3063796
3063797
3063798
3063799
3063800
3063801
3063808
3063809
3063817
3063824
3063825
3063826
3063827
3063828
3063829
3063830
3063831
3063832
3063833
3063834
3063835
3063836
3063843
3063850
3063906
3063907
3063908
3063909
3063910
3063911
3063912
3063946
3063951
3063956
3063961
3063966
3063967
3063968
3063969
3063974
3063979
3063980
3063985
3063990
3063991
3063996
3064001
3064006
3064011
3064016
3064021
3064026
3064027
3064032
3064037
3064038
3064039
3064044
3064049
3064054
3064059
3064060
3064061
3064062
3064063
3064068
3064073
3064074
3064079
3064080
3064081
3064082
3064087
3064092
3064093
3064094
3064095
3064096
3064098
3064099
3064100
3064102
3064104
3064106
3064108
3064109
3064111
3064116
3064117
3064118
3064119
3064120
3064121
3064122
3064123
3064124
3064125
3064130
3064135
3064140
3064145
3064150
3064155
3064156
3064157
3064158
3064159
3064160
3064161
3064281
3064282
3064283
3064284
3064285
3064286
3064287
3064288
3064289
3064293
3064294
3064295
3064296
3064297
3064298
3064299
3064300
3064301
3064302
3064306
3064308
3064310
3064312
3064313
3064314
3064315
3064317
3064319
3064320
3064321
3064322
3064324
3064326
3064331
3064336
3064341
3064346
3064347
3064352
3064357
3064362
3064367
3064368
3064373
3064378
3064383
3064388
3064393
3064398
3064403
3064408
3064409
3064410
3064411
3064416
3064420
3064421
3064422
3064423
3064424
3064425
3064429
3064433
3064434
3064435
3064436
3064437
3064438
3064442
3064446
3064450
3064451
3064452
3064456
3064457
3064458
3064459
3064462
3064463
3064464
3064465
3064466
3064467
3064470
3064473
3064474
3064475
3064476
3064481
3064482
3064483
3064484
3064485
3064486
3064487
3064488
3064547
3064559
3064561
3064563
3064565
3064566
3064568
3064569
3064571
3064573
3064575
3064577
3064579
3064581
3064583
3064585
3064586
3064587
3064589
3064591
3064604
3064606
3064607
3064609
3064611
3064613
3064615
3064616
3064618
3064620
3064622
3064624
3064626
3064628
3064629
3064630
3064632
3064633
3064635
3064636
3064638
3064640
3064642
3064644
3064646
3064647
3064648
3064650
3064652
3064666
3064667
3064680
3064681
3064682
3064683
3064684
3064685
3064686
3064699
3064701
3064703
3064705
3064707
3064709
3064711
3064713
3064715
3064717
3064719
3064721
3064723
3064725
3064727
3064728
3064729
3064731
3064733
3064745
3064759
3064760
3064761
3064762
3064763
3064764
3064765
3064766
3064786
3064805
3064806
3064825
3064844
3064845
3064846
3064847
3064848
3064849
3064850
3064851
3064852
3064853
3064866
3064879
3064891
3064903
3064915
3064916
3064917
3064918
3064919
3064920
3064921
3064933
3064945
3064957
3064958
3064970
3064971
3064972
3064973
3064974
3064975
3064976
3064977
3064989
3064990
3064991
3065004
3065017
3065030
3065043
3065056
3065070
3065082
3065094
3065106
3065118
3065130
3065131
3065132
3065133
3065145
3065157
3065158
3065170
3065182
3065183
3065184
3065185
3065186
3065187
3065188
3065200
3065201
3065213
3065214
3065215
3065298
3065299
3065300
3065301
3065302
3065303
3065304
3065305
3065306
3065307
3065308
3065309
3065390
3065507
3065542
3065577
3065612
3065647
3065648
3065651
3065652
3065653
3065654
3065655
3065658
3065661
3065662
3065665
3065668
3065671
3065674
3065677
3065680
3065683
3065684
3065687
3065690
3065691
3065694
3065695
3065698
3065701
3065702
3065705
3065708
3065709
3065712
3065713
3065714
3065715
3065718
3065721
3065724
3065725
3065726
3065727
3065728
3065729
3065732
3065735
3065738
3065739
3065740
3065741
3065744
3065747
3065750
3065787
3065800
3065801
3065802
3065803
3065804
3065805
3065806
3065807
3065808
3065809
3065810
3065811
3065812
3065813
3065814
3065815
3065829
3065840
3065851
3065852
3065863
3065874
3065875
3065876
3065877
3065878
3065879
3065880
3065881
3065892
3065893
3065894
3065895
3065898
3065901
3065904
3065905
3065906
3065907
3065908
3065909
3065912
3065913
3065914
3065915
3065916
3065917
3065920
3065921
3065922
3065923
3065926
3065927
3065928
3065929
3065932
3065942
3065953
3065955
3065956
3065957
3065958
3065959
3065960
3065961
3065963
3065964
3065966
3065968
3065970
3065973
3065974
3065977
3065980
3065983
3065984
3065985
3065988
3065991
3065992
3065993
3065996
3065997
3066009
3066012
3066015
3066018
3066021
3066022
3066025
3066027
3066028
3066029
3066030
3066032
3066034
3066035
3066036
3066037
3066038
3066040
3066043
3066046
3066049
3066050
3066053
3066056
3066057
3066060
3066062
3066064
3066066
3066068
3066069
3066070
3066071
3066083
3066084
3066085
3066086
3066087
3066088
3066089
3066108
3066109
3066128
3066147
3066148
3066166
3066185
3066204
3066222
3066240
3066259
3066260
3066261
3066262
3066263
3066264
3066265
3066266
3066269
3066272
3066275
3066276
3066279
3066282
3066283
3066284
3066287
3066290
3066293
3066294
3066295
3066298
3066299
3066300
3066301
3066302
3066303
3066305
3066307
3066309
3066311
3066313
3066315
3066317
3066319
3066320
3066322
3066325
3066326
3066329
3066332
3066335
3066336
3066362
3066363
3066364
3066378
3066392
3066406
3066407
3066408
3066409
3066423
3066437
3066451
3066465
3066466
3066481
3066483
3066485
3066487
3066489
3066491
3066493
3066495
3066497
3066499
3066500
3066501
3066502
3066503
3066504
3066506
3066507
3066508
3066510
3066511
3066513
3066515
3066517
3066519
3066521
3066522
3066523
3066524
3066526
3066528
3066530
3066545
3066556
3066567
3066579
3066580
3066581
3066589
3066596
3066597
3066598
3066599
3066600
3066601
3066602
3066610
3066617
3066624
3066631
3066638
3066645
3066652
3066659
3066660
3066661
3066663
3066665
3066667
3066669
3066671
3066673
3066675
3066677
3066679
3066681
3066683
3066690
3066691
3066692
3066693
3066694
3066695
3066696
3066703
3066710
3066717
3066724
3066731
3066739
3066740
3066741
3066742
3066743
3066751
3066759
3066770
3066771
3066772
3066785
3066786
3066789
3066792
3066795
3066798
3066801
3066804
3066807
3066810
3066813
3066816
3066819
3066822
3066825
3066828
3066829
3066830
3066833
3066836
3066839
3066840
3066841
3066842
3066843
3066844
3066845
3066848
3066851
3066852
3066855
3066858
3066859
3066862
3066865
3066868
3066869
3066872
3066875
3066878
3066879
3066882
3066897
3066898
3066899
3066900
3066915
3066916
3066917
3066933
3066948
3066949
3066950
3066952
3066953
3066954
3066956
3066958
3066960
3066962
3066963
3066964
3066965
3066966
3066968
3066970
3066972
3066973
3066975
3066977
3066979
3066981
3066983
3066985
3066987
3067002
3067018
3067033
3067034
3067052
3067056
3067060
3067064
3067068
3067072
3067076
3067077
3067081
3067085
3067089
3067093
3067097
3067101
3067105
3067109
3067113
3067115
3067117
3067119
3067121
3067123
3067125
3067126
3067127
3067129
3067131
3067133
3067135
3067137
3067139
3067143
3067144
3067148
3067149
3067154
3067157
3067158
3067159
3067160
3067161
3067162
3067163
3067164
3067167
3067168
3067171
3067174
3067177
3067181
3067182
3067183
3067184
3067185
3067186
3067187
3067188
3067189
3067190
3067195
3067200
3067201
3067202
3067203
3067204
3067205
3067206
3067207
3067208
3067209
3067214
3067219
3067224
3067229
3067234
3067235
3067236
3067237
3067238
3067239
3067240
3067241
3067242
3067243
3067249
3067255
3067256
3067257
3067258
3067259
3067265
3067271
3067277
3067283
3067289
3067295
3067329
3067330
3067331
3067332
3067333
3067335
3067337
3067338
3067340
3067342
3067344
3067346
3067348
3067350
3067352
3067353
3067354
3067356
3067358
3067360
3067362
3067363
3067369
3067370
3067371
3067377
3067383
3067388
3067389
3067390
3067391
3067392
3067393
3067398
3067403
3067408
3067413
3067414
3067419
3067420
3067425
3067430
3067434
3067438
3067439
3067443
3067444
3067445
3067446
3067447
3067448
3067449
3067454
3067459
3067460
3067465
3067470
3067474
3067478
3067479
3067480
3067484
3067488
3067492
3067496
3067500
3067504
3067508
3067512
3067513
3067514
3067515
3067516
3067517
3067518
3067522
3067523
3067524
3067525
3067526
3067527
3067528
3067532
3067537
3067542
3067547
3067552
3067553
3067554
3067555
3067556
3067557
3067558
3067559
3067560
3067561
3067566
3067571
3067576
3067581
3067586
3067591
3067596
3067597
3067598
3067599
3067600
3067601
3067602
3067603
3067608
3067609
3067610
3067611
3067612
3067644
3067752
3067753
3067754
3067755
3067756
3067757
3067760
3067761
3067764
3067765
3067766
3067767
3067768
3067769
3067772
3067773
3067774
3067777
3067780
3067781
3067784
3067787
3067788
3067791
3067792
3067793
3067794
3067795
3067796
3067797
3067798
3067799
3067803
3067804
3067805
3067806
3067807
3067819
3067822
3067823
3067826
3067829
3067830
3067831
3067832
3067833
3067836
3067839
3067842
3067845
3067848
3067849
3067850
3067851
3067852
3067855
3067858
3067861
3067864
3067867
3067870
3067873
3067875
3067877
3067879
3067881
3067883
3067885
3067886
3067887
3067889
3067890
3067894
3067896
3067898
3067899
3067900
3067901
3067902
3067903
3067904
3067906
3067908
3067910
3067925
3067938
3067951
3067963
3067975
3067976
3067988
3068000
3068001
3068002
3068003
3068004
3068017
3068019
3068021
3068023
3068025
3068026
3068027
3068029
3068031
3068033
3068035
3068036
3068038
3068040
3068041
3068043
3068045
3068047
3068049
3068051
3068053
3068066
3068067
3068068
3068069
3068070
3068082
3068083
3068084
3068085
3068086
3068087
3068088
3068100
3068112
3068124
3068136
3068148
3068164
3068176
3068188
3068189
3068190
3068191
3068192
3068193
3068194
3068206
3068207
3068219
3068220
3068221
3068222
3068223
3068224
3068225
3068226
3068238
3068239
3068251
3068252
3068253
3068254
3068255
3068260
3068262
3068263
3068265
3068267
3068269
3068270
3068271
3068273
3068275
3068276
3068277
3068279
3068284
3068289
3068294
3068299
3068304
3068309
3068314
3068315
3068316
3068317
3068318
3068319
3068320
3068321
3068326
3068327
3068332
3068333
3068334
3068335
3068336
3068341
3068342
3068343
3068344
3068345
3068346
3068347
3068348
3068353
3068358
3068359
3068364
3068365
3068370
3068371
3068376
3068388
3068389
3068391
3068392
3068394
3068396
3068398
3068400
3068402
3068403
3068404
3068406
3068408
3068410
3068412
3068414
3068415
3068416
3068425
3068426
3068427
3068428
3068429
3068432
3068435
3068436
3068437
3068438
3068439
3068440
3068441
3068442
3068443
3068444
3068447
3068448
3068449
3068450
3068453
3068454
3068455
3068456
3068457
3068458
3068459
3068468
3068469
3068470
3068471
3068472
3068473
3068475
3068476
3068478
3068480
3068482
3068484
3068486
3068487
3068488
3068489
3068491
3068492
3068494
3068496
3068498
3068499
3068501
3068502
3068504
3068506
3068508
3068509
3068522
3068525
3068528
3068531
3068534
3068537
3068540
3068543
3068546
3068549
3068550
3068551
3068552
3068553
3068554
3068555
3068558
3068559
3068562
3068563
3068566
3068569
3068572
3068575
3068578
3068579
3068595
3068596
3068597
3068598
3068599
3068606
3068608
3068610
3068612
3068614
3068616
3068617
3068618
3068620
3068622
3068624
3068626
3068628
3068629
3068631
3068633
3068639
3068640
3068641
3068642
3068643
3068644
3068645
3068651
3068652
3068653
3068654
3068655
3068666
3068671
3068672
3068673
3068678
3068679
3068680
3068681
3068682
3068684
3068686
3068688
3068690
3068692
3068694
3068695
3068696
3068697
3068699
3068704
3068709
3068714
3068719
3068724
3068725
3068726
3068727
3068732
3068737
3068738
3068742
3068746
3068750
3068751
3068752
3068756
3068760
3068761
3068762
3068763
3068764
3068768
3068769
3068770
3068771
3068780
3068789
3068790
3068791
3068800
3068809
3068818
3068827
3068836
3068845
3068854
3068855
3068856
3068857
3068858
3068866
3068874
3068882
3068890
3068901
3068902
3068903
3068904
3068906
3068908
3068910
3068912
3068914
3068916
3068917
3068918
3068920
3068922
3068926
3068927
3068928
3068932
3068933
3068934
3068935
3068936
3068940
3068941
3068942
3068943
3068944
3068945
3068949
3068953
3068957
3068958
3068959
3068960
3068961
3068962
3068963
3068967
3068971
3068972
3068973
3068974
3068978
3068982
3068986
3068990
3068991
3068992
3068996
3069009
3069020
3069031
3069032
3069033
3069044
3069055
3069066
3069075
3069076
3069077
3069086
3069087
3069096
3069104
3069112
3069113
3069121
3069129
3069137
3069145
3069153
3069161
3069169
3069171
3069173
3069174
3069175
3069177
3069179
3069181
3069183
3069184
3069185
3069187
3069188
3069189
3069191
3069199
3069205
3069206
3069207
3069208
3069209
3069210
3069211
3069212
3069213
3069214
3069215
3069216
3069222
3069228
3069230
3069231
3069233
3069235
3069236
3069237
3069238
3069240
3069242
3069244
3069245
3069247
3069249
3069251
3069253
3069263
3069264
3069265
3069266
3069267
3069268
3069344
3069417
3069418
3069419
3069420
3069421
3069422
3069423
3069424
3069425
3069431
3069432
3069437
3069438
3069439
3069440
3069441
3069442
3069443
3069448
3069453
3069455
3069457
3069459
3069461
3069463
3069465
3069467
3069468
3069469
3069471
3069473
3069475
3069480
3069485
3069491
3069492
3069493
3069498
3069501
3069504
3069505
3069506
3069507
3069508
3069509
3069512
3069515
3069516
3069517
3069518
3069519
3069520
3069521
3069522
3069525
3069526
3069529
3069530
3069536
3069538
3069540
3069542
3069543
3069544
3069546
3069547
3069548
3069549
3069550
3069552
3069553
3069554
3069555
3069556
3069562
3069568
3069569
3069570
3069571
3069573
3069574
3069575
3069576
3069577
3069579
3069580
3069582
3069584
3069586
3069588
3069590
3069592
3069598
3069600
3069602
3069604
3069605
3069606
3069607
3069609
3069610
3069611
3069612
3069613
3069614
3069615
3069617
3069619
3069621
3069651
3069656
3069657
3069658
3069659
3069664
3069669
3069674
3069679
3069684
3069689
3069694
3069699
3069704
3069705
3069706
3069707
3069712
3069713
3069717
3069721
3069722
3069723
3069724
3069725
3069730
3069734
3069735
3069739
3069740
3069741
3069745
3069749
3069750
3069754
3069755
3069756
3069760
3069764
3069769
3069770
3069771
3069772
3069773
3069774
3069775
3069781
3069782
3069783
3069788
3069793
3069798
3069799
3069800
3069801
3069806
3069811
3069816
3069821
3069826
3069831
3069836
3069841
3069842
3069843
3069844
3069845
3069846
3069851
3069856
3069861
3069866
3069872
3069878
3069884
3069885
3069886
3069887
3069888
3069894
3069895
3069896
3069897
3069898
3069899
3069900
3069906
3069908
3069909
3069911
3069913
3069915
3069916
3069917
3069918
3069920
3069922
3069923
3069924
3069925
3069927
3069933
3069934
3069935
3069941
3069947
3069948
3069949
3069955
3069961
3069967
3069990
3069991
3069992
3069993
3070005
3070006
3070007
3070008
3070009
3070010
3070011
3070012
3070013
3070014
3070015
3070016
3070017
3070018
3070019
3070020
3070021
3070022
3070034
3070036
3070037
3070038
3070039
3070040
3070041
3070043
3070044
3070045
3070046
3070048
3070049
3070051
3070052
3070053
3070059
3070061
3070063
3070065
3070067
3070069
3070071
3070073
3070074
3070075
3070076
3070077
3070078
3070079
3070081
3070086
3070087
3070088
3070090
3070091
3070092
3070094
3070096
3070098
3070100
3070102
3070103
3070104
3070109
3070110
3070111
3070112
3070113
3070114
3070119
3070120
3070121
3070122
3070128
3070134
3070140
3070146
3070158
3070159
3070160
3070161
3070162
3070163
3070167
3070168
3070169
3070170
3070171
3070172
3070173
3070174
3070175
3070179
3070180
3070181
3070182
3070186
3070187
3070188
3070189
3070192
3070195
3070196
3070197
3070198
3070199
3070200
3070203
3070206
3070207
3070208
3070211
3070212
3070213
3070217
3070218
3070219
3070220
3070227
3070234
3070235
3070269
3070293
3070294
3070318
3070342
3070366
3070390
3070412
3070434
3070456
3070480
3070504
3070528
3070552
3070553
3070576
3070577
3070601
3070625
3070626
3070650
3070651
3070675
3070700
3070724
3070725
3070749
3070751
3070753
3070755
3070756
3070758
3070760
3070762
3070764
3070766
3070768
3070770
3070772
3070774
3070775
3070777
3070779
3070780
3070781
3070782
3070784
3070803
3070822
3070839
3070840
3070857
3070874
3070891
3070908
3070925
3070926
3070943
3070960
3070977
3070995
3071013
3071031
3071049
3071067
3071090
3071112
3071134
3071156
3071179
3071180
3071181
3071182
3071183
3071184
3071185
3071186
3071187
3071188
3071189
3071190
3071191
3071192
3071193
3071215
3071237
3071260
3071284
3071307
3071308
3071309
3071310
3071311
3071312
3071336
3071360
3071384
3071408
3071409
3071410
3071411
3071412
3071413
3071436
3071460
3071482
3071483
3071484
3071485
3071486
3071487
3071488
3071489
3071515
3071525
3071526
3071527
3071537
3071538
3071539
3071540
3071541
3071542
3071543
3071544
3071545
3071555
3071565
3071575
3071576
3071577
3071578
3071579
3071580
3071581
3071591
3071601
3071602
3071612
3071622
3071632
3071633
3071634
3071635
3071636
3071637
3071638
3071639
3071640
3071643
3071646
3071647
3071648
3071651
3071652
3071653
3071654
3071655
3071656
3071659
3071660
3071663
3071666
3071667
3071668
3071669
3071672
3071682
3071683
3071684
3071685
3071686
3071696
3071697
3071699
3071701
3071703
3071705
3071707
3071709
3071711
3071713
3071715
3071717
3071719
3071721
3071723
3071724
3071725
3071727
3071729
3071731
3071733
3071734
3071735
3071744
3071750
3071756
3071762
3071768
3071771
3071772
3071773
3071774
3071775
3071776
3071779
3071782
3071785
3071786
3071787
3071790
3071793
3071794
3071795
3071796
3071799
3071802
3071803
3071804
3071810
3071816
3071822
3071828
3071834
3071841
3071848
3071855
3071862
3071869
3071876
3071883
3071890
3071897
3071904
3071911
3071918
3071919
3071920
3071927
3071934
3071941
3071942
3071949
3071950
3071951
3071958
3071965
3071966
3071967
3071968
3071969
3071970
3071971
3071972
3071973
3071980
3071981
3071982
3071983
3071984
3071991
3071992
3071993
3071994
3071995
3071996
3071997
3071998
3071999
3072000
3072001
3072002
3072003
3072010
3072011
3072012
3072013
3072014
3072015
3072016
3072017
3072018
3072019
3072020
3072021
3072035
3072037
3072039
3072040
3072041
3072042
3072043
3072044
3072046
3072047
3072049
3072050
3072052
3072054
3072056
3072058
3072064
3072065
3072066
3072067
3072068
3072069
3072070
3072071
3072072
3072073
3072080
3072081
3072088
3072095
3072096
3072103
3072104
3072105
3072112
3072114
3072115
3072116
3072118
3072120
3072121
3072122
3072123
3072125
3072126
3072128
3072129
3072130
3072132
3072134
3072136
3072138
3072140
3072147
3072154
3072161
3072168
3072175
3072182
3072183
3072184
3072191
3072199
3072200
3072201
3072202
3072209
3072210
3072217
3072225
3072227
3072228
3072229
3072231
3072233
3072235
3072236
3072238
3072240
3072242
3072243
3072244
3072246
3072248
3072256
3072257
3072258
3072259
3072260
3072261
3072262
3072263
3072264
3072286
3072308
3072309
3072310
3072311
3072312
3072314
3072315
3072317
3072319
3072320
3072321
3072323
3072325
3072327
3072329
3072331
3072333
3072335
3072337
3072339
3072341
3072342
3072343
3072345
3072347
3072389
3072393
3072394
3072395
3072396
3072400
3072401
3072402
3072403
3072404
3072408
3072412
3072416
3072420
3072424
3072428
3072432
3072436
3072440
3072441
3072442
3072443
3072444
3072445
3072446
3072450
3072451
3072452
3072456
3072457
3072458
3072459
3072460
3072461
3072462
3072463
3072467
3072471
3072472
3072476
3072480
3072484
3072488
3072492
3072496
3072500
3072501
3072502
3072503
3072504
3072505
3072506
3072507
3072511
3072512
3072513
3072514
3072515
3072516
3072520
3072521
3072522
3072523
3072527
3072528
3072529
3072533
3072534
3072538
3072539
3072540
3072541
3072542
3072543
3072544
3072545
3072549
3072550
3072551
3072552
3072553
3072554
3072558
3072562
3072566
3072570
3072571
3072611
3072612
3072616
3072617
3072621
3072625
3072626
3072627
3072631
3072632
3072636
3072640
3072641
3072645
3072649
3072653
3072657
3072658
3072659
3072660
3072661
3072665
3072666
3072667
3072668
3072672
3072676
3072677
3072678
3072682
3072683
3072684
3072688
3072693
3072694
3072695
3072696
3072697
3072698
3072699
3072700
3072701
3072702
3072707
3072708
3072709
3072710
3072711
3072712
3072713
3072714
3072715
3072716
3072721
3072726
3072727
3072732
3072737
3072742
3072747
3072748
3072749
3072751
3072753
3072755
3072757
3072759
3072761
3072762
3072764
3072765
3072767
3072768
3072770
3072772
3072777
3072778
3072779
3072780
3072781
3072782
3072783
3072784
3072785
3072790
3072792
3072794
3072795
3072796
3072797
3072799
3072801
3072803
3072805
3072807
3072808
3072809
3072810
3072811
3072936
3072937
3072938
3072939
3072940
3072941
3072942
3072943
3072944
3072945
3072946
3072947
3072948
3072949
3072950
3072951
3072972
3072973
3072974
3072995
3073016
3073038
3073039
3073040
3073070
3073071
3073072
3073073
3073074
3073075
3073078
3073079
3073080
3073083
3073086
3073089
3073092
3073095
3073098
3073101
3073104
3073107
3073110
3073113
3073116
3073119
3073122
3073125
3073126
3073129
3073130
3073131
3073132
3073133
3073136
3073137
3073140
3073141
3073144
3073147
3073150
3073153
3073154
3073157
3073158
3073161
3073162
3073163
3073164
3073165
3073166
3073169
3073170
3073171
3073172
3073173
3073174
3073175
3073176
3073179
3073180
3073221
3073222
3073223
3073224
3073225
3073226
3073227
3073228
3073240
3073253
3073255
3073257
3073259
3073261
3073263
3073265
3073267
3073269
3073271
3073273
3073275
3073279
3073280
3073281
3073282
3073283
3073284
3073285
3073286
3073287
3073288
3073292
3073293
3073294
3073295
3073296
3073297
3073298
3073299
3073300
3073301
3073304
3073305
3073306
3073309
3073310
3073311
3073312
3073313
3073316
3073317
3073330
3073343
3073356
3073357
3073370
3073383
3073395
3073396
3073408
3073421
3073434
3073446
3073458
3073470
3073482
3073494
3073506
3073518
3073519
3073520
3073536
3073537
3073538
3073539
3073540
3073541
3073542
3073543
3073544
3073551
3073552
3073553
3073554
3073555
3073556
3073557
3073558
3073559
3073560
3073561
3073568
3073572
3073576
3073580
3073584
3073588
3073592
3073593
3073594
3073598
3073602
3073603
3073604
3073605
3073606
3073610
3073614
3073615
3073618
3073621
3073624
3073626
3073627
3073628
3073630
3073632
3073633
3073634
3073636
3073638
3073640
3073642
3073645
3073646
3073649
3073650
3073651
3073652
3073653
3073654
3073655
3073658
3073661
3073662
3073663
3073666
3073669
3073672
3073673
3073676
3073679
3073682
3073683
3073684
3073685
3073688
3073691
3073694
3073697
3073698
3073699
3073700
3073703
3073706
3073707
3073710
3073711
3073716
3073717
3073718
3073719
3073720
3073724
3073728
3073732
3073736
3073740
3073744
3073745
3073746
3073750
3073754
3073758
3073759
3073771
3073772
3073773
3073774
3073780
3073782
3073784
3073786
3073787
3073788
3073789
3073790
3073791
3073793
3073795
3073797
3073798
3073799
3073800
3073802
3073803
3073805
3073807
3073814
3073820
3073821
3073822
3073823
3073824
3073825
3073826
3073827
3073828
3073829
3073835
3073841
3073843
3073845
3073847
3073849
3073851
3073853
3073854
3073855
3073856
3073858
3073860
3073862
3073864
3073866
3073868
3073870
3073877
3073878
3073879
3073880
3073881
3073888
3073895
3073896
3073897
3073898
3073899
3073900
3073901
3073904
3073907
3073908
3073909
3073912
3073915
3073918
3073921
3073924
3073927
3073928
3073929
3073932
3073935
3073941
3073942
3073943
3073944
3073945
3073946
3073947
3073948
3073949
3073950
3073957
3073962
3073967
3073972
3073973
3073978
3073979
3073984
3073985
3073986
3073987
3073992
3073997
3074002
3074007
3074012
3074013
3074018
3074023
3074024
3074025
3074026
3074027
3074028
3074029
3074030
3074035
3074036
3074041
3074042
3074043
3074044
3074049
3074054
3074059
3074060
3074065
3074070
3074075
3074080
3074085
3074090
3074097
3074099
3074101
3074103
3074105
3074107
3074109
3074111
3074112
3074113
3074115
3074117
3074119
3074120
3074121
3074129
3074131
3074133
3074135
3074137
3074139
3074140
3074142
3074143
3074145
3074147
3074148
3074150
3074152
3074154
3074156
3074158
3074166
3074174
3074175
3074176
3074177
3074178
3074186
3074187
3074188
3074189
3074190
3074191
3074192
3074193
3074194
3074195
3074196
3074197
3074205
3074206
3074207
3074208
3074209
3074210
3074211
3074212
3074213
3074214
3074215
3074216
3074229
3074230
3074231
3074232
3074236
3074237
3074238
3074239
3074243
3074247
3074251
3074255
3074259
3074263
3074264
3074265
3074269
3074273
3074277
3074279
3074281
3074282
3074283
3074285
3074287
3074288
3074290
3074291
3074293
3074295
3074298
3074301
3074304
3074307
3074310
3074313
3074317
3074321
3074325
3074329
3074330
3074334
3074343
3074352
3074353
3074354
3074363
3074372
3074381
3074390
3074398
3074399
3074400
3074401
3074402
3074403
3074404
3074405
3074406
3074422
3074424
3074426
3074428
3074429
3074430
3074432
3074434
3074435
3074437
3074439
3074440
3074441
3074442
3074443
3074444
3074445
3074447
3074448
3074449
3074451
3074452
3074453
3074454
3074468
3074469
3074483
3074497
3074511
3074525
3074539
3074553
3074567
3074581
3074595
3074609
3074610
3074611
3074612
3074626
3074627
3074628
3074629
3074630
3074631
3074632
3074633
3074634
3074635
3074636
3074637
3074638
3074639
3074640
3074641
3074655
3074670
3074671
3074685
3074699
3074713
3074727
3074728
3074729
3074730
3074744
3074759
3074760
3074761
3074762
3074763
3074764
3074765
3074766
3074767
3074768
3074773
3074775
3074776
3074778
3074780
3074781
3074783
3074785
3074787
3074789
3074791
3074792
3074794
3074796
3074801
3074802
3074803
3074804
3074805
3074806
3074807
3074808
3074809
3074810
3074811
3074816
3074817
3074822
3074827
3074832
3074833
3074838
3074843
3074848
3074853
3074858
3074863
3074868
3075581
3075582
3075583
3075584
3075585
3075586
3075674
3075675
3075769
3075861
3075862
3075863
3075985
3076107
3076211
3076315
3076421
3076542
3076711
3076712
3076713
3076714
3076715
3076716
3076717
3076718
3076719
3076720
3076721
3076722
3076723
3076724
3076725
3076726
3076727
3076902
3076903
3076904
3076905
3076906
3076907
3077020
3077134
3077249
3077250
3077368
3077369
3077370
3077487
3077601
3077711
3077821
3077946
3077947
3077948
3077949
3077950
3077951
3077952
3077953
3078095
3078389
3078392
3078395
3078398
3078401
3078404
3078407
3078410
3078411
3078412
3078415
3078416
3078419
3078422
3078425
3078428
3078429
3078430
3078431
3078432
3078435
3078438
3078441
3078444
3078447
3078448
3078449
3078452
3078455
3078458
3078461
3078464
3078467
3078470
3078473
3078476
3078479
3078482
3078494
3078496
3078497
3078498
3078499
3078501
3078503
3078504
3078506
3078508
3078510
3078512
3078514
3078516
3078518
3078520
3078522
3078524
3078529
3078533
3078537
3078541
3078542
3078543
3078544
3078545
3078549
3078550
3078554
3078555
3078559
3078560
3078564
3078568
3078572
3078573
3078577
3078578
3078585
3078586
3078587
3078588
3078589
3078590
3078591
3078592
3078593
3078594
3078595
3078596
3078597
3078610
3078613
3078616
3078619
3078622
3078625
3078628
3078631
3078634
3078637
3078640
3078643
3078646
3078649
3078650
3078653
3078656
3078657
3078658
3078659
3078660
3078663
3078666
3078669
3078672
3078673
3078674
3078675
3078682
3078683
3078684
3078685
3078686
3078687
3078694
3078701
3078708
3078715
3078716
3078717
3078718
3078725
3078732
3078739
3078740
3078748
3078750
3078752
3078754
3078755
3078757
3078758
3078759
3078761
3078763
3078765
3078766
3078768
3078770
3078772
3078774
3078781
3078782
3078789
3078796
3078803
3078810
3078817
3078824
3078828
3078832
3078833
3078834
3078838
3078842
3078846
3078847
3078848
3078851
3078854
3078857
3078860
3078861
3078862
3078864
3078866
3078867
3078868
3078870
3078873
3078876
3078879
3078882
3078885
3078889
3078890
3078891
3078892
3078893
3078894
3078901
3078903
3078904
3078906
3078907
3078908
3078910
3078911
3078913
3078915
3078916
3078918
3078920
3078922
3078924
3078925
3078927
3078928
3078929
3078936
3078943
3078944
3078951
3078992
3078996
3078997
3079001
3079005
3079006
3079010
3079014
3079018
3079022
3079023
3079024
3079025
3079026
3079027
3079028
3079029
3079030
3079034
3079038
3079042
3079046
3079047
3079048
3079049
3079050
3079053
3079056
3079057
3079058
3079061
3079062
3079065
3079066
3079070
3079071
3079072
3079073
3079074
3079075
3079076
3079077
3079078
3079082
3079083
3079084
3079085
3079086
3079087
3079088
3079110
3079114
3079115
3079116
3079117
3079118
3079119
3079120
3079122
3079124
3079126
3079128
3079129
3079130
3079131
3079132
3079136
3079137
3079138
3079139
3079140
3079141
3079142
3079143
3079147
3079151
3079155
3079156
3079157
3079158
3079159
3079160
3079161
3079165
3079166
3079169
3079172
3079175
3079178
3079179
3079180
3079181
3079182
3079183
3079184
3079185
3079188
3079189
3079191
3079193
3079195
3079196
3079198
3079200
3079201
3079203
3079205
3079208
3079211
3079214
3079217
3079218
3079219
3079222
3079223
3079224
3079227
3079230
3079248
3079266
3079267
3079282
3079283
3079284
3079285
3079301
3079316
3079331
3079346
3079362
3079378
3079379
3079380
3079381
3079382
3079400
3079401
3079402
3079403
3079404
3079405
3079406
3079407
3079408
3079409
3079410
3079411
3079431
3079432
3079433
3079434
3079435
3079437
3079438
3079439
3079441
3079442
3079443
3079445
3079447
3079448
3079449
3079450
3079451
3079452
3079454
3079456
3079458
3079460
3079462
3079464
3079466
3079468
3079470
3079472
3079474
3079475
3079476
3079478
3079480
3079481
3079482
3079483
3079485
3079510
3079513
3079516
3079517
3079520
3079523
3079524
3079527
3079530
3079531
3079532
3079535
3079538
3079542
3079543
3079544
3079545
3079546
3079550
3079553
3079556
3079559
3079560
3079563
3079566
3079569
3079572
3079575
3079576
3079579
3079582
3079585
3079589
3079593
3079596
3079599
3079600
3079603
3079606
3079609
3079614
3079615
3079617
3079619
3079621
3079623
3079625
3079627
3079629
3079631
3079633
3079635
3079637
3079639
3079644
3079645
3079646
3079647
3079648
3079649
3079650
3079651
3079652
3079653
3079681
3079699
3079717
3079718
3079737
3079756
3079775
3079788
3079801
3079814
3079827
3079828
3079829
3079830
3079831
3079832
3079833
3079834
3079835
3079836
3079837
3079838
3079839
3079853
3079866
3079867
3079868
3079881
3079894
3079908
3079909
3079910
3079923
3079936
3079949
3079962
3079975
3079988
3080006
3080024
3080042
3080043
3080044
3080062
3080080
3080098
3080116
3080133
3080150
3080168
3080185
3080202
3080220
3080242
3080243
3080244
3080245
3080246
3080247
3080248
3080249
3080252
3080255
3080258
3080261
3080262
3080265
3080268
3080271
3080274
3080275
3080276
3080277
3080278
3080279
3080281
3080283
3080284
3080285
3080295
3080296
3080297
3080298
3080299
3080300
3080301
3080302
3080311
3080312
3080313
3080314
3080315
3080325
3080326
3080335
3080344
3080353
3080362
3080365
3080368
3080369
3080370
3080371
3080374
3080377
3080380
3080383
3080386
3080389
3080392
3080393
3080394
3080395
3080398
3080399
3080402
3080405
3080408
3080409
3080410
3080411
3080412
3080413
3080416
3080419
3080422
3080425
3080428
3080431
3080434
3080437
3080440
3080451
3080453
3080455
3080456
3080458
3080460
3080462
3080464
3080466
3080468
3080469
3080470
3080471
3080472
3080473
3080475
3080477
3080479
3080481
3080482
3080501
3080502
3080503
3080504
3080505
3080506
3080507
3080508
3080509
3080510
3080520
3080521
3080530
3080532
3080533
3080535
3080537
3080538
3080539
3080540
3080541
3080542
3080544
3080546
3080548
3080550
3080552
3080554
3080556
3080558
3080559
3080561
3080570
3080571
3080580
3080581
3080582
3080583
3080592
3080601
3080610
3080619
3080628
3080637
3080646
3080655
3080664
3080673
3080682
3080691
3080700
3080702
3080704
3080706
3080708
3080710
3080711
3080713
3080715
3080717
3080719
3080721
3080723
3080725
3080727
3080729
3080730
3080732
3080742
3080743
3080744
3080745
3080746
3080747
3080757
3080758
3080759
3080760
3080761
3080762
3080772
3080773
3080774
3080783
3080792
3080801
3080810
3080819
3080828
3080838
3080847
3080857
3080867
3080877
3080887
3080896
3080905
3080906
3080915
3080925
3080926
3080927
3080928
3080929
3080930
3080931
3080932
3080942
3080943
3080953
3080954
3080977
3080987
3080988
3080989
3080999
3081000
3081001
3081003
3081004
3081006
3081008
3081009
3081010
3081011
3081013
3081015
3081018
3081021
3081024
3081027
3081030
3081031
3081034
3081037
3081038
3081041
3081042
3081043
3081044
3081045
3081048
3081049
3081052
3081054
3081055
3081057
3081059
3081061
3081063
3081065
3081067
3081069
3081079
3081081
3081083
3081085
3081086
3081087
3081089
3081091
3081093
3081095
3081097
3081099
3081101
3081103
3081105
3081114
3081123
3081132
3081141
3081142
3081143
3081144
3081145
3081153
3081161
3081169
3081177
3081178
3081179
3081187
3081195
3081203
3081211
3081219
3081227
3081235
3081243
3081251
3081259
3081260
3081261
3081262
3081263
3081264
3081265
3081266
3081267
3081275
3081283
3081284
3081285
3081286
3081287
3081288
3081289
3081290
3081291
3081299
3081307
3081315
3081323
3081331
3081339
3081347
3081348
3081349
3081357
3081358
3081366
3081374
3081382
3081390
3081398
3081406
3081414
3081415
3081423
3081431
3081439
3081447
3081455
3081463
3081471
3081482
3081484
3081486
3081487
3081488
3081490
3081492
3081493
3081494
3081496
3081498
3081499
3081500
3081505
3081510
3081515
3081516
3081517
3081518
3081519
3081520
3081521
3081522
3081523
3081528
3081533
3081538
3081543
3081544
3081549
3081554
3081559
3081560
3081561
3081566
3081568
3081569
3081571
3081572
3081574
3081576
3081578
3081580
3081581
3081582
3081583
3081585
3081586
3081588
3081592
3081596
3081600
3081604
3081608
3081610
3081612
3081614
3081615
3081617
3081619
3081621
3081623
3081625
3081626
3081628
3081630
3081631
3081635
3081639
3081644
3081645
3081650
3081651
3081656
3081657
3081662
3081667
3081668
3081669
3081670
3081675
3081680
3081685
3081686
3081687
3081688
3081693
3081698
3081699
3081700
3081701
3081762
3081763
3081764
3081765
3081766
3081767
3081768
3081769
3081770
3081781
3081782
3081783
3081784
3081785
3081787
3081789
3081790
3081791
3081793
3081794
3081795
3081797
3081799
3081801
3081803
3081805
3081807
3081809
3081811
3081813
3081815
3081817
3081819
3081821
3081823
3081825
3081827
3081839
3081851
3081852
3081864
3081865
3081877
3081879
3081881
3081883
3081885
3081887
3081889
3081891
3081892
3081893
3081894
3081895
3081897
3081899
3081900
3081902
3081904
3081906
3081908
3081917
3081926
3081927
3081928
3081929
3081930
3081931
3081932
3081933
3081934
3081935
3081936
3081937
3081938
3081939
3081948
3081957
3081966
3081975
3081977
3081979
3081981
3081982
3081984
3081986
3081987
3081989
3081991
3081993
3081995
3081997
3081999
3082001
3082002
3082003
3082004
3082006
3082008
3082010
3082012
3082014
3082023
3082032
3082033
3082034
3082035
3082044
3082053
3082054
3082055
3082056
3082065
3082066
3082078
3082090
3082102
3082103
3082115
3082126
3082137
3082148
3082159
3082171
3082172
3082173
3082174
3082177
3082178
3082179
3082180
3082183
3082184
3082187
3082190
3082193
3082196
3082199
3082202
3082205
3082208
3082209
3082212
3082215
3082218
3082221
3082224
3082227
3082230
3082233
3082236
3082239
3082256
3082269
3082270
3082272
3082274
3082276
3082278
3082280
3082282
3082284
3082285
3082287
3082289
3082290
3082292
3082294
3082296
3082298
3082299
3082301
3082303
3082305
3082318
3082319
3082332
3082345
3082358
3082371
3082384
3082397
3082410
3082423
3082424
3082425
3082426
3082427
3082428
3082429
3082442
3082443
3082456
3082469
3082482
3082483
3082484
3082485
3082486
3082487
3082488
3082489
3082490
3082503
3082516
3082517
3082530
3082531
3082532
3082545
3082546
3082547
3082560
3082573
3082586
3082599
3082600
3082601
3082602
3082616
3082623
3082624
3082625
3082632
3082639
3082645
3082646
3082647
3082654
3082661
3082668
3082669
3082670
3082671
3082672
3082673
3082674
3082675
3082676
3082677
3082678
3082685
3082686
3082687
3082688
3082690
3082691
3082692
3082693
3082695
3082697
3082699
3082701
3082703
3082704
3082705
3082706
3082707
3082709
3082715
3082716
3082717
3082723
3082729
3082735
3082736
3082737
3082742
3082743
3082744
3082745
3082746
3082747
3082748
3082749
3082750
3082751
3082757
3082758
3082759
3082760
3082761
3082767
3082773
3082779
3082785
3082791
3082794
3082797
3082800
3082803
3082806
3082807
3082810
3082813
3082814
3082817
3082818
3082819
3082820
3082821
3082822
3082825
3082828
3082829
3082830
3082845
3082846
3082847
3082848
3082849
3082850
3082854
3082855
3082859
3082863
3082867
3082871
3082875
3082876
3082877
3082881
3082885
3082889
3082890
3082891
3082892
3082893
3082894
3082895
3082896
3082897
3082901
3082905
3082906
3082907
3082908
3082909
3082910
3082911
3082915
3082916
3082917
3082918
3082919
3082923
3082927
3082931
3082932
3082933
3082937
3082941
3082981
3082984
3082987
3082990
3082991
3082994
3082997
3083000
3083003
3083004
3083005
3083006
3083007
3083008
3083011
3083012
3083015
3083016
3083019
3083022
3083026
3083030
3083031
3083035
3083039
3083043
3083047
3083048
3083049
3083050
3083051
3083052
3083056
3083060
3083064
3083065
3083066
3083067
3083068
3083069
3083070
3083071
3083072
3083076
3083077
3083078
3083093
3083094
3083095
3083096
3083097
3083098
3083099
3083100
3083101
3083102
3083115
3083116
3083117
3083118
3083119
3083120
3083121
3083135
3083149
3083163
3083177
3083179
3083181
3083182
3083183
3083184
3083185
3083186
3083188
3083189
3083190
3083191
3083193
3083194
3083195
3083196
3083198
3083200
3083201
3083202
3083203
3083205
3083207
3083209
3083211
3083213
3083214
3083215
3083216
3083218
3083233
3083259
3083262
3083265
3083266
3083267
3083268
3083269
3083272
3083275
3083278
3083279
3083280
3083281
3083282
3083283
3083284
3083287
3083288
3083289
3083290
3083291
3083292
3083295
3083297
3083299
3083300
3083302
3083304
3083306
3083308
3083309
3083310
3083311
3083312
3083313
3083315
3083317
3083319
3083324
3083328
3083332
3083336
3083340
3083344
3083348
3083352
3083354
3083356
3083357
3083358
3083359
3083360
3083361
3083362
3083363
3083365
3083369
3083373
3083377
3083381
3083382
3083386
3083390
3083394
3083395
3083396
3083420
3083422
3083423
3083424
3083425
3083427
3083429
3083431
3083433
3083434
3083436
3083438
3083440
3083442
3083443
3083445
3083447
3083449
3083451
3083452
3083454
3083455
3083456
3083457
3083458
3083459
3083460
3083462
3083464
3083523
3083524
3083525
3083526
3083531
3083532
3083537
3083542
3083543
3083548
3083553
3083554
3083555
3083556
3083557
3083558
3083559
3083560
3083561
3083562
3083566
3083567
3083568
3083569
3083570
3083571
3083575
3083580
3083585
3083586
3083591
3083592
3083593
3083594
3083596
3083598
3083599
3083600
3083602
3083604
3083606
3083608
3083613
3083618
3083620
3083622
3083623
3083625
3083626
3083627
3083628
3083630
3083632
3083633
3083635
3083636
3083637
3083638
3083643
3083648
3083650
3083652
3083654
3083655
3083656
3083657
3083658
3083659
3083660
3083661
3083662
3083686
3083688
3083690
3083691
3083692
3083694
3083696
3083698
3083699
3083701
3083703
3083704
3083705
3083706
3083707
3083708
3083710
3083712
3083714
3083716
3083718
3083719
3083720
3083722
3083724
3083726
3083728
3083730
3083731
3083732
3083733
3083734
3083755
3083756
3083757
3083758
3083759
3083760
3083761
3083762
3083763
3083764
3083765
3083766
3083787
3083788
3083789
3083790
3083791
3083792
3083793
3083794
3083816
3083818
3083820
3083822
3083824
3083826
3083827
3083829
3083831
3083833
3083835
3083837
3083839
3083841
3083843
3083845
3083847
3083849
3083851
3083852
3083853
3083855
3083857
3083858
3083860
3083862
3083864
3083866
3083867
3083869
3083871
3083873
3083875
3083877
3083879
3083880
3083904
3083905
3083906
3083907
3083908
3083909
3083910
3083911
3083912
3083913
3083914
3083937
3083960
3083961
3083962
3083963
3083985
3083986
3083987
3083988
3084008
3084028
3084048
3084049
3084050
3084051
3084052
3084053
3084054
3084055
3084056
3084057
3084058
3084059
3084080
3084100
3084101
3084121
3084141
3084161
3084181
3084201
3084221
3084222
3084242
3084261
3084280
3084299
3084318
3084337
3084356
3084376
3084397
3084418
3084438
3084469
3084470
3084471
3084472
3084473
3084474
3084475
3084476
3084477
3084478
3084479
3084480
3084481
3084482
3084483
3084531
3084533
3084535
3084537
3084538
3084539
3084540
3084542
3084543
3084545
3084547
3084549
3084551
3084552
3084553
3084555
3084557
3084559
3084560
3084562
3084564
3084566
3084568
3084570
3084572
3084574
3084576
3084578
3084580
3084582
3084584
3084586
3084588
3084590
3084591
3084592
3084594
3084596
3084598
3084632
3084665
3084698
3084730
3084762
3084794
3084826
3084859
3084892
3084925
3084958
3084959
3084960
3084961
3084998
3084999
3085000
3085001
3085002
3085003
3085004
3085005
3085006
3085007
3085008
3085009
3085010
3085011
3085012
3085013
3085014
3085015
3085016
3085017
3085052
3085053
3085054
3085055
3085056
3085057
3085058
3085059
3085060
3085103
3085105
3085106
3085108
3085109
3085110
3085111
3085112
3085113
3085114
3085116
3085119
3085120
3085123
3085126
3085129
3085130
3085131
3085132
3085133
3085134
3085137
3085138
3085141
3085142
3085143
3085144
3085145
3085146
3085149
3085150
3085151
3085154
3085155
3085156
3085157
3085160
3085161
3085162
3085163
3085164
3085165
3085168
3085207
3085208
3085209
3085210
3085211
3085245
3085246
3085247
3085248
3085249
3085250
3085251
3085252
3085278
3085306
3085334
3085362
3085391
3085420
3085449
3085474
3085499
3085524
3085550
3085576
3085601
3085626
3085651
3085677
3085703
3085945
3085946
3085947
3085948
3085949
3085950
3085951
3085955
3085959
3085960
3085961
3085962
3085963
3085966
3085969
3085970
3085971
3085972
3085973
3085974
3085975
3085979
3085983
3085984
3085985
3085986
3085987
3085991
3085995
3085999
3086003
3086004
3086005
3086009
3086010
3086011
3086015
3086019
3086023
3086024
3086028
3086032
3086036
3086040
3086044
3086048
3086052
3086056
3086057
3086058
3086059
3086060
3086061
3086065
3086066
3086070
3086071
3086072
3086076
3086080
3086084
3086088
3086089
3086090
3086285
3086286
3086287
3086289
3086290
3086291
3086293
3086294
3086296
3086298
3086300
3086302
3086304
3086305
3086308
3086310
3086312
3086314
3086315
3086317
3086319
3086320
3086322
3086323
3086325
3086328
3086331
3086334
3086337
3086338
3086339
3086340
3086341
3086342
3086343
3086346
3086349
3086350
3086351
3086352
3086355
3086358
3086361
3086398
3086399
3086400
3086401
3086402
3086403
3086404
3086407
3086408
3086409
3086410
3086411
3086412
3086413
3086414
3086417
3086418
3086419
3086420
3086421
3086422
3086427
3086428
3086429
3086430
3086431
3086432
3086434
3086436
3086438
3086439
3086440
3086442
3086444
3086449
3086454
3086457
3086458
3086459
3086460
3086461
3086462
3086465
3086468
3086471
3086472
3086473
3086474
3086475
3086476
3086479
3086481
3086483
3086485
3086487
3086489
3086491
3086493
3086495
3086497
3086499
3086501
3086504
3086509
3086514
3086519
3086524
3086529
3086530
3086531
3086536
3086541
3086546
3086551
3086552
3086553
3086554
3086556
3086558
3086560
3086562
3086564
3086566
3086568
3086570
3086572
3086657
3086658
3086659
3086660
3086661
3086662
3086663
3086664
3086665
3086666
3086667
3086668
3086693
3086694
3086695
3086696
3086697
3086698
3086699
3086700
3086701
3086702
3086703
3086704
3086731
3086758
3086759
3086760
3086761
3086762
3086770
3086778
3086779
3086787
3086788
3086796
3086804
3086805
3086813
3086821
3086829
3086832
3086833
3086834
3086835
3086836
3086837
3086840
3086842
3086844
3086846
3086848
3086850
3086852
3086854
3086856
3086858
3086861
3086864
3086865
3086868
3086871
3086874
3086875
3086876
3086877
3086880
3086883
3086886
3086887
3086890
3086891
3086900
3086901
3086902
3086903
3086904
3086905
3086906
3086907
3086908
3086909
3086910
3086919
3086925
3086931
3086932
3086933
3086934
3086940
3086946
3086952
3086958
3086963
3086964
3086965
3086971
3086972
3086973
3086974
3086975
3086976
3086977
3086978
3086979
3086985
3086991
3086993
3086995
3086997
3086999
3087000
3087002
3087004
3087005
3087006
3087008
3087009
3087010
3087011
3087017
3087022
3087027
3087032
3087033
3087034
3087035
3087036
3087037
3087040
3087043
3087044
3087047
3087050
3087053
3087056
3087059
3087062
3087065
3087068
3087071
3087074
3087077
3087078
3087079
3087082
3087085
3087088
3087093
3087098
3087103
3087104
3087105
3087106
3087107
3087108
3087109
3087110
3087116
3087117
3087118
3087119
3087120
3087121
3087122
3087123
3087129
3087134
3087135
3087136
3087138
3087140
3087142
3087143
3087145
3087147
3087149
3087151
3087153
3087155
3087157
3087162
3087163
3087164
3087165
3087166
3087167
3087168
3087173
3087178
3087183
3087188
3087193
3087198
3087203
3087208
3087213
3087219
3087221
3087223
3087225
3087227
3087228
3087230
3087231
3087232
3087233
3087235
3087236
3087237
3087238
3087239
3087240
3087246
3087252
3087258
3087259
3087260
3087261
3087262
3087263
3087264
3087267
3087269
3087271
3087273
3087275
3087277
3087279
3087281
3087283
3087285
3087288
3087291
3087294
3087297
3087300
3087306
3087307
3087308
3087309
3087310
3087311
3087312
3087313
3087319
3087325
3087331
3087332
3087338
3087340
3087342
3087344
3087346
3087348
3087350
3087352
3087354
3087356
3087358
3087360
3087362
3087374
3087378
3087382
3087386
3087390
3087391
3087395
3087396
3087397
3087398
3087399
3087400
3087401
3087405
3087409
3087410
3087411
3087415
3087416
3087417
3087418
3087419
3087420
3087421
3087425
3087426
3087427
3087428
3087429
3087430
3087431
3087432
3087433
3087437
3087441
3087442
3087446
3087479
3087481
3087483
3087485
3087487
3087489
3087491
3087492
3087493
3087494
3087495
3087497
3087499
3087501
3087503
3087505
3087506
3087507
3087508
3087509
3087511
3087512
3087513
3087514
3087515
3087534
3087535
3087536
3087537
3087545
3087546
3087547
3087548
3087549
3087550
3087556
3087562
3087563
3087564
3087565
3087570
3087571
3087572
3087573
3087574
3087575
3087576
3087581
3087586
3087591
3087596
3087601
3087606
3087607
3087612
3087617
3087622
3087627
3087632
3087633
3087634
3087635
3087636
3087637
3087638
3087639
3087640
3087641
3087646
3087647
3087648
3087649
3087650
3087651
3087652
3087653
3087654
3087660
3087661
3087662
3087667
3087672
3087677
3087678
3087679
3087680
3087681
3087686
3087687
3087688
3087689
3087690
3087691
3087692
3087693
3087694
3087695
3087696
3087701
3087706
3087711
3087713
3087714
3087716
3087718
3087719
3087721
3087723
3087725
3087727
3087729
3087731
3087733
3087738
3087739
3087745
3087747
3087749
3087751
3087753
3087755
3087756
3087757
3087758
3087759
3087761
3087763
3087764
3087765
3087766
3087767
3087769
3087770
3087772
3088004
3088005
3088006
3088007
3088008
3088009
3088010
3088011
3088012
3088013
3088014
3088015
3088016
3088017
3088018
3088019
3088020
3088021
3088022
3088023
3088024
3088025
3088026
3088027
3088028
3088029
3088159
3088160
3088290
3088445
3088446
3088447
3088448
3088449
3088450
3088451
3088452
3088453
3088454
3088455
3088661
3088813
3088909
3089006
3089103
3089104
3089105
3089202
3089277
3089352
3089427
3089503
3089579
3089656
3089657
3089658
3089722
3089793
3089864
3089928
3089992
3090056
3090127
3090202
3090305
3090404
3090567
3090568
3090633
3090692
3090751
3090810
3090869
3090928
3090992
3091056
3091057
3091109
3091110
3091162
3091163
3091164
3091216
3091217
3091218
3091219
3091220
3091221
3091467
3091652
3091653
3091654
3091838
3092023
3092214
3092406
3092409
3092410
3092413
3092416
3092419
3092420
3092423
3092424
3092425
3092426
3092427
3092430
3092431
3092434
3092437
3092440
3092443
3092446
3092449
3092452
3092455
3092456
3092457
3092458
3092459
3092460
3092463
3092466
3092469
3092472
3092473
3092474
3092475
3092478
3092481
3092484
3092485
3092488
3092491
3092492
3092493
3092496
3092499
3092784
3092982
3093173
3093372
3093572
3093771
3093972
3094173
3094375
3094376
3094377
3094378
3094379
3094380
3094381
3094526
3094527
3094672
3094673
3094674
3094675
3094892
3094893
3094894
3094895
3094896
3094897
3094898
3094899
3094900
3094901
3094902
3094903
3094904
3094905
3094906
3095014
3095080
3095081
3095147
3095148
3095211
3095274
3095336
3095337
3095399
3095463
3095527
3095592
3095656
3095720
3095806
3095891
3095892
3096120
3096121
3096122
3096123
3096124
3096125
3096126
3096127
3096128
3096129
3096130
3096131
3096132
3096133
3096134
3096135
3096136
3096137
3096202
3096204
3096206
3096207
3096208
3096209
3096211
3096212
3096213
3096214
3096216
3096217
3096219
3096221
3096222
3096223
3096224
3096225
3096227
3096229
3096231
3096233
3096235
3096236
3096237
3096238
3096240
3096241
3096242
3096243
3096244
3096246
3096247
3096249
3096250
3096252
3096254
3096256
3096258
3096260
3096261
3096263
3096264
3096266
3096267
3096269
3096270
3096272
3096274
3096276
3096278
3096279
3096281
3096283
3096285
3096287
3096289
3096291
3096293
3096295
3096297
3096298
3096300
3096302
3096304
3096306
3096308
3096309
3096310
3096741
3096742
3096743
3096745
3096747
3096749
3096751
3096753
3096755
3096757
3096759
3096761
3096762
3096764
3096766
3096767
3096769
3096771
3096773
3096774
3096776
3096778
3096780
3096782
3096784
3096785
3096786
3096787
3096788
3096790
3096792
3096794
3096795
3096796
3096797
3096798
3096799
3096801
3096802
3096803
3096890
3096963
3096964
3096965
3096966
3096967
3096968
3096969
3096970
3096971
3096972
3096973
3096974
3096975
3096976
3096977
3096978
3096979
3097012
3097013
3097014
3097015
3097016
3097017
3097018
3097019
3097020
3097021
3097022
3097023
3097024
3097052
3097053
3097055
3097056
3097057
3097058
3097060
3097061
3097063
3097064
3097066
3097068
3097070
3097072
3097073
3097074
3097076
3097077
3097078
3097079
3097081
3097083
3097084
3097085
3097086
3097088
3097090
3097092
3097094
3097096
3097098
3097100
3097102
3097103
3097105
3097107
3097108
3097137
3097138
3097139
3097140
3097141
3097142
3097143
3097144
3097145
3097146
3097147
3097170
3097192
3097193
3097194
3097216
3097238
3097260
3097283
3097284
3097307
3097328
3097349
3097370
3097391
3097413
3097434
3097455
3097476
3097497
3097532
3097533
3097535
3097537
3097538
3097540
3097541
3097543
3097545
3097546
3097547
3097549
3097551
3097553
3097555
3097562
3097564
3097565
3097566
3097567
3097568
3097570
3097572
3097573
3097574
3097575
3097576
3097578
3097580
3097582
3097584
3097586
3097587
3097589
3097590
3097597
3097598
3097599
3097600
3097605
3097606
3097607
3097612
3097613
3097614
3097615
3097616
3097617
3097618
3097623
3097624
3097625
3097626
3097627
3097628
3097633
3097638
3097643
3097648
3097649
3097654
3097659
3097664
3097669
3097674
3097679
3097684
3097685
3097686
3097687
3097688
3097689
3097694
3097713
3097718
3097723
3097724
3097725
3097726
3097727
3097728
3097729
3097730
3097731
3097736
3097737
3097738
3097739
3097740
3097741
3097742
3097747
3097752
3097757
3097758
3097759
3097760
3097765
3097770
3097771
3097776
3097777
3097782
3097787
3097792
3097797
3097798
3097803
3097808
3097809
3097810
3097811
3097812
3097813
3097814
3097815
3097816
3097817
3097824
3097825
3097826
3097827
3097828
3097835
3097842
3097849
3097850
3097851
3097852
3097853
3097860
3097867
3097874
3097875
3097876
3097877
3097878
3097950
3097951
3097952
3097953
3097991
3098029
3098066
3098067
3098068
3098106
3098107
3098108
3098145
3098183
3098184
3098185
3098224
3098225
3098226
3098264
3098266
3098267
3098268
3098269
3098271
3098273
3098274
3098275
3098277
3098278
3098279
3098281
3098283
3098284
3098286
3098288
3098289
3098290
3098292
3098294
3098295
3098296
3098298
3098300
3098302
3098303
3098340
3098341
3098393
3098394
3098395
3098396
3098397
3098398
3098399
3098400
3098401
3098402
3098447
3098448
3098449
3098450
3098451
3098452
3098499
3098546
3098593
3098641
3098642
3098643
3098644
3098645
3098646
3098695
3098744
3098777
3098778
3098779
3098780
3098813
3098846
3098847
3098848
3098849
3098883
3098915
3098948
3098982
3099016
3099017
3099018
3099019
3099020
3099130
3099214
3099217
3099218
3099219
3099220
3099223
3099224
3099225
3099226
3099227
3099228
3099229
3099230
3099231
3099234
3099235
3099236
3099237
3099238
3099239
3099240
3099241
3099242
3099245
3099246
3099247
3099248
3099249
3099250
3099251
3099252
3099253
3099263
3099264
3099265
3099266
3099267
3099268
3099269
3099270
3099271
3099272
3099273
3099274
3099275
3099276
3099286
3099296
3099306
3099316
3099326
3099336
3099346
3099356
3099366
3099367
3099369
3099371
3099373
3099374
3099375
3099377
3099379
3099380
3099381
3099383
3099385
3099387
3099389
3099391
3099392
3099393
3099395
3099396
3099397
3099398
3099400
3099410
3099411
3099421
3099422
3099432
3099433
3099434
3099444
3099454
3099464
3099465
3099466
3099467
3099477
3099479
3099481
3099482
3099483
3099484
3099486
3099488
3099490
3099492
3099494
3099495
3099496
3099497
3099499
3099501
3099503
3099505
3099507
3099509
3099511
3099513
3099514
3099580
3099635
3099690
3099745
3099746
3099747
3099802
3099803
3099804
3099805
3099806
3099807
3099808
3099869
3099923
3099924
3099925
3099975
3100019
3100020
3100021
3100022
3100023
3100024
3100025
3100026
3100069
3100114
3100159
3100220
3100221
3100222
3100284
3100328
3100329
3100330
3100374
3100375
3100376
3100377
3100378
3100379
3100380
3100425
3100426
3100427
3100428
3100429
3100430
3100431
3100432
3100477
3100522
3100568
3100569
3100570
3100571
3100572
3100573
3100619
3100620
3100621
3100622
3100623
3100624
3100625
3100626
3100627
3100628
3100673
3100674
3100675
3100676
3100756
3100760
3100764
3100765
3100766
3100767
3100771
3100772
3100773
3100774
3100775
3100779
3100781
3100783
3100785
3100787
3100789
3100791
3100793
3100795
3100796
3100799
3100800
3100803
3100804
3100805
3100808
3100811
3100814
3100818
3100819
3100820
3100824
3100828
3100832
3100836
3100837
3100838
3100839
3100840
3100844
3100848
3100852
3100853
3100854
3100855
3100856
3100860
3100864
3100868
3100872
3100909
3100910
3100911
3100919
3100920
3100921
3100929
3100934
3100939
3100944
3100949
3100954
3100955
3100957
3100958
3100960
3100962
3100964
3100966
3100968
3100970
3100971
3100972
3100973
3100978
3100979
3100980
3100981
3100982
3100983
3100984
3100985
3100990
3100991
3100996
3101001
3101002
3101003
3101004
3101005
3101006
3101007
3101008
3101009
3101010
3101015
3101016
3101017
3101018
3101019
3101020
3101021
3101022
3101023
3101030
3101037
3101044
3101051
3101052
3101053
3101054
3101055
3101056
3101057
3101058
3101065
3101072
3101079
3101086
3101087
3101088
3101089
3101090
3101091
3101092
3101093
3101094
3101095
3101102
3101109
3101110
3101111
3101112
3101113
3101114
3101115
3101122
3101129
3101136
3101137
3101144
3101151
3101152
3101159
3101160
3101161
3101162
3101163
3101170
3101177
3101248
3101319
3101390
3104101
3104102
3104783
3104784
3104785
3104786
3104787
3105471
3105989
3106488
3106985
3107735
3107737
3107738
3107740
3107742
3107744
3107745
3107746
3107747
3107748
3107750
3107752
3107754
3107756
3107758
3107760
3107762
3107763
3107765
3107766
3107768
3107770
3107772
3107773
3107775
3107777
3107779
3107781
3107782
3107784
3107786
3107787
3107788
3107789
3107790
3107792
3107794
3107922
3108044
3108164
3108279
3108394
3108509
3108510
3108511
3108627
3108749
3109521
3109522
3109523
3109524
3109525
3109526
3109527
3109528
3109529
3109530
3109531
3109532
3109533
3109534
3109535
3109536
3109537
3110361
3110362
3110363
3110364
3110365
3110366
3110367
3110368
3110369
3110370
3110371
3110372
3110373
3110374
3110375
3110376
3110377
3110378
3110379
3110380
3110499
3110590
3110681
3110771
3110853
3110854
3110946
3110947
3110948
3111040
3111172
3111173
3111174
3111175
3111176
3111177
3111178
3111179
3111180
3111181
3111182
3111183
3111184
3111185
3111186
3111187
3111188
3111189
3111190
3111191
3111471
3111472
3111473
3111474
3111475
3111476
3111477
3111478
3111479
3111480
3111481
3111482
3111483
3111853
3112214
3114170
3114171
3114172
3114173
3114174
3114175
3114176
3114177
3114178
3115871
3115872
3115873
3115874
3115875
3115876
3115877
3115878
3115879
3115880
3115881
3115882
3115883
3115884
3115885
3115886
3115887
3115888
3115889
3115890
3115891
3115892
3115893
3115894
3115895
3115896
3115897
3115898
3115899
3115900
3115901
3115902
3115903
3115904
3115905
3115960
3116015
3116099
3116100
3116101
3116107
3116113
3116114
3116116
3116117
3116118
3116119
3116120
3116122
3116123
3116124
3116126
3116128
3116130
3116136
3116142
3116143
3116144
3116145
3116146
3116147
3116148
3116149
3116150
3116151
3116152
3116153
3116159
3116165
3116166
3116167
3116168
3116169
3116170
3116171
3116172
3116173
3116174
3116180
3116181
3116187
3116188
3116194
3116200
3116206
3116212
3116218
3116220
3116221
3116222
3116224
3116225
3116227
3116229
3116231
3116232
3116233
3116234
3116235
3116237
3116238
3116240
3116246
3116247
3116248
3116254
3116260
3116266
3116272
3116273
3116274
3116280
3116286
3116287
3116288
3116289
3116290
3116291
3116292
3116293
3116294
3116295
3116296
3116302
3116308
3116309
3116310
3116311
3116317
3116318
3116319
3116320
3116321
3116326
3116331
3116336
3116341
3116346
3116347
3116352
3116357
3116362
3116367
3116372
3116377
3116382
3116383
3116384
3116385
3116386
3116387
3116388
3116389
3116390
3116397
3116399
3116401
3116403
3116405
3116407
3116409
3116411
3116413
3116415
3116417
3116419
3116421
3116423
3116425
3116427
3116429
3116431
3116433
3116435
3116500
3116502
3116504
3116505
3116507
3116508
3116509
3116510
3116511
3116512
3116514
3116516
3116518
3116520
3116522
3116523
3116524
3116526
3116527
3116528
3116529
3116531
3116533
3116535
3116537
3116539
3116540
3116542
3116544
3116545
3116546
3116547
3116549
3116550
3116551
3116552
3116553
3116555
3116870
3117180
3117181
3312807
3325413
3334271
3351650
3413035
3492889
4289362
4289363
4294382
4297696
4297697
4297698
4297699
4297700
4297701
4297702
4301663
4304214
4306970
4306971
4306972
4310317
4312283
4312284
4312285
4314413
4322522
4328103
4328104
4328105
4328106
4328107
4328108
4328109
4328110
4328111
4345297
4345298
4386206
4386207
4394814
4394815
4401781
4409918
4414578
4418306
4440711
4440712
4447118
4447119
4447120
4447121
4455871
4461225
4466699
4466700
4473018
4473019
4481816
4571877
4596402
4608563
4618927
4631415
4637272
4643089
4648623
4653556
4658451
4673879
4693264
4703671
4712101
4720269
4720270
4720271
4720272
4720273
4720274
4720275
4720276
4720277
4733205
4760860
4760861
4769311
4778053
4778054
4778055
4778056
4787667
4797931
4819344
4819345
4819346
4838342
4838343
5050424
5051326
5051327
5052227
5053132
5053133
5054081
5055410
5056344
5057281
5057987
5057988
5058971
5058972
5060256
5060257
5060258
5060259
5060260
5062044
5062045
5062046
5062047
5065627
5069207
5083539
5085686
5087754
5090091
5090806
5090807
5091741
5092395
5092396
5092397
5092398
5092399
5093028
5093986
5093987
5093988
5093989
5093990
5094780
5096784
5096785
5096786
5099333
5101693
5104062
5106492
5106493
5106494
5106495
5106496
5106497
5106498
5106499
5114803
5125870
5125871
5125872
5125873
5125874
5125875
5125876
5125877
5130477
5135028
5138907
5143622
5143623
5143624
5143625
5143626
5143627
5143628
5143629
5143630
5147215
5150743
5154135
5159874
5163778
5163779
5163780
5168911
5168912
5168913
5168914
5175218
5176431
5178884
5181336
5183519
5186024
5188403
5190714
5190715
5190716
5190717
5190718
5192575
5194995
5197803
5200477
5203047
5205771
5209558
5210483
5211428
5211429
5211430
5211431
5211432
5211433
5212118
5212541
5212966
5213383
5213384
5213385
5213810
5213811
5213812
5214528
5215206
5215207
5215208
5215209
5215210
5215887
5216580
5217291
5217292
5222945
5222946
5222947
5224044
5224045
5224046
5224047
5224048
5224049
5224050
5224051
5259426
5259575
5259576
5259577
5259612
5259647
5259682
5259716
5259757
5259786
5259788
5259790
5259792
5259794
5259796
5259797
5259799
5259801
5259802
5259804
5259805
5259806
5259808
5259810
5259812
5259813
5259814
5259815
5259816
5259818
5259820
5259822
5259823
5259825
5259827
5259829
5259830
5259831
5259833
5259835
5259837
5259839
5259841
5259843
5259912
5259947
5259981
5260015
5260049
5260050
5260085
5260117
5260120
5260121
5260122
5260123
5260124
5260125
5260128
5260129
5260132
5260133
5260134
5260135
5260138
5260141
5260144
5260147
5260150
5260151
5260154
5260157
5260158
5260159
5260160
5260161
5260164
5260167
5260170
5260173
5260176
5260177
5260178
5260179
5260182
5260185
5260188
5260191
5260192
5260193
5260194
5260195
5260198
5260199
5260200
5260201
5260202
5260205
5260208
5260241
5260243
5260245
5260246
5260247
5260249
5260251
5260253
5260255
5260257
5260259
5260261
5260263
5260265
5260267
5260269
5260271
5260273
5260275
5260277
5260278
5260280
5260282
5260284
5260285
5260287
5260289
5260291
5260293
5260295
5260330
5260358
5260386
5260414
5260442
5260470
5260498
5260526
5260554
5260582
5260610
5260638
5260666
5260694
5260723
5260724
5260725
5260726
5260727
5260728
5260729
5260730
5260731
5260732
5260733
5260734
5260735
5260777
5260779
5260781
5260783
5260785
5260786
5260787
5260788
5260789
5260791
5260793
5260795
5260797
5260799
5260801
5260803
5260805
5260806
5260807
5260809
5260811
5260813
5260815
5260817
5260818
5260820
5260822
5260823
5260825
5260826
5260828
5260830
5260832
5260834
5260836
5260838
5260839
5260840
5260841
5260894
5260896
5260898
5260900
5260902
5260904
5260905
5260907
5260909
5260910
5260911
5260913
5260915
5260916
5260917
5260919
5260921
5260922
5260924
5260925
5260927
5260929
5260931
5260933
5260935
5260937
5260939
5260991
5260994
5260997
5261000
5261001
5261004
5261007
5261010
5261011
5261012
5261013
5261016
5261019
5261022
5261025
5261026
5261027
5261028
5261029
5261030
5261033
5261036
5261039
5261042
5261043
5261046
5261049
5261050
5261053
5261054
5261055
5261058
5261059
5261060
5261061
5261062
5261065
5261066
5261067
5261068
5261071
5261072
5261073
5261074
5261075
5261110
5261111
5261112
5261114
5261116
5261118
5261120
5261122
5261124
5261125
5261126
5261127
5261128
5261130
5261131
5261132
5261134
5261136
5261138
5261140
5261142
5261144
5261178
5261179
5261213
5261247
5261280
5261313
5261804
5261887
5261969
5261970
5261971
5261972
5262055
5262138
5262139
5262207
5262276
5262345
5262416
5262503
5262504
5262505
5262506
5262507
5262508
5262509
5262510
5262511
5262512
5262513
5262514
5262515
5262516
5262517
5262518
5262610
5262611
5262612
5262613
5262614
5262615
5262616
5262617
5262618
5262619
5262620
5262621
5262622
5262623
5262624
5262625
5262733
5262734
5262735
5262736
5262737
5262738
5262739
5262740
5262741
5262742
5262743
5262744
5262745
5262746
5262747
5262748
5262836
5262878
5262880
5262882
5262884
5262886
5262887
5262889
5262891
5262893
5262895
5262897
5262899
5262900
5262901
5262902
5262904
5262906
5262908
5262910
5262911
5262912
5262913
5262915
5262916
5262918
5262920
5262922
5262923
5262925
5262927
5262928
5262930
5262932
5262933
5262934
5262935
5262937
5262938
5262939
5262940
5262941
5262978
5262979
5262985
5262986
5262991
5262992
5262993
5262998
5263003
5263008
5263009
5263010
5263011
5263012
5263013
5263018
5263023
5263024
5263025
5263026
5263027
5263028
5263029
5263030
5263031
5263036
5263041
5263046
5263051
5263052
5263053
5263054
5263055
5263056
5263057
5263058
5263059
5263060
5263066
5263068
5263069
5263071
5263073
5263075
5263077
5263079
5263080
5263081
5263083
5263084
5263085
5263086
5263088
5263090
5263092
5263098
5263104
5263110
5263111
5263112
5263113
5263119
5263120
5263121
5263122
5263123
5263124
5263130
5263131
5263132
5263133
5263139
5263140
5263141
5263142
5263143
5263144
5263145
5263146
5263147
5263148
5263149
5263155
5263157
5263159
5263161
5263163
5263165
5263166
5263167
5263168
5263169
5263170
5263172
5263173
5263174
5263175
5263225
5263226
5263227
5263228
5263229
5263230
5263231
5263232
5263233
5263234
5263283
5263332
5263381
5263382
5263431
5263480
5263574
5263619
5263620
5263621
5263622
5263667
5263712
5263713
5263714
5263715
5263717
5263719
5263721
5263723
5263725
5263727
5263728
5263730
5263732
5263733
5263734
5263736
5263738
5263740
5263742
5263744
5263746
5263748
5263750
5263751
5263752
5263754
5263756
5263758
5263759
5263760
5263762
5263764
5263766
5263767
5263769
5263771
5263772
5263774
5353274
5353275
5353276
5353277
5353278
5353279
5353280
5353281
5353282
5353283
5353284
5353285
5353286
5353287
5353288
5353289
5353290
5353291
5353292
5353571
5354304
5355072
5355296
5355523
5355524
5355525
5355526
5355527
5355528
5355529
5355530
5355531
5355532
5355533
5355674
5355815
5356042
5356043
5356044
5356045
5356283
5356506
5356507
5356508
5356509
5356510
5356511
5356512
5356513
5356514
5356748
5358284
5358363
5358442
5358516
5358590
5358591
5358592
5358637
5358684
5358685
5358686
5358687
5358734
5358782
5358829
5358876
5358877
5358878
5358925
5358972
5359018
5359098
5359171
5359245
5359319
5359392
5359465
5359538
5359612
5360116
5360445
5360446
5360447
5360448
5360449
5360450
5360451
5360452
5360453
5360635
5360636
5360637
5360815
5361003
5361004
5361005
5361006
5361007
5361008
5361009
5361010
5361011
5361192
5361372
5361553
5361554
5361745
5361748
5361750
5361752
5361754
5361756
5361758
5361760
5361762
5361765
5361768
5361771
5361774
5361777
5361780
5361783
5361786
5361789
5361792
5361793
5361794
5361795
5361798
5361799
5361800
5361801
5361802
5361803
5361806
5361807
5361810
5361813
5361814
5361815
5361816
5361817
5361818
5361819
5361822
5361825
5361828
5361829
5361830
5361831
5361834
5361837
5361838
5361839
5361840
5361841
5361842
5361843
5361846
5361849
5362876
5363642
5364410
5365248
5365249
5366001
5366899
5367771
5368649
5369538
5370529
5371038
5371527
5371528
5371529
5371898
5372265
5372727
5373193
5373705
5374230
5374706
5375235
5375616
5375617
5375618
5375619
5376005
5376391
5376751
5376752
5376753
5376754
5376755
5376756
5377130
5377131
5377132
5377133
5377134
5377135
5377785
5378338
5378797
5379386
5379739
5380079
5380080
5380081
5380422
5380761
5381114
5381540
5384826
5384827
5384828
5387654
5390847
5393437
5395447
5397402
