0
1
2
6001
6002
6003
6004
6005
15359
15360
22649
23663
24668
26161
27092
28001
32435
39715
46141
46142
50912
50913
50914
55652
60105
68351
81010
94619
94620
94621
99351
103843
103844
103845
103846
103847
103848
128093
160799
172749
181970
191360
191361
191362
191363
191364
191365
197511
203894
208938
214290
214291
214292
218365
223732
236205
244018
248790
250864
252857
254439
254440
254441
254442
254443
263255
267265
270489
273534
279426
279427
282064
282065
282066
282067
284773
287813
287814
287815
289325
289326
289327
292419
292420
292421
292422
292423
292424
292425
292426
292427
292428
292429
292430
292431
292432
292433
292434
306624
317567
317568
317569
317570
318406
319174
319955
319956
319957
319958
319959
319960
321231
321232
321233
321604
321822
322035
322236
322446
322663
322881
323083
323291
323492
323924
323925
323926
323927
323928
323929
323930
323931
323932
323933
323934
323935
323936
323937
323938
323939
323940
323941
324319
324677
325018
325377
325721
326065
326410
327009
327010
327011
327350
327525
327578
327579
327632
327633
327687
327688
327689
327690
327691
327692
327693
327694
327695
327696
327844
327991
328141
328142
328143
328144
328145
328146
328147
328148
328149
328150
328151
328152
328301
328302
328303
328304
328305
328306
328307
329689
329690
329691
329692
329693
329694
329695
329696
329697
329698
329699
329700
329701
329702
329703
329704
329705
329706
329707
329708
329709
332298
332299
332300
332301
332302
332303
332304
332305
333697
335069
336912
338766
338767
338768
338769
338770
338771
338772
338773
338774
339127
339128
339129
342237
343368
344501
345635
346732
346733
347791
347792
348948
352139
353264
353498
353499
353683
353856
354031
354196
354360
354527
354697
354938
354939
354940
355063
355189
355316
355411
355495
355496
355497
355583
355584
355585
355586
355587
355588
355589
355590
355591
355592
355593
355594
355595
355596
355729
355730
355731
355732
355733
355734
355735
355736
355737
355738
355739
355740
355741
355862
355982
356086
356087
356088
356089
356090
356091
356092
356093
356094
356211
362227
364395
366795
369391
369821
369822
369823
369824
370091
370354
370630
371023
371834
372548
372549
373833
373834
373835
373836
375691
376295
376296
376872
376873
376874
376875
376876
377540
378029
378030
378031
378517
379015
379016
379017
379180
379319
379444
379570
382267
382886
383506
383858
384195
384196
384197
384198
384199
384535
385083
385843
387233
388831
389388
389389
389390
389754
390297
390842
391549
391550
391551
392406
393255
394409
397292
398427
399539
400762
400763
400764
400765
401423
402316
403177
404064
406689
406690
408025
408026
409382
410915
414990
417003
419051
419053
419055
419056
419057
419059
419061
419062
419063
419065
419067
419069
419071
419072
419074
419076
419078
419079
419080
419081
419083
419085
419087
419088
419089
419090
419092
419094
419095
419097
419099
434580
434688
434689
434797
434798
434906
434907
434909
434910
434912
434914
434916
434918
434920
434922
434924
434926
434928
434930
434931
434933
434934
434935
434936
434937
434939
434940
434942
434943
434944
434945
434946
434948
434949
434950
434952
434953
434955
434957
434959
434961
434987
435013
435039
435065
435090
435115
435140
435165
435192
435218
435244
435270
435296
435322
435354
435355
435356
435358
435359
435360
435362
435363
435364
435366
435368
435370
435371
435372
435373
435374
435375
435376
435378
435379
435380
435381
435382
435383
435384
435386
435387
435388
435389
435390
435391
435392
435393
435420
435448
435476
435477
435478
435479
435506
435507
435508
435509
435510
435538
435539
435540
435541
435573
435574
435604
435635
435666
435697
435727
435728
435729
435760
435791
435821
435851
435881
435912
435943
435944
435945
435946
435947
435948
435949
435950
435951
435952
435953
435954
435955
435956
435987
436017
436047
436078
436108
436109
436140
436217
436294
436403
436405
436407
436408
436409
436410
436412
436414
436415
436416
436417
436419
436420
436421
436422
436423
436429
436430
436431
436432
436433
436434
436435
436436
436437
436438
436439
436440
436447
436453
436459
436465
436466
436472
436478
436479
436480
436481
436487
436493
436494
436495
436496
436497
436498
436499
436505
436511
436519
436520
436521
436522
436537
436538
436539
436540
436541
436548
436555
436562
436564
436566
436568
436570
436571
436572
436574
436576
436577
436579
436580
436581
436583
436584
436591
436598
436605
436612
436613
436614
436621
436622
436623
436624
436625
436632
436639
436646
436653
436654
436655
436656
436663
436670
436677
436678
436679
436681
436683
436684
436686
436687
436689
436691
436693
436695
436697
436699
436708
436709
436710
436711
436712
436713
436714
436715
436716
436717
436718
436733
436747
436748
436749
436750
436751
436752
436753
436754
436755
436756
436757
436758
436759
436760
436774
436788
436802
436803
436804
436818
436832
436833
436834
436848
436849
436850
436851
436852
436853
436854
436868
436882
436945
436950
436954
436958
436959
436960
436961
436965
436969
436973
436977
436981
436985
436986
436987
436990
436993
436996
436999
437000
437001
437002
437005
437006
437007
437008
437011
437014
437017
437020
437023
437028
437033
437038
437039
437044
437049
437054
437055
437056
437061
437066
437067
437068
437073
437078
437083
437088
437089
437090
437091
437092
437093
437094
437095
437100
437105
437106
437111
437112
437113
437118
437123
437127
437131
437135
437139
437143
437144
437148
437152
437153
437154
437155
437159
437160
437161
437162
437163
437164
437165
437166
437167
437168
437169
437173
437177
437178
437179
437180
437181
437182
437186
437253
437254
437255
437256
437257
437258
437259
437260
437261
437262
437263
437264
437265
437266
437267
437268
437269
437270
437320
437370
437404
437406
437408
437409
437410
437411
437412
437413
437414
437416
437418
437419
437421
437423
437425
437426
437427
437428
437429
437430
437431
437433
437435
437437
437439
437441
437443
437444
437445
437447
437448
437449
437450
437451
437491
437492
437524
437525
437557
437558
437559
437560
437592
437623
437653
437683
437713
437745
437778
437781
437784
437787
437790
437793
437794
437797
437798
437799
437800
437803
437806
437809
437810
437813
437816
437819
437822
437823
437824
437825
437828
437831
437834
437837
437840
437843
437846
437847
437848
437851
437854
437855
437858
437861
437864
437867
437870
437873
437874
437877
437878
437881
437884
437887
437888
437889
437890
437893
437896
437899
437900
437903
437938
437939
437940
437941
437942
437943
437944
437979
437982
437985
437986
437987
437988
437989
437992
437995
437996
437997
437998
437999
438000
438001
438002
438003
438006
438007
438008
438009
438012
438015
438016
438017
438020
438021
438022
438023
438026
438029
438032
438035
438036
438037
438038
438041
438044
438045
438046
438047
438050
438158
438160
438162
438163
438165
438167
438169
438171
438173
438175
438176
438177
438179
438180
438182
438184
438185
438186
438188
438189
438190
438191
438193
438195
438197
438199
438201
438202
438203
438204
438205
438207
438209
438256
438257
438304
438357
438409
438461
438513
438565
438617
438669
438703
438704
438705
438706
438707
438708
438709
438710
438711
438712
438713
438714
438715
438716
438717
438718
438719
438720
438797
438798
438864
438865
438866
438867
438868
438943
439205
439206
439207
439208
439209
439210
439211
439212
439213
439219
439225
439231
439232
439233
439239
439240
439241
439242
439243
439244
439250
439256
439257
439263
439269
439275
439281
439284
439287
439290
439291
439294
439295
439298
439301
439302
439305
439308
439311
439312
439313
439314
439315
439316
439317
439318
439319
439324
439325
439326
439327
439328
439329
439335
439341
439347
439348
439349
439350
439351
439357
439363
439369
439375
439376
439377
439378
439379
439380
439381
439382
439383
439384
439385
439386
439392
439398
439399
439408
439417
439426
439435
439444
439453
439455
439456
439457
439458
439459
439461
439463
439464
439466
439468
439470
439472
439474
439476
439566
439567
439568
439569
439570
439571
439572
439573
439574
439724
439725
439726
439727
439728
439729
439730
439731
439732
439733
439734
439735
439736
439737
439738
439739
439740
439741
439742
439743
439900
439901
439902
439903
439907
439908
439909
439910
439914
439918
439922
439926
439930
439934
439938
439942
439946
439947
439948
439949
439950
439951
439955
439956
439957
439958
439959
439960
439961
439962
439963
439964
439965
439969
439973
439977
439978
439982
439983
439984
439988
439990
439992
439994
439996
439998
440000
440002
440004
440006
440008
440010
440012
440014
440016
440020
440024
440025
440029
440033
440037
440038
440042
440043
440044
440045
440046
440047
440051
440052
440053
440054
440055
440056
440057
440058
440062
440066
440067
440071
440075
440079
440083
440084
440088
440092
440096
440100
440104
440108
440112
440113
440114
440118
440122
440123
440124
440125
440221
440244
440245
440246
440247
440248
440249
440250
440251
440252
440253
440254
440255
440256
440257
440258
440280
440281
440282
440283
440284
440285
440286
440287
440288
440289
440290
440291
440292
440293
440294
440295
440316
440317
440318
440319
440320
440321
440322
440323
440324
440325
440326
440327
440328
440329
440330
440331
440353
440373
440393
440413
440433
440453
440455
440456
440457
440458
440459
440461
440463
440464
440465
440467
440468
440469
440470
440472
440474
440475
440476
440477
440479
440499
440528
440529
440530
440531
440533
440534
440535
440536
440537
440539
440541
440543
440545
440547
440549
440551
440552
440553
440555
440556
440567
440578
440589
440600
440601
440602
440603
440604
440605
440606
440607
440618
440629
440630
440631
440632
440643
440644
440655
440666
440677
440678
440690
440691
440692
440693
440694
440695
440707
440708
440709
440710
440711
440712
440713
440714
440715
440716
440717
440718
440719
440720
440721
440722
440723
440735
440747
440759
440760
440772
440784
440796
440808
440821
440827
440828
440829
440835
440836
440837
440843
440844
440845
440846
440852
440854
440856
440858
440860
440862
440863
440865
440866
440868
440870
440872
440874
440875
440880
440881
440882
440883
440884
440885
440891
440892
440893
440894
440895
440896
440897
440900
440903
440904
440905
440908
440909
440910
440911
440912
440913
440914
440915
440918
440936
440937
440938
440939
440940
440941
440942
440954
440955
440956
440957
440958
440962
440966
440967
440971
440972
440976
440980
440984
440988
440992
440993
440994
440995
440996
440997
441001
441005
441006
441007
441008
441009
441010
441013
441016
441019
441022
441023
441024
441025
441026
441027
441030
441042
441043
441044
441045
441046
441047
441049
441050
441052
441054
441056
441057
441059
441061
441063
441064
441074
441075
441085
441118
441136
441154
441172
441189
441206
441223
441224
441240
441241
441258
441275
441293
441296
441299
441300
441301
441304
441307
441310
441311
441314
441315
441318
441319
441322
441325
441328
441329
441332
441335
441338
441341
441342
441345
441348
441351
441354
441357
441360
441363
441364
441365
441366
441383
441400
441417
441434
441435
441436
441437
441455
441457
441459
441461
441463
441465
441467
441469
441470
441472
441474
441475
441476
441478
441480
441482
441484
441486
441488
441489
441491
441492
441493
441495
441509
441510
441522
441523
441524
441525
441526
441533
441540
441541
441548
441555
441556
441557
441564
441565
441566
441567
441568
441569
441576
441583
441590
441597
441599
441601
441603
441605
441607
441608
441610
441611
441613
441615
441617
441619
441621
441623
441625
441627
441629
441631
441633
441640
441647
441648
441649
441656
441663
441664
441665
441666
441667
441668
441669
441670
441677
441678
441685
441692
441693
441700
441707
441708
441709
441710
441711
441712
441713
441720
441721
441722
441723
441724
441725
441726
441727
441740
441741
441742
441743
441744
441745
441746
441747
441748
441749
441750
441751
441752
441764
441777
441778
441779
441780
441781
441782
441783
441784
441787
441788
441791
441792
441793
441794
441795
441796
441797
441798
441801
441804
441805
441808
441809
441812
441815
441816
441817
441820
441821
441822
441823
441826
441829
441832
441833
441834
441836
441838
441840
441841
441842
441844
441846
441848
441850
442255
442258
442259
442260
442263
442264
442265
442268
442271
442274
442275
442278
442279
442280
442283
442286
442289
442290
442293
442296
442297
442298
442301
442304
442307
442308
442309
442312
442315
442316
442317
442320
442323
442326
442329
442332
442335
442338
442341
442344
442517
442671
442825
442826
442827
442828
442829
442830
442831
442832
442833
442834
442835
442836
442837
442838
442839
442840
442841
442842
442843
443012
443204
443205
443206
443207
443208
443209
443210
443211
443212
443213
443214
443215
443216
443217
443218
443219
443220
443221
443222
443223
443224
443371
443372
443552
443553
443554
443555
443556
443557
443558
443559
443560
443561
443562
443563
443564
443565
443566
443567
443568
443569
443570
443571
443670
443767
443864
443960
444058
444146
444232
444314
444408
444500
444501
444595
444687
444688
444742
444796
444849
444902
444956
445057
445156
445402
445404
445405
445406
445407
445408
445410
445412
445414
445416
445418
445420
445422
445423
445424
445426
445428
445430
445432
445434
445436
445438
445440
445441
445443
445445
445447
445449
445451
445453
445454
445700
445906
446112
446113
446114
446325
446536
446821
446927
446928
446929
446930
446931
446932
446934
446935
446936
446937
446938
446939
446940
446941
446943
446944
446946
446948
446949
446950
446951
446952
446954
446956
446958
446960
446961
446962
446964
446966
446967
446968
446969
446971
446973
446974
446975
446977
446978
446980
446983
446984
446985
446986
446987
446988
446990
446992
446994
446995
447062
447063
447064
447065
447066
447067
447068
447069
447070
447071
447072
447073
447074
447075
447076
447077
447078
447079
447080
447081
447082
447083
447269
447270
447385
447498
447611
447612
447613
447614
447732
447856
447857
447858
447859
447860
447861
447862
447863
447864
447865
447866
447867
447868
447939
448011
448074
448138
448202
448266
448329
448399
448400
448469
448597
448725
448726
448853
449611
449612
449613
449614
449615
449616
449617
450798
450888
450967
451071
451073
451075
451077
451079
451081
451082
451084
451086
451087
451089
451091
451093
451095
451097
451098
451099
451100
451102
451104
451105
451107
451108
451109
451110
451111
451112
451114
451116
451117
451119
451121
451123
451124
451126
451219
451306
451394
451481
451589
451692
451792
451892
451993
452094
452286
452288
452290
452291
452293
452295
452297
452299
452301
452302
452303
452304
452306
452308
452310
452312
452313
452314
452315
452316
452318
452320
452322
452324
452326
452327
452328
452329
452331
452332
452334
452336
452337
452338
452339
452340
452341
452343
452344
452346
453212
453213
453214
453215
453216
453217
454017
454018
454663
455327
455983
456771
457519
458282
459008
459785
460572
461395
461396
461397
461398
462060
465659
468994
468995
469413
469696
469977
470268
470269
470556
470557
470892
470893
470894
471232
471572
471573
471574
471575
471576
471577
471578
471579
471580
471581
471582
471583
471584
471585
471586
471587
471588
471589
471590
472047
472048
472049
472050
472051
472052
472053
472054
472055
472056
472057
472058
472059
472060
472061
472062
474704
474705
474706
474707
474708
475746
475747
475748
475749
475750
476784
477888
477889
477890
477891
477892
477893
477894
478428
478429
478856
479286
480448
480449
480450
480451
481313
481314
481315
481316
482141
482977
483790
484724
485791
486265
486688
486689
487215
487216
487217
487218
487219
487220
487615
487616
487617
487618
487619
487620
487621
487622
487623
487624
487625
487626
487627
487628
487629
487630
489439
489440
489441
489442
491124
491125
491126
491127
491128
491129
491130
491131
491132
491133
491134
491135
491136
491137
491138
491139
491140
491141
491142
491143
491144
491145
491833
492341
492865
493401
493923
494446
494936
495431
495432
497289
497290
497291
497292
497547
497673
497799
497800
497801
497802
497803
497804
497805
497806
497808
497810
497811
497812
497813
497814
497815
497816
497817
497819
497821
497822
497823
497824
497825
497827
497829
497831
497832
497833
497834
497836
497838
497840
497841
497842
497844
497846
497848
497850
497852
497854
497856
497857
497859
497861
497863
497865
497867
497869
497870
497872
497874
497876
497878
497880
497882
497883
497884
497885
497887
498060
498230
498396
498563
498728
498898
500578
500739
500898
501053
501213
501374
501538
501942
501943
501944
501945
501946
501947
501948
501949
502190
502191
502192
502193
502194
502195
502196
502197
502198
502199
502300
502390
502481
502482
502483
502484
502485
502486
502487
502488
502489
502490
502491
502492
502493
502494
502495
502496
502497
502498
502499
502599
502681
502763
502845
502927
503008
503009
503010
503011
503012
503379
503703
503704
503705
503706
503707
503708
504040
504041
504042
504043
504044
504335
504625
504927
505223
506108
506109
506110
506111
506112
506113
506114
506115
506116
506117
511698
511699
511700
511702
511703
511704
511706
511707
511708
511710
511712
511713
511715
511717
511718
511720
511722
511724
511726
511728
511730
511732
511733
511734
511735
511737
511739
511741
511743
511745
511747
511749
511751
511752
511754
511756
511758
511759
512418
512419
512420
512421
512422
512423
512819
512822
512823
512826
512827
512828
512831
512832
512835
512836
512837
512838
512841
512844
512846
512848
512850
512852
512854
512856
512858
512860
512862
512864
512865
512866
512868
512870
512871
512873
512875
512876
512878
512880
512882
512884
512886
512888
512890
512893
512894
512895
512896
512897
512898
512899
512900
514072
515706
515707
515708
515709
515710
515952
516192
516430
516431
516694
516962
517426
517427
517852
518308
518776
518777
518778
518779
518780
518781
518782
518783
518784
518785
518786
518787
518788
518789
518790
518791
518792
518793
518794
518795
519165
519533
519902
520287
520669
521051
521336
521619
521620
521621
521622
521623
522141
522142
522143
522144
522145
522146
522147
522148
522149
522150
522151
522870
522987
522988
522989
522990
522991
522992
522993
522994
522995
522996
522997
522998
522999
523000
523001
523002
523077
523078
523079
523154
523155
523221
523222
523223
523224
523225
523311
523312
523313
523314
523315
523316
523317
523318
523319
523320
523321
523322
523323
523324
523325
523326
523327
523465
523603
523604
523605
523606
523607
523608
523609
528938
529085
529213
529215
529217
529218
529219
529221
529223
529225
529227
529229
529231
529232
529233
529234
529235
529237
529239
529240
529241
529242
529243
529244
529246
529248
529250
529252
529254
529256
529258
529259
529260
529262
529263
529265
529267
529269
529271
529273
529274
529276
529277
529278
529279
529280
529282
529284
529286
529287
529288
529453
529454
529455
529577
529695
529696
529816
529939
529940
529941
530048
530049
530050
530157
530264
530400
530527
530528
530647
530648
530776
530777
530778
530885
530886
530887
530888
530889
530890
530891
530892
530893
530894
530895
530997
530998
531103
531104
531105
531106
531107
531108
531109
531110
531215
531293
531384
531487
531621
531752
531882
532008
532135
532265
532394
532524
532715
532716
532717
532718
532724
532726
532728
532730
532732
532734
532736
532738
532740
532742
532743
532744
532746
532748
532750
532752
532754
532760
532761
532762
532768
532769
532770
532771
532772
532773
532774
532775
532781
532787
532788
532789
532790
532796
532797
532798
532799
532800
532802
532804
532806
532807
532808
532809
532810
532813
532816
532818
532819
532821
532823
532824
532825
532826
532828
532830
532831
532833
532836
532839
532842
532845
532851
532857
532858
532859
532860
532861
532862
532863
532864
532865
532866
532867
532868
532869
532875
532881
532887
532893
532894
533163
533164
533165
533167
533169
533170
533171
533173
533175
533176
533177
533179
533182
533183
533184
533187
533190
533191
533192
533195
533198
533201
533202
533203
533206
533209
533212
533215
533218
533219
533222
533225
533227
533229
533230
533231
533232
533233
533235
533237
533238
533239
533240
533243
533246
533249
533252
533255
533258
533372
533373
533374
533375
533474
533475
533476
533477
533577
533578
533579
533580
533680
533932
534199
534201
534202
534203
534205
534207
534209
534211
534213
534215
534217
534219
534221
534222
534224
534226
534228
534230
534231
534233
534234
534236
534238
534240
534242
534244
534246
534248
534250
534251
534253
534255
534256
534258
534259
534260
534262
534264
535245
535246
535247
536141
536609
536610
536611
536612
536613
536614
536615
536616
536617
536618
536619
536620
536621
536622
536623
536624
537584
537585
537586
538403
538861
538862
539302
539735
540170
540627
541092
541558
542368
543584
543585
543586
543780
543786
543792
543797
543802
543803
543808
543813
543814
543815
543816
543821
543826
543831
543836
543841
543846
543851
543852
543857
543862
543863
543864
543865
543866
543867
543868
543869
543875
543881
543887
543889
543891
543893
543895
543897
543899
543901
543902
543903
543904
543906
543908
543910
543912
543919
543926
543927
543928
543929
543930
543931
543932
543933
543934
543935
543936
543943
543944
543945
543951
543952
543958
543964
543965
543971
543972
543973
543974
543975
543976
543977
543978
543979
543985
543988
543991
543994
543995
543996
543997
543998
543999
544002
544005
544008
544009
544010
544011
544012
544013
544016
544017
544018
544019
544020
544023
544026
544030
544031
544032
544033
544034
544035
544041
544042
544043
544044
544045
544046
544047
544048
544052
544053
544054
544055
544056
544060
544061
544062
544063
544067
544068
544069
544070
544071
544072
544076
544080
544084
544088
544094
544100
544106
544107
544108
544109
544115
544116
544120
544124
544128
544129
544130
544131
544132
544133
544134
544135
544139
544143
544147
544151
544155
544159
544160
544161
544162
544163
544167
544171
544172
544173
544174
544175
544182
544188
544189
544190
544191
544192
544193
544194
544195
544201
544207
544213
544219
544225
544231
544237
544238
544244
544245
544251
544257
544263
544269
544275
544276
544282
544321
544322
544323
544325
544327
544328
544330
544332
544334
544335
544337
544338
544340
544341
544343
544345
544347
544349
544350
544352
544354
544356
544357
544358
544360
544362
544364
544366
544368
544370
544372
544373
544375
544414
544415
544416
544417
544418
544545
544589
544590
544591
544592
544593
544594
544595
544596
544641
544642
544643
544688
544732
544776
544777
544778
544779
544780
544781
544782
544783
544827
544873
544916
544917
544918
544962
545005
545006
545007
545008
545009
545010
545072
545073
545074
545075
545076
545077
545078
545132
545133
545188
545189
545190
545191
545192
545193
545194
545195
545196
545197
546368
546369
546370
546371
546372
546373
546374
546375
546376
546377
546378
546379
546380
546381
546382
546577
546783
546981
546982
546983
546984
547188
547498
547499
547500
547644
547788
547931
547932
547933
548078
548079
548080
548081
548191
548302
548403
548404
548505
548615
548730
548837
548944
549061
549183
549300
549301
549302
549303
549416
549537
549671
549934
549935
550155
550337
550520
550708
550883
550884
550885
551063
551251
551471
551472
551473
551474
551693
551913
552131
552223
552316
552408
552500
553065
553140
553216
553217
553218
553219
553220
553223
553226
553229
553230
553233
553236
553237
553238
553239
553240
553241
553244
553247
553250
553253
553254
553255
553256
553257
553258
553259
553260
553263
553266
553269
553272
553275
553278
553281
553282
553283
553284
553285
553286
553287
553288
553291
553294
553297
553300
553303
553304
553305
553306
553309
553312
553315
553318
553321
553322
553323
553324
553327
553330
553333
553718
554949
554950
554952
554954
554956
554958
554960
554962
554964
554966
554968
554970
554972
554974
554976
554978
554979
554980
554982
554984
554986
554987
554989
554991
554993
554995
554997
554998
554999
555000
555001
555002
555004
555006
555008
555010
555012
555014
555016
555018
555020
555022
555024
555025
555027
555029
555031
555032
555034
555036
555038
555040
555042
555044
555046
555048
555049
555050
555051
555053
555055
555057
555058
555059
555060
555062
555064
555066
555068
555069
555071
555073
555075
555329
555330
555331
555332
555333
555336
555339
555342
555345
555348
555349
555350
555351
555354
555355
555356
555359
555360
555361
555364
555367
555368
555371
555374
555375
555376
555377
555378
555379
555382
555383
555384
555385
555386
555389
555392
555393
555394
555395
555396
555399
555401
555403
555405
555406
555408
555409
555410
555412
555413
555414
555415
555418
555419
555420
555525
555526
555527
555528
555529
555530
555531
555532
555533
555534
555535
555536
555537
555538
555611
555612
555613
555674
555675
555676
555677
555678
555679
555740
555817
555818
555819
555820
555821
555822
555823
555824
555825
555826
555827
555901
555902
555975
555976
556052
556053
556119
556185
556186
556252
556253
556328
556429
556528
556792
557051
557303
557304
557305
557306
557307
557570
557571
557572
557573
557574
557575
557576
557577
557752
557753
557754
557755
557756
557757
557758
557759
557760
557934
558108
558275
558440
558675
558676
558677
558898
559161
559336
559337
559338
559482
559483
559484
559485
559486
559487
559488
559489
559490
559491
559492
559674
562067
562175
562283
562393
562448
562503
562558
562613
562668
562724
562780
562781
562824
562825
562869
562913
562957
563001
563044
563045
563046
563089
563132
563133
563134
563135
563136
563137
563138
563139
563140
563141
563142
563143
564491
565796
567030
568185
569371
570338
571316
572295
573431
575008
575009
575010
575011
575012
575013
575014
575015
575016
575887
575888
575889
575890
575891
575892
576966
577983
578983
580036
581077
585961
586690
587177
587178
587623
588062
588446
588828
589211
589640
590338
591019
591672
591673
592295
592908
592909
592910
593701
593702
593703
593704
593705
593706
593707
593708
593709
593710
593711
593712
593713
593714
593805
593806
593807
593808
593809
593810
593900
593983
594066
594068
594070
594071
594072
594073
594075
594077
594079
594080
594081
594083
594084
594086
594088
594089
594091
594093
594095
594096
594097
594098
594099
594100
594102
594104
594106
594108
594110
594112
594114
594116
594118
594222
594422
595050
595051
595472
595716
595717
595971
595972
595973
595974
596375
596376
596377
596378
596379
596380
596381
596382
596383
596384
596385
596386
596387
596388
596389
597003
597004
597005
598061
599056
600079
601010
602484
603171
603844
604532
604533
605106
605107
605108
605109
605728
606608
607070
607547
607548
607549
607550
607551
607552
607553
607554
607555
607556
607557
607558
607559
607560
607561
608032
653186
653187
687794
687795
687796
687797
687799
687801
687803
687805
687807
687809
687811
687812
687813
687814
687816
687817
687818
687820
687821
687823
687824
687825
687826
687827
687829
687831
687833
687835
687837
687839
687840
687841
687843
687845
687846
687847
687848
687849
687850
687851
687853
687855
687857
687858
687860
687862
687864
687866
687867
687868
687869
687872
687875
687878
687881
687884
687887
687890
687893
687894
687895
687896
687897
689037
689038
689039
689040
689041
689042
689043
689044
689045
689046
689047
689048
689049
689050
689400
689401
689402
689403
689404
689405
689406
689407
689408
689409
689410
689411
689412
689413
689414
689415
689416
689417
689418
689419
689420
689421
689422
689423
689638
689804
689964
690129
690295
690453
690454
690455
690612
690771
690942
690943
690944
690945
690946
690947
690948
690949
690950
691306
691307
691308
691309
691310
691311
691312
691313
691314
691315
691316
691317
691318
691319
691320
691321
691322
691438
691439
691440
691441
691442
691443
691444
691582
691735
691736
691737
691738
691739
691740
691742
691744
691746
691747
691748
691750
691752
691754
691755
691757
691758
691760
691762
691763
691765
691767
691768
691770
691772
691774
691775
691777
691779
691780
691781
691782
691881
691882
691883
691884
691885
691886
691887
691888
691889
691890
691891
691892
691893
691957
692020
692021
692022
692086
692155
692222
692289
692357
692358
692359
692360
692361
692429
692470
692511
692552
692593
692634
692675
692716
692717
692718
692719
692812
692813
692814
692815
692816
692908
692986
693078
693079
693080
693081
693082
693083
693084
693085
693086
693265
693269
693270
693274
693278
693282
693286
693287
693288
693289
693290
693291
693292
693293
693297
693298
693299
693303
693304
693305
693306
693307
693308
693309
693310
693311
693315
693319
693323
693324
693325
693326
693330
693334
693335
693336
693337
693338
693339
693340
693341
693342
693343
693344
693351
693358
693359
693360
693361
693362
693369
693375
693381
693387
693388
693389
693390
693391
693392
693393
693399
693405
693406
693407
693408
693414
693415
693421
693422
693423
693424
693425
693426
693432
693433
693434
693435
693436
693437
693438
693439
693440
693446
693452
693458
693464
693470
693477
693478
693479
693480
693481
693482
693483
693484
693485
693486
693493
693500
693506
693512
693515
693516
693519
693520
693523
693524
693525
693526
693527
693528
693529
693530
693531
693534
693537
693540
693543
693544
693545
693546
693549
693556
693557
693558
693559
693566
693572
693578
693584
693585
693586
693592
693593
693594
693600
693601
693602
693608
693614
693615
693616
693617
693618
693624
693630
693636
693637
693638
693639
697135
698112
699011
699911
700722
701703
702914
704081
705259
706224
706225
706226
706227
706228
706229
707020
709378
709379
709380
709381
709382
710025
710630
710631
710632
711118
711119
711120
711685
712351
712352
712353
712354
712355
712356
712357
712358
712359
712738
713093
713425
713426
713740
714069
714070
714454
714455
714456
714457
714458
714459
714460
714461
714462
714463
714464
714465
714466
714467
714468
714870
714871
715021
715022
715023
715024
715025
715026
715027
715028
715029
715030
715031
715032
715191
715343
715495
715648
715803
715955
715956
716109
716270
716410
716545
716688
716831
716984
716985
716986
716987
716988
716989
716990
716991
716992
716993
716994
716995
717151
717152
717153
717154
717155
717156
717157
718812
718859
718860
718861
718909
718910
718911
718912
718913
718914
718915
718961
719009
719057
719130
719131
719132
719133
719134
719135
719136
719137
719138
719139
719140
719141
719192
719249
719250
719251
719252
719303
719353
719401
719402
719403
719451
719502
719553
719602
719653
719719
719720
719721
719722
719723
720213
720214
720215
720216
720217
720218
720219
720220
720221
720222
720223
720224
720225
720226
720227
720228
720229
720230
720231
720232
720787
720788
720789
720790
720791
720792
720793
720794
720795
720796
720797
720798
720799
720800
720801
720802
720803
720804
720805
720806
720807
720808
720809
721786
721787
721788
721818
721848
721878
721908
721909
721910
721940
721974
722004
722033
722063
722064
722065
722096
722097
722098
722099
722129
722159
722190
722221
722222
722223
722224
722225
722226
722227
722228
722229
722260
722291
722321
722351
722381
722413
722445
722477
722517
722518
722519
722520
722521
722522
722523
722524
722525
722526
722527
722533
722539
722540
722546
722551
722552
722553
722558
722563
722568
722573
722574
722575
722576
722577
722578
722583
722588
722589
722590
722595
722596
722601
722606
722607
722608
722613
722618
722619
722620
722621
722622
722623
722624
722625
722626
722631
722632
722633
722634
722635
722636
722637
722638
722639
722640
722645
722650
722655
722660
722665
722666
722667
722672
722677
722682
722687
722688
722693
722698
722699
722700
722705
722710
722715
722720
722721
722722
722727
722728
722729
722730
722731
722732
722737
722738
722739
722782
722825
722826
722827
722828
722829
722830
722831
722832
722833
722834
722835
722836
741412
741413
741414
741415
741416
745570
748588
748589
748590
748591
750484
750946
751409
751867
752321
752781
753440
754113
754758
755381
756049
756050
757531
757532
759425
759426
759427
759428
761246
761247
766457
770598
774702
779081
783597
784717
785722
785723
785724
785725
785726
785727
785728
791083
791084
791085
809894
811946
811947
811948
811949
811950
811951
811952
811953
811954
811955
811956
811957
815280
815281
816969
816970
818781
820076
821363
822664
824281
824282
824283
824284
824285
824286
824287
826498
826499
826500
826501
826502
826503
826504
830431
833645
835883
838005
839912
842487
850961
851063
851064
851158
851260
851261
851262
851263
851264
851355
851356
851357
851358
851359
851360
851361
851362
851363
851469
851575
851576
851694
851739
851783
851784
851785
851786
851831
851871
851872
851873
851874
851875
851876
851877
851878
851923
851924
851925
851926
851974
852018
852019
852063
852105
852147
852148
852149
852191
852233
852275
852317
852359
852401
852443
852444
852445
852446
852491
852608
852610
852612
852613
852614
852615
852617
852618
852619
852620
852621
852622
852623
852625
852626
852628
852629
852631
852633
852635
852637
852639
852641
852642
852644
852646
852648
852650
852652
852653
852655
852657
852659
852661
852663
852665
852667
852669
852671
852673
852675
852677
852678
852679
852789
852790
852791
852792
852793
852794
852795
852796
852797
853200
853237
853274
853311
853347
853382
853418
853454
853489
853525
853561
853597
853633
853671
853708
853745
853746
853747
853748
853749
853786
853823
853869
853870
853871
853872
853873
853874
853875
853876
853877
853878
853879
853880
853881
853882
853928
853929
853930
853931
853964
853997
854030
854063
854096
854129
854161
854162
854194
854195
854196
854197
854233
854234
854235
854264
854293
854323
854324
854325
854326
854327
854346
854365
854384
854401
854418
854435
854452
854469
854470
854471
854472
854489
854490
854491
854492
854509
854526
854543
854559
854575
854576
854577
854578
854579
854580
854581
854582
854598
854615
854631
854632
854633
854634
854635
854636
854637
854638
854639
854640
854641
854642
854643
854644
854666
854667
854668
854669
854670
854671
854672
854673
854695
854717
854739
854761
854762
854763
854764
854786
854818
854834
854849
854864
854865
854880
854881
854882
854883
854884
854885
854886
854887
854888
854889
854890
854906
854921
854936
854937
854938
854939
854955
854956
854957
854958
854959
854960
854961
854962
854963
854964
854965
854966
855075
855076
855077
855078
855079
855082
855084
855086
855088
855090
855092
855093
855094
855096
855098
855100
855101
855102
855105
855107
855108
855110
855112
855113
855115
855116
855117
855118
855119
855120
855123
855126
855127
855128
855129
855130
855133
855136
855139
855140
855141
855142
855143
855146
855149
855152
855153
855156
855159
855160
855163
855164
855167
855170
855173
855279
855281
855283
855285
855287
855289
855291
855293
855295
855297
855299
855300
855301
855302
855303
855305
855306
855307
855308
855309
855311
855313
855314
855316
855317
855388
855437
855483
855529
855576
855622
855667
855712
855713
855758
855807
855808
855809
855810
855811
855812
855813
855814
855815
855816
855817
855818
855819
855820
855821
855858
855891
855924
855956
855957
855958
855959
855960
855997
856033
856069
856105
856106
856107
856143
856170
856171
856172
856173
856200
856227
856255
856283
856284
856322
856324
856325
856326
856327
856329
856331
856333
856334
856335
856337
856338
856339
856340
856342
856344
856346
856347
856348
856349
856351
856353
856355
856357
856358
856359
856361
857082
859735
860022
860316
860611
860612
860613
860614
860615
860912
860913
860914
860915
860916
860917
860918
860919
860920
860921
860922
860923
860924
860925
860926
860927
860928
860929
860930
860931
860932
860933
860934
860935
860936
860937
860938
860939
861238
861239
861240
861241
861242
861243
861663
861664
861665
863968
864533
865100
865693
865694
866251
866581
866877
867184
867745
867746
868177
868628
869092
869590
869591
869592
869593
869594
869595
869596
870806
871878
873503
873504
873505
873506
873507
875489
875490
875491
875492
877388
879352
881532
883124
884760
884761
886437
888621
888622
888623
888624
888625
888626
888627
888628
890471
898396
899159
899891
900611
901316
901959
902604
903377
904116
904848
905583
906312
907107
907892
908677
912290
914294
916295
918568
918569
918570
921067
922980
924937
924938
924939
924940
924941
924942
924943
924944
927000
931237
931238
935224
939053
942494
946548
952804
952805
952806
952807
952808
952809
954183
955266
955267
955683
956016
956351
956684
957047
957532
957533
957534
957535
957536
957537
957538
957539
957540
957541
957542
958023
959112
959926
960744
961599
961600
961601
961602
961603
961604
961605
961606
961607
962820
963731
964320
964918
964919
965570
971727
971728
971729
974725
977686
980821
983468
986278
989234
989235
993075
993076
994792
996575
996576
998619
998775
998924
998925
999074
999269
999463
999464
999679
999856
999990
999991
1000124
1000257
1000389
1000572
1000795
1002505
1004305
1004306
1005819
1008494
1014842
1014843
1014844
1014845
1014846
1014847
1014848
1014991
1014992
1014993
1014994
1014995
1014996
1014997
1014998
1015138
1015422
1015700
1015701
1015702
1015703
1015704
1015984
1016452
1016872
1016873
1016874
1016875
1016876
1017332
1018956
1018957
1018958
1018959
1018960
1018961
1018962
1020246
1020247
1021045
1021722
1021723
1022396
1022397
1023131
1023132
1023133
1023134
1023135
1023136
1023137
1023138
1038224
1039711
1041083
1041084
1042618
1042619
1044171
1044578
1044943
1044944
1044945
1045323
1045324
1045688
1046044
1046396
1046767
1046768
1053031
1058827
1058828
1058829
1058830
1058831
1058832
1058833
1058834
1058835
1058836
1058837
1071147
1078320
1084672
1084673
1092494
1092495
1092496
1092497
1092498
1092499
1101118
1109822
1155331
1172431
1172432
1329938
1329939
1329940
1329941
1329942
1329943
1330032
1330122
1330211
1330301
1330393
1330394
1330395
1330396
1330397
1330398
1330399
1330400
1330401
1330546
1330547
1330548
1330549
1330550
1330551
1330552
1330553
1330677
1330821
1330993
1330994
1330995
1330996
1331167
1331355
1331356
1331357
1331358
1331361
1331362
1331363
1331364
1331367
1331370
1331373
1331374
1331375
1331376
1331377
1331378
1331379
1331380
1331383
1331384
1331385
1331388
1331389
1331390
1331393
1331394
1331395
1331396
1331397
1331398
1331399
1331400
1331403
1331406
1331409
1331412
1331415
1331418
1331421
1331424
1331427
1331430
1331433
1331436
1331437
1331438
1331441
1331442
1331443
1331444
1331447
1331448
1331449
1331452
1331484
1331485
1331486
1331487
1331512
1331533
1331553
1331554
1331574
1331596
1331622
1331623
1331624
1331655
1331658
1331661
1331662
1331665
1331668
1331669
1331670
1331671
1331672
1331675
1331678
1331681
1331684
1331687
1331688
1331689
1331690
1331693
1331694
1331695
1331696
1331697
1331698
1331699
1331702
1331703
1331704
1331705
1331706
1331707
1331708
1331711
1331712
1331713
1331714
1331715
1331716
1331719
1331722
1331725
1331728
1331731
1331732
1331733
1331734
1331735
1331736
1331737
1331738
1331741
1331744
1332066
1332067
1332068
1332069
1332070
1332071
1332072
1332073
1332074
1332075
1332076
1332077
1332078
1332079
1332080
1332081
1332082
1332083
1332084
1332085
1332086
1332087
1332088
1332089
1332090
1332091
1332092
1332093
1332094
1332095
1332238
1332239
1332240
1332241
1332242
1332243
1332244
1332337
1332431
1332432
1332433
1332434
1332435
1332436
1332437
1332438
1332439
1332440
1332441
1332442
1332443
1332444
1332445
1332446
1333186
1333188
1333189
1333191
1333193
1333194
1333195
1333196
1333197
1333199
1333201
1333202
1333204
1333206
1333207
1333208
1333209
1333210
1333211
1333212
1333213
1333215
1333217
1333219
1333220
1333221
1333223
1333225
1333227
1333229
1333231
1333233
1333235
1333237
1333238
1333240
1333241
1333243
1333244
1333246
1333247
1333248
1333249
1333250
1333251
1333252
1333254
1333256
1333257
1333258
1333260
1333262
1333264
1333513
1333514
1333515
1333516
1333517
1333518
1333519
1333520
1333521
1333522
1333523
1333524
1333525
1333782
1333783
1333784
1333785
1333786
1333787
1333788
1333789
1333790
1333791
1333792
1333793
1333979
1333980
1333981
1334155
1334381
1334605
1334606
1334825
1335039
1335253
1335511
1335512
1335513
1335514
1335515
1335518
1335521
1335524
1335527
1335530
1335533
1335534
1335535
1335536
1335539
1335542
1335543
1335544
1335547
1335548
1335549
1335551
1335552
1335553
1335555
1335557
1335559
1335561
1335562
1335563
1335564
1335565
1335566
1335567
1335569
1335571
1335573
1335574
1335575
1335577
1335579
1335580
1335581
1335582
1335583
1335584
1335586
1335587
1335588
1335591
1335594
1335597
1335599
1335601
1335603
1335605
1335607
1335608
1335609
1335611
1335613
1335921
1335923
1335924
1335925
1335926
1335927
1335929
1335930
1335931
1335932
1335933
1335934
1335935
1335937
1335938
1335939
1335940
1335941
1335942
1335944
1335946
1335948
1335950
1335952
1335954
1335956
1335958
1335959
1335960
1335962
1335963
1335965
1335967
1335969
1335971
1335972
1335973
1335974
1335975
1335976
1335977
1335978
1335980
1335981
1335983
1335984
1335985
1335986
1335987
1335989
1336210
1336465
1336663
1336859
1336860
1336861
1337057
1337058
1337059
1337060
1337061
1337062
1337063
1337064
1337065
1337066
1337229
1337430
1337628
1337708
1337796
1337884
1337977
1338175
1338378
1338379
1338380
1338835
1338836
1338837
1338839
1338840
1338842
1338843
1338845
1338847
1338848
1338850
1338852
1338854
1338855
1338857
1338859
1338861
1338862
1338864
1338869
1338870
1338871
1338872
1338873
1338875
1338877
1338878
1338879
1338881
1338882
1338884
1338886
1338891
1338896
1338897
1338898
1338899
1338900
1338901
1338906
1338911
1338916
1338921
1338926
1338931
1338934
1338937
1338940
1338941
1338942
1338943
1338944
1338947
1338950
1338953
1338956
1338959
1338960
1338961
1338964
1338967
1338970
1338971
1338972
1338977
1338982
1338983
1338988
1338989
1338990
1338991
1338992
1338993
1338998
1339003
1339008
1339009
1339010
1339011
1339016
1339017
1339018
1339019
1339024
1339029
1339030
1339031
1339032
1339033
1339038
1339039
1339044
1339045
1339046
1339051
1339056
1339057
1339058
1339059
1339060
1339061
1339062
1339063
1339068
1339069
1339070
1339071
1339072
1339073
1339074
1339079
1339084
1339089
1339094
1339099
1339100
1339103
1339106
1339109
1339110
1339111
1339112
1339113
1339114
1339117
1339120
1339123
1339124
1339127
1339130
1339131
1339132
1339133
1339134
1339142
1339147
1339152
1339153
1339154
1339155
1339156
1339157
1339162
1339167
1339168
1339173
1339178
1339179
1339184
1339189
1339190
1339195
1339200
1339201
1339206
1339211
1339216
1339221
1339222
1339227
1339232
1339237
1339238
1339239
1339240
1339241
1339242
1339243
1339244
1339245
1339250
1339261
1339270
1339271
1339272
1339273
1339274
1339275
1339276
1339277
1339286
1339287
1339292
1339297
1339298
1339299
1339300
1339301
1339302
1339303
1339304
1339309
1339314
1339315
1339316
1339321
1339326
1339327
1339328
1339329
1339330
1339331
1339336
1339341
1339342
1339343
1339348
1339353
1339358
1339359
1339364
1339369
1339374
1339379
1339384
1339389
1339397
1339405
1339406
1339414
1339422
1339423
1339424
1339425
1339426
1339427
1339428
1339429
1339430
1339431
1339432
1339440
1339443
1339446
1339449
1339450
1339451
1339452
1339455
1339457
1339459
1339460
1339462
1339464
1339465
1339467
1339469
1339470
1339473
1339474
1339477
1339478
1339479
1339482
1339485
1339488
1339489
1339490
1339499
1339500
1339501
1339502
1339503
1339504
1339506
1339508
1339510
1339512
1339514
1339515
1339517
1339519
1339521
1339523
1339698
1339850
1340002
1340150
1340151
1340152
1340153
1340154
1340155
1340156
1340157
1340158
1340159
1340160
1340308
1340482
1340483
1340484
1341028
1341030
1341032
1341034
1341035
1341037
1341039
1341041
1341043
1341045
1341047
1341048
1341050
1341051
1341053
1341055
1341057
1341059
1341061
1341063
1341065
1341082
1341083
1341084
1341085
1341086
1341087
1341088
1341089
1341090
1341091
1341092
1341093
1341094
1341111
1341112
1341113
1341121
1341129
1341130
1341131
1341132
1341133
1341134
1341135
1341136
1341137
1341138
1341139
1341146
1341147
1341148
1341149
1341151
1341152
1341153
1341154
1341155
1341156
1341157
1341159
1341160
1341162
1341164
1341165
1341166
1341167
1341168
1341176
1341177
1341185
1341187
1341188
1341190
1341192
1341193
1341194
1341195
1341197
1341199
1341201
1341202
1341203
1341204
1341206
1341207
1341208
1341209
1341210
1341211
1341213
1341215
1341217
1341219
1341221
1341237
1341238
1341239
1341242
1341245
1341248
1341251
1341254
1341255
1341256
1341257
1341260
1341261
1341262
1341265
1341268
1341271
1341274
1341277
1341280
1341283
1341286
1341289
1341290
1341293
1341296
1341299
1341302
1341303
1341306
1341307
1341310
1341313
1341314
1341317
1341320
1341323
1341326
1341341
1341355
1341356
1341357
1341358
1341359
1341360
1341361
1341362
1341363
1341378
1341379
1341380
1341395
1341410
1341428
1341429
1341445
1341458
1341467
1341476
1341485
1341487
1341489
1341491
1341493
1341495
1341497
1341499
1341501
1341503
1341505
1341506
1341507
1341509
1341511
1341520
1341529
1341530
1341531
1341540
1341549
1341558
1341567
1341577
1341578
1341579
1341580
1341581
1341582
1341583
1341584
1341587
1341590
1341593
1341596
1341599
1341602
1341605
1341606
1341609
1341612
1341613
1341614
1341615
1341616
1341617
1341618
1341621
1341624
1341625
1341626
1341629
1341632
1341635
1341638
1341641
1341644
1341647
1341657
1341658
1341659
1341660
1341662
1341663
1341664
1341665
1341666
1341668
1341669
1341670
1341671
1341672
1341673
1341675
1341677
1341679
1341681
1341691
1341693
1341695
1341697
1341699
1341700
1341702
1341703
1341704
1341705
1341707
1341709
1341710
1341711
1341713
1341715
1341717
1341719
1341721
1341733
1341734
1341735
1341736
1341737
1341738
1341739
1341740
1341741
1341742
1341755
1341766
1341777
1341778
1341779
1341790
1341791
1341792
1341793
1341794
1341795
1341796
1341797
1341798
1341799
1341800
1341801
1341802
1341803
1341815
1341816
1341817
1341818
1341819
1341820
1341821
1341822
1341823
1341824
1341825
1341826
1341838
1341850
1341861
1341862
1341863
1341864
1341875
1341886
1341887
1341888
1341889
1341890
1341891
1341892
1341903
1341904
1341915
1341927
1341939
1341951
1341963
1341964
1341965
1341966
1341967
1341968
1341969
1341970
1341971
1341972
1341973
1341985
1341986
1341987
1341988
1342000
1342001
1342002
1342014
1342015
1342016
1342028
1342077
1342078
1342079
1342080
1342081
1342082
1342083
1342084
1342085
1342125
1342164
1342199
1342234
1342269
1342270
1342305
1342306
1342307
1342342
1342385
1342388
1342391
1342394
1342395
1342398
1342401
1342404
1342407
1342408
1342411
1342412
1342415
1342416
1342417
1342418
1342419
1342420
1342421
1342422
1342425
1342426
1342429
1342430
1342431
1342434
1342437
1342440
1342443
1342446
1342449
1342452
1342455
1342458
1342461
1342464
1342467
1342470
1342473
1342474
1342475
1342476
1342479
1342482
1342485
1342486
1342487
1342488
1342489
1342492
1342493
1342494
1342495
1342496
1342497
1342498
1342501
1342543
1342544
1342545
1342546
1342547
1342548
1342549
1342550
1342551
1342552
1342553
1342554
1342596
1342638
1342676
1342677
1342719
1342728
1342737
1342746
1342755
1342756
1342757
1342758
1342759
1342760
1342761
1342762
1342763
1342764
1342765
1342774
1342777
1342780
1342781
1342782
1342783
1342784
1342787
1342790
1342793
1342796
1342797
1342798
1342799
1342800
1342803
1342805
1342806
1342808
1342809
1342810
1342812
1342814
1342816
1342818
1342819
1342827
1342834
1342835
1342842
1342849
1342850
1342857
1342864
1342871
1342878
1342885
1342892
1342893
1342900
1342907
1342908
1342909
1342910
1342911
1342918
1342925
1342926
1342927
1342928
1342929
1342930
1342931
1342932
1342933
1342939
1342946
1342947
1342948
1342949
1342950
1342951
1342952
1342953
1342954
1342955
1342956
1342957
1342966
1342967
1342968
1342969
1342970
1342971
1342972
1342973
1343080
1343081
1343082
1343084
1343085
1343086
1343087
1343088
1343089
1343090
1343091
1343093
1343094
1343095
1343097
1343098
1343099
1343101
1343102
1343103
1343104
1343105
1343106
1343107
1343108
1343110
1343111
1343112
1343113
1343115
1343116
1343118
1343120
1343122
1343123
1343155
1343157
1343159
1343161
1343163
1343165
1343167
1343168
1343170
1343171
1343173
1343174
1343176
1343177
1343178
1343179
1343180
1343181
1343182
1343187
1343191
1343195
1343199
1343200
1343204
1343208
1343209
1343210
1343211
1343215
1343219
1343223
1343227
1343231
1343235
1343236
1343240
1343241
1343242
1343243
1343244
1343248
1343252
1343253
1343254
1343255
1343260
1343262
1343263
1343265
1343266
1343267
1343268
1343269
1343271
1343272
1343273
1343274
1343275
1343276
1343277
1343278
1343280
1343282
1343283
1343309
1343310
1343311
1343312
1343317
1343322
1343323
1343324
1343325
1343326
1343327
1343328
1343329
1343334
1343339
1343344
1343349
1343351
1343353
1343355
1343357
1343359
1343361
1343363
1343365
1343367
1343369
1343371
1343373
1343375
1343380
1343381
1343382
1343383
1343384
1343385
1343386
1343387
1343388
1343396
1343404
1343412
1343420
1343428
1343429
1343437
1343445
1343448
1343451
1343452
1343455
1343458
1343459
1343462
1343465
1343468
1343471
1343474
1343477
1343480
1343483
1343484
1343487
1343490
1343493
1343496
1343499
1343500
1343503
1343506
1343509
1343512
1343515
1343516
1343517
1343520
1343528
1343529
1343537
1343545
1343546
1343554
1343555
1343556
1343557
1343558
1343566
1343574
1343582
1343590
1343598
1343606
1343607
1343608
1343609
1343610
1343611
1343621
1343631
1343641
1343651
1343652
1343662
1343672
1343673
1343683
1343693
1343703
1343713
1343714
1343724
1343753
1343792
1343793
1343794
1343795
1343796
1343799
1343802
1343805
1343808
1343811
1343812
1343813
1343816
1343819
1343820
1343823
1343824
1343825
1343826
1343827
1343830
1343833
1343836
1343839
1343840
1343841
1343842
1343843
1343846
1343849
1343850
1343851
1343852
1343853
1343854
1343855
1343858
1343861
1343864
1343867
1343870
1343871
1343872
1343873
1343874
1343877
1343878
1343881
1343882
1343885
1343888
1343889
1343892
1343895
1343898
1343901
1343940
1343941
1343942
1343943
1343944
1343945
1343946
1343947
1343948
1343949
1343976
1343980
1343984
1343986
1343988
1343990
1343991
1343992
1343993
1343994
1343995
1343997
1343999
1344001
1344005
1344006
1344007
1344008
1344009
1344010
1344011
1344012
1344016
1344017
1344018
1344019
1344023
1344028
1344029
1344030
1344031
1344032
1344033
1344034
1344035
1344036
1344037
1344038
1344039
1344040
1344045
1344050
1344051
1344056
1344057
1344058
1344059
1344060
1344069
1344077
1344085
1344086
1344087
1344088
1344089
1344090
1344098
1344106
1344107
1344115
1344116
1344117
1344125
1344134
1344135
1344137
1344139
1344141
1344143
1344145
1344147
1344149
1344151
1344153
1344155
1344157
1344162
1344167
1344168
1344169
1344174
1344179
1344184
1344189
1344194
1344199
1344204
1344205
1344206
1344207
1344208
1344209
1344210
1344211
1344224
1344225
1344226
1344227
1344228
1344229
1344230
1344231
1344234
1344235
1344236
1344237
1344238
1344239
1344242
1344245
1344246
1344247
1344250
1344251
1344252
1344253
1344256
1344257
1344258
1344259
1344260
1344261
1344262
1344265
1344268
1344271
1344274
1344275
1344276
1344277
1344278
1344279
1344280
1344281
1344282
1344313
1344314
1344315
1344316
1344317
1344318
1344319
1344320
1344321
1344368
1344369
1344393
1344394
1344395
1344418
1344419
1344443
1344444
1344445
1344446
1344447
1344471
1344495
1344496
1344498
1344500
1344501
1344502
1344503
1344504
1344505
1344506
1344508
1344510
1344512
1344513
1344515
1344516
1344518
1344519
1344525
1344528
1344529
1344531
1344532
1344534
1344536
1344538
1344539
1344540
1344543
1344544
1344545
1344546
1344547
1344548
1344550
1344551
1344552
1344553
1344554
1344555
1344561
1344563
1344564
1344566
1344568
1344570
1344572
1344574
1344575
1344576
1344578
1344580
1344582
1344583
1344584
1344590
1344592
1344594
1344595
1344596
1344598
1344600
1344602
1344604
1344605
1344606
1344608
1344609
1344611
1344617
1344623
1344624
1344625
1344626
1344627
1344628
1344629
1344630
1344631
1344632
1344638
1344644
1344650
1344651
1344652
1344653
1344654
1344655
1344681
1344682
1344705
1344707
1344708
1344710
1344712
1344713
1344715
1344717
1344719
1344721
1344722
1344724
1344726
1344727
1344728
1344729
1344730
1344731
1344732
1344733
1344735
1344737
1344739
1344741
1344743
1344744
1344745
1344746
1344747
1344748
1344749
1344750
1344752
1344754
1344755
1344756
1344757
1344781
1344782
1344805
1344806
1344807
1344808
1344809
1344810
1344811
1344812
1344813
1344814
1344815
1344816
1344817
1344818
1344819
1344846
1344852
1344853
1344854
1344856
1344858
1344860
1344862
1344864
1344866
1344868
1344870
1344872
1344874
1344877
1344880
1344883
1344884
1344887
1344890
1344893
1344896
1344897
1344898
1344904
1344910
1344916
1344922
1344923
1344930
1344936
1344942
1344948
1344954
1344960
1344966
1344972
1344978
1344980
1344981
1344982
1344983
1344984
1344985
1344986
1344988
1344990
1344992
1344994
1344995
1344996
1344998
1345000
1345002
1345004
1345010
1345016
1345022
1345028
1345034
1345041
1345046
1345051
1345052
1345053
1345054
1345055
1345056
1345057
1345058
1345059
1345064
1345069
1345074
1345079
1345084
1345089
1345090
1345091
1345096
1345097
1345098
1345099
1345100
1345101
1345102
1345108
1345114
1345120
1345121
1345122
1345123
1345124
1345125
1345126
1345127
1345128
1345129
1345135
1345141
1345147
1345148
1345149
1345150
1345151
1345152
1345153
1345154
1345155
1345156
1345157
1345158
1345159
1345165
1345167
1345169
1345171
1345173
1345175
1345177
1345179
1345181
1345183
1345185
1345188
1345189
1345190
1345191
1345194
1345195
1345196
1345197
1345198
1345199
1345200
1345201
1345208
1345214
1345215
1345216
1345217
1345223
1345230
1345237
1345244
1345251
1345258
1345265
1345272
1345273
1345274
1345275
1345276
1345277
1345278
1345285
1345292
1345299
1345300
1345301
1345308
1345315
1345322
1345323
1345324
1345331
1345332
1345333
1345340
1345357
1345359
1345360
1345361
1345362
1345363
1345364
1345366
1345368
1345370
1345371
1345372
1345374
1345376
1345377
1345378
1345379
1345381
1345383
1345385
1345387
1345389
1345390
1345404
1345418
1345433
1345434
1345435
1345436
1345437
1345438
1345439
1345440
1345441
1345442
1345443
1345444
1345445
1345446
1345447
1345448
1345463
1345478
1345479
1345480
1345495
1345510
1345525
1345526
1345541
1345542
1345543
1345544
1345545
1345546
1345561
1345576
1345591
1345592
1345593
1345608
1345623
1345638
1345640
1345642
1345644
1345646
1345647
1345648
1345650
1345652
1345653
1345654
1345656
1345657
1345658
1345660
1345662
1345663
1345664
1345666
1345668
1345670
1345672
1345674
1345676
1345690
1345704
1345705
1345706
1345720
1345736
1345737
1345738
1345739
1345740
1345741
1345742
1345758
1345774
1345824
1345826
1345827
1345829
1345831
1345833
1345834
1345836
1345838
1345840
1345842
1345845
1345846
1345847
1345848
1345849
1345852
1345855
1345858
1345861
1345864
1345867
1345868
1345869
1345870
1345871
1345872
1345875
1345878
1345879
1345880
1345881
1345882
1345883
1345886
1345889
1345890
1345893
1345896
1345897
1345898
1345899
1345900
1345901
1345904
1345907
1345910
1345913
1345916
1345919
1345920
1345945
1345970
1345972
1345974
1345976
1345978
1345980
1345982
1345983
1345984
1345986
1345988
1345990
1345992
1345994
1345996
1345998
1346000
1346002
1346004
1346006
1346008
1346010
1346012
1346013
1346014
1346015
1346016
1346018
1346019
1346020
1346021
1346022
1346024
1346045
1346047
1346048
1346049
1346051
1346053
1346055
1346057
1346059
1346061
1346062
1346063
1346064
1346066
1346067
1346068
1346069
1346071
1346072
1346074
1346094
1346113
1346114
1346115
1346116
1346117
1346136
1346155
1346156
1346157
1346158
1346159
1346160
1346161
1346162
1346163
1346164
1346165
1346166
1346167
1346168
1346169
1346170
1346189
1346190
1346191
1346192
1346193
1346194
1346195
1346196
1346197
1346198
1346199
1346200
1346201
1346202
1346203
1346204
1346223
1346224
1346225
1346226
1346227
1346228
1346229
1346230
1346249
1346250
1346251
1346252
1346253
1346254
1346255
1346256
1346275
1346294
1346320
1346321
1346322
1346323
1346324
1346325
1346326
1346348
1346370
1346371
1346372
1346373
1346374
1346375
1346376
1346377
1346378
1346379
1346404
1346427
1346428
1346451
1346452
1346453
1346454
1346455
1346456
1346457
1346480
1346503
1346532
1346534
1346535
1346536
1346538
1346540
1346542
1346544
1346545
1346546
1346548
1346550
1346552
1346554
1346556
1346557
1346558
1346559
1346561
1346563
1346565
1346566
1346568
1346570
1346572
1346596
1346598
1346599
1346600
1346601
1346603
1346605
1346606
1346607
1346608
1346609
1346611
1346613
1346615
1346617
1346619
1346620
1346621
1346622
1346624
1346625
1346627
1346629
1346630
1346631
1346632
1346633
1346634
1346653
1346654
1346655
1346656
1346657
1346658
1346659
1346660
1346661
1346662
1346663
1346664
1346665
1346666
1346688
1346689
1346693
1346697
1346698
1346699
1346700
1346704
1346708
1346712
1346716
1346720
1346724
1346728
1346732
1346736
1346737
1346738
1346739
1346742
1346743
1346746
1346747
1346750
1346753
1346755
1346757
1346758
1346760
1346761
1346762
1346763
1346765
1346767
1346770
1346773
1346774
1346775
1346776
1346777
1346778
1346779
1346780
1346781
1346784
1346785
1346786
1346787
1346788
1346789
1346790
1346812
1346834
1346835
1346836
1346837
1346838
1346860
1346882
1346904
1347004
1347019
1347020
1347035
1347050
1347065
1347066
1347081
1347097
1347113
1347114
1347118
1347119
1347120
1347123
1347126
1347129
1347132
1347133
1347134
1347135
1347138
1347139
1347140
1347141
1347142
1347143
1347144
1347147
1347148
1347151
1347154
1347157
1347160
1347161
1347164
1347166
1347168
1347170
1347172
1347174
1347176
1347177
1347178
1347179
1347180
1347181
1347183
1347186
1347189
1347190
1347193
1347211
1347212
1347230
1347248
1347252
1347256
1347260
1347264
1347268
1347272
1347276
1347277
1347278
1347282
1347286
1347287
1347288
1347289
1347290
1347291
1347292
1347296
1347300
1347304
1347308
1347312
1347313
1347317
1347318
1347319
1347320
1347324
1347328
1347332
1347336
1347340
1347344
1347345
1347346
1347347
1347348
1347349
1347350
1347351
1347352
1347356
1347357
1347358
1347359
1347360
1347361
1347365
1347366
1347370
1347374
1347378
1347382
1347386
1347390
1347394
1347398
1347404
1347405
1347406
1347407
1347413
1347414
1347415
1347416
1347422
1347423
1347424
1347425
1347426
1347432
1347438
1347444
1347450
1347463
1347464
1347465
1347466
1347467
1347468
1347469
1347477
1347478
1347479
1347487
1347495
1347496
1347497
1347498
1347499
1347507
1347515
1347523
1347531
1347539
1347547
1347555
1347563
1347564
1347565
1347566
1347567
1347568
1347569
1347570
1347571
1347572
1347573
1347574
1347575
1347583
1347584
1347592
1347593
1347594
1347602
1347603
1347604
1347605
1347606
1347607
1347608
1347609
1347617
1347625
1347633
1347641
1347642
1347643
1347644
1347645
1347646
1347647
1347655
1347656
1347657
1347658
1347659
1347660
1347674
1347675
1347676
1347677
1347678
1347679
1347680
1347681
1347682
1347696
1347698
1347700
1347702
1347703
1347704
1347706
1347708
1347710
1347711
1347712
1347714
1347716
1347718
1347720
1347722
1347723
1347724
1347726
1347727
1347729
1347731
1347760
1347761
1347762
1347763
1347764
1347783
1347784
1347785
1347802
1347819
1347838
1347857
1347876
1347895
1347916
1347917
1347937
1347957
1347977
1347997
1348017
1348037
1348038
1348058
1348059
1348060
1348061
1348062
1348063
1348064
1348085
1348086
1348087
1348088
1348089
1348090
1348091
1348092
1348093
1348094
1348115
1348136
1348157
1348179
1348189
1348199
1348209
1348219
1348229
1348230
1348231
1348232
1348233
1348234
1348235
1348236
1348246
1348256
1348266
1348276
1348286
1348296
1348297
1348298
1348299
1348300
1348301
1348311
1348312
1348322
1348331
1348332
1348333
1348334
1348335
1348336
1348337
1348338
1348347
1348356
1348358
1348360
1348362
1348364
1348365
1348366
1348367
1348369
1348371
1348373
1348375
1348377
1348379
1348381
1348383
1348385
1348386
1348388
1348390
1348392
1348400
1348409
1348410
1348411
1348412
1348413
1348422
1348431
1348432
1348441
1348450
1348459
1348468
1348470
1348472
1348473
1348474
1348476
1348478
1348480
1348481
1348482
1348484
1348486
1348488
1348490
1348492
1348494
1348569
1348570
1348571
1348572
1348573
1348574
1348575
1348576
1348577
1348581
1348583
1348585
1348587
1348589
1348590
1348592
1348594
1348596
1348598
1348600
1348602
1348604
1348606
1348610
1348611
1348612
1348613
1348617
1348621
1348625
1348629
1348630
1348631
1348632
1348633
1348634
1348638
1348642
1348644
1348646
1348648
1348650
1348652
1348654
1348656
1348658
1348659
1348661
1348665
1348669
1348670
1348674
1348678
1348679
1348680
1348681
1348682
1348683
1348684
1348685
1348686
1348687
1348715
1348726
1348727
1348737
1348738
1348749
1348750
1348751
1348762
1348772
1348782
1348793
1348804
1348806
1348808
1348809
1348810
1348811
1348812
1348814
1348816
1348817
1348818
1348819
1348820
1348822
1348824
1348835
1348836
1348837
1348838
1348839
1348840
1348841
1348842
1348843
1348844
1348845
1348856
1348863
1348869
1348870
1348871
1348872
1348878
1348879
1348880
1348881
1348882
1348883
1348884
1348885
1348886
1348887
1348888
1348889
1348895
1348896
1348897
1348898
1348899
1348900
1348901
1348902
1348908
1348909
1348910
1348911
1348912
1348913
1348914
1348915
1348916
1348922
1348923
1348924
1348931
1348932
1348933
1348934
1348935
1348936
1348942
1348948
1348954
1348960
1348961
1348962
1348968
1348974
1348975
1348981
1348982
1348983
1348984
1348985
1348986
1348987
1348988
1348989
1348990
1348996
1348997
1348998
1348999
1349000
1349001
1349002
1349003
1349004
1349005
1349011
1349017
1349018
1349019
1349025
1349031
1349032
1349033
1349039
1349040
1349041
1349042
1349043
1349044
1349050
1349056
1349062
1349068
1349074
1349075
1349076
1349077
1349078
1349079
1349141
1349142
1349190
1349191
1349192
1349193
1349196
1349197
1349200
1349201
1349202
1349204
1349206
1349208
1349210
1349211
1349213
1349215
1349218
1349221
1349224
1349225
1349226
1349227
1349228
1349229
1349230
1349233
1349236
1349239
1349242
1349243
1349244
1349245
1349246
1349247
1349248
1349249
1349252
1349253
1349254
1349255
1349256
1349257
1349258
1349259
1349260
1349263
1349266
1349269
1349272
1349273
1349276
1349279
1349282
1349285
1349288
1349289
1349290
1349291
1349294
1349295
1349296
1349297
1349298
1349299
1349348
1349350
1349351
1349353
1349355
1349357
1349358
1349360
1349361
1349363
1349365
1349367
1349369
1349371
1349373
1349375
1349377
1349379
1349380
1349382
1349384
1349386
1349387
1349389
1349391
1349393
1349394
1349396
1349398
1349399
1349401
1349402
1349404
1349406
1349408
1349410
1349411
1349412
1349413
1349415
1349416
1349417
1349418
1349420
1349422
1349424
1349425
1349426
1349427
1349429
1349430
1349574
1349575
1349576
1349577
1349578
1349579
1349580
1349591
1349592
1349602
1349603
1349613
1349624
1349635
1349646
1349657
1349658
1349659
1349660
1349661
1349662
1349663
1349664
1349665
1349674
1349683
1349684
1349685
1349686
1349687
1349688
1349689
1349698
1349699
1349700
1349701
1349702
1349703
1349704
1349705
1349714
1349715
1349716
1349725
1349734
1349735
1349744
1349753
1349762
1349763
1349772
1349781
1349790
1349799
1349808
1349809
1349810
1349811
1349812
1349813
1349814
1349815
1349831
1349846
1349861
1349862
1349863
1349864
1349879
1349894
1349909
1349910
1349925
1349940
1349955
1349971
1349987
1349988
1349989
1349990
1349991
1349992
1349993
1349994
1349995
1349996
1349997
1349998
1350014
1350015
1350016
1350017
1350018
1350019
1350020
1350021
1350022
1350023
1350024
1350025
1350026
1350044
1350051
1350058
1350059
1350060
1350067
1350068
1350069
1350076
1350083
1350090
1350091
1350098
1350105
1350112
1350119
1350126
1350133
1350140
1350147
1350154
1350161
1350162
1350163
1350164
1350165
1350166
1350167
1350174
1350175
1350176
1350177
1350178
1350184
1350190
1350191
1350192
1350193
1350194
1350195
1350201
1350202
1350203
1350204
1350205
1350206
1350207
1350208
1350209
1350210
1350211
1350212
1350219
1350220
1350221
1350222
1350223
1350224
1350227
1350230
1350233
1350234
1350235
1350236
1350237
1350240
1350243
1350244
1350247
1350250
1350253
1350256
1350259
1350262
1350265
1350268
1350271
1350272
1350273
1350276
1350284
1350290
1350296
1350302
1350308
1350309
1350310
1350311
1350317
1350323
1350329
1350330
1350336
1350337
1350338
1350339
1350340
1350341
1350348
1350355
1350356
1350363
1350364
1350365
1350366
1350367
1350368
1350369
1350376
1350383
1350390
1350392
1350393
1350394
1350395
1350397
1350399
1350401
1350403
1350405
1350407
1350409
1350411
1350413
1350420
1350427
1350435
1350443
1350444
1350445
1350453
1350454
1350455
1350456
1350457
1350458
1350459
1350460
1350461
1350468
1350475
1350482
1350483
1350484
1350513
1350524
1350535
1350536
1350537
1350538
1350539
1350540
1350541
1350542
1350553
1350564
1350566
1350568
1350570
1350572
1350574
1350576
1350577
1350578
1350579
1350580
1350581
1350582
1350583
1350585
1350587
1350589
1350591
1350593
1350594
1350595
1350596
1350597
1350598
1350599
1350601
1350603
1350614
1350624
1350625
1350635
1350645
1350655
1350665
1350675
1350685
1350686
1350687
1350688
1350689
1350690
1350691
1350692
1350702
1350712
1350722
1350732
1350733
1350734
1350735
1350736
1350737
1350747
1350748
1350749
1350750
1350751
1350752
1350753
1350754
1350755
1350765
1350767
1350768
1350770
1350772
1350774
1350775
1350777
1350779
1350780
1350782
1350784
1350786
1350787
1350789
1350791
1350793
1350794
1350796
1350797
1350799
1350801
1350813
1350814
1350815
1350816
1350817
1350843
1350844
1350845
1350846
1350847
1350871
1350895
1350918
1350941
1350942
1350943
1350944
1350945
1350946
1350947
1350948
1350949
1350975
1350977
1350979
1350981
1350983
1350985
1350987
1350989
1350990
1350991
1350992
1350993
1350995
1350997
1350999
1351001
1351008
1351012
1351016
1351020
1351021
1351022
1351026
1351030
1351034
1351038
1351039
1351043
1351047
1351051
1351055
1351056
1351057
1351058
1351059
1351060
1351061
1351062
1351063
1351064
1351068
1351069
1351070
1351074
1351075
1351076
1351082
1351083
1351084
1351085
1351086
1351088
1351089
1351090
1351092
1351094
1351095
1351096
1351097
1351099
1351100
1351102
1351111
1351112
1351113
1351114
1351115
1351116
1351117
1351118
1351119
1351120
1351121
1351161
1351162
1351163
1351164
1351165
1351166
1351167
1351168
1351169
1351170
1351171
1351209
1351210
1351240
1351241
1351242
1351243
1351244
1351245
1351246
1351247
1351248
1351278
1351305
1351306
1351307
1351308
1351309
1351336
1351362
1351363
1351391
1351421
1351422
1351424
1351425
1351426
1351427
1351429
1351431
1351432
1351433
1351435
1351437
1351439
1351441
1351443
1351445
1351447
1351448
1351449
1351451
1351453
1351455
1351457
1351459
1351461
1351491
1351492
1351493
1351522
1351551
1351579
1351608
1351636
1351664
1351665
1351694
1351722
1351751
1351781
1351810
1351839
1351868
1351901
1351904
1351907
1351908
1351909
1351910
1351911
1351914
1351917
1351918
1351921
1351924
1351925
1351926
1351927
1351930
1351931
1351932
1351935
1351938
1351939
1351944
1351945
1351946
1351947
1351948
1351949
1351950
1351955
1351956
1351957
1351958
1351959
1351963
1351967
1351968
1351969
1351970
1351971
1351972
1351973
1351974
1351975
1351976
1351980
1351981
1351985
1351989
1351993
1351997
1352001
1352005
1352009
1352010
1352011
1352012
1352016
1352130
1352133
1352134
1352135
1352138
1352141
1352142
1352143
1352144
1352145
1352146
1352147
1352148
1352151
1352155
1352158
1352161
1352164
1352165
1352166
1352169
1352170
1352171
1352174
1352175
1352179
1352180
1352181
1352185
1352186
1352187
1352191
1352208
1352223
1352238
1352239
1352240
1352241
1352242
1352243
1352244
1352245
1352246
1352247
1352248
1352249
1352250
1352251
1352252
1352253
1352254
1352266
1352281
1352282
1352296
1352297
1352298
1352299
1352313
1352327
1352328
1352329
1352330
1352334
1352338
1352342
1352346
1352350
1352354
1352358
1352362
1352366
1352370
1352374
1352378
1352382
1352383
1352384
1352385
1352386
1352387
1352388
1352389
1352393
1352394
1352395
1352396
1352397
1352398
1352399
1352403
1352404
1352405
1352407
1352409
1352411
1352413
1352415
1352416
1352417
1352418
1352419
1352421
1352423
1352424
1352425
1352429
1352430
1352431
1352437
1352443
1352449
1352455
1352471
1352472
1352473
1352474
1352475
1352476
1352477
1352478
1352479
1352480
1352481
1352482
1352483
1352497
1352498
1352499
1352500
1352501
1352502
1352503
1352504
1352505
1352506
1352507
1352508
1352509
1352510
1352511
1352512
1352526
1352568
1352569
1352572
1352575
1352578
1352581
1352584
1352585
1352588
1352591
1352594
1352597
1352598
1352599
1352600
1352601
1352604
1352607
1352608
1352611
1352612
1352615
1352616
1352619
1352621
1352623
1352624
1352626
1352628
1352629
1352631
1352633
1352635
1352638
1352640
1352641
1352642
1352643
1352644
1352645
1352647
1352649
1352650
1352651
1352652
1352654
1352699
1352700
1352702
1352704
1352706
1352707
1352709
1352711
1352712
1352713
1352714
1352715
1352717
1352719
1352721
1352723
1352725
1352727
1352729
1352731
1352733
1352735
1352757
1352768
1352779
1352780
1352791
1352802
1352813
1352814
1352825
1352836
1352837
1352848
1352849
1352850
1352851
1352852
1352853
1352864
1352875
1352876
1352877
1352878
1352879
1352880
1352881
1352882
1352883
1352884
1352895
1352896
1352906
1352916
1352926
1352936
1352946
1352956
1352957
1352958
1352959
1352969
1352970
1352981
1352982
1352983
1352984
1352985
1352986
1352987
1352988
1352989
1352990
1353001
1353002
1353003
1353004
1353005
1353006
1353007
1353008
1353023
1353024
1353027
1353028
1353029
1353030
1353031
1353034
1353037
1353040
1353043
1353044
1353047
1353048
1353051
1353054
1353057
1353060
1353063
1353066
1353069
1353070
1353073
1353076
1353077
1353078
1353079
1353080
1353081
1353093
1353105
1353117
1353139
1353140
1353141
1353142
1353143
1353144
1353146
1353147
1353148
1353150
1353151
1353153
1353154
1353156
1353158
1353160
1353162
1353164
1353166
1353168
1353169
1353170
1353189
1353190
1353191
1353192
1353193
1353194
1353195
1353196
1353197
1353216
1353235
1353254
1353273
1353274
1353275
1353276
1353277
1353278
1353296
1353315
1353334
1353352
1353370
1353371
1353390
1353410
1353426
1353427
1353428
1353429
1353445
1353462
1353465
1353468
1353471
1353474
1353477
1353480
1353481
1353484
1353485
1353488
1353491
1353494
1353497
1353500
1353503
1353506
1353509
1353512
1353515
1353516
1353517
1353518
1353519
1353522
1353523
1353524
1353525
1353526
1353529
1353530
1353533
1353534
1353535
1353536
1353537
1353538
1353539
1353542
1353545
1353546
1353547
1353550
1353567
1353568
1353569
1353573
1353577
1353581
1353585
1353589
1353593
1353597
1353601
1353605
1353609
1353613
1353614
1353615
1353616
1353617
1353621
1353622
1353623
1353624
1353625
1353626
1353627
1353628
1353629
1353630
1353631
1353635
1353636
1353640
1353644
1353645
1353649
1353653
1353657
1353661
1353665
1353669
1353673
1353674
1353678
1353682
1353683
1353687
1353691
1353692
1353696
1353700
1353704
1353729
1353770
1353772
1353774
1353776
1353777
1353779
1353781
1353782
1353784
1353786
1353788
1353790
1353792
1353794
1353795
1353796
1353798
1353807
1353808
1353809
1353810
1353813
1353816
1353819
1353820
1353821
1353824
1353827
1353828
1353829
1353832
1353835
1353836
1353837
1353840
1353841
1353842
1353845
1353848
1353851
1353852
1353855
1353858
1353861
1353864
1353867
1353870
1353873
1353874
1353875
1353883
1353884
1353885
1353886
1353887
1353896
1353897
1353898
1353907
1353915
1353923
1353931
1353932
1353933
1353934
1353941
1353949
1353957
1353965
1353966
1353967
1353968
1353969
1353970
1353978
1353986
1353994
1353995
1353996
1354004
1354012
1354013
1354014
1354015
1354016
1354024
1354025
1354033
1354041
1354049
1354050
1354108
1354109
1354110
1354111
1354112
1354113
1354114
1354115
1354116
1354117
1354121
1354125
1354126
1354127
1354128
1354129
1354130
1354131
1354132
1354133
1354137
1354138
1354139
1354140
1354141
1354142
1354143
1354148
1354149
1354153
1354157
1354158
1354159
1354163
1354167
1354171
1354172
1354176
1354177
1354178
1354179
1354183
1354185
1354187
1354188
1354189
1354191
1354192
1354193
1354195
1354197
1354199
1354201
1354205
1354206
1354207
1354208
1354212
1354217
1354222
1354227
1354232
1354237
1354238
1354243
1354248
1354253
1354258
1354259
1354260
1354261
1354262
1354263
1354268
1354269
1354274
1354279
1354280
1354281
1354282
1354283
1354284
1354289
1354290
1354291
1354292
1354293
1354298
1354299
1354300
1354301
1354302
1354309
1354316
1354323
1354324
1354325
1354331
1354337
1354338
1354339
1354345
1354352
1354359
1354360
1354361
1354362
1354363
1354364
1354365
1354366
1354367
1354368
1354369
1354370
1354377
1354378
1354385
1354392
1354393
1354394
1354395
1354396
1354397
1354398
1354399
1354400
1354401
1354402
1354408
1354414
1354415
1354416
1354417
1354418
1354419
1354420
1354421
1354422
1354428
1354434
1354440
1354446
1354452
1354458
1354459
1354460
1354461
1354462
1354463
1354469
1354470
1354471
1354472
1354473
1354479
1354485
1354491
1354492
1354498
1354504
1354510
1354516
1354522
1354523
1354524
1354525
1354526
1354527
1354528
1354534
1354537
1354538
1354539
1354540
1354541
1354542
1354543
1354546
1354549
1354552
1354555
1354558
1354561
1354564
1354567
1354570
1354573
1354574
1354575
1354576
1354577
1354583
1354584
1354585
1354586
1354587
1354588
1354589
1354590
1354591
1354592
1354593
1354594
1354595
1354655
1354701
1354717
1354718
1354719
1354720
1354721
1354722
1354723
1354728
1354729
1354730
1354731
1354732
1354733
1354738
1354740
1354742
1354743
1354744
1354745
1354747
1354749
1354750
1354751
1354753
1354755
1354757
1354759
1354761
1354763
1354764
1354765
1354766
1354774
1354782
1354783
1354784
1354785
1354786
1354787
1354788
1354789
1354790
1354791
1354792
1354800
1354808
1354816
1354824
1354825
1354826
1354834
1354835
1354836
1354837
1354838
1354839
1354847
1354849
1354851
1354853
1354855
1354856
1354858
1354860
1354861
1354862
1354863
1354864
1354866
1354867
1354868
1354876
1354892
1354893
1354894
1354895
1354896
1354897
1354898
1354899
1354900
1354901
1354902
1354903
1354904
1354912
1354920
1354928
1354936
1354943
1354944
1354951
1354958
1354965
1354966
1354967
1354968
1354969
1354970
1354977
1354984
1354991
1354998
1355005
1355006
1355007
1355014
1355015
1355016
1355023
1355030
1355037
1355038
1355039
1355040
1355047
1355054
1355055
1355056
1355057
1355058
1355059
1355060
1355061
1355062
1355063
1355064
1355065
1355066
1355067
1355075
1355083
1355091
1355099
1355107
1355115
1355116
1355117
1355118
1355119
1355127
1355135
1355136
1355151
1355165
1355167
1355169
1355170
1355172
1355174
1355176
1355178
1355179
1355180
1355181
1355182
1355183
1355185
1355187
1355189
1355191
1355193
1355195
1355196
1355198
1355199
1355201
1355203
1355205
1355207
1355209
1355210
1355211
1355212
1355213
1355214
1355216
1355218
1355232
1355233
1355234
1355235
1355236
1355237
1355250
1355263
1355276
1355277
1355278
1355291
1355303
1355304
1355305
1355306
1355307
1355308
1355309
1355310
1355311
1355322
1355323
1355334
1355345
1355356
1355357
1355358
1355359
1355370
1355371
1355372
1355383
1355394
1355395
1355396
1355397
1355408
1355420
1355432
1355433
1355434
1355446
1355461
1355462
1355463
1355464
1355465
1355466
1355467
1355468
1355469
1355470
1355471
1355472
1355487
1355502
1355517
1355532
1355561
1355589
1355617
1355645
1355646
1355647
1355648
1355649
1355677
1356010
1356011
1356012
1356013
1356014
1356015
1356016
1356017
1356018
1356019
1356020
1356021
1356022
1356023
1356024
1356042
1356043
1356044
1356045
1356046
1356057
1356058
1356061
1356062
1356065
1356066
1356067
1356070
1356073
1356076
1356079
1356080
1356081
1356083
1356085
1356086
1356088
1356089
1356091
1356092
1356095
1356098
1356101
1356104
1356107
1356110
1356111
1356112
1356113
1356114
1356115
1356129
1356130
1356131
1356132
1356133
1356137
1356138
1356142
1356146
1356150
1356154
1356158
1356162
1356166
1356167
1356171
1356175
1356179
1356183
1356187
1356191
1356195
1356199
1356203
1356204
1356205
1356206
1356207
1356208
1356212
1356213
1356214
1356215
1356216
1356217
1356218
1356222
1356226
1356243
1356244
1356245
1356247
1356248
1356249
1356250
1356251
1356252
1356254
1356256
1356258
1356259
1356260
1356261
1356262
1356264
1356269
1356270
1356271
1356272
1356273
1356278
1356283
1356284
1356285
1356289
1356293
1356297
1356301
1356305
1356309
1356313
1356317
1356318
1356319
1356320
1356321
1356322
1356323
1356327
1356331
1356335
1356339
1356343
1356347
1356348
1356353
1356358
1356359
1356364
1356369
1356374
1356375
1356376
1356377
1356378
1356379
1356384
1356385
1356386
1356387
1356388
1356389
1356394
1356399
1356400
1356401
1356406
1356411
1356416
1356421
1356422
1356423
1356437
1356439
1356441
1356443
1356445
1356447
1356449
1356451
1356453
1356455
1356457
1356458
1356460
1356462
1356463
1356464
1356466
1356468
1356470
1356472
1356473
1356474
1356475
1356476
1356477
1356479
1356480
1356481
1356482
1356484
1356486
1356487
1356489
1356491
1356505
1356506
1356507
1356508
1356509
1356510
1356511
1356512
1356513
1356514
1356515
1356516
1356517
1356530
1356531
1356532
1356533
1356534
1356535
1356536
1356537
1356538
1356544
1356550
1356551
1356552
1356558
1356559
1356560
1356566
1356572
1356573
1356579
1356585
1356591
1356597
1356603
1356609
1356615
1356618
1356621
1356624
1356627
1356630
1356633
1356636
1356639
1356640
1356641
1356644
1356647
1356650
1356651
1356654
1356657
1356660
1356663
1356666
1356667
1356668
1356689
1356691
1356693
1356695
1356697
1356698
1356699
1356701
1356703
1356705
1356707
1356709
1356711
1356714
1356715
1356716
1356717
1356718
1356721
1356722
1356723
1356724
1356727
1356730
1356733
1356736
1356739
1356742
1356743
1356744
1356745
1356746
1356749
1356752
1356755
1356756
1356767
1356768
1356769
1356780
1356791
1356802
1356813
1356815
1356816
1356817
1356819
1356821
1356822
1356824
1356825
1356827
1356829
1356831
1356832
1356833
1356834
1356836
1356837
1356838
1356839
1356841
1356843
1356845
1356856
1356857
1356858
1356859
1356860
1356861
1356862
1356863
1356864
1356874
1356875
1356885
1356886
1356896
1356897
1356898
1356899
1356909
1356910
1356911
1356912
1356932
1356933
1356934
1356935
1356938
1356941
1356944
1356947
1356950
1356953
1356956
1356959
1356962
1356963
1356966
1356969
1356972
1356973
1356974
1356975
1356976
1356977
1356980
1356983
1356986
1356989
1357000
1357001
1357002
1357003
1357004
1357005
1357006
1357007
1357008
1357009
1357010
1357011
1357018
1357019
1357020
1357027
1357034
1357041
1357042
1357049
1357050
1357051
1357052
1357053
1357054
1357055
1357062
1357063
1357064
1357065
1357067
1357069
1357071
1357072
1357073
1357075
1357076
1357077
1357078
1357079
1357080
1357082
1357083
1357084
1357090
1357101
1357111
1357121
1357131
1357141
1357151
1357161
1357172
1357183
1357184
1357233
1357235
1357237
1357239
1357240
1357241
1357243
1357245
1357247
1357249
1357250
1357251
1357253
1357255
1357257
1357263
1357265
1357267
1357269
1357271
1357273
1357274
1357275
1357276
1357277
1357278
1357280
1357281
1357282
1357283
1357284
1357285
1357287
1357289
1357290
1357291
1357292
1357294
1357305
1357306
1357307
1357308
1357309
1357310
1357311
1357312
1357313
1357314
1357315
1357316
1357324
1357332
1357340
1357348
1357349
1357350
1357351
1357352
1357353
1357354
1357355
1357357
1357359
1357361
1357363
1357365
1357366
1357367
1357369
1357371
1357373
1357374
1357375
1357376
1357377
1357378
1357380
1357381
1357389
1357397
1357405
1357406
1357415
1357424
1357432
1357433
1357441
1357449
1357457
1357458
1357459
1357460
1357461
1357469
1357478
1357487
1357496
1357497
1357498
1357507
1357508
1357509
1357518
1357527
1357538
1357548
1357557
1357566
1357575
1357584
1357585
1357594
1357595
1357604
1357605
1357606
1357618
1357630
1357631
1357643
1357655
1357656
1357658
1357660
1357661
1357662
1357664
1357665
1357666
1357667
1357668
1357670
1357671
1357673
1357675
1357677
1357679
1357681
1357683
1357684
1357685
1357687
1357688
1357690
1357691
1357701
1357702
1357703
1357713
1357724
1357736
1357746
1357756
1357766
1357776
1357786
1357796
1357797
1357798
1357808
1357809
1357810
1357821
1357822
1357823
1357824
1357825
1357826
1357827
1357839
1357851
1357863
1357873
1357874
1357875
1357876
1357877
1357878
1357879
1357880
1357881
1357882
1357892
1357904
1357905
1357915
1357916
1357920
1357924
1357925
1357926
1357927
1357928
1357929
1357930
1357931
1357935
1357936
1357937
1357938
1357942
1357946
1357950
1357951
1357952
1357956
1357960
1357964
1357965
1357969
1357973
1357975
1357976
1357977
1357979
1357981
1357982
1357983
1357985
1357987
1357988
1357990
1357992
1357993
1357994
1357995
1358005
1358006
1358007
1358008
1358009
1358010
1358011
1358012
1358013
1358014
1358015
1358016
1358017
1358018
1358028
1358029
1358039
1358049
1358059
1358069
1358079
1358089
1358090
1358091
1358092
1358093
1358094
1358095
1358096
1358097
1358098
1358099
1358100
1358101
1358111
1358112
1358113
1358114
1358115
1358116
1358127
1358128
1358129
1358445
1358446
1358447
1358448
1358449
1358450
1358451
1358452
1358453
1358454
1358455
1358456
1358457
1358458
1358472
1358473
1358474
1358475
1358476
1358477
1358478
1358479
1358480
1358481
1358482
1358483
1358484
1358498
1358512
1358526
1358542
1358543
1358544
1358545
1358546
1358547
1358548
1358549
1358550
1358551
1358552
1358553
1358554
1358555
1358570
1358585
1358586
1358601
1358616
1358631
1358646
1358661
1358677
1358693
1358709
1358710
1358711
1358712
1358713
1358714
1358715
1358729
1358730
1358731
1358732
1358733
1358734
1358735
1358736
1358737
1358738
1358739
1358740
1358741
1358755
1358756
1358757
1358758
1358759
1358760
1358761
1358762
1358763
1358764
1358765
1358766
1358767
1358768
1358769
1358786
1358788
1358790
1358791
1358792
1358793
1358794
1358795
1358797
1358798
1358800
1358802
1358804
1358806
1358807
1358808
1358809
1358810
1358811
1358813
1358815
1358817
1358818
1358819
1358821
1358823
1358825
1358890
1358969
1358984
1358999
1359014
1359015
1359016
1359017
1359018
1359019
1359020
1359021
1359022
1359031
1359040
1359041
1359042
1359043
1359044
1359053
1359054
1359055
1359064
1359073
1359082
1359091
1359100
1359109
1359110
1359111
1359120
1359128
1359136
1359144
1359152
1359161
1359162
1359163
1359164
1359165
1359166
1359169
1359172
1359173
1359176
1359177
1359180
1359181
1359184
1359187
1359190
1359191
1359192
1359193
1359194
1359195
1359196
1359197
1359200
1359201
1359202
1359210
1359218
1359226
1359234
1359235
1359243
1359244
1359245
1359246
1359247
1359248
1359249
1359250
1359251
1359252
1359253
1359254
1359263
1359273
1359283
1359284
1359285
1359286
1359287
1359297
1359313
1359316
1359317
1359318
1359319
1359322
1359323
1359324
1359325
1359326
1359327
1359328
1359329
1359332
1359333
1359334
1359337
1359338
1359339
1359342
1359343
1359344
1359347
1359350
1359353
1359356
1359359
1359362
1359363
1359364
1359367
1359370
1359373
1359374
1359375
1359376
1359377
1359397
1359398
1359399
1359400
1359401
1359402
1359403
1359404
1359405
1359406
1359407
1359408
1359409
1359410
1359411
1359412
1359430
1359448
1359466
1359467
1359468
1359469
1359470
1359471
1359472
1359473
1359474
1359475
1359476
1359543
1359544
1359610
1359676
1359743
1359810
1359872
1359934
1359996
1359997
1359998
1359999
1360000
1360066
1360131
1360196
1361340
1361342
1361344
1361346
1361348
1361349
1361350
1361351
1361352
1361354
1361356
1361357
1361358
1361360
1361362
1361364
1361366
1361368
1361370
1361372
1361374
1361375
1361377
1361378
1361379
1361380
1361382
1361384
1361385
1361386
1361387
1361388
1361390
1361391
1361393
1361394
1361395
1361396
1361397
1361398
1361399
1361495
1361578
1361660
1361661
1361662
1361663
1361664
1361665
1361666
1361667
1361668
1361669
1361758
1361759
1361822
1361885
1361886
1361949
1362034
1362035
1362036
1362121
1362209
1362210
1362211
1362212
1362213
1362215
1362217
1362219
1362221
1362223
1362225
1362227
1362229
1362231
1362233
1362234
1362235
1362237
1362239
1362241
1362242
1362244
1362245
1362246
1362247
1362248
1362249
1362250
1362251
1362252
1362787
1362788
1362789
1362790
1362791
1362792
1362793
1362818
1362819
1362820
1362821
1362845
1362846
1362847
1362848
1362849
1362874
1362896
1362897
1362898
1362899
1362900
1362925
1362952
1362953
1362954
1362955
1362956
1362957
1362958
1362959
1362960
1362987
1363017
1363021
1363025
1363026
1363027
1363031
1363032
1363033
1363034
1363038
1363041
1363042
1363043
1363044
1363045
1363046
1363049
1363052
1363053
1363054
1363057
1363060
1363063
1363066
1363069
1363070
1363074
1363078
1363079
1363080
1363081
1363082
1363086
1363087
1363088
1363092
1363094
1363096
1363098
1363100
1363102
1363103
1363104
1363106
1363108
1363110
1363114
1363118
1363122
1363126
1363130
1363134
1363138
1363159
1363164
1363169
1363171
1363172
1363173
1363175
1363177
1363179
1363181
1363183
1363185
1363187
1363189
1363191
1363196
1363201
1363202
1363203
1363204
1363205
1363206
1363207
1363208
1363209
1363214
1363219
1363224
1363229
1363231
1363232
1363234
1363235
1363236
1363238
1363240
1363242
1363244
1363246
1363248
1363249
1363250
1363252
1363259
1363260
1363267
1363269
1363271
1363272
1363273
1363275
1363276
1363277
1363278
1363279
1363280
1363282
1363284
1363286
1363288
1363290
1363292
1363293
1363294
1363295
1363296
1363297
1363299
1363306
1363330
1363331
1363332
1363333
1363334
1363335
1363336
1363340
1363341
1363345
1363349
1363350
1363351
1363352
1363353
1363354
1363358
1363362
1363366
1363368
1363370
1363372
1363373
1363374
1363375
1363376
1363377
1363379
1363381
1363383
1363387
1363391
1363395
1363396
1363397
1363398
1363399
1363403
1363407
1363408
1363409
1363410
1363414
1363415
1363416
1363417
1363418
1363419
1363420
1363421
1363425
1363429
1363430
1363431
1363481
1363488
1363495
1363502
1363509
1363510
1363517
1363524
1363525
1363526
1363527
1363534
1363540
1363541
1363542
1363543
1363544
1363545
1363546
1363547
1363548
1363549
1363550
1363551
1363558
1363561
1363564
1363565
1363566
1363567
1363568
1363571
1363574
1363577
1363578
1363579
1363581
1363582
1363583
1363584
1363585
1363586
1363587
1363589
1363590
1363591
1363597
1363598
1363599
1363609
1363619
1363620
1363621
1363622
1363623
1363625
1363627
1363629
1363630
1363631
1363632
1363633
1363635
1363637
1363639
1363640
1363642
1363643
1363644
1363645
1363646
1363647
1363649
1363650
1363661
1363665
1363666
1363667
1363668
1363669
1363670
1363671
1363672
1363673
1363674
1363678
1363679
1363680
1363681
1363684
1363685
1363686
1363687
1363690
1363691
1363692
1363693
1363694
1363695
1363696
1363697
1363700
1363704
1363705
1363706
1363707
1363708
1363712
1363716
1363720
1363730
1363740
1363750
1363759
1363768
1363777
1363787
1363797
1363798
1363799
1363802
1363803
1363804
1363805
1363806
1363809
1363812
1363815
1363816
1363819
1363822
1363825
1363828
1363831
1363834
1363836
1363838
1363840
1363842
1363843
1363845
1363847
1363849
1363851
1363854
1363855
1363864
1363866
1363867
1363868
1363869
1363870
1363872
1363874
1363876
1363878
1363880
1363882
1363884
1363885
1363886
1363888
1363889
1363890
1363891
1363893
1363895
1363904
1363913
1363914
1363923
1363924
1363933
1363934
1363971
1363972
1363987
1363988
1363991
1363994
1363997
1364000
1364003
1364004
1364005
1364006
1364007
1364009
1364011
1364013
1364014
1364016
1364018
1364019
1364021
1364024
1364027
1364030
1364033
1364036
1364037
1364040
1364043
1364046
1364049
1364052
1364053
1364054
1364057
1364060
1364061
1364062
1364063
1364064
1364065
1364066
1364067
1364068
1364082
1364083
1364084
1364085
1364100
1364101
1364102
1364103
1364104
1364105
1364106
1364111
1364112
1364113
1364114
1364115
1364116
1364117
1364122
1364123
1364128
1364133
1364134
1364135
1364136
1364141
1364142
1364143
1364148
1364153
1364154
1364155
1364156
1364161
1364166
1364171
1364176
1364181
1364186
1364188
1364190
1364192
1364194
1364196
1364198
1364200
1364201
1364202
1364204
1364206
1364208
1364210
1364211
1364212
1364214
1364230
1364245
1364246
1364261
1364262
1364277
1364278
1364279
1364280
1364281
1364296
1364311
1364326
1364327
1364342
1364343
1364344
1364359
1364374
1364378
1364382
1364386
1364390
1364391
1364392
1364393
1364394
1364398
1364402
1364406
1364407
1364408
1364412
1364416
1364420
1364424
1364428
1364432
1364433
1364434
1364435
1364436
1364440
1364444
1364446
1364447
1364448
1364449
1364451
1364453
1364455
1364456
1364457
1364458
1364460
1364462
1364476
1364491
1364492
1364493
1364494
1364495
1364496
1364497
1364498
1364499
1364500
1364501
1364502
1364503
1364504
1364530
1364555
1364556
1364557
1364558
1364583
1364608
1364609
1364610
1364611
1364612
1364613
1364614
1364615
1364616
1364617
1364618
1364619
1364620
1364621
1364622
1364623
1364624
1364625
1364626
1364652
1364653
1364678
1364702
1364726
1364751
1364810
1364860
1364909
1364910
1364911
1364912
1364965
1364966
1364967
1364968
1364969
1364970
1364971
1364972
1364977
1364982
1364983
1364987
1364988
1364992
1364993
1364997
1364998
1365002
1365006
1365010
1365014
1365018
1365019
1365020
1365021
1365022
1365023
1365024
1365025
1365026
1365027
1365031
1365035
1365039
1365040
1365041
1365045
1365046
1365050
1365051
1365056
1365057
1365058
1365059
1365060
1365061
1365066
1365067
1365068
1365069
1365070
1365071
1365075
1365079
1365083
1365086
1365089
1365090
1365091
1365092
1365093
1365097
1365101
1365105
1365109
1365113
1365117
1365118
1365119
1365120
1365124
1365128
1365133
1365138
1365143
1365144
1365149
1365154
1365159
1365160
1365161
1365162
1365167
1365172
1365177
1365182
1365183
1365188
1365193
1365198
1365203
1365208
1365213
1365214
1365219
1365220
1365221
1365331
1365332
1365333
1365419
1365503
1365589
1365590
1365591
1365592
1365593
1365594
1365595
1365596
1365597
1365598
1365599
1365600
1365601
1365602
1365603
1365604
1365605
1365705
1365766
1365814
1365815
1365863
1365864
1365865
1365866
1365910
1365953
1365996
1366039
1366040
1366041
1366042
1366043
1366044
1366045
1366046
1366047
1366048
1366049
1366050
1366112
1366161
1366208
1366255
1366302
1366350
1366351
1366352
1366353
1366354
1366355
1366356
1366357
1366415
1366476
1366537
1366538
1366539
1366604
1366666
1366727
1366728
1366729
1366790
1366851
1366913
1367073
1367150
1367227
1367228
1367305
1367385
1367386
1367387
1367388
1367389
1367390
1367391
1367392
1367393
1367394
1367395
1367396
1367397
1367398
1367399
1367400
1367401
1367402
1367403
1367404
1367405
1367406
1367407
1367449
1367532
1367541
1367542
1367543
1367544
1367553
1367562
1367563
1367564
1367565
1367573
1367581
1367589
1367597
1367598
1367599
1367600
1367601
1367602
1367610
1367611
1367619
1367627
1367635
1367643
1367651
1367659
1367667
1367675
1367683
1367684
1367685
1367686
1367687
1367695
1367703
1367705
1367707
1367709
1367711
1367713
1367715
1367716
1367718
1367720
1367722
1367724
1367725
1367727
1367729
1367731
1367737
1367738
1367739
1367740
1367741
1367742
1367743
1367744
1367745
1367746
1367747
1367748
1367754
1367755
1367759
1367760
1367764
1367768
1367769
1367770
1367771
1367775
1367779
1367783
1367787
1367788
1367789
1367793
1367797
1367801
1367805
1367809
1367813
1367817
1367823
1367824
1367825
1367831
1367832
1367835
1367836
1367837
1367840
1367841
1367842
1367843
1367844
1367845
1367846
1367847
1367850
1367851
1367852
1367853
1367854
1367855
1367856
1367864
1367865
1367866
1367867
1367868
1367869
1367870
1367871
1367872
1367873
1367881
1367882
1367883
1367885
1367886
1367887
1367888
1367889
1367891
1367893
1367895
1367897
1367899
1367900
1367901
1367902
1367920
1367921
1367922
1367923
1367924
1367925
1367926
1367942
1367943
1367944
1367960
1367961
1367962
1367963
1367964
1367980
1367996
1367997
1367998
1368015
1368016
1368017
1368018
1368035
1368052
1368068
1368069
1368085
1368101
1368117
1368118
1368122
1368126
1368128
1368130
1368132
1368134
1368136
1368138
1368140
1368142
1368144
1368145
1368148
1368149
1368152
1368155
1368158
1368161
1368162
1368163
1368164
1368165
1368168
1368171
1368172
1368175
1368176
1368179
1368180
1368181
1368182
1368183
1368184
1368188
1368189
1368190
1368194
1368195
1368199
1368203
1368204
1368205
1368209
1368210
1368211
1368291
1368292
1368293
1368294
1368295
1368296
1368297
1368298
1368299
1368300
1368301
1368302
1368303
1368304
1368305
1368306
1368307
1368308
1368366
1368367
1368368
1368369
1368370
1368371
1368372
1368373
1368374
1368375
1368376
1368377
1368378
1368379
1368380
1368381
1368382
1368383
1368384
1368385
1368459
1368531
1368603
1368675
1368747
1368748
1368749
1368823
1368881
1368882
1368883
1368939
1368995
1369051
1369107
1369108
1369109
1369246
1369247
1369363
1369419
1369420
1369421
1369422
1369423
1369479
1369480
1369481
1369482
1369483
1369539
1369540
1369541
1369598
1369643
1369688
1369732
1369776
1369821
1369877
1369936
1369994
1370051
1370108
1370164
1370165
1370166
1370223
1370282
1370283
1370284
1370285
1370286
1370287
1370288
1370289
1370290
1370291
1370292
1370293
1370294
1370353
1370412
1370471
1370824
1370825
1370826
1370827
1370828
1370829
1370830
1370831
1370832
1370833
1370834
1370835
1370842
1370849
1370852
1370855
1370858
1370861
1370864
1370867
1370870
1370873
1370874
1370875
1370876
1370877
1370880
1370881
1370882
1370883
1370884
1370885
1370886
1370887
1370890
1370896
1370897
1370904
1370910
1370911
1370912
1370914
1370915
1370916
1370917
1370918
1370919
1370921
1370923
1370925
1370927
1370929
1370930
1370931
1370932
1370933
1370934
1370941
1370967
1370968
1370969
1370970
1370971
1370993
1370994
1370995
1370996
1370997
1370998
1370999
1371000
1371001
1371002
1371003
1371004
1371005
1371017
1371028
1371039
1371050
1371051
1371052
1371063
1371074
1371085
1371096
1371107
1371118
1371119
1371130
1371142
1371143
1371144
1371156
1371168
1371180
1371181
1371182
1371183
1371184
1371185
1371196
1371198
1371200
1371202
1371204
1371205
1371206
1371208
1371210
1371212
1371214
1371215
1371216
1371218
1371220
1371231
1371242
1371253
1371264
1371265
1371275
1371277
1371278
1371279
1371280
1371282
1371283
1371284
1371286
1371288
1371290
1371291
1371293
1371295
1371297
1371308
1371309
1371310
1371311
1371312
1371313
1371324
1371335
1371336
1371337
1371348
1371359
1371370
1371381
1371392
1371403
1371404
1371415
1371416
1371419
1371422
1371425
1371428
1371431
1371434
1371435
1371436
1371437
1371440
1371441
1371442
1371443
1371444
1371445
1371446
1371449
1371452
1371453
1371454
1371455
1371456
1371459
1371462
1371465
1371468
1371469
1371472
1371475
1371492
1371493
1371494
1371495
1371509
1371510
1371524
1371538
1371552
1371553
1371554
1371555
1371556
1371557
1371558
1371574
1371576
1371578
1371580
1371582
1371584
1371586
1371588
1371590
1371591
1371593
1371595
1371596
1371598
1371599
1371600
1371602
1371604
1371622
1371627
1371632
1371637
1371639
1371640
1371642
1371644
1371646
1371647
1371648
1371649
1371650
1371651
1371653
1371654
1371655
1371656
1371657
1371658
1371663
1371664
1371665
1371666
1371667
1371668
1371669
1371674
1371675
1371676
1371681
1371686
1371687
1371688
1371689
1371690
1371691
1371692
1371697
1371698
1371699
1371700
1371701
1371702
1371703
1371704
1371709
1371710
1371714
1371718
1371719
1371720
1371721
1371726
1371847
1371848
1371849
1371850
1371851
1371852
1371853
1371854
1371855
1371856
1371857
1371858
1371859
1372003
1372041
1372078
1372115
1372152
1372190
1372191
1372192
1372228
1372229
1372230
1372265
1372300
1372335
1372370
1372407
1372408
1372409
1372410
1372411
1372412
1372413
1372414
1372415
1372416
1372417
1372418
1372419
1372420
1372421
1372422
1372423
1372424
1372425
1372426
1372466
1372503
1372540
1372576
1372577
1372614
1372649
1372685
1372686
1372687
1372724
1372761
1372798
1372835
1372837
1372839
1372841
1372843
1372845
1372846
1372847
1372848
1372849
1372851
1372853
1372855
1372857
1372858
1372860
1372861
1372862
1372864
1372865
1372866
1372867
1372869
1372871
1372873
1372875
1372877
1372898
1372919
1372940
1372941
1372962
1372963
1372964
1372965
1372966
1372987
1373008
1373009
1373010
1373031
1373032
1373033
1373034
1373035
1373036
1373083
1373126
1373169
1373212
1373213
1373256
1373299
1373300
1373301
1373302
1373303
1373304
1373305
1373306
1373307
1373308
1373309
1373310
1373311
1373312
1373313
1373314
1373315
1373361
1373362
1373363
1373364
1373365
1373366
1373367
1373373
1373379
1373380
1373386
1373392
1373393
1373398
1373399
1373400
1373401
1373406
1373411
1373416
1373421
1373426
1373431
1373436
1373441
1373447
1373449
1373450
1373452
1373454
1373456
1373458
1373459
1373461
1373463
1373465
1373467
1373469
1373471
1373477
1373482
1373487
1373488
1373493
1373498
1373503
1373507
1373511
1373515
1373520
1373521
1373522
1373523
1373528
1373532
1373536
1373540
1373544
1373545
1373549
1373553
1373557
1373558
1373559
1373560
1373561
1373562
1373563
1373564
1373565
1373569
1373573
1373574
1373575
1373579
1373583
1373587
1373591
1373595
1373603
1373611
1373619
1373627
1373635
1373636
1373644
1373652
1373653
1373654
1373655
1373656
1373657
1373658
1373659
1373660
1373661
1373662
1373663
1373671
1373679
1373680
1373681
1373682
1373683
1374539
1374540
1374541
1374542
1374543
1374555
1374556
1374557
1374558
1374559
1374560
1374561
1374562
1374563
1374564
1374565
1374578
1374579
1374580
1374581
1374594
1374595
1374596
1374609
1374610
1374611
1374623
1374624
1374637
1374649
1374661
1374673
1374675
1374677
1374679
1374681
1374682
1374684
1374686
1374688
1374690
1374692
1374693
1374695
1374697
1374699
1374701
1374703
1374705
1374706
1374708
1374709
1374721
1374725
1374726
1374727
1374728
1374729
1374730
1374731
1374732
1374733
1374734
1374735
1374739
1374740
1374741
1374742
1374743
1374744
1374745
1374746
1374747
1374751
1374752
1374753
1374757
1374759
1374761
1374763
1374764
1374765
1374767
1374769
1374771
1374773
1374775
1374776
1374780
1374781
1374782
1374783
1374784
1374785
1374786
1374787
1374788
1374789
1374790
1374794
1374795
1374796
1374797
1374801
1374805
1374806
1374807
1374808
1374809
1374810
1374814
1374815
1374816
1374820
1374821
1374822
1374823
1374824
1374825
1374829
1374833
1374834
1374835
1374836
1374837
1374838
1374839
1374840
1374841
1374850
1374852
1374853
1374854
1374855
1374856
1374857
1374859
1374861
1374862
1374864
1374866
1374868
1374869
1374870
1374871
1374873
1374875
1374876
1374877
1374878
1374879
1374880
1374888
1374889
1374890
1374891
1374892
1374893
1374901
1374909
1374917
1374925
1374932
1374933
1374939
1374945
1374946
1374947
1374948
1374949
1374950
1374956
1374963
1374964
1374965
1374966
1374967
1374968
1374976
1374984
1374985
1374986
1374995
1374996
1374997
1375006
1375015
1375017
1375018
1375019
1375020
1375022
1375024
1375025
1375027
1375029
1375031
1375033
1375035
1375037
1375039
1375040
1375041
1375061
1375062
1375063
1375064
1375065
1375066
1375067
1375068
1375069
1375070
1375086
1375087
1375088
1375101
1375102
1375115
1375128
1375129
1375130
1375131
1375132
1375145
1375158
1375171
1375184
1375197
1375210
1375223
1375224
1375225
1375226
1375227
1375228
1375229
1375230
1375231
1375232
1375233
1375234
1375249
1375264
1375265
1375266
1375281
1375282
1375283
1375284
1375285
1375286
1375287
1375288
1375289
1375290
1375291
1375302
1375303
1375304
1375305
1375306
1375307
1375318
1375329
1375340
1375351
1375362
1375373
1375384
1375385
1375386
1375397
1375398
1375399
1375410
1375421
1375422
1375423
1375424
1375425
1375426
1375441
1375456
1375471
1375472
1375487
1375489
1375491
1375493
1375495
1375497
1375498
1375499
1375500
1375502
1375503
1375505
1375506
1375508
1375510
1375512
1375513
1375515
1375516
1375518
1375540
1375560
1375580
1375600
1375602
1375604
1375606
1375608
1375610
1375612
1375614
1375616
1375618
1375620
1375622
1375623
1375624
1375625
1375626
1375628
1375630
1375632
1375633
1375634
1375635
1375636
1375637
1375639
1375640
1375641
1375642
1375644
1375646
1375648
1375668
1375688
1375689
1375709
1375710
1375730
1375751
1375755
1375759
1375763
1375767
1375768
1375772
1375773
1375777
1375781
1375785
1375786
1375790
1375791
1375795
1375799
1375803
1375807
1375811
1375815
1375819
1375820
1375824
1375825
1375826
1375827
1375828
1375829
1375830
1375831
1375835
1375839
1375840
1375844
1375848
1375852
1375856
1375857
1375861
1375865
1375869
1375879
1375889
1375899
1375909
1375910
1375920
1375922
1375923
1375924
1375926
1375927
1375929
1375930
1375932
1375934
1375936
1375939
1375942
1375945
1375946
1375947
1375948
1375949
1375952
1375955
1375958
1375959
1375962
1375965
1375968
1375971
1375985
1375986
1375999
1376000
1376001
1376002
1376003
1376004
1376005
1376006
1376007
1376008
1376009
1376010
1376023
1376036
1376037
1376038
1376039
1376040
1376041
1376042
1376053
1376055
1376057
1376059
1376060
1376062
1376064
1376066
1376067
1376068
1376070
1376071
1376072
1376074
1376075
1376076
1376077
1376079
1376091
1376092
1376093
1376107
1376121
1376135
1376136
1376150
1376164
1376178
1376192
1376193
1376194
1376195
1376196
1376197
1376198
1376199
1376215
1376220
1376221
1376222
1376227
1376228
1376229
1376230
1376231
1376232
1376233
1376238
1376242
1376246
1376250
1376254
1376258
1376262
1376266
1376267
1376271
1376275
1376279
1376280
1376284
1376288
1376289
1376293
1376297
1376298
1376302
1376306
1376307
1376308
1376309
1376310
1376311
1376312
1376313
1376314
1376315
1376316
1376321
1376323
1376324
1376325
1376326
1376327
1376329
1376330
1376332
1376333
1376334
1376336
1376338
1376339
1376426
1376427
1376428
1376429
1376430
1376431
1376432
1376443
1376454
1376455
1376466
1376467
1376468
1376469
1376480
1376481
1376482
1376483
1376484
1376485
1376496
1376497
1376508
1376519
1376530
1376531
1376542
1376543
1376544
1376555
1376566
1376567
1376578
1376589
1376591
1376593
1376595
1376597
1376599
1376601
1376602
1376604
1376606
1376607
1376608
1376609
1376611
1376613
1376615
1376617
1376619
1376621
1376623
1376625
1376627
1376629
1376631
1376633
1376635
1376636
1376644
1376652
1376660
1376661
1376662
1376669
1376670
1376671
1376678
1376686
1376687
1376688
1376696
1376697
1376698
1376706
1376707
1376708
1376709
1376710
1376711
1376719
1376727
1376735
1376740
1376745
1376750
1376755
1376757
1376758
1376760
1376762
1376764
1376765
1376766
1376768
1376769
1376771
1376773
1376775
1376776
1376778
1376780
1376782
1376787
1376788
1376789
1376790
1376791
1376792
1376797
1376798
1376799
1376800
1376801
1376802
1376807
1376812
1376813
1376814
1376815
1376816
1376825
1376826
1376834
1376842
1376843
1376844
1376852
1376853
1376854
1376862
1376870
1376878
1376886
1376894
1376902
1376910
1376918
1376926
1376934
1376942
1376950
1376951
1376959
1376967
1376968
1376969
1376970
1376971
1376979
1376984
1376989
1376993
1376997
1377001
1377005
1377009
1377012
1377013
1377014
1377015
1377016
1377019
1377022
1377025
1377028
1377031
1377032
1377035
1377038
1377039
1377040
1377041
1377045
1377049
1377110
1377113
1377114
1377115
1377116
1377117
1377118
1377119
1377120
1377123
1377126
1377129
1377130
1377133
1377136
1377139
1377142
1377145
1377148
1377151
1377154
1377157
1377160
1377163
1377164
1377165
1377166
1377167
1377174
1377175
1377176
1377177
1377178
1377179
1377180
1377181
1377182
1377189
1377197
1377205
1377213
1377221
1377229
1377230
1377231
1377232
1377233
1377241
1377242
1377243
1377244
1377245
1377253
1377254
1377262
1377263
1377264
1377265
1377266
1377267
1377268
1377269
1377272
1377273
1377274
1377275
1377276
1377279
1377282
1377285
1377286
1377287
1377288
1377289
1377290
1377291
1377294
1377297
1377300
1377301
1377302
1377303
1377311
1377312
1377313
1377314
1377315
1377316
1377317
1377318
1377319
1377320
1377321
1377322
1377323
1377373
1377374
1377375
1377376
1377377
1377378
1377381
1377384
1377387
1377390
1377393
1377396
1377397
1377400
1377403
1377404
1377405
1377406
1377409
1377412
1377415
1377416
1377417
1377418
1377419
1377420
1377421
1377422
1377425
1377426
1377429
1377430
1377432
1377434
1377435
1377437
1377439
1377441
1377443
1377445
1377448
1377449
1377452
1377455
1377458
1377492
1377493
1377494
1377496
1377498
1377500
1377502
1377504
1377506
1377508
1377510
1377512
1377513
1377514
1377515
1377517
1377519
1377521
1377523
1377525
1377527
1377529
1377531
1377533
1377535
1377537
1377539
1377541
1377543
1377579
1377580
1377581
1377582
1377583
1377584
1377585
1377586
1377587
1377591
1377592
1377596
1377600
1377601
1377602
1377603
1377604
1377605
1377606
1377607
1377608
1377609
1377615
1377616
1377621
1377626
1377631
1377636
1377641
1377646
1377651
1377656
1377661
1377666
1377667
1377668
1377669
1377670
1377671
1377672
1377673
1377674
1377679
1377684
1377689
1377694
1377699
1377704
1377709
1377714
1377719
1377720
1377725
1377730
1377735
1377740
1377745
1377752
1377753
1377754
1377755
1377756
1377757
1377764
1377770
1377771
1377777
1377778
1377784
1377790
1377792
1377793
1377794
1377795
1377797
1377799
1377800
1377801
1377802
1377804
1377806
1377808
1377811
1377812
1377813
1377814
1377815
1377816
1377817
1377820
1377826
1377832
1377833
1377834
1377835
1377836
1377837
1377838
1377839
1377846
1377847
1377848
1377849
1377855
1377861
1377867
1377873
1377874
1377875
1377876
1377882
1377883
1377884
1377885
1377886
1377887
1377888
1377890
1377892
1377894
1377896
1377898
1377899
1377900
1377901
1377902
1377903
1377904
1377906
1377908
1377942
1377968
1377969
1377970
1377971
1377997
1378023
1378024
1378025
1378026
1378052
1378054
1378056
1378057
1378059
1378061
1378063
1378065
1378067
1378069
1378071
1378072
1378074
1378076
1378080
1378084
1378086
1378087
1378089
1378090
1378091
1378092
1378093
1378095
1378096
1378098
1378102
1378103
1378104
1378105
1378106
1378107
1378108
1378112
1378116
1378117
1378118
1378119
1378120
1378124
1378128
1378132
1378136
1378140
1378144
1378148
1378152
1378156
1378158
1378160
1378162
1378163
1378164
1378166
1378168
1378170
1378171
1378172
1378174
1378176
1378178
1378180
1378236
1378237
1378242
1378247
1378252
1378253
1378254
1378255
1378256
1378257
1378258
1378263
1378268
1378273
1378278
1378279
1378280
1378281
1378282
1378283
1378288
1378289
1378290
1378295
1378296
1378297
1378298
1378299
1378300
1378305
1378306
1378315
1378323
1378331
1378332
1378339
1378346
1378353
1378360
1378361
1378368
1378375
1378382
1378383
1378384
1378391
1378398
1378405
1378412
1378419
1378420
1378421
1378422
1378423
1378424
1378425
1378426
1378427
1378428
1378429
1378436
1378437
1378438
1378439
1378440
1378441
1378442
1378443
1378444
1378445
1378446
1378447
1378454
1378461
1378468
1378475
1378483
1378491
1378499
1378507
1378515
1378523
1378524
1378525
1378533
1378534
1378535
1378543
1378551
1378559
1378560
1378568
1378576
1378584
1378592
1378600
1378608
1378616
1378624
1378632
1378634
1378635
1378636
1378638
1378640
1378642
1378644
1378645
1378647
1378649
1378651
1378653
1378654
1378656
1378658
1378659
1378661
1378663
1378672
1378673
1378675
1378676
1378677
1378679
1378681
1378683
1378684
1378685
1378686
1378688
1378690
1378692
1378693
1378694
1378706
1378707
1378708
1378709
1378713
1378717
1378721
1378725
1378729
1378733
1378734
1378735
1378736
1378737
1378741
1378745
1378749
1378753
1378757
1378758
1378759
1378760
1378761
1378762
1378763
1378764
1378765
1378766
1378770
1378774
1378778
1378779
1378783
1378787
1378791
1378795
1378796
1378797
1378798
1378799
1378816
1378817
1378818
1378819
1378820
1378821
1378826
1378827
1378828
1378829
1378830
1378831
1378836
1378838
1378839
1378840
1378842
1378843
1378844
1378845
1378846
1378848
1378850
1378852
1378854
1378856
1378861
1378867
1378868
1378869
1378870
1378871
1378872
1378873
1378879
1378885
1378891
1378897
1378903
1378909
1378915
1378921
1378922
1378923
1378924
1378925
1378926
1378927
1378928
1378929
1378930
1378931
1378932
1378938
1378939
1378940
1378941
1378942
1378943
1378944
1378945
1378951
1378957
1378958
1378964
1378970
1378976
1378982
1378988
1378989
1378990
1378996
1379002
1379008
1379009
1379015
1379021
1379022
1379023
1379029
1379030
1379031
1379037
1379038
1379039
1379045
1379051
1379052
1379053
1379054
1379055
1379056
1379057
1379058
1379059
1379060
1379094
1379095
1379096
1379097
1379098
1379101
1379102
1379103
1379104
1379105
1379108
1379109
1379110
1379111
1379113
1379115
1379117
1379119
1379121
1379123
1379125
1379127
1379128
1379129
1379130
1379133
1379135
1379137
1379138
1379139
1379141
1379143
1379144
1379145
1379146
1379167
1379179
1379180
1379181
1379182
1379183
1379184
1379196
1379208
1379220
1379232
1379233
1379234
1379246
1379247
1379248
1379249
1379261
1379273
1379285
1379297
1379309
1379321
1379333
1379345
1379358
1379359
1379360
1379361
1379362
1379363
1379364
1379365
1379366
1379367
1379368
1379369
1379370
1379382
1379395
1379408
1379421
1379434
1379435
1379436
1379449
1379450
1379451
1379452
1379453
1379454
1379455
1379456
1379457
1379458
1379459
1379460
1379473
1379486
1379489
1379492
1379495
1379496
1379499
1379502
1379503
1379504
1379505
1379506
1379507
1379508
1379509
1379510
1379513
1379514
1379515
1379516
1379519
1379520
1379521
1379522
1379525
1379528
1379529
1379530
1379533
1379536
1379539
1379542
1379543
1379544
1379545
1379548
1379549
1379550
1379563
1379564
1379566
1379568
1379569
1379571
1379572
1379573
1379574
1379575
1379576
1379577
1379579
1379581
1379582
1379584
1379585
1379587
1379589
1379590
1379592
1379593
1379594
1379595
1379597
1379599
1379601
1379622
1379624
1379626
1379628
1379629
1379630
1379632
1379633
1379634
1379636
1379638
1379640
1379641
1379642
1379643
1379645
1379647
1379648
1379649
1379651
1379653
1379654
1379656
1379657
1379941
1379942
1379943
1379944
1379945
1379946
1379947
1379948
1379949
1379958
1379959
1379960
1379969
1379970
1379971
1379980
1379989
1379998
1379999
1380000
1380009
1380018
1380027
1380028
1380029
1380038
1380039
1380040
1380041
1380042
1380052
1380060
1380068
1380076
1380077
1380085
1380086
1380087
1380095
1380103
1380111
1380119
1380120
1380128
1380129
1380137
1380145
1380153
1380161
1380169
1380178
1380179
1380180
1380190
1380200
1380210
1380220
1380231
1380232
1380233
1380234
1380235
1380236
1380247
1380257
1380258
1380259
1380260
1380261
1380262
1380263
1380264
1380265
1380270
1380275
1380276
1380281
1380282
1380283
1380284
1380285
1380286
1380287
1380288
1380293
1380298
1380299
1380300
1380301
1380302
1380303
1380304
1380305
1380306
1380307
1380308
1380313
1380318
1380319
1380324
1380325
1380330
1380335
1380336
1380341
1380346
1380351
1380352
1380357
1380358
1380363
1380368
1380369
1380370
1380371
1380372
1380373
1380374
1380375
1380376
1380377
1380378
1380379
1380380
1380400
1380405
1380410
1380415
1380420
1380421
1380422
1380423
1380424
1380425
1380426
1380427
1380432
1380436
1380437
1380438
1380439
1380440
1380441
1380445
1380449
1380453
1380454
1380458
1380459
1380463
1380464
1380465
1380469
1380473
1380477
1380478
1380479
1380480
1380481
1380482
1380483
1380484
1380485
1380486
1380487
1380491
1380495
1380499
1380500
1380501
1380502
1380506
1380507
1380511
1380512
1380516
1380520
1380524
1380528
1380532
1380536
1380540
1380544
1380548
1380552
1380553
1380554
1380555
1380556
1380557
1380561
1380565
1380569
1380573
1380577
1380581
1380585
1380589
1380593
1380594
1380598
1380599
1380603
1380607
1380611
1380612
1380613
1380614
1380615
1380619
1380695
1380699
1380703
1380707
1380711
1380712
1380716
1380720
1380721
1380722
1380723
1380724
1380725
1380726
1380728
1380729
1380730
1380731
1380732
1380733
1380734
1380735
1380739
1380740
1380741
1380742
1380743
1380747
1380751
1380755
1380759
1380763
1380767
1380769
1380771
1380773
1380775
1380777
1380779
1380781
1380782
1380783
1380784
1380785
1380787
1380789
1380793
1380797
1380798
1380799
1380800
1380801
1380802
1380803
1380805
1380806
1380807
1380808
1380810
1380812
1380813
1380814
1380818
1380819
1380823
1380824
1380828
1380829
1380830
1380831
1380832
1380833
1380834
1380835
1380839
1380840
1380841
1380842
1380843
1380844
1380848
1380849
1380850
1380851
1380852
1380856
1381036
1381037
1381052
1381066
1381067
1381068
1381069
1381070
1381071
1381072
1381073
1381074
1381088
1381090
1381092
1381094
1381095
1381097
1381098
1381100
1381101
1381102
1381104
1381106
1381108
1381109
1381111
1381113
1381115
1381117
1381119
1381134
1381135
1381136
1381137
1381138
1381139
1381154
1381155
1381156
1381172
1381173
1381174
1381175
1381176
1381177
1381178
1381194
1381195
1381196
1381197
1381213
1381214
1381215
1381216
1381217
1381218
1381219
1381220
1381221
1381236
1381251
1381266
1381282
1381283
1381284
1381285
1381286
1381287
1381288
1381289
1381290
1381291
1381292
1381293
1381294
1381295
1381296
1381322
1381323
1381324
1381325
1381326
1381327
1381328
1381329
1381330
1381331
1381339
1381340
1381341
1381342
1381343
1381344
1381345
1381352
1381359
1381366
1381373
1381380
1381381
1381382
1381383
1381390
1381391
1381398
1381399
1381400
1381401
1381408
1381409
1381410
1381411
1381418
1381425
1381432
1381439
1381440
1381441
1381449
1381454
1381455
1381456
1381461
1381462
1381463
1381464
1381466
1381468
1381470
1381472
1381474
1381476
1381478
1381479
1381480
1381481
1381482
1381483
1381484
1381485
1381487
1381492
1381493
1381494
1381495
1381496
1381497
1381498
1381499
1381500
1381505
1381513
1381514
1381515
1381516
1381517
1381518
1381519
1381520
1381521
1381522
1381523
1381524
1381532
1381536
1381540
1381541
1381542
1381543
1381547
1381548
1381549
1381550
1381554
1381555
1381556
1381560
1381564
1381568
1381569
1381573
1381574
1381578
1381579
1381580
1381584
1381585
1381586
1381587
1381590
1381593
1381596
1381599
1381602
1381605
1381606
1381607
1381608
1381611
1381614
1381617
1381620
1381623
1381624
1381625
1381626
1381627
1381628
1381629
1381672
1381677
1381682
1381687
1381692
1381697
1381698
1381699
1381700
1381701
1381702
1381703
1381704
1381705
1381710
1381711
1381712
1381713
1381718
1381721
1381724
1381727
1381728
1381729
1381730
1381733
1381734
1381735
1381736
1381739
1381742
1381743
1381744
1381745
1381746
1381747
1381748
1381749
1381752
1381755
1381758
1381766
1381770
1381771
1381772
1381773
1381776
1381779
1381780
1381781
1381784
1381785
1381786
1381789
1381792
1381795
1381798
1381799
1381800
1381803
1381806
1381811
1381816
1381817
1381818
1381823
1381828
1381830
1381832
1381834
1381836
1381837
1381839
1381841
1381843
1381844
1381845
1381846
1381847
1381849
1381851
1381853
1381854
1381855
1381857
1381862
1381869
1381875
1381876
1381877
1381878
1381879
1381880
1381881
1381882
1381883
1381884
1381885
1381886
1381892
1381893
1381894
1381895
1381896
1381897
1381898
1381899
1381900
1381901
1381902
1381903
1381909
1381915
1381921
1381927
1381928
1381929
1381930
1381931
1381932
1381933
1381939
1381946
1381947
1381948
1381949
1381950
1381951
1381952
1381953
1381954
1381955
1381956
1381957
1381958
1382033
1382034
1382035
1382058
1382059
1382060
1382061
1382062
1382063
1382064
1382087
1382103
1382104
1382121
1382137
1382138
1382155
1382156
1382157
1382158
1382175
1382176
1382177
1382178
1382195
1382197
1382199
1382201
1382203
1382204
1382205
1382207
1382209
1382211
1382213
1382215
1382217
1382219
1382221
1382223
1382225
1382227
1382229
1382230
1382232
1382233
1382235
1382252
1382255
1382258
1382261
1382264
1382267
1382270
1382273
1382274
1382275
1382278
1382281
1382284
1382285
1382286
1382287
1382288
1382289
1382290
1382293
1382296
1382299
1382302
1382305
1382308
1382311
1382314
1382315
1382316
1382317
1382318
1382319
1382320
1382321
1382322
1382325
1382342
1382343
1382344
1382345
1382346
1382347
1382348
1382349
1382350
1382354
1382355
1382356
1382357
1382358
1382359
1382360
1382364
1382368
1382372
1382376
1382380
1382384
1382388
1382392
1382393
1382394
1382395
1382396
1382397
1382401
1382402
1382403
1382404
1382405
1382406
1382407
1382411
1382415
1382419
1382423
1382424
1382425
1382429
1382433
1382434
1382438
1382439
1382443
1382462
1382463
1382464
1382466
1382468
1382470
1382471
1382473
1382475
1382477
1382479
1382481
1382483
1382485
1382487
1382488
1382490
1382492
1382494
1382496
1382498
1382500
1382502
1382504
1382506
1382508
1382530
1382533
1382534
1382535
1382538
1382539
1382540
1382541
1382542
1382543
1382546
1382548
1382549
1382550
1382551
1382552
1382553
1382555
1382557
1382558
1382559
1382561
1382562
1382563
1382564
1382567
1382570
1382571
1382572
1382575
1382576
1382577
1382580
1382583
1382586
1382610
1382615
1382616
1382617
1382618
1382619
1382620
1382621
1382622
1382623
1382628
1382633
1382634
1382635
1382636
1382637
1382642
1382647
1382648
1382649
1382650
1382651
1382652
1382653
1382654
1382655
1382660
1382661
1382666
1382667
1382672
1382673
1382677
1382678
1382682
1382686
1382687
1382688
1382689
1382690
1382691
1382692
1382693
1382697
1382698
1382699
1382700
1382701
1382702
1382703
1382704
1382708
1382709
1382710
1382731
1382752
1382773
1382794
1382795
1382816
1382837
1382858
1382878
1382898
1382918
1382919
1382939
1383551
1383552
1383553
1383555
1383557
1383559
1383561
1383563
1383565
1383567
1383569
1383571
1383573
1383574
1383575
1383577
1383579
1383581
1383593
1383605
1383616
1383617
1383628
1383629
1383640
1383651
1383662
1383663
1383674
1383685
1383696
1383707
1383718
1383729
1383741
1383753
1383754
1383755
1383756
1383757
1383758
1383759
1383760
1383761
1383762
1383763
1383764
1383765
1383766
1383767
1383768
1383769
1383781
1383782
1383783
1383784
1383785
1383786
1383787
1383788
1383792
1383793
1383794
1383795
1383796
1383800
1383804
1383808
1383809
1383810
1383811
1383812
1383813
1383814
1383815
1383819
1383823
1383827
1383831
1383835
1383839
1383840
1383841
1383842
1383846
1383850
1383854
1383858
1383859
1383860
1383861
1383862
1383863
1383875
1383876
1383877
1383879
1383881
1383883
1383885
1383886
1383887
1383889
1383891
1383892
1383894
1383895
1383896
1383898
1383900
1383902
1383904
1383906
1383907
1383908
1383910
1383917
1383918
1383919
1383920
1383921
1383922
1383923
1383925
1383927
1383929
1383931
1383932
1383934
1383936
1383938
1383939
1383940
1383941
1383942
1383944
1383946
1383947
1383949
1383956
1383965
1383974
1383975
1383984
1383985
1383986
1383987
1383988
1383989
1383990
1383991
1383992
1383993
1384001
1384002
1384003
1384004
1384005
1384006
1384007
1384008
1384009
1384010
1384018
1384019
1384020
1384021
1384025
1384029
1384033
1384037
1384041
1384045
1384049
1384053
1384054
1384055
1384056
1384060
1384064
1384068
1384069
1384070
1384074
1384078
1384082
1384086
1384087
1384091
1384092
1384093
1384094
1384095
1384096
1384097
1384098
1384102
1384112
1384113
1384114
1384115
1384116
1384117
1384118
1384119
1384120
1384121
1384122
1384123
1384124
1384125
1384126
1384127
1384128
1384140
1384152
1384164
1384176
1384188
1384189
1384201
1384213
1384214
1384215
1384216
1384217
1384218
1384219
1384220
1384221
1384222
1384223
1384224
1384236
1384252
1384268
1384269
1384285
1384301
1384302
1384318
1384334
1384335
1384336
1384337
1384353
1384354
1384355
1384356
1384357
1384358
1384359
1384360
1384361
1384362
1384363
1384364
1384366
1384368
1384370
1384372
1384374
1384376
1384398
1384399
1384400
1384401
1384402
1384403
1384404
1384405
1384406
1384407
1384408
1384422
1384423
1384424
1384425
1384426
1384427
1384441
1384455
1384468
1384481
1384494
1384507
1384520
1384533
1384546
1384558
1384570
1384582
1384583
1384584
1384585
1384586
1384587
1384599
1384600
1384601
1384602
1384615
1384628
1384629
1384630
1384643
1384656
1384669
1384682
1384695
1384708
1384709
1384710
1384712
1384714
1384715
1384717
1384718
1384720
1384722
1384724
1384725
1384726
1384727
1384728
1384729
1384731
1384733
1384735
1384737
1384739
1384756
1384757
1384758
1384772
1384786
1384788
1384790
1384792
1384794
1384795
1384796
1384797
1384799
1384801
1384803
1384805
1384807
1384809
1384810
1384811
1384812
1384814
1384816
1384817
1384818
1384819
1384820
1384821
1384822
1384823
1384837
1384838
1384839
1384840
1384841
1384842
1384843
1384844
1384845
1384846
1384847
1384848
1384849
1384850
1384851
1384852
1384853
1384866
1384867
1384868
1384882
1384883
1384884
1384885
1384886
1384887
1384888
1384889
1384903
1384904
1384923
1384924
1384925
1384943
1384944
1384945
1384946
1384947
1384964
1384981
1384998
1385015
1385033
1385051
1385052
1385070
1385071
1385072
1385073
1385074
1385075
1385076
1385077
1385078
1385107
1385111
1385113
1385115
1385116
1385117
1385119
1385121
1385123
1385124
1385126
1385128
1385130
1385132
1385136
1385140
1385144
1385148
1385152
1385156
1385157
1385158
1385162
1385163
1385164
1385165
1385166
1385167
1385168
1385169
1385170
1385174
1385175
1385178
1385179
1385183
1385186
1385187
1385188
1385192
1385193
1385194
1385195
1385196
1385199
1385202
1385206
1385207
1385208
1385209
1385210
1385211
1385212
1385215
1385218
1385219
1385220
1385221
1385222
1385223
1385224
1385225
1385228
1385229
1385230
1385233
1385236
1385237
1385238
1385241
1385269
1385270
1385271
1385272
1385273
1385274
1385275
1385276
1385277
1385278
1385279
1385280
1385286
1385292
1385298
1385299
1385305
1385306
1385307
1385308
1385309
1385310
1385316
1385322
1385323
1385324
1385330
1385331
1385332
1385333
1385334
1385335
1385336
1385337
1385338
1385339
1385340
1385341
1385347
1385348
1385349
1385350
1385351
1385352
1385354
1385356
1385357
1385359
1385361
1385363
1385365
1385367
1385368
1385376
1385377
1385378
1385379
1385380
1385381
1385382
1385387
1385388
1385389
1385390
1385391
1385392
1385393
1385394
1385395
1385396
1385401
1385402
1385403
1385404
1385409
1385414
1385419
1385420
1385425
1385430
1385435
1385436
1385437
1385438
1385443
1385448
1385453
1385458
1385463
1385472
1385481
1385482
1385483
1385484
1385485
1385494
1385503
1385512
1385521
1385530
1385531
1385532
1385533
1385534
1385535
1385536
1385538
1385540
1385542
1385543
1385544
1385545
1385547
1385549
1385550
1385552
1385553
1385555
1385556
1385557
1385558
1385559
1385561
1385563
1385572
1385581
1385590
1385593
1385594
1385597
1385598
1385599
1385600
1385603
1385606
1385607
1385608
1385611
1385614
1385617
1385620
1385623
1385624
1385625
1385626
1385629
1385630
1385631
1385632
1385633
1385642
1385651
1385652
1385689
1385694
1385695
1385696
1385697
1385698
1385699
1385700
1385701
1385702
1385703
1385708
1385709
1385710
1385711
1385712
1385717
1385720
1385723
1385726
1385729
1385730
1385731
1385732
1385733
1385734
1385736
1385737
1385738
1385739
1385740
1385743
1385744
1385745
1385746
1385747
1385748
1385749
1385750
1385751
1385757
1385762
1385767
1385772
1385773
1385774
1385775
1385776
1385777
1385779
1385780
1385781
1385782
1385783
1385787
1385788
1385789
1385790
1385794
1385795
1385796
1385797
1385798
1385802
1385803
1385807
1385811
1385815
1385816
1385817
1385818
1385819
1385824
1385825
1385826
1385827
1385828
1385829
1385830
1385835
1385837
1385839
1385841
1385842
1385843
1385845
1385846
1385848
1385849
1385850
1385851
1385855
1385859
1385863
1385868
1385872
1385873
1385874
1385875
1385880
1385885
1385890
1385891
1385892
1385893
1385894
1385895
1385896
1385897
1385903
1385904
1385905
1385906
1385907
1385913
1385914
1385915
1385916
1385917
1385918
1385919
1385920
1385921
1385927
1385928
1385929
1385930
1385932
1385934
1385936
1385938
1385940
1385942
1385943
1385944
1385945
1385946
1385948
1385950
1385952
1385954
1385993
1385994
1385995
1385996
1385997
1385998
1385999
1386000
1386001
1386002
1386003
1386004
1386005
1386006
1386007
1386037
1386038
1386056
1386074
1386092
1386093
1386094
1386113
1386132
1386133
1386151
1386170
1386189
1386190
1386191
1386192
1386193
1386194
1386195
1386196
1386197
1386198
1386199
1386200
1386201
1386202
1386221
1386240
1386243
1386244
1386245
1386246
1386247
1386248
1386249
1386252
1386255
1386256
1386257
1386260
1386263
1386266
1386269
1386270
1386271
1386274
1386277
1386280
1386283
1386286
1386289
1386292
1386295
1386298
1386299
1386300
1386301
1386302
1386303
1386304
1386307
1386308
1386309
1386312
1386315
1386336
1386338
1386340
1386342
1386343
1386345
1386347
1386349
1386351
1386353
1386354
1386356
1386358
1386359
1386360
1386362
1386364
1386365
1386367
1386369
1386370
1386372
1386374
1386375
1386389
1386390
1386391
1386392
1386406
1386407
1386408
1386409
1386410
1386424
1386425
1386426
1386440
1386441
1386442
1386456
1386470
1386484
1386498
1386512
1386526
1386540
1386542
1386544
1386546
1386548
1386549
1386551
1386552
1386554
1386555
1386556
1386557
1386558
1386559
1386560
1386562
1386563
1386564
1386566
1386568
1386570
1386572
1386574
1386576
1386577
1386578
1386579
1386580
1386581
1386582
1386583
1388732
1388733
1388734
1388735
1388736
1388737
1388739
1388741
1388743
1388745
1388746
1388747
1388748
1388750
1388751
1388753
1388755
1388757
1388759
1388760
1388761
1388763
1388765
1388767
1388769
1388771
1388772
1388773
1388775
1388777
1388816
1388817
1388818
1388854
1388892
1388893
1388894
1388895
1388896
1388897
1388898
1388899
1388900
1388901
1388902
1389033
1389154
1389277
1389278
1389279
1389404
1389405
1389406
1389407
1389408
1389409
1389536
1389537
1389538
1389539
1389588
1389638
1389639
1389640
1389690
1389755
1389816
1389877
1389938
1389939
1389940
1390003
1390005
1390007
1390009
1390011
1390012
1390014
1390016
1390018
1390020
1390022
1390024
1390026
1390028
1390030
1390031
1390032
1390034
1390036
1390037
1390038
1390040
1390041
1390043
1390045
1390237
1390238
1390239
1390240
1390241
1390242
1390243
1390244
1390245
1390246
1390247
1390248
1390249
1390250
1390251
1390252
1390253
1390254
1390255
1390256
1390427
1390467
1390507
1390545
1390583
1390623
1390624
1390664
1390665
1390705
1390706
1390707
1390708
1390709
1390710
1390861
1391014
1391015
1391016
1391017
1391018
1391019
1391020
1391021
1391022
1391023
1391024
1391025
1391026
1391027
1391028
1391029
1391030
1391031
1391032
1391225
1391226
1391227
1391228
1391241
1391247
1391248
1391249
1391255
1391261
1391262
1391263
1391264
1391265
1391266
1391267
1391268
1391269
1391270
1391271
1391272
1391278
1391284
1391285
1391286
1391287
1391288
1391289
1391290
1391291
1391292
1391298
1391304
1391310
1391316
1391322
1391323
1391324
1391325
1391326
1391327
1391328
1391339
1391345
1391351
1391357
1391363
1391369
1391370
1391376
1391382
1391383
1391384
1391390
1391391
1391392
1391398
1391404
1391410
1391416
1391422
1391428
1391434
1391440
1391446
1391452
1391458
1391459
1391461
1391463
1391464
1391466
1391468
1391470
1391471
1391472
1391474
1391476
1391478
1391479
1391481
1391483
1391489
1391495
1391501
1391502
1391503
1391504
1391510
1391523
1391535
1391536
1391537
1391538
1391539
1391540
1391541
1391542
1391543
1391555
1391556
1391557
1391558
1391571
1391572
1391573
1391574
1391575
1391576
1391588
1391589
1391590
1391591
1391592
1391593
1391605
1391933
1391934
1391935
1391936
1392247
1392250
1392251
1392252
1392255
1392258
1392261
1392264
1392265
1392266
1392269
1392272
1392275
1392276
1392277
1392278
1392281
1392284
1392287
1392290
1392296
1392298
1392300
1392302
1392304
1392305
1392307
1392308
1392309
1392310
1392311
1392313
1392314
1392315
1392317
1392319
1392325
1392330
1392335
1392340
1392345
1392347
1392348
1392349
1392351
1392352
1392353
1392354
1392355
1392357
1392359
1392360
1392362
1392367
1392372
1392373
1392374
1392379
1392380
1392381
1392382
1392383
1392384
1392385
1392386
1392387
1392388
1392393
1392398
1392399
1392400
1392401
1392402
1392403
1392408
1392413
1392418
1392423
1392428
1392433
1392438
1392443
1392448
1392449
1392450
1392451
1392455
1392459
1392460
1392464
1392468
1392472
1392473
1392474
1392478
1392479
1392480
1392484
1392488
1392489
1392493
1392497
1392498
1392502
1392509
1392510
1392517
1392518
1392519
1392520
1392521
1392527
1392533
1392539
1392545
1392546
1392547
1392548
1392549
1392550
1392551
1392552
1392553
1392554
1392555
1392556
1392557
1392563
1392564
1392565
1392572
1392573
1392574
1392575
1392576
1392577
1392578
1392579
1392580
1392581
1392582
1392583
1392584
1392748
1392749
1392750
1392796
1392797
1392798
1392799
1392800
1392801
1392802
1392803
1392804
1392852
1392910
1392968
1393029
1393083
1393084
1393138
1393139
1393140
1393141
1393142
1393143
1393144
1393145
1393146
1393147
1393201
1393257
1393319
1393320
1393321
1393382
1393441
1393442
1393501
1393561
1393620
1393680
1393739
1393799
1393971
1394137
1394303
1394469
1394640
1394896
1394897
1394898
1394899
1394900
1394901
1394902
1394905
1394906
1394907
1394908
1394909
1394910
1394911
1394914
1394917
1394920
1394923
1394926
1394927
1394928
1394929
1394932
1394935
1394936
1394939
1394943
1394946
1394949
1394950
1394953
1394954
1394955
1394956
1394957
1394958
1394961
1394964
1394967
1394968
1394969
1394970
1394971
1394972
1395014
1395023
1395032
1395033
1395034
1395035
1395036
1395037
1395046
1395052
1395058
1395064
1395070
1395071
1395072
1395073
1395074
1395075
1395076
1395077
1395083
1395084
1395090
1395096
1395100
1395104
1395108
1395109
1395110
1395111
1395112
1395113
1395114
1395115
1395116
1395120
1395121
1395122
1395123
1395124
1395125
1395126
1395127
1395131
1395132
1395133
1395137
1395138
1395139
1395140
1395141
1395145
1395149
1395153
1395157
1395161
1395165
1395166
1395167
1395171
1395175
1395179
1395180
1395184
1395185
1395189
1395193
1395197
1395201
1395207
1395208
1395209
1395210
1395211
1395217
1395218
1395219
1395220
1395221
1395227
1395233
1395239
1395245
1395246
1395252
1395253
1395254
1395255
1395256
1395257
1395258
1395264
1395270
1395271
1395272
1395273
1395274
1395280
1395286
1395292
1395298
1395304
1395310
1395316
1395322
1395328
1395334
1395335
1395336
1395337
1395338
1395339
1395345
1395351
1395357
1395363
1395369
1395370
1395371
1395372
1395378
1395384
1395471
1395472
1395473
1395474
1395475
1395476
1395477
1395478
1395479
1395480
1395530
1395531
1395532
1395533
1395582
1395583
1395584
1395585
1395586
1395587
1395588
1395589
1395590
1395591
1395640
1395694
1395696
1395698
1395700
1395701
1395703
1395704
1395705
1395706
1395708
1395709
1395711
1395712
1395713
1395719
1395720
1395721
1395722
1395723
1395724
1395725
1395727
1395729
1395731
1395732
1395733
1395734
1395736
1395738
1395740
1395741
1395743
1395745
1395751
1395752
1395758
1395759
1395760
1395761
1395762
1395763
1395764
1395769
1395770
1395775
1395780
1395781
1395783
1395785
1395786
1395787
1395788
1395790
1395792
1395794
1395796
1395798
1395800
1395805
1395806
1395807
1395808
1395809
1395810
1395814
1395815
1395816
1395817
1395818
1395819
1395823
1395825
1395827
1395829
1395830
1395832
1395833
1395834
1395835
1395836
1395837
1395838
1395840
1395842
1395843
1395844
1395849
1395850
1395851
1395852
1395853
1395854
1395855
1395856
1395857
1395858
1395859
1395864
1395865
1395866
1395867
1395868
1395922
1395923
1395924
1395925
1395926
1395951
1395976
1396001
1396002
1396005
1396008
1396011
1396014
1396017
1396018
1396019
1396020
1396021
1396022
1396023
1396026
1396029
1396032
1396033
1396034
1396035
1396036
1396037
1396038
1396039
1396042
1396043
1396050
1396052
1396054
1396056
1396058
1396060
1396062
1396064
1396066
1396068
1396070
1396072
1396074
1396076
1396077
1396079
1396080
1396081
1396088
1396089
1396090
1396091
1396092
1396093
1396094
1396101
1396102
1396103
1396104
1396105
1396106
1396113
1396114
1396115
1396116
1396117
1396118
1396119
1396126
1396127
1396128
1396129
1396130
1396136
1396137
1396138
1396139
1396145
1396146
1396147
1396148
1396149
1396150
1396151
1396157
1396158
1396164
1396165
1396166
1396167
1396168
1396169
1396176
1396178
1396179
1396180
1396182
1396184
1396185
1396186
1396187
1396188
1396190
1396191
1396192
1396193
1396194
1396201
1396208
1396215
1396222
1396229
1396236
1396237
1396244
1396251
1396253
1396255
1396257
1396259
1396261
1396262
1396264
1396266
1396267
1396268
1396270
1396272
1396274
1396275
1396277
1396279
1396281
1396288
1396295
1396296
1396303
1396310
1396317
1396324
1396331
1396334
1396337
1396338
1396339
1396340
1396343
1396346
1396347
1396348
1396351
1396354
1396355
1396356
1396357
1396358
1396361
1396364
1396365
1396366
1396367
1396368
1396369
1396372
1396375
1396376
1396377
1396406
1396407
1396408
1396409
1396410
1396411
1396412
1396413
1396414
1396415
1396416
1396434
1396435
1396436
1396437
1396438
1396439
1396440
1396441
1396442
1396443
1396444
1396445
1396446
1396447
1396448
1396449
1396450
1396451
1396469
1396487
1396488
1396506
1396524
1396542
1396560
1396561
1396579
1396581
1396583
1396585
1396586
1396588
1396590
1396592
1396594
1396596
1396598
1396600
1396602
1396604
1396605
1396607
1396609
1396611
1396613
1396615
1396617
1396619
1396620
1396622
1396623
1396625
1396643
1396650
1396651
1396652
1396653
1396654
1396655
1396656
1396657
1396658
1396659
1396660
1396661
1396668
1396675
1396677
1396679
1396681
1396683
1396685
1396686
1396687
1396688
1396689
1396691
1396693
1396695
1396696
1396697
1396705
1396713
1396719
1396725
1396731
1396732
1396738
1396739
1396745
1396751
1396757
1396763
1396769
1396770
1396771
1396772
1396773
1396774
1396775
1396779
1396782
1396785
1396786
1396789
1396790
1396791
1396792
1396793
1396794
1396795
1396796
1396799
1396803
1396807
1396811
1396815
1396819
1396820
1396821
1396827
1396845
1396847
1396849
1396851
1396853
1396855
1396857
1396859
1396861
1396862
1396864
1396866
1396868
1396870
1396872
1396874
1396875
1396876
1396877
1396878
1396879
1396881
1396894
1396895
1396896
1396897
1396910
1396922
1396923
1396924
1396925
1396926
1396939
1396940
1396941
1396942
1396948
1396954
1396955
1396957
1396958
1396960
1396962
1396964
1396966
1396968
1396970
1396971
1396973
1396975
1396977
1396978
1396980
1396987
1396994
1397001
1397008
1397015
1397022
1397023
1397024
1397025
1397026
1397027
1397034
1397041
1397048
1397049
1397050
1397051
1397052
1397053
1397060
1397067
1397074
1397075
1397076
1397077
1397084
1397085
1397086
1397087
1397088
1397095
1397102
1397109
1397115
1397116
1397122
1397128
1397134
1397141
1397142
1397143
1397150
1397151
1397152
1397153
1397160
1397161
1397168
1397169
1397170
1397171
1397172
1397173
1397174
1397175
1397176
1397177
1397185
1397191
1397192
1397193
1397194
1397195
1397196
1397197
1397198
1397199
1397205
1397211
1397215
1397219
1397221
1397222
1397223
1397224
1397225
1397226
1397228
1397229
1397230
1397231
1397233
1397234
1397235
1397239
1397243
1397247
1397251
1397252
1397253
1397257
1397261
1397265
1397269
1397270
1397271
1397275
1397279
1397283
1397284
1397285
1397289
1397293
1397294
1397295
1397296
1397297
1397298
1397299
1397300
1397304
1397305
1397306
1397310
1397312
1397314
1397315
1397316
1397318
1397320
1397322
1397324
1397325
1397327
1397329
1397331
1397333
1397337
1397341
1397345
1397346
1397347
1397348
1397349
1397350
1397361
1397362
1397364
1397366
1397367
1397369
1397370
1397372
1397374
1397376
1397378
1397379
1397380
1397382
1397384
1397386
1397388
1397390
1397392
1397394
1397396
1397407
1397408
1397409
1397410
1397411
1397412
1397423
1397424
1397425
1397426
1397437
1397448
1397459
1397460
1397461
1397472
1397483
1397484
1397485
1397486
1397487
1397488
1397499
1397500
1397530
1397531
1397533
1397534
1397536
1397538
1397539
1397541
1397543
1397544
1397546
1397548
1397550
1397552
1397553
1397555
1397557
1397559
1397561
1397563
1397565
1397566
1397568
1397569
1397570
1397571
1397572
1397573
1397575
1397576
1397592
1397596
1397600
1397604
1397608
1397612
1397616
1397620
1397624
1397625
1397626
1397630
1397631
1397635
1397639
1397640
1397644
1397648
1397652
1397656
1397660
1397664
1397668
1397669
1397670
1397674
1397678
1397682
1397686
1397690
1397694
1397696
1397698
1397699
1397700
1397701
1397703
1397704
1397705
1397706
1397707
1397708
1397710
1397712
1397716
1397720
1397728
1397730
1397731
1397732
1397733
1397734
1397735
1397736
1397737
1397739
1397741
1397742
1397744
1397745
1397746
1397747
1397748
1397750
1397752
1397754
1397756
1397758
1397760
1397762
1397763
1397771
1397779
1397780
1397788
1397789
1397790
1397791
1397792
1397793
1397794
1397795
1397796
1397797
1397798
1397805
1397812
1397819
1397826
1397833
1397840
1397847
1397854
1397861
1397869
1397877
1397885
1397893
1397894
1397895
1397896
1397904
1397912
1397913
1397914
1397915
1397923
1397940
1397942
1397944
1397946
1397948
1397949
1397950
1397951
1397952
1397953
1397954
1397956
1397959
1397962
1397965
1397967
1397969
1397971
1397973
1397975
1397977
1397979
1397981
1397984
1397985
1397986
1397987
1397989
1397991
1397992
1397993
1397994
1397995
1397996
1397997
1397998
1398016
1398017
1398018
1398019
1398020
1398021
1398022
1398023
1398024
1398025
1398041
1398057
1398058
1398059
1398060
1398061
1398062
1398063
1398064
1398065
1398066
1398067
1398083
1398084
1398100
1398101
1398103
1398105
1398106
1398108
1398109
1398111
1398112
1398113
1398114
1398116
1398118
1398119
1398121
1398123
1398125
1398127
1398129
1398131
1398133
1398212
1398213
1398214
1398215
1398216
1398217
1398218
1398219
1398220
1398861
1398862
1398863
1398864
1398865
1398866
1398868
1398869
1398870
1398871
1398872
1398873
1398875
1398877
1398879
1398881
1398883
1398885
1398886
1398887
1398889
1398890
1398892
1398894
1398896
1398897
1398898
1398900
1398901
1398963
1399014
1399065
1399066
1399067
1399118
1399119
1399120
1399121
1399184
1399215
1399238
1399261
1399284
1399307
1399308
1399309
1399332
1399333
1399334
1399357
1399380
1399403
1399426
1399449
1399471
1399494
1399517
1399518
1399519
1399546
1399572
1399598
1399599
1399663
1399730
1399731
1399732
1399733
1399734
1399735
1399736
1399737
1399738
1399739
1399790
1399840
1399841
1399842
1399948
1399949
1399950
1400035
1400036
1400037
1400038
1400039
1400040
1400126
1400213
1400293
1400380
1400460
1400548
1400625
1400626
1400704
1400705
1400706
1400707
1400708
1400709
1400710
1400711
1400790
1400868
1400947
1400948
1400949
1400950
1400951
1400952
1400953
1400954
1401032
1401108
1401109
1401110
1401111
1401187
1401264
1401265
1401266
1401342
1401474
1401564
1401654
1401655
1401656
1401657
1401658
1401659
1401660
1401661
1401662
1401663
1401664
1401665
1401666
1401667
1401668
1401669
1401670
1401671
1401672
1401762
1401763
1401764
1401765
1401766
1401767
1401853
1401942
1402031
1402120
1402223
1402225
1402226
1402227
1402228
1402230
1402232
1402234
1402236
1402238
1402240
1402241
1402242
1402243
1402244
1402245
1402247
1402249
1402251
1402253
1402255
1402257
1402259
1402261
1402263
1402265
1402267
1402269
1402303
1402304
1402305
1402306
1402307
1402308
1402309
1402310
1402311
1402312
1402313
1402330
1402347
1402379
1402396
1402399
1402402
1402405
1402406
1402407
1402408
1402409
1402410
1402411
1402414
1402415
1402416
1402417
1402420
1402423
1402426
1402429
1402432
1402435
1402436
1402439
1402442
1402445
1402448
1402449
1402450
1402451
1402452
1402455
1402458
1402459
1402460
1402462
1402463
1402464
1402466
1402468
1402470
1402471
1402473
1402475
1402477
1402497
1402537
1402538
1402539
1402540
1402541
1402542
1402543
1402544
1402545
1402546
1402547
1402548
1402574
1402604
1402607
1402608
1402609
1402610
1402611
1402614
1402617
1402620
1402623
1402626
1402629
1402630
1402633
1402636
1402639
1402640
1402641
1402642
1402645
1402646
1402649
1402652
1402653
1402654
1402657
1402660
1402663
1402666
1402669
1402672
1402675
1402676
1402679
1402680
1402681
1402684
1402687
1402688
1402690
1402691
1402692
1402693
1402694
1402695
1402697
1402699
1402741
1402745
1402749
1402753
1402754
1402755
1402759
1402763
1402767
1402771
1402775
1402779
1402783
1402784
1402785
1402786
1402787
1402788
1402789
1402793
1402797
1402798
1402799
1402800
1402801
1402802
1402803
1402804
1402808
1402809
1402810
1402814
1402815
1402816
1402817
1402818
1402819
1402823
1402827
1402831
1402835
1402839
1402843
1402847
1402881
1402905
1402906
1402907
1402908
1402930
1402952
1402976
1403001
1403002
1403003
1403004
1403005
1403006
1403007
1403008
1403009
1403010
1403011
1403012
1403013
1403014
1403015
1403048
1403049
1403050
1403084
1403085
1403086
1403087
1403089
1403091
1403093
1403095
1403097
1403098
1403099
1403100
1403101
1403103
1403105
1403107
1403109
1403110
1403111
1403112
1403114
1403116
1403117
1403118
1403119
1403121
1403123
1403124
1403126
1403128
1403130
1403132
1403134
1403136
1403169
1403173
1403174
1403178
1403182
1403186
1403190
1403194
1403198
1403199
1403203
1403204
1403205
1403206
1403210
1403214
1403218
1403222
1403226
1403230
1403234
1403238
1403239
1403240
1403241
1403242
1403246
1403250
1403252
1403254
1403256
1403257
1403259
1403261
1403263
1403265
1403267
1403269
1403270
1403272
1403277
1403281
1403285
1403289
1403293
1403297
1403301
1403302
1403307
1403312
1403317
1403322
1403327
1403332
1403337
1403342
1403347
1403394
1403441
1403493
1403545
1403596
1403648
1404194
1404381
1404562
1404563
1404564
1404744
1404936
1405137
1405138
1405139
1405140
1405141
1405142
1405143
1405144
1405145
1405146
1405147
1405148
1405149
1405150
1405151
1405152
1405153
1405154
1405155
1405156
1405157
1405158
1405159
1405160
1405370
1405450
1405531
1405612
1405613
1405614
1405615
1405616
1405629
1405642
1405643
1405644
1405657
1405658
1405659
1405672
1405673
1405674
1405687
1405701
1405715
1405717
1405719
1405721
1405723
1405725
1405727
1405728
1405730
1405732
1405734
1405736
1405738
1405740
1405741
1405743
1405745
1405746
1405748
1405756
1405760
1405764
1405765
1405766
1405770
1405774
1405775
1405776
1405777
1405781
1405782
1405783
1405784
1405785
1405786
1405787
1405788
1405792
1405793
1405794
1405795
1405796
1405797
1405798
1405799
1405803
1405807
1405808
1405809
1405813
1405817
1405821
1405822
1405826
1405827
1405831
1405835
1405836
1405837
1405838
1405839
1405840
1405841
1405842
1405843
1405857
1405859
1405861
1405863
1405865
1405866
1405867
1405869
1405871
1405873
1405875
1405877
1405879
1405881
1405882
1405883
1405885
1405887
1405889
1405890
1405892
1405894
1405907
1405921
1405936
1405950
1405963
1405964
1405965
1405966
1405980
1405981
1405982
1405983
1405984
1405985
1405999
1406000
1406001
1406002
1406003
1406004
1406005
1406006
1406007
1406021
1406022
1406023
1406024
1406025
1406026
1406027
1406028
1406029
1406030
1406031
1406048
1406049
1406064
1406065
1406080
1406081
1406082
1406083
1406098
1406113
1406129
1406131
1406132
1406133
1406135
1406136
1406137
1406138
1406139
1406140
1406141
1406142
1406144
1406145
1406146
1406148
1406149
1406150
1406151
1406152
1406154
1406155
1406157
1406159
1406160
1406162
1406175
1406176
1406177
1406192
1406206
1406208
1406209
1406210
1406212
1406214
1406216
1406218
1406220
1406222
1406224
1406226
1406227
1406228
1406230
1406232
1406234
1406236
1406238
1406252
1406266
1406281
1406282
1406283
1406297
1406298
1406299
1406300
1406301
1406302
1406303
1406304
1406305
1406306
1406307
1406308
1406370
1406371
1406376
1406377
1406378
1406379
1406380
1406381
1406382
1406383
1406387
1406388
1406389
1406393
1406394
1406395
1406399
1406403
1406404
1406405
1406406
1406407
1406412
1406417
1406422
1406427
1406432
1406437
1406442
1406447
1406448
1406451
1406454
1406457
1406458
1406459
1406462
1406465
1406468
1406471
1406472
1406473
1406474
1406477
1406480
1406483
1406486
1406489
1406492
1406493
1406496
1406499
1406502
1406505
1406508
1406511
1406514
1406517
1406520
1406523
1406526
1406529
1406532
1406533
1406534
1406537
1406540
1406543
1406546
1406548
1406549
1406550
1406552
1406553
1406555
1406557
1406559
1406562
1406565
1406568
1406569
1406570
1406571
1406572
1406573
1406576
1406577
1406578
1406579
1406580
1406581
1406582
1406583
1406586
1406587
1406588
1406591
1406592
1406593
1406594
1406648
1406649
1406650
1406651
1406652
1406653
1406654
1406655
1406661
1406662
1406663
1406669
1406675
1406681
1406686
1406687
1406688
1406689
1406690
1406691
1406692
1406693
1406694
1406695
1406696
1406700
1406701
1406702
1406703
1406704
1406705
1406706
1406707
1406708
1406709
1406714
1406715
1406716
1406717
1406718
1406719
1406720
1406721
1406722
1406727
1406732
1406733
1406738
1406743
1406748
1406749
1406750
1406751
1406752
1406753
1406754
1406755
1406756
1406761
1406763
1406764
1406766
1406768
1406770
1406772
1406774
1406776
1406778
1406780
1406782
1406784
1406786
1406788
1406790
1406792
1406797
1406798
1406799
1406804
1406809
1406814
1406819
1406820
1406821
1406822
1406823
1406824
1406829
1406835
1406841
1406847
1406853
1406854
1406855
1406856
1406857
1406858
1406859
1406860
1406861
1406867
1406922
1406923
1406924
1406929
1406934
1406935
1406936
1406941
1406946
1406947
1406952
1406957
1406958
1406963
1406968
1406973
1406979
1406980
1406981
1406987
1406988
1406989
1406993
1406997
1406998
1406999
1407000
1407001
1407002
1407003
1407004
1407005
1407006
1407010
1407011
1407015
1407019
1407020
1407024
1407025
1407029
1407030
1407031
1407035
1407039
1407040
1407041
1407042
1407043
1407050
1407055
1407060
1407066
1407067
1407068
1407073
1407078
1407083
1407084
1407089
1407090
1407096
1407097
1407099
1407100
1407101
1407102
1407103
1407104
1407105
1407106
1407108
1407110
1407112
1407114
1407116
1407118
1407120
1407124
1407125
1407126
1407130
1407134
1407141
1407147
1407148
1407149
1407150
1407151
1407152
1407153
1407154
1407155
1407156
1407162
1407163
1407164
1407165
1407166
1407167
1407168
1407169
1407170
1407176
1407177
1407178
1407184
1407190
1407191
1407192
1407193
1407194
1407195
1407196
1407197
1407198
1407199
1407205
1407211
1407217
1407223
1407224
1407225
1407226
1407227
1407228
1407235
1407237
1407239
1407241
1407243
1407244
1407246
1407247
1407249
1407251
1407252
1407253
1407255
1407257
1407540
1407543
1407546
1407548
1407550
1407552
1407553
1407554
1407557
1407558
1407559
1407561
1407563
1407565
1407566
1407567
1407568
1407570
1407576
1407577
1407578
1407584
1407589
1407590
1407591
1407592
1407593
1407594
1407599
1407600
1407601
1407602
1407608
1407609
1407610
1407611
1407612
1407617
1407618
1407619
1407620
1407626
1407631
1407632
1407633
1407634
1407635
1407636
1407637
1407638
1407639
1407640
1407645
1407646
1407651
1407657
1407658
1407659
1407660
1407661
1407667
1407668
1407669
1407670
1407671
1407673
1407674
1407675
1407676
1407677
1407679
1407681
1407683
1407684
1407686
1407687
1407688
1407693
1407698
1407703
1407704
1407705
1407706
1407707
1407708
1407713
1407714
1407715
1407716
1407717
1407718
1407723
1407728
1407733
1407738
1407739
1407740
1407741
1407742
1407743
1407744
1407749
1407750
1407755
1407760
1407762
1407764
1407766
1407768
1407770
1407772
1407774
1407776
1407777
1407778
1407780
1407782
1407784
1407785
1407791
1407797
1407803
1407804
1407805
1407806
1407807
1407808
1407809
1407810
1407816
1407818
1407819
1407820
1407821
1407822
1407824
1407826
1407828
1407830
1407831
1407832
1407834
1407835
1407837
1407839
1407898
1407900
1407902
1407903
1407905
1407907
1407909
1407911
1407913
1407914
1407915
1407917
1407918
1407920
1407922
1407923
1407925
1407927
1407929
1407931
1407932
1407933
1407934
1407935
1407949
1407963
1407977
1407991
1408005
1408019
1408033
1408034
1408048
1408051
1408052
1408053
1408056
1408059
1408062
1408065
1408066
1408067
1408068
1408071
1408072
1408073
1408074
1408075
1408078
1408080
1408081
1408082
1408084
1408086
1408088
1408090
1408091
1408093
1408095
1408097
1408104
1408105
1408111
1408112
1408113
1408114
1408120
1408121
1408122
1408123
1408124
1408125
1408126
1408127
1408128
1408134
1408140
1408147
1408149
1408151
1408153
1408154
1408156
1408157
1408158
1408159
1408161
1408162
1408164
1408166
1408167
1408169
1408170
1408172
1408173
1408175
1408177
1408179
1408181
1408183
1408190
1408191
1408192
1408193
1408194
1408195
1408196
1408197
1408198
1408199
1408200
1408208
1408216
1408224
1408232
1408240
1408248
1408256
1408258
1408260
1408262
1408264
1408266
1408268
1408270
1408271
1408273
1408274
1408275
1408276
1408277
1408279
1408281
1408282
1408283
1408284
1408285
1408287
1408297
1408298
1408301
1408304
1408307
1408310
1408313
1408316
1408319
1408322
1408325
1408328
1408331
1408332
1408333
1408334
1408337
1408340
1408341
1408344
1408347
1408350
1408351
1408354
1408355
1408356
1408357
1408358
1408361
1408364
1408367
1408370
1408373
1408376
1408377
1408380
1408396
1408397
1408398
1408400
1408402
1408403
1408405
1408406
1408408
1408410
1408413
1408416
1408417
1408418
1408419
1408420
1408423
1408426
1408429
1408432
1408433
1408434
1408435
1408440
1408444
1408445
1408446
1408450
1408451
1408452
1408456
1408457
1408458
1408460
1408461
1408463
1408465
1408467
1408469
1408470
1408471
1408475
1408476
1408477
1408481
1408485
1408489
1408494
1408499
1408510
1408511
1408512
1408515
1408518
1408521
1408523
1408525
1408526
1408528
1408530
1408532
1408533
1408534
1408536
1408539
1408540
1408543
1408546
1408549
1408552
1408553
1408554
1408555
1408556
1408559
1408562
1408565
1408568
1408571
1408574
1408575
1408576
1408577
1408580
1408583
1408586
1408589
1408590
1408591
1408592
1408595
1408598
1408601
1408602
1408605
1408617
1408619
1408621
1408623
1408624
1408625
1408626
1408628
1408630
1408632
1408634
1408636
1408638
1408640
1408641
1408643
1408645
1408647
1408648
1408649
1408650
1408651
1408653
1408654
1408656
1408657
1408659
1408669
1408670
1408671
1408672
1408682
1408692
1408702
1408711
1408720
1408729
1408738
1408747
1408756
1408765
1408774
1408775
1408776
1408777
1408778
1408779
1408788
1408797
1408807
1408817
1408818
1408819
1408828
1408838
1408848
1408858
1408868
1408878
1408888
1408898
1408899
1408900
1408901
1408902
1408903
1408904
1408905
1408906
1408907
1408908
1408909
1408937
1408938
1408939
1408940
1408941
1408942
1408943
1408944
1408945
1408946
1408947
1408948
1408949
1408950
1408951
1408952
1408953
1408954
1408970
1408971
1408972
1408973
1408974
1408975
1408980
1408985
1408986
1408987
1408992
1408993
1408998
1409003
1409008
1409009
1409014
1409019
1409024
1409029
1409034
1409039
1409041
1409043
1409045
1409046
1409048
1409050
1409052
1409054
1409056
1409058
1409060
1409062
1409064
1409066
1409068
1409073
1409074
1409075
1409076
1409077
1409078
1409083
1409088
1409093
1409098
1409102
1409103
1409104
1409105
1409106
1409110
1409114
1409115
1409116
1409117
1409118
1409119
1409123
1409127
1409128
1409132
1409133
1409137
1409141
1409161
1409162
1409163
1409180
1409197
1409213
1409214
1409231
1409232
1409233
1409234
1409235
1409252
1409253
1409254
1409255
1409256
1409257
1409258
1409259
1409275
1409276
1409277
1409278
1409294
1409310
1409311
1409312
1409313
1409314
1409330
1409331
1409347
1409348
1409364
1409365
1409366
1409367
1409368
1409369
1409370
1409391
1409392
1409404
1409406
1409407
1409409
1409411
1409413
1409415
1409417
1409419
1409421
1409423
1409425
1409427
1409429
1409430
1409431
1409432
1409433
1409434
1409436
1409437
1409438
1409439
1409440
1409441
1409443
1409445
1409447
1409448
1409449
1409450
1409451
1409452
1409454
1409467
1409472
1409474
1409476
1409478
1409480
1409481
1409482
1409483
1409484
1409485
1409486
1409488
1409490
1409492
1409493
1409495
1409500
1409505
1409510
1409515
1409516
1409517
1409522
1409524
1409526
1409528
1409529
1409530
1409532
1409534
1409535
1409536
1409537
1409539
1409540
1409542
1409544
1409549
1409554
1409559
1409564
1409569
1409574
1409575
1409576
1409577
1409578
1409579
1409580
1409585
1409590
1409595
1409600
1409605
1409610
1409615
1409620
1409625
1409630
1409641
1409643
1409644
1409646
1409648
1409650
1409651
1409653
1409655
1409656
1409657
1409658
1409659
1409661
1409663
1409665
1409667
1409669
1409670
1409671
1409682
1409687
1409692
1409697
1409702
1409707
1409708
1409713
1409714
1409715
1409716
1409717
1409718
1409719
1409720
1409721
1409726
1409727
1409728
1409733
1409738
1409743
1409744
1409749
1409750
1409751
1409756
1409761
1409762
1409763
1409768
1409769
1409770
1409771
1409772
1409773
1409778
1409779
1409780
1409781
1409782
1409783
1409784
1409785
1409786
1409787
1409788
1409789
1409790
1409827
1409848
1409869
1409890
1409911
1409932
1409933
1409954
1409955
1409956
1409957
1409958
1409959
1409960
1409990
1409991
1409992
1409993
1410023
1410024
1410025
1410026
1410027
1410028
1410029
1410030
1410031
1410032
1410033
1410034
1410068
1410070
1410072
1410073
1410075
1410076
1410078
1410079
1410081
1410083
1410085
1410087
1410089
1410091
1410093
1410095
1410097
1410102
1410103
1410104
1410105
1410106
1410107
1410110
1410111
1410112
1410113
1410114
1410117
1410119
1410121
1410122
1410123
1410124
1410126
1410127
1410128
1410129
1410130
1410131
1410136
1410137
1410142
1410143
1410144
1410145
1410146
1410147
1410148
1410149
1410150
1410151
1410157
1410158
1410159
1410160
1410161
1410168
1410172
1410174
1410176
1410178
1410180
1410182
1410184
1410186
1410188
1410190
1410191
1410192
1410196
1410197
1410201
1410202
1410206
1410210
1410214
1410218
1410222
1410223
1410227
1410231
1410235
1410239
1410243
1410250
1410256
1410257
1410258
1410259
1410260
1410261
1410262
1410263
1410269
1410275
1410281
1410832
1410833
1410834
1410835
1411161
1411162
1411163
1411164
1411165
1411166
1411167
1411168
1411490
1411491
1411492
1411493
1411494
1411808
1411809
1412138
1412148
1412158
1412159
1412169
1412179
1412189
1412190
1412200
1412210
1412220
1412221
1412231
1412232
1412233
1412234
1412235
1412236
1412238
1412240
1412241
1412242
1412243
1412245
1412246
1412247
1412248
1412250
1412252
1412253
1412255
1412257
1412259
1412269
1412280
1412281
1412282
1412283
1412284
1412285
1412286
1412287
1412288
1412289
1412300
1412301
1412302
1412303
1412304
1412305
1412306
1412307
1412308
1412319
1412320
1412321
1412322
1412323
1412324
1412325
1412326
1412327
1412328
1412329
1412330
1412335
1412340
1412341
1412342
1412343
1412344
1412345
1412346
1412347
1412348
1412351
1412353
1412355
1412357
1412359
1412360
1412362
1412364
1412365
1412366
1412367
1412368
1412370
1412373
1412378
1412379
1412380
1412381
1412382
1412383
1412384
1412385
1412390
1412395
1412400
1412405
1412406
1412407
1412408
1412413
1412419
1412421
1412423
1412425
1412427
1412429
1412431
1412432
1412433
1412434
1412436
1412438
1412440
1412441
1412442
1412444
1412445
1412450
1412451
1412452
1412457
1412458
1412463
1412464
1412469
1412471
1412473
1412475
1412476
1412477
1412479
1412480
1412482
1412483
1412484
1412486
1412491
1412495
1412499
1412503
1412507
1412508
1412509
1412510
1412511
1412512
1412516
1412517
1412518
1412519
1412521
1412523
1412525
1412527
1412528
1412529
1412532
1412535
1412536
1412539
1412540
1412541
1412545
1412546
1412547
1412548
1412549
1412550
1412551
1412555
1412561
1412566
1412571
1412572
1412573
1412574
1412575
1412576
1412577
1412578
1412579
1412580
1412581
1412582
1412583
1412588
1412589
1412590
1412591
1412596
1412597
1412598
1412599
1412600
1412605
1412610
1412611
1412612
1412613
1412614
1412615
1412616
1412617
1412621
1412623
1412624
1412625
1412626
1412628
1412630
1412631
1412632
1412634
1412636
1412638
1412640
1412642
1412644
1412647
1412652
1412657
1412658
1412659
1412660
1412661
1412662
1412663
1412664
1412667
1412668
1412671
1412672
1412675
1412678
1412679
1412680
1412681
1412682
1412685
1412688
1412691
1412694
1412697
1412700
1412703
1412708
1412709
1412710
1412711
1412712
1412713
1412714
1412715
1412716
1412721
1412726
1412727
1412728
1412729
1412730
1412731
1412732
1412733
1412734
1412739
1412741
1412743
1412745
1412747
1412748
1412749
1412750
1412752
1412754
1412756
1412758
1412760
1412762
1412926
1412927
1412928
1412929
1412930
1412931
1412932
1412933
1412934
1412935
1412936
1412948
1412960
1412972
1412984
1412985
1412997
1412998
1412999
1413001
1413003
1413004
1413005
1413007
1413009
1413011
1413012
1413013
1413015
1413017
1413019
1413021
1413023
1413025
1413027
1413029
1413031
1413043
1413055
1413066
1413067
1413078
1413089
1413101
1413102
1413103
1413104
1413105
1413106
1413118
1413119
1413120
1413132
1413133
1413134
1413135
1413136
1413137
1413138
1413139
1413151
1413158
1413159
1413166
1413167
1413168
1413172
1413176
1413178
1413179
1413181
1413182
1413184
1413185
1413186
1413187
1413188
1413191
1413192
1413193
1413194
1413195
1413198
1413201
1413205
1413206
1413207
1413208
1413209
1413210
1413211
1413212
1413213
1413219
1413220
1413221
1413222
1413229
1413233
1413237
1413241
1413242
1413246
1413250
1413254
1413258
1413262
1413266
1413270
1413271
1413274
1413277
1413280
1413281
1413282
1413283
1413286
1413287
1413288
1413289
1413292
1413295
1413298
1413299
1413300
1413307
1413314
1413321
1413328
1413335
1413336
1413337
1413338
1413339
1413340
1413341
1413348
1413349
1413350
1413351
1413352
1413359
1413365
1413371
1413377
1413383
1413389
1413390
1413397
1413403
1413409
1413410
1413411
1413412
1413413
1413414
1413420
1413421
1413427
1413428
1413429
1413430
1413431
1413432
1413433
1413434
1413435
1413441
1413442
1413452
1413453
1413454
1413455
1413456
1413457
1413458
1413459
1413460
1413472
1413483
1413494
1413505
1413506
1413507
1413508
1413509
1413510
1413521
1413532
1413544
1413559
1413573
1413587
1413601
1413602
1413603
1413617
1413618
1413619
1413632
1413633
1413634
1413635
1413636
1413637
1413638
1413652
1413666
1413680
1413681
1413811
1413812
1413813
1413814
1413815
1413816
1413821
1413826
1413827
1413831
1413835
1413839
1413843
1413847
1413848
1413852
1413857
1413859
1413861
1413862
1413863
1413865
1413867
1413868
1413869
1413871
1413872
1413873
1413878
1413880
1413881
1413882
1413884
1413886
1413887
1413889
1413891
1413893
1413895
1413897
1413899
1413901
1413903
1413905
1413907
1413912
1413913
1413914
1413915
1413916
1413917
1413918
1413919
1413920
1413921
1413922
1413923
1413928
1413929
1413930
1413931
1413932
1413933
1413934
1413939
1413944
1413945
1413946
1413964
1413971
1413978
1413984
1413990
1413996
1414002
1414003
1414004
1414010
1414016
1414018
1414019
1414020
1414021
1414022
1414024
1414026
1414028
1414029
1414030
1414031
1414033
1414034
1414035
1414036
1414038
1414040
1414047
1414054
1414061
1414068
1414069
1414070
1414077
1414084
1414091
1414098
1414105
1414107
1414109
1414110
1414111
1414113
1414115
1414116
1414117
1414118
1414120
1414122
1414124
1414125
1414127
1414129
1414130
1414131
1414132
1414134
1414154
1414157
1414160
1414163
1414166
1414167
1414168
1414171
1414174
1414175
1414178
1414181
1414182
1414185
1414188
1414189
1414190
1414191
1414192
1414195
1414196
1414197
1414203
1414204
1414205
1414206
1414207
1414208
1414214
1414215
1414221
1414222
1414223
1414224
1414225
1414226
1414227
1414228
1414234
1414235
1414236
1414237
1414238
1414239
1414240
1414241
1414242
1414249
1414250
1414252
1414254
1414255
1414257
1414259
1414260
1414261
1414263
1414265
1414267
1414268
1414269
1414270
1414272
1414274
1414276
1414290
1414303
1414304
1414305
1414318
1414319
1414320
1414321
1414322
1414323
1414336
1414338
1414340
1414341
1414342
1414343
1414344
1414345
1414347
1414349
1414351
1414352
1414353
1414355
1414356
1414358
1414359
1414360
1414362
1414364
1414365
1414366
1414367
1414368
1414370
1414382
1414394
1414395
1414396
1414397
1414398
1414399
1414400
1414401
1414413
1414425
1414437
1414438
1414439
1414440
1414441
1414442
1414443
1414444
1414445
1414446
1414447
1414461
1414475
1414493
1414511
1414512
1414513
1414530
1414548
1414549
1414550
1414568
1414569
1414570
1414588
1414606
1414619
1414620
1414621
1414634
1414647
1414648
1414649
1414650
1414651
1414652
1414653
1414654
1414667
1414672
1414677
1414679
1414681
1414682
1414684
1414686
1414688
1414690
1414692
1414694
1414695
1414696
1414697
1414702
1414707
1414708
1414709
1414710
1414711
1414712
1414713
1414714
1414715
1414716
1414717
1414722
1414727
1414728
1414729
1414734
1414739
1414744
1414746
1414748
1414749
1414751
1414753
1414755
1414757
1414759
1414761
1414763
1414765
1414767
1414768
1414770
1414772
1414784
1414789
1414794
1414795
1414796
1414801
1414802
1414803
1414808
1414813
1414814
1414819
1414820
1414821
1414822
1414823
1414825
1414826
1414827
1414828
1414830
1414832
1414834
1414838
1414839
1414840
1414841
1414842
1414843
1414844
1414845
1414846
1414850
1414851
1414852
1414853
1414854
1414855
1414868
1414870
1414871
1414872
1414873
1414874
1414875
1414877
1414879
1414880
1414881
1414882
1414883
1414884
1414885
1414887
1414889
1414891
1414892
1414893
1414895
1414897
1414899
1414901
1414903
1414905
1414907
1414909
1414911
1414913
1414914
1414916
1414918
1414920
1414939
1414940
1414941
1414942
1414955
1414956
1414957
1414958
1414959
1414960
1414961
1414962
1414963
1414964
1414965
1414966
1414967
1414968
1414981
1414994
1414995
1414996
1414997
1415010
1415011
1415012
1415025
1415026
1415027
1415028
1415030
1415031
1415032
1415034
1415035
1415037
1415039
1415041
1415042
1415044
1415046
1415047
1415049
1415051
1415052
1415054
1415056
1415058
1415060
1415061
1415063
1415065
1415078
1415091
1415104
1415117
1415130
1415143
1415144
1415145
1415146
1415147
1415159
1415173
1415187
1415201
1415214
1415227
1415228
1415229
1415230
1415243
1415256
1415257
1415258
1415272
1415425
1415426
1415427
1415428
1415429
1415430
1415431
1415432
1415433
1415434
1415435
1415436
1415437
1415521
1415522
1415523
1415524
1415603
1415683
1415767
1415847
1415848
1415849
1415931
1416014
1416015
1416016
1416017
1416018
1416101
1416102
1416103
1416104
1416105
1416106
1416107
1416108
1416109
1416110
1416111
1416112
1416113
1416114
1416115
1416116
1416117
1416118
1416119
1416120
1416121
1416122
1416185
1416186
1416253
1416316
1416376
1416438
1416565
1416688
1416689
1416690
1417584
1417590
1417591
1417597
1417603
1417609
1417615
1417621
1417627
1417633
1417634
1417635
1417636
1417637
1417638
1417639
1417645
1417651
1417657
1417663
1417669
1417675
1417681
1417687
1417688
1417689
1417690
1417691
1417692
1417693
1417694
1417695
1417696
1417702
1417708
1417714
1417715
1417716
1417717
1417723
1417730
1417733
1417736
1417737
1417738
1417739
1417740
1417743
1417746
1417749
1417750
1417751
1417752
1417753
1417754
1417755
1417758
1417761
1417762
1417763
1417764
1417765
1417766
1417767
1417768
1417769
1417772
1417774
1417775
1417776
1417777
1417778
1417779
1417781
1417782
1417783
1417784
1417787
1417790
1417793
1417796
1417797
1417804
1417811
1417818
1417825
1417826
1417827
1417828
1417829
1417836
1417843
1417844
1417845
1417846
1417847
1417848
1417849
1417850
1417857
1417858
1417859
1417860
1417861
1417862
1417863
1417886
1417887
1417897
1417898
1417899
1417900
1417901
1417902
1417903
1417904
1417905
1417906
1417916
1417926
1417936
1417946
1417956
1417966
1417976
1417978
1417980
1417981
1417983
1417985
1417987
1417988
1417989
1417990
1417992
1417993
1417995
1417996
1417997
1417998
1418007
1418008
1418016
1418017
1418018
1418019
1418020
1418021
1418030
1418039
1418048
1418049
1418050
1418051
1418052
1418054
1418056
1418057
1418058
1418060
1418061
1418062
1418063
1418064
1418071
1418072
1418074
1418075
1418077
1418079
1418081
1418083
1418085
1418086
1418088
1418090
1418092
1418095
1418096
1418097
1418100
1418103
1418106
1418109
1418112
1418119
1418126
1418127
1418128
1418129
1418130
1418131
1418132
1418133
1418140
1418153
1418154
1418155
1418156
1418157
1418158
1418159
1418160
1418161
1418162
1418163
1418164
1418165
1418166
1418179
1418180
1418181
1418182
1418196
1418209
1418222
1418235
1418248
1418261
1418274
1418276
1418278
1418280
1418282
1418284
1418286
1418288
1418290
1418292
1418294
1418296
1418298
1418300
1418302
1418303
1418305
1418306
1418307
1418330
1418353
1418376
1418377
1418400
1418401
1418424
1418425
1418426
1418448
1418470
1418471
1418493
1418517
1418519
1418521
1418523
1418525
1418527
1418529
1418531
1418533
1418535
1418537
1418539
1418541
1418542
1418544
1418545
1418547
1418549
1418551
1418553
1418555
1418564
1418565
1418566
1418568
1418569
1418570
1418571
1418572
1418574
1418575
1418577
1418579
1418582
1418585
1418588
1418590
1418592
1418594
1418595
1418597
1418598
1418600
1418601
1418603
1418604
1418607
1418608
1418609
1418610
1418611
1418612
1418621
1418622
1418631
1418640
1418649
1418658
1418667
1418682
1418683
1418684
1418685
1418686
1418687
1418688
1418689
1418690
1418691
1418692
1418693
1418708
1418723
1418738
1418753
1418754
1418755
1418756
1418757
1418758
1418759
1418760
1418761
1418762
1418763
1418764
1418765
1418766
1418785
1418795
1418796
1418797
1418798
1418799
1418800
1418801
1418802
1418803
1418804
1418805
1418806
1418807
1418808
1418818
1418819
1418820
1418821
1418822
1418823
1418824
1418825
1418826
1418827
1418828
1418829
1418830
1418831
1418842
1418854
1418855
1418856
1418857
1418858
1418859
1418860
1418861
1418862
1418863
1418864
1418865
1418866
1418878
1418881
1418884
1418887
1418890
1418893
1418894
1418895
1418896
1418899
1418902
1418903
1418904
1418907
1418910
1418913
1418914
1418917
1418918
1418919
1418922
1418925
1418928
1418931
1418934
1418937
1418938
1418939
1418940
1418943
1418944
1418956
1418968
1418969
1418970
1418971
1418972
1418973
1418974
1418975
1418976
1418988
1419000
1419012
1419024
1419036
1419048
1419060
1419061
1419062
1419063
1419064
1419065
1419066
1419067
1419079
1419080
1419092
1419106
1419120
1419134
1419148
1419162
1419163
1419164
1419165
1419166
1419180
1419194
1419283
1419284
1419295
1419296
1419307
1419318
1419329
1419338
1419347
1419356
1419365
1419366
1419375
1419384
1419393
1419402
1419411
1419412
1419413
1419414
1419423
1419432
1419433
1419434
1419435
1419436
1419445
1419446
1419447
1419448
1419449
1419458
1419467
1419476
1419477
1419478
1419479
1419490
1419501
1419510
1419519
1419528
1419537
1419546
1419555
1419556
1419557
1419558
1419559
1419568
1419569
1419578
1419587
1419590
1419591
1419592
1419593
1419594
1419597
1419599
1419601
1419602
1419604
1419605
1419607
1419609
1419611
1419614
1419615
1419616
1419617
1419620
1419621
1419622
1419623
1419624
1419633
1419642
1419651
1419660
1419661
1419670
1419671
1419672
1419673
1419674
1419685
1419691
1419697
1419702
1419703
1419709
1419715
1419716
1419717
1419718
1419719
1419720
1419721
1419727
1419733
1419738
1419743
1419748
1419753
1419759
1419764
1419770
1419775
1419781
1419786
1419791
1419796
1419797
1419798
1419804
1419810
1419815
1419820
1419821
1419826
1419829
1419832
1419835
1419838
1419839
1419842
1419845
1419846
1419849
1419852
1419853
1419856
1419859
1419862
1419865
1419868
1419869
1419874
1419875
1419880
1419885
1419890
1419891
1419892
1419897
1419902
1419903
1419904
1419905
1419906
1419907
1419908
1419913
1419914
1419915
1419916
1419917
1419918
1419919
1419924
1419929
1419934
1419939
1419944
1419949
1419954
1419955
1419956
1419961
1419966
1419971
1419976
1419981
1419986
1419991
1419992
1419993
1419994
1419995
1419996
1420001
1420002
1420003
1420004
1420005
1420006
1420007
1420008
1420009
1420010
1420011
1420012
1420017
1420022
1420027
1420028
1420033
1420038
1420043
1420048
1420053
1420054
1420083
1420084
1420085
1420086
1420087
1420088
1420089
1420090
1420094
1420098
1420099
1420100
1420101
1420102
1420103
1420104
1420105
1420109
1420113
1420114
1420115
1420116
1420117
1420118
1420119
1420120
1420121
1420122
1420126
1420127
1420128
1420129
1420130
1420131
1420132
1420133
1420134
1420135
1420136
1420140
1420141
1420142
1420143
1420144
1420145
1420146
1420147
1420148
1420149
1420150
1420154
1420158
1420159
1420160
1420161
1420162
1420163
1420164
1420165
1420194
1420197
1420200
1420203
1420206
1420209
1420212
1420213
1420214
1420217
1420220
1420223
1420226
1420229
1420232
1420233
1420234
1420235
1420238
1420239
1420242
1420245
1420248
1420251
1420252
1420253
1420256
1420259
1420262
1420263
1420266
1420269
1420272
1420275
1420278
1420279
1420280
1420281
1420283
1420285
1420287
1420289
1420290
1420292
1420293
1420295
1420297
1420340
1420341
1420342
1420343
1420344
1420345
1420346
1420347
1420348
1420349
1420350
1420351
1420352
1420353
1420354
1420355
1420356
1420357
1420358
1420359
1420396
1420397
1420398
1420399
1420400
1420402
1420403
1420404
1420405
1420406
1420408
1420410
1420412
1420414
1420416
1420417
1420418
1420419
1420420
1420421
1420423
1420425
1420427
1420429
1420431
1420433
1420435
1420436
1420469
1420477
1420478
1420486
1420488
1420490
1420492
1420494
1420495
1420496
1420497
1420499
1420501
1420503
1420505
1420507
1420508
1420510
1420512
1420520
1420528
1420536
1420544
1420552
1420553
1420554
1420562
1420563
1420564
1420572
1420580
1420582
1420584
1420586
1420588
1420589
1420590
1420591
1420592
1420594
1420596
1420598
1420599
1420600
1420601
1420602
1420604
1420606
1420608
1420610
1420612
1420620
1420621
1420622
1420623
1420624
1420625
1420626
1420627
1420630
1420631
1420632
1420635
1420637
1420638
1420639
1420640
1420641
1420642
1420644
1420647
1420648
1420649
1420650
1420651
1420653
1420654
1420655
1420656
1420657
1420659
1420667
1420675
1420683
1420691
1420699
1420707
1420708
1420716
1420724
1420755
1420756
1420757
1420758
1420759
1420760
1420762
1420764
1420766
1420768
1420769
1420771
1420772
1420773
1420774
1420776
1420778
1420780
1420782
1420784
1420786
1420788
1420790
1420792
1420794
1420796
1420797
1420799
1420801
1420802
1420803
1420804
1420859
1420862
1420863
1420864
1420866
1420868
1420870
1420871
1420872
1420873
1420874
1420876
1420879
1420880
1420881
1420882
1420883
1420886
1420887
1420890
1420891
1420892
1420893
1420896
1420899
1420900
1420901
1420904
1420907
1420910
1420913
1420914
1420939
1420940
1420941
1420942
1420943
1420971
1420973
1420975
1420977
1420979
1420980
1420981
1420982
1420983
1420984
1420985
1420987
1420988
1420989
1420990
1420991
1420992
1420993
1421008
1421015
1421022
1421029
1421032
1421035
1421038
1421039
1421040
1421041
1421042
1421043
1421046
1421049
1421052
1421055
1421058
1421061
1421062
1421065
1421068
1421071
1421074
1421075
1421076
1421077
1421078
1421079
1421080
1421083
1421084
1421085
1421086
1421089
1421092
1421095
1421098
1421099
1421100
1421101
1421104
1421107
1421110
1421111
1421112
1421113
1421116
1421119
1421122
1421125
1421126
1421127
1421128
1421129
1421130
1421131
1421134
1421135
1421136
1421137
1421138
1421141
1421145
1421149
1421150
1421151
1421152
1421156
1421160
1421161
1421162
1421166
1421170
1421174
1421178
1421179
1421183
1421184
1421188
1421192
1421196
1421200
1421201
1421202
1421203
1421204
1421206
1421208
1421209
1421210
1421211
1421212
1421216
1421217
1421218
1421219
1421220
1421221
1421222
1421223
1421224
1421228
1421230
1421231
1421233
1421235
1421236
1421237
1421238
1421240
1421242
1421243
1421244
1421245
1421249
1421253
1421254
1421255
1421256
1421257
1421258
1421259
1421260
1421264
1421265
1421269
1421273
1421274
1421278
1421282
1421283
1421287
1421291
1421295
1421302
1421303
1421304
1421305
1421306
1421307
1421308
1421309
1421310
1421311
1421312
1421313
1421314
1421315
1421322
1421323
1421324
1421325
1421326
1421327
1421386
1421387
1421388
1421389
1421390
1421391
1421392
1421427
1421428
1421429
1421464
1421465
1421466
1421467
1421468
1421469
1421480
1421491
1421502
1421505
1421506
1421507
1421510
1421513
1421516
1421517
1421518
1421519
1421520
1421521
1421522
1421523
1421524
1421525
1421528
1421529
1421530
1421533
1421534
1421535
1421536
1421539
1421542
1421543
1421544
1421545
1421552
1421559
1421560
1421561
1421562
1421563
1421564
1421565
1421566
1421573
1421580
1421587
1421594
1421595
1421602
1421603
1421604
1421605
1421606
1421617
1421624
1421625
1421626
1421627
1421634
1421641
1421648
1421655
1421662
1421669
1421676
1421683
1421690
1421696
1421698
1421700
1421702
1421704
1421705
1421706
1421708
1421710
1421712
1421714
1421715
1421716
1421717
1421719
1421725
1421732
1421739
1421746
1421753
1421760
1421767
1421768
1421769
1421770
1421771
1421772
1421773
1421774
1421781
1421788
1421795
1421796
1421805
1421807
1421809
1421810
1421811
1421812
1421813
1421815
1421817
1421819
1421821
1421823
1421825
1421827
1421829
1421831
1421832
1421834
1421835
1421836
1421837
1421846
1421855
1421856
1421859
1421860
1421861
1421862
1421865
1421866
1421867
1421868
1421869
1421870
1421871
1421874
1421875
1421876
1421877
1421878
1421881
1421884
1421887
1421888
1421889
1421890
1421891
1421892
1421893
1421894
1421897
1421898
1421899
1421900
1421901
1421926
1422050
1422051
1422052
1422053
1422054
1422055
1422056
1422057
1422058
1422059
1422060
1422061
1422062
1422074
1422075
1422076
1422077
1422078
1422079
1422091
1422092
1422093
1422094
1422095
1422098
1422099
1422100
1422101
1422103
1422105
1422107
1422109
1422111
1422112
1422113
1422114
1422115
1422118
1422119
1422120
1422123
1422126
1422129
1422132
1422134
1422136
1422137
1422138
1422139
1422141
1422143
1422145
1422148
1422159
1422160
1422161
1422172
1422183
1422184
1422195
1422196
1422197
1422198
1422199
1422210
1422211
1422212
1422213
1422214
1422215
1422216
1422217
1422218
1422219
1422220
1422221
1422222
1422223
1422224
1422225
1422226
1422243
1422247
1422251
1422252
1422253
1422254
1422258
1422262
1422266
1422267
1422268
1422269
1422273
1422274
1422275
1422276
1422277
1422278
1422279
1422280
1422284
1422288
1422289
1422290
1422291
1422292
1422297
1422298
1422299
1422300
1422301
1422305
1422306
1422307
1422308
1422312
1422316
1422317
1422321
1422322
1422323
1422324
1422325
1422329
1422334
1422339
1422340
1422341
1422342
1422347
1422348
1422364
1422365
1422366
1422367
1422368
1422369
1422370
1422371
1422372
1422373
1422374
1422375
1422376
1422402
1422403
1422405
1422406
1422407
1422408
1422409
1422411
1422413
1422415
1422417
1422419
1422420
1422421
1422423
1422425
1422427
1422429
1422431
1422432
1422433
1422434
1422436
1422457
1422478
1422499
1422500
1422521
1422542
1422562
1422563
1422584
1422605
1422606
1422631
1422713
1422714
1422715
1422716
1422717
1422718
1422719
1422720
1422721
1422722
1422726
1422727
1422728
1422729
1422730
1422731
1422732
1422733
1422734
1422738
1422739
1422740
1422741
1422745
1422746
1422747
1422748
1422749
1422753
1422754
1422755
1422756
1422757
1422758
1422759
1422760
1422761
1422765
1422766
1422767
1422771
1422775
1422776
1422777
1422781
1422783
1422785
1422787
1422789
1422791
1422792
1422794
1422796
1422798
1422800
1422804
1422805
1422809
1422810
1422811
1422815
1422816
1422817
1422821
1422825
1422826
1422827
1422828
1422829
1422830
1422831
1422832
1422833
1422834
1423004
1423043
1423082
1423121
1423160
1423215
1423265
1423314
1423315
1423316
1423317
1423370
1423380
1423390
1423401
1423412
1423422
1423423
1423433
1423443
1423453
1423463
1423464
1423465
1423466
1423467
1423468
1423471
1423474
1423475
1423476
1423477
1423480
1423483
1423486
1423489
1423490
1423493
1423496
1423497
1423500
1423501
1423504
1423507
1423510
1423511
1423514
1423517
1423518
1423519
1423522
1423523
1423524
1423525
1423528
1423531
1423534
1423544
1423554
1423564
1423574
1423584
1423594
1423595
1423596
1423597
1423598
1423599
1423600
1423610
1423620
1423621
1423631
1423641
1423642
1423643
1423644
1423645
1423646
1423657
1423667
1423677
1423687
1423688
1423698
1423708
1423709
1423719
1423720
1423730
1423731
1423732
1423733
1423734
1423735
1423736
1423737
1423738
1423810
1423881
1423951
1423952
1423953
1424023
1424096
1424100
1424101
1424105
1424109
1424110
1424114
1424118
1424122
1424126
1424127
1424131
1424135
1424139
1424142
1424145
1424148
1424151
1424152
1424153
1424154
1424157
1424158
1424159
1424162
1424163
1424166
1424169
1424172
1424173
1424174
1424175
1424179
1424183
1424184
1424185
1424186
1424187
1424188
1424192
1424203
1424204
1424205
1424206
1424207
1424208
1424209
1424210
1424211
1424212
1424213
1424214
1424215
1424216
1424226
1424227
1424237
1424247
1424257
1424258
1424259
1424260
1424261
1424262
1424263
1424264
1424265
1424266
1424267
1424279
1424281
1424283
1424285
1424287
1424289
1424291
1424293
1424295
1424297
1424298
1424300
1424302
1424304
1424305
1424307
1424309
1424310
1424321
1424332
1424343
1424344
1424345
1424356
1424367
1424378
1424395
1424414
1424417
1424418
1424421
1424424
1424427
1424430
1424433
1424436
1424439
1424442
1424445
1424448
1424451
1424454
1424455
1424458
1424459
1424462
1424463
1424466
1424467
1424468
1424472
1424476
1424480
1424484
1424485
1424486
1424487
1424488
1424489
1424490
1424491
1424492
1424496
1424497
1424501
1424505
1424509
1424513
1424514
1424518
1424522
1424526
1424530
1424531
1424532
1424533
1424534
1424535
1424536
1424537
1424554
1424563
1424572
1424573
1424574
1424583
1424584
1424585
1424586
1424587
1424588
1424589
1424590
1424591
1424592
1424601
1424610
1424619
1424628
1424637
1424638
1424647
1424656
1424667
1424669
1424670
1424671
1424672
1424673
1424674
1424675
1424677
1424679
1424680
1424681
1424682
1424683
1424684
1424685
1424687
1424689
1424691
1424693
1424695
1424697
1424698
1424699
1424700
1424701
1424702
1424712
1424713
1424714
1424715
1424716
1424717
1424718
1424719
1424720
1424721
1424722
1424723
1424724
1424725
1424740
1424741
1424742
1424743
1424744
1424745
1424746
1424747
1424762
1424777
1424778
1424779
1424780
1424781
1424782
1424783
1424784
1424785
1424786
1424787
1424788
1424789
1424790
1424807
1424808
1424809
1424810
1424811
1424821
1424822
1424823
1424824
1424825
1424826
1424836
1424846
1424847
1424848
1424849
1424850
1424851
1424852
1424853
1424863
1424873
1424883
1424893
1424903
1424913
1424915
1424917
1424918
1424919
1424920
1424922
1424924
1424926
1424927
1424929
1424930
1424931
1424932
1424933
1424935
1424936
1424937
1424946
1424955
1424964
1424973
1424982
1424991
1425000
1425009
1425010
1425018
1425026
1425035
1425044
1425053
1425062
1425071
1425080
1425089
1425098
1425107
1425109
1425111
1425112
1425113
1425115
1425117
1425119
1425121
1425123
1425124
1425126
1425128
1425130
1425132
1425157
1425158
1425159
1425160
1425161
1425162
1425163
1425164
1425165
1425166
1425189
1425190
1425191
1425214
1425237
1425257
1425277
1425297
1425317
1425318
1425338
1425358
1425359
1425360
1425361
1425362
1425363
1425364
1425365
1425366
1425367
1425391
1425414
1425437
1425460
1425483
1425507
1425531
1425532
1425533
1425556
1425580
1425581
1425582
1425583
1425608
1425609
1425610
1425611
1425612
1425613
1425614
1425615
1425638
1425639
1425641
1425643
1425644
1425645
1425646
1425647
1425649
1425650
1425652
1425654
1425655
1425656
1425657
1425658
1425660
1425662
1425664
1425666
1425668
1425670
1425671
1425672
1425673
1425674
1425676
1425678
1425680
1425682
1425684
1425686
1425688
1425720
1425721
1425722
1425723
1425724
1425725
1425726
1425727
1425728
1425729
1425730
1425731
1425732
1425740
1425741
1425742
1425750
1425758
1425759
1425760
1425769
1425770
1425771
1425772
1425773
1425774
1425775
1425776
1425777
1425778
1425779
1425780
1425790
1425797
1425798
1425799
1425806
1425813
1425820
1425827
1425834
1425835
1425836
1425843
1425844
1425851
1425858
1425865
1425866
1425867
1425874
1425881
1425882
1425883
1425884
1425885
1425887
1425889
1425891
1425893
1425894
1425895
1425896
1425897
1425899
1425907
1425908
1425914
1425920
1425926
1425932
1425938
1425944
1425950
1425956
1425962
1425968
1425974
1425980
1425986
1425987
1425988
1425989
1425990
1425991
1425992
1425998
1426003
1426004
1426005
1426006
1426007
1426008
1426013
1426018
1426023
1426028
1426029
1426030
1426031
1426032
1426037
1426042
1426043
1426044
1426045
1426046
1426047
1426048
1426049
1426050
1426055
1426060
1426065
1426070
1426071
1426076
1426077
1426078
1426079
1426084
1426089
1426094
1426095
1426096
1426097
1426098
1426099
1426134
1426137
1426138
1426141
1426143
1426144
1426146
1426148
1426150
1426151
1426153
1426155
1426156
1426159
1426162
1426163
1426166
1426168
1426170
1426172
1426174
1426175
1426176
1426177
1426178
1426180
1426181
1426184
1426187
1426188
1426191
1426192
1426193
1426194
1426195
1426198
1426201
1426204
1426207
1426210
1426213
1426216
1426219
1426220
1426221
1426224
1426227
1426230
1426233
1426236
1426239
1426242
1426274
1426275
1426276
1426306
1426307
1426337
1426367
1426398
1426429
1426430
1426431
1426432
1426433
1426464
1426495
1426496
1426527
1426558
1426559
1426560
1426561
1426562
1426563
1426564
1426565
1426566
1426567
1426568
1426569
1426570
1426571
1426572
1426573
1426574
1426575
1426576
1426577
1426578
1426579
1426611
1426619
1426620
1426621
1426622
1426623
1426631
1426632
1426633
1426634
1426635
1426636
1426637
1426638
1426639
1426640
1426641
1426642
1426650
1426651
1426659
1426664
1426669
1426674
1426679
1426680
1426681
1426682
1426687
1426688
1426693
1426694
1426699
1426700
1426701
1426702
1426707
1426712
1426717
1426722
1426727
1426728
1426729
1426730
1426731
1426732
1426737
1426742
1426743
1426744
1426745
1426746
1426747
1426748
1426749
1426750
1426758
1426759
1426760
1426768
1426777
1426785
1426786
1426794
1426802
1426803
1426804
1426805
1426806
1426807
1426815
1426816
1426817
1426818
1426819
1426820
1426821
1426822
1426823
1426831
1426861
1426862
1426891
1426892
1426893
1426894
1426895
1426896
1426897
1426898
1426899
1426900
1426901
1426928
1426957
1426959
1426961
1426963
1426965
1426967
1426969
1426970
1426971
1426972
1426973
1426974
1426975
1426977
1426979
1426980
1426982
1426984
1426986
1426988
1426990
1426992
1426994
1426996
1426997
1426998
1426999
1427000
1427001
1427002
1427004
1427005
1427050
1427051
1427052
1427053
1427054
1427055
1427056
1427057
1427058
1427059
1427060
1427061
1427062
1427063
1427073
1427077
1427078
1427079
1427080
1427084
1427085
1427086
1427087
1427088
1427089
1427090
1427094
1427095
1427099
1427103
1427104
1427105
1427106
1427107
1427111
1427112
1427116
1427117
1427121
1427125
1427126
1427127
1427128
1427129
1427130
1427131
1427135
1427139
1427140
1427141
1427144
1427147
1427150
1427151
1427152
1427153
1427154
1427157
1427158
1427159
1427160
1427161
1427162
1427163
1427173
1427184
1427185
1427186
1427188
1427190
1427192
1427193
1427194
1427195
1427196
1427197
1427198
1427200
1427202
1427203
1427204
1427206
1427207
1427209
1427210
1427211
1427213
1427215
1427217
1427227
1427228
1427229
1427230
1427231
1427235
1427236
1427237
1427238
1427239
1427240
1427244
1427248
1427249
1427250
1427254
1427258
1427259
1427260
1427261
1427262
1427263
1427264
1427268
1427272
1427273
1427274
1427275
1427279
1427281
1427283
1427285
1427287
1427288
1427289
1427290
1427292
1427294
1427296
1427297
1427301
1427312
1427313
1427323
1427333
1427334
1427344
1427345
1427346
1427347
1427348
1427349
1427359
1427360
1427361
1427362
1427363
1427364
1427365
1427366
1427376
1427386
1427397
1427398
1427399
1427401
1427403
1427405
1427407
1427408
1427409
1427410
1427411
1427412
1427414
1427417
1427418
1427421
1427424
1427427
1427430
1427433
1427436
1427438
1427440
1427441
1427443
1427445
1427447
1427449
1427450
1427451
1427453
1427455
1427457
1427488
1427509
1427530
1427531
1427532
1427533
1427534
1427555
1427556
1427557
1427558
1427559
1427580
1427602
1427624
1427625
1427626
1427627
1427628
1427629
1427630
1427631
1427632
1427633
1427634
1427635
1427636
1427637
1427638
1427639
1427662
1427683
1427684
1427705
1427706
1427707
1427708
1427709
1427730
1427751
1427772
1427805
1427824
1427825
1427826
1427827
1427828
1427829
1427834
1427835
1427836
1427837
1427842
1427843
1427844
1427845
1427846
1427847
1427853
1427859
1427860
1427861
1427864
1427865
1427866
1427867
1427868
1427871
1427873
1427875
1427877
1427879
1427881
1427883
1427885
1427887
1427890
1427895
1427896
1427899
1427902
1427903
1427904
1427905
1427906
1427909
1427911
1427913
1427915
1427917
1427919
1427921
1427923
1427925
1427927
1427932
1427947
1427949
1427951
1427953
1427955
1427956
1427958
1427960
1427962
1427964
1427966
1427968
1427970
1427972
1427974
1427976
1427984
1427986
1427988
1427990
1427992
1427994
1427996
1427997
1427998
1427999
1428001
1428002
1428003
1428004
1428005
1428006
1428008
1428012
1428013
1428014
1428015
1428016
1428017
1428018
1428019
1428020
1428024
1428028
1428029
1428030
1428031
1428032
1428033
1428037
1428041
1428042
1428058
1428059
1428075
1428091
1428107
1428123
1428139
1428142
1428143
1428145
1428147
1428149
1428150
1428151
1428153
1428155
1428157
1428158
1428159
1428160
1428163
1428164
1428165
1428166
1428167
1428168
1428169
1428170
1428171
1428174
1428177
1428178
1428179
1428180
1428181
1428182
1428185
1428188
1428191
1428194
1428197
1428200
1428219
1428220
1428226
1428227
1428233
1428239
1428241
1428242
1428243
1428245
1428246
1428248
1428250
1428251
1428252
1428253
1428255
1428257
1428258
1428264
1428270
1428276
1428282
1428288
1428289
1428295
1428301
1428302
1428303
1428304
1428305
1428306
1428307
1428308
1428309
1428310
1428311
1428317
1428323
1428329
1428330
1428332
1428334
1428335
1428336
1428337
1428339
1428341
1428343
1428345
1428347
1428349
1428350
1428352
1428365
1428366
1428367
1428368
1428385
1428394
1428395
1428396
1428397
1428398
1428407
1428416
1428425
1428426
1428427
1428436
1428445
1428454
1428463
1428464
1428465
1428466
1428467
1428468
1428477
1428478
1428479
1428480
1428481
1428482
1428483
1428484
1428485
1428486
1428500
1428501
1428511
1428512
1428513
1428514
1428515
1428524
1428525
1428526
1428527
1428528
1428537
1428546
1428555
1428564
1428573
1428582
1428591
1428600
1428601
1428602
1428603
1428604
1428605
1428606
1428607
1428608
1428609
1428610
1428621
1428622
1428632
1428633
1428643
1428644
1428645
1428646
1428647
1428648
1428649
1428659
1428669
1428679
1428680
1428690
1428700
1428710
1428720
1428721
1428722
1428723
1428724
1428725
1428726
1428727
1428728
1428729
1428730
1428731
1428732
1428733
1428734
1428735
1428736
1428746
1428753
1428760
1428767
1428774
1428775
1428776
1428777
1428778
1428779
1428780
1428781
1428782
1428783
1428784
1428785
1428786
1428793
1428795
1428796
1428797
1428798
1428800
1428802
1428803
1428804
1428805
1428806
1428807
1428809
1428811
1428813
1428815
1428817
1428819
1428820
1428822
1428829
1428830
1428831
1428832
1428833
1428834
1428835
1428836
1428837
1428838
1428839
1428840
1428886
1428889
1428890
1428891
1428892
1428895
1428896
1428899
1428902
1428905
1428908
1428911
1428914
1428915
1428916
1428917
1428918
1428921
1428924
1428927
1428930
1428933
1428934
1428935
1428936
1428937
1428940
1428943
1428946
1428949
1428952
1428953
1428956
1428959
1428962
1428965
1428968
1428969
1428970
1428971
1428972
1428975
1428976
1428977
1428978
1428979
1428980
1428981
1429025
1429068
1429069
1429070
1429071
1429072
1429073
1429103
1429104
1429105
1429106
1429107
1429108
1429138
1429139
1429169
1429170
1429211
1429251
1429291
1429331
1429372
1429373
1429374
1429375
1429376
1429377
1429409
1429410
1429442
1429476
1429509
1429542
1429584
1429585
1429586
1429587
1429588
1429589
1429630
1429833
1429834
1429835
1429836
1429837
1429838
1429839
1429840
1429843
1429844
1429845
1429846
1429849
1429852
1429853
1429856
1429857
1429858
1429861
1429864
1429867
1429870
1429873
1429874
1429875
1429876
1429879
1429882
1429883
1429884
1429885
1429886
1429887
1429888
1429889
1429892
1429895
1429898
1429901
1429904
1429907
1429910
1429911
1429914
1429917
1429920
1429923
1429924
1429925
1429928
1429931
1429934
1429937
1429940
1429943
1429946
1429949
1429952
1429955
1429958
1429959
1429960
1429961
1429962
1429965
1429968
1429971
1429974
1429977
1429980
1429983
1429986
1429989
1429992
1429995
1429998
1430001
1430004
1430112
1430113
1430114
1430115
1430116
1430117
1430118
1430119
1430120
1430121
1430122
1430123
1430124
1430125
1430894
1430902
1430910
1430911
1430912
1430913
1430914
1430915
1430916
1430917
1430918
1430919
1430920
1430921
1430922
1430930
1430938
1430940
1430941
1430942
1430943
1430944
1430945
1430946
1430948
1430950
1430951
1430952
1430953
1430955
1430957
1430958
1430959
1430960
1430961
1430969
1430977
1430978
1430979
1430980
1430981
1430982
1430987
1430988
1430989
1430990
1430991
1430992
1430996
1430998
1431000
1431001
1431003
1431004
1431006
1431008
1431010
1431011
1431013
1431017
1431021
1431025
1431026
1431030
1431031
1431032
1431033
1431034
1431035
1431043
1431044
1431052
1431060
1431068
1431076
1431084
1431085
1431086
1431087
1431088
1431089
1431097
1431098
1431099
1431100
1431101
1431102
1431103
1431104
1431105
1431106
1431107
1431108
1431109
1431116
1431117
1431118
1431119
1431120
1431121
1431122
1431123
1431124
1431132
1431133
1431134
1431135
1431136
1431137
1431138
1431139
1431140
1431167
1431168
1431169
1431170
1431172
1431174
1431175
1431177
1431179
1431181
1431183
1431185
1431187
1431189
1431191
1431193
1431195
1431196
1431198
1431200
1431202
1431204
1431206
1431207
1431208
1431209
1431210
1431212
1431236
1431260
1431284
1431308
1431333
1431359
1431363
1431367
1431368
1431369
1431370
1431371
1431372
1431373
1431374
1431378
1431379
1431380
1431381
1431382
1431384
1431386
1431387
1431388
1431389
1431390
1431394
1431395
1431396
1431397
1431398
1431399
1431400
1431401
1431402
1431403
1431407
1431411
1431415
1431416
1431417
1431421
1431425
1431428
1431429
1431430
1431431
1431434
1431437
1431438
1431441
1431444
1431447
1431450
1431453
1431456
1431459
1431462
1431465
1431468
1431494
1431498
1431502
1431506
1431510
1431514
1431515
1431516
1431517
1431518
1431522
1431523
1431524
1431525
1431526
1431530
1431531
1431532
1431536
1431540
1431544
1431545
1431546
1431550
1431554
1431558
1431562
1431566
1431570
1431574
1431578
1431582
1431586
1431587
1431591
1431595
1431596
1431597
1431598
1431599
1431600
1431601
1431602
1431603
1431604
1431608
1431612
1431613
1431614
1431615
1431616
1431617
1431618
1431619
1431620
1431644
1431645
1431647
1431648
1431649
1431651
1431653
1431654
1431656
1431657
1431659
1431661
1431663
1431665
1431667
1431669
1431671
1431673
1431675
1431677
1431679
1431681
1431703
1431704
1431705
1431707
1431709
1431710
1431712
1431714
1431716
1431718
1431720
1431722
1431724
1431726
1431728
1431729
1431731
1431732
1431733
1431735
1431736
1431737
1431914
1431923
1431932
1431933
1431934
1431935
1431944
1431953
1431962
1431971
1431980
1431981
1431982
1431983
1431984
1431993
1431994
1432003
1432012
1432013
1432014
1432015
1432016
1432017
1432018
1432019
1432020
1432021
1432022
1432031
1432040
1432041
1432050
1432051
1432061
1432062
1432069
1432076
1432077
1432078
1432079
1432080
1432081
1432082
1432089
1432096
1432103
1432110
1432111
1432112
1432113
1432114
1432115
1432116
1432117
1432124
1432131
1432138
1432145
1432146
1432147
1432148
1432149
1432150
1432151
1432152
1432159
1432160
1432161
1432162
1432163
1432164
1432165
1432172
1432173
1432180
1432181
1432188
1432195
1432196
1432203
1432204
1432207
1432208
1432211
1432214
1432217
1432220
1432223
1432226
1432229
1432232
1432235
1432236
1432237
1432240
1432243
1432246
1432249
1432250
1432253
1432256
1432259
1432262
1432263
1432270
1432277
1432278
1432279
1432280
1432281
1432282
1432283
1432284
1432285
1432292
1432293
1432294
1432295
1432296
1432297
1432298
1432299
1432300
1432301
1432302
1432311
1432312
1432320
1432328
1432329
1432338
1432339
1432340
1432341
1432342
1432343
1432345
1432346
1432348
1432350
1432352
1432354
1432355
1432356
1432358
1432359
1432360
1432361
1432362
1432364
1432366
1432375
1432383
1432391
1432392
1432400
1432408
1432410
1432412
1432414
1432416
1432418
1432420
1432422
1432424
1432426
1432427
1432428
1432430
1432432
1432433
1432434
1432442
1432443
1432450
1432451
1432452
1432453
1432454
1432455
1432456
1432457
1432458
1432459
1432460
1432461
1432462
1432469
1432470
1432477
1432484
1432491
1432498
1432505
1432512
1432519
1432528
1432551
1432568
1432585
1432602
1432603
1432604
1432605
1432606
1432607
1432608
1432609
1432610
1432611
1432612
1432613
1432614
1432615
1432616
1432633
1432634
1432635
1432636
1432637
1432638
1432639
1432640
1432641
1432658
1432662
1432666
1432670
1432671
1432672
1432675
1432678
1432679
1432680
1432682
1432684
1432686
1432687
1432689
1432691
1432693
1432696
1432699
1432702
1432706
1432707
1432708
1432709
1432711
1432713
1432714
1432716
1432717
1432718
1432719
1432723
1432727
1432731
1432735
1432739
1432743
1432747
1432751
1432752
1432753
1432754
1432755
1432756
1432757
1432758
1432759
1432760
1432764
1432781
1432782
1432783
1432784
1432798
1432812
1432814
1432815
1432816
1432817
1432818
1432820
1432822
1432824
1432826
1432828
1432830
1432832
1432834
1432836
1432838
1432840
1432842
1432844
1432846
1432848
1432850
1432852
1432854
1432856
1432858
1432873
1432888
1432889
1432890
1432891
1432906
1432907
1432908
1432909
1432910
1432911
1432912
1432913
1432914
1432929
1432944
1432959
1432974
1432975
1432976
1432977
1432992
1433007
1433022
1433037
1433052
1433067
1433082
1433097
1433098
1433099
1433114
1433184
1433189
1433194
1433199
1433204
1433209
1433214
1433219
1433220
1433221
1433222
1433223
1433224
1433225
1433226
1433227
1433232
1433237
1433238
1433239
1433240
1433241
1433246
1433251
1433256
1433261
1433262
1433267
1433272
1433277
1433278
1433279
1433280
1433281
1433282
1433283
1433284
1433285
1433286
1433291
1433292
1433293
1433294
1433300
1433301
1433302
1433303
1433304
1433305
1433311
1433312
1433313
1433314
1433315
1433316
1433317
1433318
1433319
1433320
1433321
1433322
1433323
1433329
1433334
1433339
1433340
1433341
1433342
1433343
1433344
1433345
1433346
1433351
1433356
1433357
1433358
1433363
1433364
1433369
1433370
1433375
1433380
1433381
1433382
1433387
1433388
1433389
1433394
1433399
1433404
1433405
1433406
1433411
1433416
1433421
1433422
1433423
1433424
1433429
1433431
1433433
1433435
1433437
1433438
1433439
1433441
1433442
1433443
1433445
1433446
1433447
1433452
1433453
1433454
1433455
1433462
1433463
1433464
1433465
1433466
1433467
1433468
1433469
1433470
1433471
1433472
1433479
1433480
1433481
1433482
1433483
1433484
1433485
1433486
1433487
1433488
1433489
1433501
1433513
1433514
1433515
1433527
1433528
1433529
1433530
1433542
1433554
1433566
1433578
1433590
1433602
1433614
1433615
1433626
1433637
1433638
1433639
1433640
1433641
1433642
1433643
1433644
1433645
1433646
1433647
1433648
1433649
1433650
1433652
1433653
1433665
1433677
1433688
1433699
1433710
1433711
1433712
1433713
1433724
1433735
1433736
1433747
1433758
1433769
1433780
1433791
1433802
1433845
1433849
1433853
1433857
1433861
1433865
1433869
1433873
1433877
1433881
1433885
1433886
1433890
1433894
1433898
1433899
1433900
1433904
1433908
1433912
1433916
1433920
1433921
1433922
1433924
1433925
1433927
1433928
1433929
1433930
1433931
1433932
1433934
1433936
1433940
1433941
1433942
1433943
1433947
1433951
1433955
1433956
1433957
1433958
1433959
1433963
1433967
1433971
1433975
1433979
1433983
1433987
1433994
1433996
1433997
1433998
1433999
1434001
1434002
1434003
1434005
1434006
1434007
1434009
1434010
1434011
1434013
1434015
1434016
1434021
1434022
1434027
1434028
1434033
1434034
1434039
1434044
1434049
1434050
1434055
1434060
1434065
1434066
1434067
1434068
1434073
1434074
1434079
1434084
1434089
1434094
1434099
1434104
1434109
1434114
1434119
1434123
1434124
1434125
1434126
1434127
1434131
1434135
1434139
1434143
1434147
1434151
1434155
1434156
1434157
1434158
1434162
1434163
1434167
1434171
1434176
1434177
1434178
1434183
1434188
1434189
1434190
1434195
1434196
1434198
1434200
1434201
1434203
1434205
1434207
1434209
1434211
1434212
1434213
1434218
1434219
1434220
1434221
1434226
1434231
1434232
1434233
1434238
1434239
1434240
1434244
1434248
1434249
1434250
1434251
1434252
1434256
1434257
1434258
1434259
1434260
1434264
1434268
1434272
1434273
1434277
1434280
1434281
1434284
1434287
1434290
1434293
1434297
1434301
1434305
1434309
1434311
1434313
1434315
1434317
1434319
1434321
1434323
1434325
1434327
1434328
1434330
1434332
1434333
1434342
1434343
1434344
1434345
1434346
1434348
1434350
1434352
1434354
1434356
1434358
1434360
1434363
1434364
1434365
1434366
1434367
1434368
1434369
1434372
1434375
1434376
1434377
1434378
1434379
1434380
1434381
1434389
1434390
1434391
1434392
1434393
1434395
1434397
1434398
1434399
1434401
1434402
1434404
1434406
1434408
1434410
1434412
1434414
1434416
1434417
1434419
1434421
1434422
1434431
1434477
1434478
1434479
1434480
1434481
1434482
1434503
1434504
1434505
1434518
1434531
1434544
1434557
1434558
1434559
1434560
1434573
1434586
1434599
1434600
1434601
1434602
1434603
1434604
1434605
1434618
1434620
1434622
1434624
1434626
1434628
1434630
1434632
1434634
1434636
1434637
1434639
1434640
1434641
1434642
1434643
1434645
1434647
1434649
1434650
1434651
1434652
1434653
1434655
1434657
1434659
1434673
1434674
1434675
1434686
1434687
1434688
1434689
1434700
1434701
1434702
1434703
1434704
1434705
1434706
1434707
1434711
1434712
1434713
1434714
1434715
1434716
1434717
1434718
1434719
1434722
1434723
1434724
1434727
1434730
1434733
1434736
1434739
1434742
1434745
1434749
1434750
1434753
1434756
1434759
1434762
1434765
1434776
1434787
1434800
1434813
1434814
1434816
1434818
1434820
1434822
1434824
1434825
1434826
1434827
1434828
1434829
1434831
1434833
1434835
1434837
1434839
1434841
1434843
1434845
1434847
1434861
1434875
1434888
1434901
1434914
1434927
1434940
1434953
1434966
1434979
1434992
1435005
1435035
1435038
1435041
1435042
1435043
1435046
1435047
1435048
1435049
1435050
1435051
1435054
1435055
1435056
1435057
1435058
1435060
1435061
1435062
1435063
1435065
1435068
1435069
1435070
1435073
1435078
1435079
1435080
1435081
1435086
1435091
1435099
1435100
1435101
1435102
1435103
1435104
1435105
1435107
1435108
1435109
1435111
1435112
1435113
1435114
1435115
1435117
1435118
1435119
1435120
1435121
1435123
1435125
1435126
1435133
1435134
1435135
1435136
1435137
1435138
1435145
1435146
1435147
1435148
1435155
1435162
1435169
1435176
1435183
1435192
1435193
1435200
1435207
1435214
1435221
1435222
1435223
1435224
1435225
1435226
1435227
1435228
1435229
1435230
1435231
1435238
1435245
1435252
1435258
1435259
1435260
1435261
1435267
1435268
1435269
1435275
1435276
1435283
1435284
1435291
1435298
1435305
1435312
1435313
1435314
1435321
1435322
1435323
1435324
1435325
1435326
1435333
1435334
1435335
1435336
1435337
1435338
1435345
1435346
1435347
1435354
1435361
1435362
1435363
1435364
1435365
1435366
1435374
1435376
1435378
1435379
1435380
1435381
1435383
1435385
1435386
1435387
1435388
1435390
1435392
1435394
1435396
1435397
1435405
1435406
1435414
1435422
1435430
1435438
1435439
1435447
1435448
1435449
1435450
1435451
1435452
1435453
1435454
1435455
1435456
1435464
1435472
1435477
1435480
1435481
1435484
1435487
1435489
1435491
1435493
1435494
1435495
1435497
1435499
1435500
1435501
1435503
1435505
1435506
1435509
1435512
1435513
1435514
1435517
1435520
1435523
1435528
1435529
1435530
1435531
1435532
1435533
1435614
1435615
1435616
1435617
1435618
1435619
1435620
1435621
1435639
1435657
1435675
1435676
1435677
1435695
1435696
1435715
1435734
1435751
1435768
1435769
1435770
1435771
1435772
1435773
1435774
1435775
1435776
1435777
1435778
1435797
1435816
1435835
1435854
1435873
1435892
1435912
1435930
1435948
1435966
1435984
1436002
1436020
1436040
1436041
1436042
1436043
1436060
1436076
1436077
1436078
1436079
1436095
1436111
1436127
1436143
1436159
1436175
1436176
1436193
1436194
1436211
1436228
1436245
1436246
1436247
1436248
1436249
1436250
1436251
1436252
1436253
1436254
1436255
1436256
1436257
1436258
1436259
1436260
1436261
1436276
1436279
1436282
1436284
1436286
1436288
1436290
1436291
1436292
1436293
1436294
1436295
1436298
1436299
1436302
1436305
1436306
1436309
1436310
1436313
1436316
1436319
1436320
1436321
1436322
1436325
1436328
1436331
1436334
1436337
1436340
1436343
1436344
1436345
1436346
1436347
1436348
1436351
1436354
1436366
1436378
1436379
1436380
1436381
1436393
1436405
1436417
1436429
1436431
1436433
1436435
1436437
1436439
1436440
1436441
1436442
1436443
1436445
1436447
1436449
1436451
1436452
1436453
1436454
1436455
1436457
1436459
1436460
1436461
1436463
1436475
1436476
1436488
1436500
1436512
1436524
1436536
1436548
1436549
1436550
1436551
1436563
1436575
1436587
1436599
1436611
1436623
1436635
1436647
1436648
1436649
1436650
1436651
1436652
1436653
1436676
1436698
1436721
1436744
1436745
1436746
1436769
1436771
1436772
1436773
1436775
1436777
1436779
1436781
1436783
1436785
1436787
1436789
1436791
1436793
1436795
1436797
1436798
1436799
1436800
1436802
1436804
1436806
1436845
1436846
1436847
1436848
1436874
1436875
1436876
1436877
1436903
1436929
1436952
1436975
1436998
1437021
1437022
1437023
1437024
1437025
1437026
1437027
1437050
1437075
1437076
1437101
1437126
1437149
1437151
1437153
1437155
1437156
1437157
1437159
1437161
1437163
1437165
1437167
1437169
1437171
1437173
1437175
1437177
1437179
1437180
1437181
1437183
1437185
1437186
1437187
1437188
1437189
1437191
1437193
1437195
1437223
1437225
1437226
1437228
1437230
1437232
1437234
1437236
1437238
1437240
1437242
1437243
1437244
1437246
1437248
1437249
1437250
1437252
1437268
1437273
1437274
1437275
1437276
1437277
1437278
1437283
1437288
1437293
1437294
1437295
1437296
1437297
1437298
1437303
1437308
1437313
1437318
1437323
1437328
1437333
1437338
1437343
1437348
1437353
1437358
1437359
1437364
1437369
1437374
1437379
1437381
1437382
1437383
1437384
1437386
1437388
1437389
1437390
1437391
1437393
1437394
1437395
1437400
1437405
1437410
1437415
1437420
1437425
1437427
1437429
1437430
1437431
1437433
1437435
1437437
1437439
1437441
1437443
1437445
1437447
1437449
1437451
1437456
1437457
1437477
1437497
1437498
1437499
1437500
1437501
1437502
1437521
1437522
1437523
1437524
1437525
1437526
1437527
1437528
1437529
1437546
1437563
1437580
1437597
1437616
1437635
1437654
1437673
1437674
1437675
1437676
1437696
1437697
1437716
1437717
1437718
1437737
1437756
1437781
1437806
1437807
1437808
1437832
1437856
1437880
1437881
1437882
1437883
1437885
1437886
1437887
1437888
1437890
1437891
1437893
1437895
1437897
1437899
1437901
1437903
1437904
1437906
1437908
1437910
1437912
1437914
1437915
1437940
1437941
1437942
1437943
1437944
1437978
1437979
1437988
1437989
1437990
1437991
1437992
1437993
1437996
1437999
1438000
1438001
1438002
1438003
1438006
1438007
1438008
1438011
1438014
1438017
1438018
1438019
1438020
1438021
1438024
1438027
1438036
1438037
1438038
1438039
1438040
1438041
1438042
1438043
1438044
1438052
1438053
1438054
1438055
1438056
1438057
1438058
1438059
1438060
1438061
1438062
1438063
1438064
1438071
1438073
1438074
1438075
1438077
1438079
1438081
1438083
1438085
1438087
1438089
1438091
1438093
1438095
1438103
1438104
1438105
1438106
1438107
1438108
1438109
1438110
1438111
1438112
1438113
1438259
1438266
1438267
1438274
1438281
1438288
1438294
1438295
1438296
1438302
1438308
1438314
1438316
1438318
1438320
1438321
1438322
1438324
1438325
1438326
1438327
1438329
1438331
1438333
1438335
1438341
1438347
1438349
1438351
1438352
1438354
1438355
1438357
1438358
1438359
1438360
1438361
1438362
1438364
1438366
1438367
1438373
1438374
1438375
1438376
1438377
1438383
1438389
1438390
1438396
1438397
1438398
1438399
1438405
1438412
1438413
1438414
1438415
1438416
1438417
1438418
1438425
1438431
1438432
1438433
1438439
1438440
1438441
1438448
1438455
1438456
1438463
1438470
1438476
1438482
1438483
1438484
1438485
1438486
1438487
1438488
1438494
1438500
1438506
1438512
1438513
1438514
1438516
1438518
1438520
1438522
1438524
1438526
1438529
1438532
1438533
1438536
1438539
1438540
1438541
1438544
1438547
1438548
1438551
1438554
1438560
1438561
1438562
1438563
1438589
1438590
1438591
1438592
1438593
1438594
1438595
1438596
1438597
1438598
1438603
1438608
1438613
1438614
1438619
1438620
1438621
1438622
1438623
1438628
1438629
1438634
1438635
1438636
1438637
1438638
1438639
1438640
1438641
1438642
1438643
1438644
1438645
1438650
1438652
1438654
1438656
1438657
1438658
1438660
1438661
1438663
1438664
1438666
1438668
1438670
1438672
1438674
1438679
1438680
1438681
1438682
1438683
1438684
1438689
1438690
1438691
1438692
1438693
1438694
1438695
1438696
1438697
1438698
1438699
1438704
1438709
1438714
1438719
1438724
1438725
1438730
1438735
1438740
1438745
1438750
1438751
1438756
1438761
1438766
1438771
1438776
1438782
1438784
1438786
1438788
1438790
1438792
1438794
1438796
1438798
1438800
1438802
1438804
1438805
1438807
1438809
1438815
1438821
1438827
1438828
1438834
1438836
1438838
1438839
1438840
1438841
1438842
1438843
1438845
1438846
1438847
1438848
1438850
1438852
1438854
1438856
1438862
1438868
1438874
1438875
1438876
1438877
1438883
1438948
1438949
1438950
1439011
1439012
1439013
1439014
1439015
1439016
1439077
1439132
1439187
1439242
1439300
1439355
1439410
1439465
1439524
1439583
1439645
1439758
1439759
1439769
1439770
1439771
1439772
1439773
1439774
1439784
1439794
1439804
1439805
1439815
1439825
1439826
1439836
1439838
1439839
1439841
1439843
1439844
1439845
1439846
1439847
1439848
1439850
1439851
1439852
1439853
1439855
1439857
1439859
1439861
1439863
1439864
1439866
1439876
1439878
1439879
1439880
1439881
1439882
1439883
1439884
1439886
1439887
1439888
1439889
1439890
1439891
1439892
1439894
1439896
1439898
1439900
1439902
1439904
1439906
1439908
1439910
1439912
1439922
1439923
1439933
1439935
1439937
1439939
1439941
1439942
1439943
1439945
1439947
1439949
1439951
1439952
1439953
1439955
1439957
1439959
1439961
1439962
1439964
1439966
1439967
1439968
1439969
1439970
1439972
1439973
1439974
1439983
1439991
1439992
1440000
1440009
1440018
1440027
1440035
1440043
1440044
1440045
1440053
1440061
1440062
1440063
1440064
1440065
1440066
1440067
1440076
1440085
1440094
1440103
1440104
1440113
1440122
1440131
1440140
1440141
1440142
1440143
1440144
1440145
1440146
1440147
1440148
1440149
1440150
1440151
1440172
1440173
1440180
1440181
1440182
1440183
1440184
1440185
1440190
1440192
1440194
1440196
1440198
1440200
1440202
1440204
1440205
1440206
1440207
1440208
1440209
1440214
1440215
1440216
1440217
1440218
1440219
1440220
1440221
1440226
1440231
1440232
1440233
1440234
1440235
1440236
1440241
1440244
1440247
1440248
1440249
1440250
1440251
1440252
1440253
1440254
1440257
1440258
1440259
1440260
1440261
1440262
1440263
1440264
1440270
1440276
1440282
1440288
1440294
1440300
1440306
1440312
1440313
1440314
1440315
1440316
1440317
1440318
1440319
1440320
1440321
1440322
1440323
1440324
1440331
1440338
1440345
1440352
1440359
1440366
1440373
1440380
1440387
1440388
1440395
1440402
1440403
1440410
1440417
1440424
1440431
1440438
1440450
1440451
1440452
1440453
1440454
1440455
1440467
1440468
1440469
1440470
1440471
1440472
1440473
1440474
1440505
1440506
1440507
1440508
1440509
1440510
1440511
1440512
1440513
1440514
1440515
1440516
1440517
1440527
1440529
1440530
1440532
1440533
1440534
1440536
1440537
1440538
1440539
1440540
1440542
1440544
1440546
1440548
1440550
1440551
1440552
1440559
1440565
1440566
1440567
1440568
1440569
1440575
1440576
1440577
1440578
1440579
1440580
1440581
1440582
1440588
1440594
1440595
1440596
1440597
1440598
1440599
1440600
1440601
1440602
1440608
1440614
1440621
1440622
1440623
1440624
1440625
1440626
1440627
1440628
1440635
1440636
1440643
1440644
1440645
1440646
1440653
1440654
1440655
1440656
1440657
1440664
1440671
1440678
1440679
1440680
1440681
1440682
1440689
1440690
1440691
1440692
1440693
1440694
1440695
1440696
1440697
1440698
1440706
1440707
1440708
1440710
1440712
1440714
1440716
1440718
1440720
1440722
1440723
1440724
1440725
1440727
1440729
1440730
1440731
1440741
1440742
1440743
1440744
1440745
1440746
1440747
1440748
1440749
1440750
1440751
1440752
1440753
1440754
1440764
1440774
1440782
1440784
1440786
1440787
1440788
1440789
1440791
1440793
1440794
1440795
1440796
1440797
1440798
1440799
1440801
1440803
1440805
1440807
1440808
1440809
1440811
1440820
1440829
1440838
1440839
1440848
1440857
1440866
1440867
1440868
1440877
1440886
1440895
1440896
1440905
1440914
1440923
1440932
1440935
1440938
1440941
1440944
1440947
1440950
1440953
1440954
1440957
1440960
1440963
1440964
1440965
1440966
1440967
1440968
1440969
1440970
1440971
1440974
1440975
1440976
1440977
1440980
1440983
1440984
1440985
1440986
1440987
1440990
1440991
1440992
1440993
1440996
1441006
1441007
1441008
1441009
1441010
1441011
1441012
1441025
1441036
1441037
1441048
1441059
1441060
1441071
1441082
1441093
1441094
1441095
1441096
1441107
1441109
1441110
1441111
1441113
1441115
1441117
1441119
1441120
1441121
1441122
1441124
1441125
1441127
1441129
1441131
1441133
1441135
1441136
1441138
1441139
1441140
1441142
1441144
1441146
1441148
1441150
1441151
1441162
1441173
1441175
1441177
1441178
1441180
1441181
1441182
1441183
1441185
1441187
1441189
1441191
1441192
1441194
1441196
1441198
1441199
1441200
1441201
1441202
1441203
1441204
1441205
1441207
1441209
1441211
1441213
1441224
1441225
1441226
1441227
1441228
1441229
1441230
1441231
1441232
1441233
1441234
1441235
1441236
1441237
1441238
1441250
1443437
1443438
1444832
1444833
1446255
1446256
1446257
1446258
1446259
1446260
1446261
1448258
1448259
1448260
1448261
1448262
1448263
1448264
1448265
1448266
1448267
1448268
1448303
1448338
1448373
1448385
1448397
1448409
1448410
1448411
1448412
1448413
1448414
1448415
1448416
1448417
1448418
1448419
1448420
1448421
1448422
1448423
1448424
1448436
1448439
1448442
1448445
1448446
1448447
1448448
1448449
1448452
1448453
1448454
1448455
1448458
1448461
1448464
1448467
1448470
1448473
1448474
1448477
1448480
1448483
1448486
1448489
1448490
1448493
1448494
1448495
1448498
1448501
1448504
1448507
1448508
1448509
1448510
1448511
1448512
1448515
1448518
1448521
1448524
1448527
1448539
1448540
1448541
1448542
1448543
1448544
1448545
1448546
1448547
1448548
1448560
1448572
1448573
1448574
1448575
1448603
1448604
1448640
1448653
1448654
1448655
1448656
1448669
1448682
1448695
1448708
1448720
1448732
1448733
1448745
1448757
1448769
1448781
1448782
1448794
1448795
1448796
1448797
1448798
1448799
1448800
1448801
1448802
1448803
1448804
1448805
1448806
1448818
1448820
1448822
1448824
1448826
1448828
1448830
1448832
1448833
1448834
1448836
1448837
1448841
1448843
1448845
1448847
1448848
1448849
1448851
1448853
1448855
1448856
1448858
1448860
1448862
1448863
1448865
1448866
1448870
1448874
1448875
1448876
1448877
1448881
1448885
1448889
1448890
1448891
1448892
1448907
1448908
1448920
1448921
1448922
1448923
1448935
1448947
1448959
1448963
1448967
1448971
1448975
1448979
1448983
1448984
1448985
1448986
1448987
1448991
1448995
1448999
1449003
1449007
1449008
1449009
1449013
1449017
1449021
1449022
1449023
1449024
1449028
1449032
1449033
1449034
1449038
1449039
1449040
1449041
1449045
1449046
1449047
1449048
1449049
1449050
1449051
1449055
1449056
1449057
1449061
1449062
1449073
1449074
1449075
1449076
1449077
1449078
1449079
1449080
1449081
1449082
1449097
1449099
1449101
1449103
1449104
1449106
1449107
1449109
1449111
1449113
1449115
1449117
1449119
1449120
1449122
1449124
1449125
1449126
1449128
1449129
1449130
1449132
1449145
1449146
1449147
1449148
1449149
1449150
1449151
1449152
1449153
1449154
1449155
1449156
1449157
1449158
1449159
1449172
1449185
1449186
1449187
1449188
1449201
1449215
1449216
1449217
1449218
1449219
1449220
1449221
1449222
1449223
1449224
1449225
1449226
1449227
1449241
1449242
1449243
1449244
1449265
1449269
1449270
1449271
1449275
1449276
1449277
1449278
1449281
1449282
1449285
1449288
1449289
1449290
1449291
1449295
1449299
1449300
1449301
1449302
1449303
1449307
1449311
1449315
1449319
1449320
1449324
1449328
1449329
1449330
1449331
1449332
1449333
1449334
1449335
1449339
1449343
1449347
1449351
1449352
1449353
1449357
1449361
1449362
1449363
1449367
1449375
1449376
1449377
1449378
1449379
1449380
1449381
1449382
1449383
1449384
1449385
1449386
1449387
1449395
1449403
1449404
1449405
1449413
1449421
1449422
1449423
1449431
1449439
1449447
1449455
1449463
1449471
1449472
1449473
1449474
1449475
1449476
1449477
1449478
1449479
1449487
1449523
1449558
1449574
1449589
1449604
1449619
1449634
1449650
1449651
1449652
1449653
1449668
1449669
1449670
1449671
1449672
1449673
1449674
1449675
1449676
1449691
1449706
1449721
1449736
1449751
1449752
1449767
1449782
1449797
1449812
1449827
1449842
1449857
1449873
1449889
1449905
1449921
1449937
1449953
1449954
1449955
1449956
1449957
1449958
1449959
1449960
1449961
1449964
1449967
1449968
1449969
1449972
1449973
1449974
1449975
1449976
1449977
1449978
1449979
1449982
1449985
1449988
1449991
1449994
1449997
1449998
1449999
1450000
1450001
1450002
1450005
1450008
1450009
1450012
1450015
1450018
1450021
1450037
1450041
1450045
1450049
1450053
1450057
1450058
1450062
1450063
1450064
1450068
1450072
1450074
1450076
1450078
1450080
1450081
1450083
1450085
1450086
1450088
1450091
1450094
1450095
1450096
1450097
1450098
1450099
1450102
1450103
1450107
1450109
1450111
1450112
1450113
1450115
1450117
1450119
1450121
1450123
1450125
1450127
1450129
1450139
1450148
1450157
1450166
1450175
1450184
1450193
1450202
1450211
1450212
1450213
1450214
1450215
1450216
1450217
1450218
1450219
1450220
1450221
1450222
1450223
1450224
1450225
1450226
1450227
1450236
1450245
1450254
1450263
1450273
1450284
1450285
1450286
1450287
1450288
1450289
1450290
1450291
1450298
1450305
1450311
1450317
1450318
1450319
1450320
1450321
1450322
1450323
1450324
1450325
1450326
1450327
1450333
1450339
1450340
1450343
1450346
1450349
1450350
1450351
1450352
1450353
1450354
1450355
1450358
1450359
1450362
1450363
1450364
1450365
1450366
1450369
1450372
1450373
1450374
1450385
1450386
1450397
1450408
1450419
1450420
1450421
1450432
1450433
1450434
1450445
1450456
1450467
1450468
1450469
1450470
1450471
1450472
1450483
1450494
1450505
1450516
1450527
1450538
1450549
1450560
1450571
1450572
1450583
1450594
1450605
1450606
1450607
1450608
1450609
1450610
1450611
1450612
1450613
1450624
1450635
1450636
1450637
1450638
1450639
1450640
1450641
1450642
1450643
1450688
1450690
1450692
1450693
1450694
1450695
1450697
1450698
1450699
1450700
1450702
1450704
1450706
1450708
1450709
1450711
1450713
1450715
1450716
1450718
1450720
1450722
1450723
1450724
1450726
1450728
1450730
1450732
1450734
1450763
1450764
1450765
1450766
1450767
1450768
1450769
1450784
1450785
1450800
1450815
1450830
1450834
1450838
1450839
1450843
1450847
1450851
1450855
1450859
1450863
1450866
1450867
1450868
1450871
1450874
1450876
1450878
1450880
1450881
1450882
1450883
1450884
1450885
1450887
1450890
1450891
1450892
1450893
1450894
1450895
1450896
1450897
1450901
1450902
1450903
1450907
1450911
1450915
1450919
1450923
1450927
1450931
1450935
1450939
1450943
1450944
1450948
1450952
1450953
1450957
1450963
1450964
1450965
1450966
1450967
1450968
1450974
1450980
1450986
1450987
1450993
1450999
1451000
1451001
1451007
1451013
1451014
1451015
1451016
1451017
1451023
1451024
1451030
1451031
1451041
1451042
1451050
1451056
1451062
1451068
1451074
1451075
1451076
1451077
1451078
1451079
1451080
1451086
1451087
1451088
1451089
1451090
1451091
1451092
1451093
1451094
1451095
1451096
1451102
1451103
1451109
1451110
1451111
1451112
1451113
1451114
1451115
1451116
1451117
1451118
1451124
1451125
1451126
1451127
1451128
1451129
1451130
1451137
1451138
1451139
1451140
1451141
1451142
1451144
1451146
1451148
1451149
1451150
1451152
1451153
1451154
1451155
1451157
1451158
1451159
1451160
1451161
1451168
1451169
1451176
1451183
1451190
1451197
1451204
1451211
1451212
1451213
1451220
1451221
1451222
1451224
1451226
1451228
1451229
1451230
1451231
1451232
1451234
1451236
1451238
1451240
1451241
1451242
1451243
1451245
1451253
1451259
1451265
1451271
1451277
1451283
1451284
1451285
1451291
1451297
1451298
1451299
1451300
1451301
1451302
1451303
1451304
1451305
1451306
1451307
1451313
1451314
1451315
1451321
1451337
1451339
1451340
1451342
1451344
1451345
1451346
1451348
1451350
1451352
1451354
1451356
1451358
1451360
1451361
1451362
1451364
1451366
1451368
1451370
1451372
1451374
1451376
1451378
1451380
1451382
1451462
1451479
1451496
1451513
1451514
1451515
1451516
1451517
1451518
1451519
1451520
1451521
1451522
1451523
1451527
1451528
1451529
1451530
1451531
1451532
1451533
1451534
1451535
1451536
1451537
1451541
1451545
1451546
1451550
1451554
1451558
1451562
1451566
1451570
1451574
1451575
1451579
1451580
1451581
1451582
1451583
1451584
1451585
1451586
1451587
1451588
1451589
1451594
1451599
1451604
1451605
1451621
1451637
1451652
1451667
1451683
1451699
1451700
1451701
1451702
1451703
1451704
1451705
1451706
1451707
1451708
1451709
1451710
1451711
1451712
1451713
1451714
1451715
1451729
1451730
1451731
1451732
1451749
1451773
1451774
1451775
1451776
1451777
1451778
1451779
1451780
1451781
1451782
1451787
1451788
1451789
1451790
1451794
1451798
1451799
1451800
1451801
1451805
1451806
1451807
1451808
1451809
1451810
1451811
1451812
1451816
1451820
1451824
1451828
1451832
1451836
1451837
1451841
1451842
1451846
1451850
1451851
1451855
1451856
1451857
1451862
1451867
1451868
1451869
1451874
1451879
1451880
1451885
1451887
1451889
1451891
1451893
1451895
1451897
1451899
1451901
1451902
1451904
1451906
1451907
1451912
1451913
1451915
1451916
1451917
1451918
1451920
1451922
1451924
1451926
1451927
1451928
1451929
1451931
1451932
1451933
1451934
1451956
1451957
1451958
1451959
1451960
1451961
1451962
1451963
1451964
1451965
1451966
1451967
1451968
1451969
1451970
1451971
1451972
1451973
1451974
1451995
1451996
1451997
1451998
1451999
1452000
1452021
1452022
1452043
1452065
1452066
1452067
1452068
1452090
1452092
1452093
1452094
1452096
1452098
1452100
1452102
1452104
1452106
1452108
1452110
1452112
1452114
1452116
1452117
1452118
1452119
1452121
1452123
1452124
1452126
1452127
1452129
1452130
1452131
1452133
1452135
1452137
1452138
1452139
1452140
1452142
1452163
1452187
1452188
1452189
1452190
1452191
1452192
1452193
1452194
1452195
1452196
1452197
1452209
1452210
1452211
1452212
1452213
1452214
1452215
1452227
1452228
1452229
1452230
1452231
1452232
1452233
1452234
1452235
1452236
1452248
1452258
1452259
1452260
1452261
1452262
1452263
1452274
1452284
1452294
1452304
1452306
1452307
1452309
1452310
1452312
1452314
1452316
1452317
1452319
1452321
1452322
1452324
1452326
1452328
1452330
1452332
1452334
1452335
1452336
1452337
1452339
1452341
1452343
1452345
1452365
1452366
1452367
1452368
1452369
1452383
1452396
1452409
1452422
1452423
1452424
1452425
1452426
1452427
1452428
1452429
1452442
1452455
1452468
1452482
1452495
1452508
1452521
1452534
1452547
1452560
1452573
1452574
1452587
1452600
1452613
1452627
1452628
1452629
1452632
1452635
1452638
1452639
1452640
1452641
1452642
1452643
1452644
1452647
1452650
1452651
1452652
1452653
1452654
1452655
1452656
1452659
1452662
1452663
1452664
1452667
1452668
1452671
1452674
1452675
1452678
1452681
1452684
1452685
1452688
1452691
1452692
1452695
1452698
1452701
1452702
1452703
1452704
1452707
1452708
1452711
1452734
1452755
1452756
1452757
1452777
1452778
1452798
1452818
1452838
1452859
1452860
1452861
1452862
1452863
1452864
1452865
1452866
1452867
1452868
1452869
1452870
1452871
1452872
1452873
1452887
1452888
1452889
1452890
1452891
1452892
1452893
1452894
1452895
1452896
1452897
1452898
1452899
1452900
1452901
1452902
1452903
1452916
1452929
1452942
1452955
1452969
1452970
1452971
1452972
1452974
1452976
1452978
1452980
1452981
1452983
1452984
1452985
1452986
1452987
1452989
1452991
1452993
1452995
1452996
1452997
1452998
1453106
1453141
1453142
1453150
1453158
1453159
1453160
1453168
1453176
1453184
1453185
1453186
1453187
1453188
1453189
1453190
1453191
1453192
1453193
1453194
1453195
1453196
1453204
1453212
1453213
1453221
1453229
1453230
1453234
1453238
1453239
1453243
1453244
1453245
1453246
1453247
1453248
1453249
1453250
1453254
1453256
1453257
1453258
1453260
1453262
1453263
1453264
1453265
1453266
1453268
1453269
1453271
1453275
1453279
1453280
1453281
1453282
1453286
1453287
1453288
1453289
1453290
1453294
1453295
1453296
1453297
1453298
1453299
1453300
1453301
1453302
1453303
1453312
1453321
1453330
1453339
1453340
1453349
1453351
1453353
1453355
1453357
1453359
1453361
1453362
1453364
1453366
1453368
1453370
1453372
1453374
1453376
1453378
1453380
1453389
1453390
1453391
1453392
1453393
1453394
1453395
1453396
1453397
1453398
1453399
1453450
1453456
1453461
1453462
1453463
1453464
1453465
1453466
1453467
1453472
1453478
1453484
1453488
1453489
1453490
1453491
1453495
1453499
1453500
1453501
1453505
1453509
1453513
1453517
1453518
1453519
1453520
1453521
1453522
1453526
1453527
1453528
1453529
1453536
1453537
1453538
1453539
1453540
1453547
1453554
1453561
1453568
1453576
1453581
1453586
1453587
1453588
1453589
1453594
1453599
1453600
1453605
1453606
1453607
1453608
1453609
1453612
1453615
1453618
1453619
1453622
1453625
1453626
1453629
1453630
1453631
1453632
1453633
1453634
1453635
1453636
1453637
1453642
1453643
1453648
1453653
1453658
1453663
1453668
1453673
1453678
1453679
1453684
1453693
1453695
1453696
1453697
1453698
1453700
1453702
1453704
1453706
1453708
1453709
1453710
1453712
1453714
1453716
1453718
1453725
1453731
1453737
1453743
1453750
1453757
1453758
1453765
1453772
1453773
1453774
1453781
1453782
1453789
1453790
1453797
1453804
1453805
1453806
1453814
1453815
1453816
1453817
1453818
1453819
1453820
1453821
1453822
1453823
1453831
1453839
1453840
1453841
1453842
1453850
1453852
1453853
1453854
1453856
1453857
1453858
1453859
1453860
1453861
1453862
1453864
1453866
1453869
1453872
1453875
1453878
1453879
1453880
1453881
1453882
1453885
1453888
1453891
1453892
1453900
1453901
1453902
1453903
1453904
1453905
1453906
1453907
1453908
1453909
1453910
1453911
1453957
1453959
1453960
1453961
1453962
1453964
1453966
1453968
1453970
1453971
1453972
1453974
1453975
1453976
1453977
1453978
1453979
1453980
1453982
1453984
1453985
1453986
1453988
1453989
1453991
1453993
1453994
1453995
1453997
1453999
1454001
1454003
1454005
1454007
1454009
1454011
1454013
1454015
1454017
1454019
1454021
1454023
1454025
1454027
1454029
1454031
1454300
1454394
1454488
1454582
1454676
1454770
1454771
1454772
1454844
1454845
1454846
1454847
1454920
1454964
1455008
1455052
1455095
1455096
1455139
1455183
1455231
1455279
1455327
1455328
1455376
1455377
1455451
1455525
1455598
1455672
1455729
1455730
1455731
1455732
1455733
1455790
1455855
1455856
1455919
1455982
1456045
1456046
1456109
1456110
1456173
1456273
1456274
1456275
1456276
1456375
1456469
1456470
1456589
1456591
1456593
1456594
1456595
1456596
1456597
1456599
1456601
1456602
1456604
1456605
1456606
1456608
1456610
1456611
1456612
1456614
1456615
1456617
1456618
1456619
1456620
1456622
1456624
1456626
1456628
1456630
1456631
1456633
1456635
1456637
1456639
1456641
1456643
1456645
1456646
1456647
1456648
1456650
1456652
1456654
1456655
1456656
1456658
1456660
1456662
1456664
1456665
1456667
1456668
1456670
1456802
1456803
1456804
1456805
1456806
1456807
1456808
1456809
1456810
1456811
1456812
1456813
1456814
1456815
1456816
1456817
1456818
1456819
1456820
1456821
1456822
1456823
1456824
1456825
1456826
1456946
1457030
1457115
1457199
1457200
1457201
1457202
1457203
1457305
1457306
1457307
1457308
1457408
1457509
1457609
1457710
1457711
1457712
1457713
1458066
1458067
1458068
1458069
1458070
1458071
1458072
1458073
1458074
1458075
1458076
1458077
1458078
1458079
1458080
1458081
1458082
1458083
1458084
1458085
1458086
1458087
1458120
1458153
1458186
1458226
1458227
1458228
1458229
1458271
1458282
1458284
1458286
1458288
1458290
1458292
1458294
1458296
1458297
1458298
1458300
1458302
1458304
1458306
1458307
1458308
1458309
1458310
1458312
1458313
1458314
1458315
1458316
1458327
1458329
1458331
1458332
1458333
1458334
1458336
1458338
1458340
1458342
1458344
1458345
1458346
1458348
1458350
1458352
1458354
1458361
1458368
1458375
1458382
1458383
1458384
1458385
1458392
1458393
1458394
1458395
1458396
1458403
1458410
1458417
1458424
1458425
1458426
1458427
1458428
1458429
1458430
1458431
1458438
1458439
1458446
1458453
1458460
1458467
1458468
1458469
1458470
1458471
1458472
1458473
1458474
1458481
1458488
1458489
1458490
1458491
1458492
1458493
1458494
1458495
1458502
1458509
1458516
1458523
1458524
1458525
1458526
1458527
1458528
1458529
1458530
1458537
1458546
1458557
1458560
1458563
1458564
1458565
1458566
1458569
1458570
1458571
1458572
1458573
1458574
1458577
1458580
1458583
1458586
1458589
1458590
1458591
1458592
1458593
1458594
1458595
1458598
1458599
1458600
1458601
1458602
1458603
1458604
1458607
1458623
1458624
1458625
1458626
1458627
1458628
1458629
1458631
1458632
1458634
1458636
1458638
1458640
1458641
1458642
1458643
1458644
1458645
1458646
1458654
1458655
1458656
1458657
1458658
1458659
1458660
1458661
1458662
1458663
1458671
1458672
1458673
1458674
1458679
1458680
1458681
1458682
1458683
1458684
1458685
1458686
1458687
1458688
1458689
1458694
1458699
1458704
1458705
1458710
1458715
1458720
1458721
1458722
1458723
1458724
1458729
1458730
1458731
1458732
1458733
1458734
1458753
1458754
1458755
1458756
1458757
1458758
1458759
1458760
1458761
1458762
1458763
1458764
1458765
1458766
1458767
1458768
1458786
1458787
1458788
1458789
1458790
1458791
1458792
1458793
1458794
1458795
1458796
1458797
1458798
1458799
1458800
1458801
1458819
1458820
1458821
1458822
1458823
1458824
1458825
1458826
1458827
1458845
1458846
1458847
1458923
1458925
1458927
1458929
1458931
1458932
1458933
1458935
1458936
1458938
1458939
1458941
1458943
1458945
1458947
1458949
1458950
1458951
1458957
1458961
1458962
1458963
1458964
1458965
1458966
1458967
1458968
1458969
1458970
1458974
1458975
1458979
1458980
1458984
1458988
1458992
1458993
1458997
1459001
1459005
1459009
1459010
1459011
1459012
1459016
1459018
1459020
1459021
1459022
1459023
1459024
1459025
1459026
1459028
1459030
1459035
1459037
1459039
1459040
1459042
1459044
1459046
1459048
1459050
1459052
1459054
1459056
1459057
1459063
1459069
1459075
1459076
1459077
1459078
1459079
1459085
1459091
1459092
1459093
1459094
1459095
1459096
1459097
1459098
1459099
1459105
1459111
1459112
1459113
1459114
1459115
1459121
1459127
1459128
1459129
1459135
1459136
1459137
1459143
1459149
1459150
1459151
1459157
1459163
1459169
1459170
1459176
1459182
1459188
1459194
1459195
1459201
1459207
1459213
1459214
1459215
1459221
1459223
1459224
1459226
1459228
1459229
1459230
1459231
1459232
1459234
1459236
1459237
1459238
1459240
1459401
1459402
1459421
1459422
1459423
1459424
1459425
1459426
1459427
1459428
1459446
1459464
1459483
1459502
1459503
1459504
1459505
1459506
1459525
1459526
1459545
1459564
1459583
1459584
1459605
1459626
1459647
1459668
1459669
1459670
1459671
1459672
1459693
1459694
1459714
1459734
1459735
1459755
1459756
1459757
1459779
1459801
1459822
1459823
1459845
1459866
1459867
1459868
1459869
1459870
1459871
1459892
1459914
1459915
1459917
1459918
1459919
1459921
1459923
1459925
1459927
1459929
1459930
1459931
1459932
1459934
1459935
1459937
1459939
1459941
1459943
1459945
1459947
1459949
1459985
1460011
1460037
1460038
1460064
1460090
1460092
1460094
1460096
1460098
1460100
1460102
1460104
1460106
1460108
1460110
1460112
1460113
1460114
1460115
1460116
1460117
1460119
1460120
1460121
1460123
1460124
1460125
1460149
1460171
1460193
1460215
1460216
1460238
1460262
1460286
1460310
1460334
1460372
1460410
1460447
1460484
1460521
1460558
1460595
1460637
1460638
1460639
1460641
1460642
1460643
1460645
1460646
1460648
1460650
1460651
1460652
1460653
1460655
1460660
1460661
1460662
1460667
1460672
1460675
1460678
1460679
1460680
1460681
1460682
1460685
1460688
1460691
1460692
1460695
1460698
1460701
1460704
1460705
1460706
1460707
1460712
1460713
1460714
1460715
1460716
1460721
1460726
1460731
1460736
1460741
1460746
1460751
1460756
1460761
1460766
1460771
1460772
1460773
1460774
1460775
1460776
1460777
1460778
1460779
1460784
1460786
1460787
1460788
1460789
1460790
1460792
1460793
1460794
1460795
1460797
1460799
1460800
1460801
1460802
1460803
1460804
1460805
1460806
1460811
1460848
1460882
1460913
1460914
1460915
1460946
1460977
1460978
1460979
1460980
1461009
1461038
1461039
1461040
1461041
1461070
1461099
1461100
1461101
1461102
1461131
1461160
1461161
1461162
1461163
1461164
1461165
1461166
1461167
1461168
1461169
1461173
1461177
1461178
1461179
1461180
1461181
1461182
1461183
1461184
1461185
1461186
1461190
1461191
1461192
1461193
1461194
1461195
1461199
1461203
1461204
1461205
1461206
1461207
1461208
1461212
1461213
1461214
1461218
1461222
1461226
1461230
1461231
1461232
1461236
1461240
1461244
1461248
1461252
1461256
1461257
1461261
1461262
1461263
1461264
1461265
1461266
1461267
1461268
1461272
1461276
1461280
1461323
1461324
1461325
1461350
1461351
1461352
1461377
1461402
1461427
1461452
1461453
1461454
1461455
1461456
1461480
1461504
1461528
1461553
1461554
1461555
1461556
1461557
1461558
1461559
1461560
1461561
1461562
1461563
1461564
1461565
1461566
1461567
1461568
1461569
1461570
1461571
1461596
1461597
1461598
1461599
1461600
1461601
1461602
1461603
1461604
1461605
1461606
1461607
1461608
1461609
1461610
1461611
1461612
1461613
1461614
1461640
1461642
1461643
1461644
1461646
1461648
1461650
1461652
1461653
1461654
1461655
1461656
1461657
1461658
1461659
1461660
1461671
1461681
1461690
1461699
1461700
1461710
1461711
1461712
1461713
1461714
1461715
1461717
1461719
1461721
1461723
1461724
1461725
1461726
1461727
1461728
1461730
1461731
1461732
1461733
1461743
1461753
1461754
1461755
1461756
1461757
1461758
1461759
1461769
1461779
1461789
1461799
1461809
1461819
1461820
1461821
1461822
1461823
1461824
1461825
1461835
1461836
1461846
1461848
1461849
1461851
1461853
1461855
1461857
1461859
1461861
1461863
1461866
1461867
1461870
1461873
1461876
1461879
1461882
1461885
1461888
1461891
1461894
1461897
1461900
1461901
1461902
1461903
1461913
1461923
1461933
1461943
1461953
1462012
1462013
1462042
1462069
1462095
1462096
1462097
1462124
1462151
1462152
1462153
1462154
1462176
1462197
1462218
1462219
1462240
1462241
1462262
1462263
1462284
1462306
1462335
1462336
1462337
1462338
1462339
1462340
1462341
1462342
1462343
1462344
1462345
1462346
1462347
1462348
1462349
1462350
1462351
1462352
1462353
1462354
1462384
1462385
1462386
1462387
1462388
1462420
1462424
1462425
1462426
1462430
1462434
1462438
1462442
1462443
1462447
1462451
1462455
1462459
1462460
1462464
1462465
1462466
1462468
1462469
1462470
1462471
1462473
1462474
1462475
1462477
1462478
1462479
1462483
1462484
1462485
1462486
1462487
1462488
1462489
1462498
1462499
1462500
1462510
1462511
1462514
1462515
1462518
1462521
1462522
1462523
1462524
1462525
1462526
1462527
1462530
1462531
1462532
1462533
1462534
1462535
1462536
1462539
1462540
1462541
1462542
1462545
1462548
1462549
1462550
1462551
1462552
1462562
1462563
1462564
1462565
1462566
1462576
1462577
1462578
1462579
1462589
1462599
1462609
1462619
1462621
1462623
1462625
1462626
1462627
1462628
1462630
1462631
1462632
1462633
1462635
1462637
1462638
1462639
1462649
1462658
1462667
1462676
1462685
1462686
1462687
1462696
1462697
1462698
1462699
1462700
1462701
1462702
1462703
1462704
1462705
1462706
1462707
1462708
1462709
1462719
1462729
1462739
1462749
1462759
1462769
1462770
1462771
1462781
1462791
1462801
1462811
1462812
1462813
1462814
1462824
1462834
1462844
1462856
1462857
1462858
1462859
1462860
1462861
1462862
1462863
1462864
1462871
1462878
1462879
1462886
1462893
1462900
1462907
1462914
1462921
1462928
1462935
1462936
1462943
1462951
1462958
1462960
1462961
1462962
1462964
1462966
1462968
1462970
1462972
1462974
1462976
1462978
1462980
1462982
1462984
1462986
1462987
1462988
1462989
1462997
1462998
1463001
1463002
1463003
1463004
1463007
1463010
1463013
1463016
1463017
1463020
1463023
1463026
1463029
1463032
1463035
1463038
1463039
1463040
1463041
1463042
1463043
1463044
1463045
1463053
1463061
1463069
1463077
1463085
1463093
1463094
1463095
1463103
1463111
1463119
1463120
1463121
1463122
1463123
1463131
1463140
1463141
1463143
1463144
1463145
1463147
1463149
1463151
1463153
1463155
1463157
1463159
1463161
1463163
1463165
1463167
1463169
1463171
1463173
1463217
1463218
1463219
1463220
1463221
1463222
1463223
1463224
1463268
1463311
1463312
1463313
1463356
1463402
1463405
1463408
1463411
1463414
1463417
1463420
1463423
1463426
1463427
1463428
1463429
1463432
1463435
1463436
1463439
1463440
1463441
1463442
1463445
1463446
1463447
1463448
1463449
1463450
1463453
1463456
1463457
1463458
1463461
1463462
1463465
1463466
1463467
1463470
1463471
1463472
1463475
1463476
1463477
1463480
1463483
1463486
1463489
1463492
1463496
1463498
1463500
1463502
1463504
1463505
1463506
1463507
1463509
1463510
1463512
1463541
1463570
1463571
1463572
1463573
1463574
1463575
1463576
1463577
1463578
1463615
1463616
1463617
1463636
1463655
1463674
1463693
1463694
1463695
1463696
1463715
1463734
1463753
1463754
1463755
1463756
1463757
1463758
1463759
1463760
1463779
1463799
1463800
1463801
1463821
1463841
1463861
1463881
1463901
1463921
1463943
1463944
1463965
1463986
1463987
1463988
1464009
1464030
1464031
1464032
1464033
1464034
1464035
1464056
1464077
1464078
1464079
1464080
1464099
1464118
1464137
1464138
1464157
1464159
1464160
1464161
1464162
1464164
1464165
1464166
1464168
1464169
1464171
1464172
1464173
1464174
1464176
1464178
1464180
1464181
1464183
1464184
1464185
1464187
1464189
1464191
1464193
1464194
1464195
1464197
1464199
1464201
1464219
1464220
1464221
1464222
1464223
1464224
1464225
1464226
1464227
1464228
1464229
1464253
1464254
1464255
1464256
1464278
1464280
1464282
1464283
1464284
1464285
1464287
1464288
1464290
1464291
1464292
1464294
1464296
1464298
1464300
1464302
1464304
1464305
1464306
1464307
1464309
1464310
1464311
1464313
1464335
1464336
1464337
1464338
1464339
1464340
1464341
1464342
1464343
1464344
1464366
1464388
1464410
1464432
1464458
1464459
1464460
1464461
1464462
1464466
1464470
1464471
1464472
1464476
1464477
1464481
1464482
1464483
1464486
1464487
1464488
1464491
1464494
1464497
1464500
1464503
1464506
1464509
1464512
1464513
1464516
1464518
1464520
1464521
1464522
1464524
1464525
1464526
1464527
1464529
1464531
1464533
1464536
1464539
1464542
1464545
1464548
1464551
1464554
1464557
1464560
1464561
1464562
1464565
1464582
1464583
1464584
1464585
1464586
1464588
1464590
1464592
1464594
1464595
1464597
1464599
1464600
1464602
1464603
1464604
1464606
1464608
1464609
1464610
1464611
1464613
1464615
1464632
1464642
1464643
1464653
1464655
1464657
1464659
1464660
1464661
1464663
1464664
1464665
1464667
1464669
1464671
1464673
1464675
1464676
1464678
1464680
1464682
1464684
1464686
1464696
1464706
1464714
1464715
1464716
1464717
1464718
1464719
1464720
1464721
1464722
1464723
1464724
1464725
1464733
1464741
1464749
1464750
1464751
1464759
1464760
1464761
1464762
1464763
1464764
1464765
1464766
1464767
1464768
1464776
1464784
1464785
1464786
1464787
1464788
1464789
1464790
1464791
1464792
1464793
1464801
1464809
1464817
1464825
1464834
1464835
1464844
1464853
1464854
1464863
1464864
1464865
1464874
1464883
1464900
1464901
1464918
1464935
1464936
1464956
1464957
1464958
1464959
1464960
1464961
1464962
1464963
1464964
1464965
1464966
1464967
1464968
1464969
1464970
1464971
1464972
1464973
1464974
1464994
1465018
1465022
1465026
1465027
1465031
1465035
1465039
1465043
1465047
1465048
1465049
1465052
1465055
1465056
1465057
1465060
1465063
1465066
1465069
1465070
1465071
1465072
1465073
1465076
1465079
1465080
1465083
1465086
1465087
1465088
1465089
1465090
1465091
1465092
1465093
1465096
1465099
1465102
1465105
1465108
1465109
1465110
1465111
1465112
1465113
1465114
1465118
1465122
1465126
1465130
1465134
1465160
1465185
1465210
1465211
1465236
1465262
1465289
1465292
1465295
1465298
1465300
1465302
1465304
1465306
1465308
1465309
1465311
1465312
1465315
1465318
1465321
1465323
1465325
1465327
1465329
1465331
1465332
1465333
1465335
1465338
1465339
1465340
1465341
1465342
1465345
1465348
1465351
1465354
1465357
1465360
1465361
1465381
1465394
1465407
1465420
1465433
1465446
1465447
1465448
1465449
1465450
1465451
1465452
1465465
1465478
1465479
1465480
1465493
1465506
1465519
1465532
1465547
1465548
1465550
1465552
1465554
1465555
1465557
1465558
1465559
1465560
1465561
1465562
1465564
1465566
1465568
1465570
1465572
1465574
1465575
1465577
1465579
1465580
1465581
1465583
1465595
1465607
1465619
1465632
1465645
1465646
1465647
1465648
1465649
1465650
1465663
1465664
1465665
1465680
1465683
1465684
1465685
1465688
1465689
1465690
1465691
1465694
1465697
1465700
1465701
1465702
1465703
1465704
1465705
1465706
1465709
1465713
1465714
1465715
1465719
1465723
1465727
1465728
1465732
1465733
1465734
1465735
1465739
1465743
1465745
1465747
1465749
1465750
1465751
1465753
1465755
1465757
1465759
1465761
1465763
1465767
1465801
1465802
1465832
1465862
1465891
1465920
1465949
1465978
1465979
1465980
1466076
1466079
1466081
1466083
1466084
1466086
1466088
1466090
1466091
1466092
1466093
1466096
1466099
1466100
1466103
1466104
1466105
1466106
1466107
1466108
1466109
1466110
1466113
1466116
1466119
1466120
1466122
1466124
1466126
1466128
1466129
1466130
1466132
1466134
1466137
1466139
1466141
1466143
1466145
1466147
1466149
1466151
1466153
1466156
1466207
1466223
1466224
1466240
1466256
1466272
1466288
1466304
1466320
1466321
1466322
1466323
1466324
1466340
1466356
1466372
1466373
1466389
1466390
1466406
1466407
1466408
1466409
1466410
1466411
1466412
1466413
1466414
1466415
1466416
1466417
1466418
1466419
1466420
1466421
1466438
1466454
1466470
1466471
1466472
1466473
1466474
1466475
1466476
1466477
1466478
1466479
1466480
1466481
1466482
1466483
1466500
1466518
1466520
1466522
1466524
1466526
1466528
1466529
1466530
1466532
1466533
1466534
1466535
1466537
1466538
1466540
1466542
1466544
1466545
1466552
1466559
1466560
1466567
1466574
1466581
1466588
1466595
1466602
1466609
1466616
1466617
1466618
1466625
1466626
1466628
1466629
1466630
1466632
1466634
1466635
1466637
1466639
1466640
1466642
1466644
1466645
1466652
1466659
1466660
1466661
1466662
1466663
1466664
1466665
1466666
1466673
1466674
1466676
1466677
1466679
1466681
1466682
1466684
1466686
1466688
1466689
1466690
1466692
1466694
1466696
1466698
1466699
1466700
1466701
1466703
1466712
1466713
1466721
1466729
1466730
1466731
1466732
1466733
1466741
1466749
1466757
1466765
1466766
1466768
1466769
1466770
1466771
1466772
1466773
1466775
1466777
1466779
1466781
1466783
1466785
1466786
1466788
1466796
1466804
1466812
1466813
1466814
1466822
1466830
1466838
1466846
1466848
1466850
1466852
1466853
1466855
1466857
1466859
1466861
1466863
1466865
1466867
1466868
1466869
1466871
1466873
1466883
1466893
1466903
1466913
1466923
1466933
1466943
1466953
1466954
1466955
1466956
1466966
1466976
1466986
1466996
1466997
1466998
1466999
1467009
1467019
1467029
1467039
1467049
1467059
1467069
1467079
1467089
1467099
1467112
1467117
1467122
1467123
1467124
1467126
1467128
1467130
1467132
1467134
1467136
1467138
1467140
1467142
1467144
1467149
1467154
1467159
1467164
1467169
1467174
1467179
1467184
1467189
1467194
1467199
1467204
1467209
1467214
1467219
1467220
1467225
1467230
1467235
1467236
1467237
1467238
1467239
1467244
1467249
1467254
1467259
1467264
1467269
1467270
1467272
1467274
1467276
1467278
1467280
1467282
1467283
1467284
1467286
1467287
1467288
1467290
1467291
1467292
1467297
1467305
1467306
1467314
1467315
1467316
1467317
1467318
1467326
1467327
1467335
1467346
1467347
1467348
1467349
1467350
1467351
1467352
1467353
1467354
1467355
1467356
1467357
1467358
1467359
1467370
1467371
1467372
1467383
1467395
1467396
1467397
1467398
1467399
1467400
1467401
1467402
1467414
1467415
1467416
1467426
1467436
1467437
1467438
1467447
1467448
1467449
1467450
1467451
1467460
1467469
1467470
1467479
1467480
1467481
1467482
1467483
1467484
1467485
1467486
1467495
1467504
1467513
1467522
1467523
1467532
1467541
1467551
1467558
1467565
1467566
1467567
1467568
1467569
1467570
1467571
1467572
1467573
1467574
1467575
1467576
1467584
1467585
1467588
1467589
1467590
1467593
1467596
1467597
1467598
1467600
1467602
1467604
1467606
1467608
1467610
1467612
1467614
1467615
1467616
1467618
1467620
1467623
1467626
1467629
1467632
1467635
1467636
1467637
1467638
1467641
1467661
1467680
1467699
1467718
1467719
1467738
1467757
1467758
1467759
1467760
1467761
1467762
1467763
1467764
1467765
1467766
1467767
1467768
1467769
1467770
1467789
1467790
1467806
1467822
1467837
1467838
1467839
1467840
1467856
1467872
1467873
1467874
1467876
1467878
1467880
1467882
1467883
1467884
1467885
1467886
1467887
1467889
1467891
1467892
1467893
1467894
1467896
1467898
1467900
1467902
1467904
1467906
1467922
1467923
1467924
1467925
1467926
1467927
1467928
1467943
1467959
1467975
1467993
1468011
1468012
1468013
1468014
1468032
1468033
1468046
1468047
1468048
1468049
1468050
1468051
1468052
1468053
1468054
1468055
1468056
1468057
1468070
1468083
1468096
1468097
1468111
1468124
1468137
1468150
1468151
1468152
1468153
1468166
1468167
1468180
1468193
1468194
1468208
1468209
1468210
1468211
1468212
1468244
1468246
1468247
1468248
1468250
1468252
1468253
1468255
1468256
1468258
1468260
1468262
1468263
1468264
1468266
1468267
1468268
1468270
1468272
1468273
1468274
1468276
1468278
1468279
1468280
1468281
1468443
1468444
1468445
1468446
1468449
1468450
1468451
1468454
1468457
1468460
1468461
1468462
1468463
1468464
1468465
1468466
1468469
1468472
1468473
1468474
1468477
1468480
1468483
1468486
1468489
1468491
1468493
1468494
1468496
1468497
1468499
1468501
1468502
1468504
1468506
1468507
1468508
1468511
1468512
1468513
1468514
1468515
1468518
1468521
1468522
1468523
1468533
1468543
1468553
1468563
1468564
1468565
1468566
1468567
1468568
1468569
1468570
1468571
1468580
1468581
1468582
1468583
1468584
1468585
1468586
1468587
1468588
1468589
1468590
1468599
1468600
1468609
1468618
1468627
1468628
1468629
1468630
1468639
1468648
1468657
1468658
1468659
1468668
1468669
1468670
1468671
1468680
1468689
1468690
1468691
1468692
1468693
1468694
1468695
1468704
1468705
1468714
1468715
1468724
1468733
1468743
1468751
1468758
1468759
1468760
1468761
1468762
1468763
1468764
1468765
1468766
1468773
1468780
1468781
1468782
1468783
1468784
1468785
1468786
1468787
1468788
1468789
1468790
1468791
1468792
1468799
1468806
1468813
1468820
1468827
1468828
1468829
1468836
1468843
1468850
1468857
1468864
1468865
1468866
1468867
1468868
1468875
1468882
1468889
1468892
1468895
1468898
1468901
1468904
1468905
1468906
1468907
1468908
1468911
1468912
1468913
1468916
1468919
1468920
1468921
1468922
1468923
1468924
1468925
1468926
1468934
1468935
1468938
1468939
1468942
1468943
1468946
1468949
1468950
1468951
1468952
1468953
1468954
1468955
1468958
1468959
1468960
1468961
1468964
1468965
1468966
1468967
1468973
1468979
1468985
1468991
1468997
1469003
1469004
1469005
1469006
1469007
1469008
1469009
1469015
1469016
1469017
1469018
1469019
1469025
1469026
1469027
1469028
1469029
1469030
1469031
1469032
1469033
1469034
1469040
1469041
1469042
1469043
1469044
1469050
1469051
1469052
1469053
1469054
1469055
1469056
1469057
1469058
1469059
1469060
1469061
1469141
1469142
1469143
1469144
1469145
1469146
1469147
1469148
1469151
1469154
1469155
1469158
1469161
1469164
1469167
1469168
1469171
1469172
1469173
1469174
1469175
1469177
1469179
1469185
1469186
1469187
1469193
1469199
1469200
1469206
1469207
1469208
1469209
1469215
1469216
1469217
1469218
1469219
1469220
1469221
1469227
1469233
1469234
1469241
1469247
1469253
1469255
1469257
1469258
1469260
1469262
1469264
1469266
1469267
1469269
1469270
1469271
1469272
1469273
1469274
1469280
1469281
1469282
1469283
1469284
1469285
1469286
1469287
1469288
1469289
1469290
1469291
1469292
1469298
1469299
1469300
1469301
1469302
1469308
1469314
1469320
1469326
1469332
1469333
1469334
1469335
1469336
1469337
1469338
1469344
1469345
1469346
1469347
1469348
1469349
1469350
1469351
1469352
1469358
1469364
1469365
1469366
1469367
1469368
1469369
1469370
1469376
1469382
1469388
1469394
1469400
1469406
1469412
1469418
1469424
1469430
1469436
1469438
1469440
1469441
1469443
1469445
1469447
1469449
1469451
1469453
1469454
1469456
1469457
1469458
1469495
1469496
1469497
1469498
1469499
1469500
1469501
1469502
1469503
1469504
1469505
1469506
1469507
1469508
1469509
1469510
1469511
1469512
1469513
1469533
1469534
1469535
1469555
1469575
1469576
1469577
1469597
1469603
1469604
1469605
1469606
1469612
1469613
1469619
1469625
1469630
1469631
1469632
1469633
1469634
1469639
1469640
1469641
1469642
1469643
1469644
1469645
1469646
1469647
1469648
1469649
1469650
1469651
1469656
1469661
1469666
1469671
1469672
1469673
1469678
1469683
1469689
1469695
1469696
1469697
1469698
1469701
1469704
1469707
1469710
1469713
1469716
1469717
1469718
1469719
1469720
1469723
1469726
1469729
1469732
1469735
1469736
1469737
1469738
1469739
1469740
1469741
1469742
1469745
1469748
1469751
1469757
1469765
1469766
1469767
1469774
1469775
1469776
1469784
1469792
1469794
1469796
1469798
1469800
1469801
1469803
1469804
1469806
1469808
1469810
1469812
1469813
1469815
1469821
1469827
1469833
1469839
1469845
1469846
1469847
1469848
1469849
1469855
1469856
1469857
1469858
1469859
1469860
1469861
1469862
1469863
1469864
1469865
1469866
1469872
1469878
1469884
1469885
1469886
1469887
1469893
1469899
1469905
1469911
1469917
1469923
1469925
1469927
1469929
1469931
1469932
1469933
1469935
1469937
1469939
1469941
1469942
1469943
1469944
1469945
1469947
1469949
1469971
1469973
1469974
1469976
1469978
1469980
1469982
1469984
1469986
1469988
1469990
1469992
1469994
1469995
1469996
1469998
1470000
1470002
1470004
1470006
1470026
1470027
1470047
1470067
1470087
1470088
1470108
1470128
1470129
1470149
1470170
1470171
1470172
1470173
1470174
1470175
1470176
1470177
1470178
1470179
1470180
1470181
1470182
1470183
1470184
1470204
1470205
1470206
1470207
1470208
1470209
1470210
1470211
1470212
1470213
1470214
1470215
1470216
1470217
1470218
1470219
1470220
1470221
1470222
1470244
1470266
1470288
1470310
1470332
1470354
1470355
1470356
1470357
1470358
1470359
1470360
1470361
1470362
1470363
1470364
1470365
1470366
1470367
1470368
1470369
1470370
1470371
1470401
1470411
1470414
1470416
1470417
1470418
1470420
1470421
1470422
1470423
1470425
1470427
1470429
1470431
1470434
1470435
1470436
1470437
1470438
1470439
1470440
1470443
1470446
1470449
1470452
1470453
1470454
1470457
1470460
1470463
1470466
1470469
1470472
1470473
1470474
1470475
1470478
1470488
1470490
1470491
1470492
1470493
1470495
1470496
1470497
1470499
1470501
1470503
1470505
1470507
1470509
1470510
1470511
1470512
1470513
1470515
1470516
1470517
1470518
1470519
1470521
1470523
1470524
1470526
1470535
1470536
1470537
1470538
1470539
1470548
1470550
1470552
1470553
1470554
1470555
1470556
1470558
1470559
1470560
1470561
1470562
1470564
1470566
1470568
1470569
1470570
1470572
1470573
1470574
1470582
1470583
1470584
1470585
1470593
1470594
1470595
1470596
1470604
1470606
1470607
1470608
1470609
1470610
1470612
1470614
1470616
1470618
1470620
1470622
1470624
1470626
1470628
1470629
1470630
1470631
1470633
1470635
1470637
1470646
1470647
1470648
1470649
1470650
1470659
1470668
1470677
1470678
1470679
1470689
1470690
1470693
1470696
1470697
1470700
1470701
1470704
1470707
1470708
1470711
1470714
1470715
1470717
1470719
1470720
1470721
1470722
1470723
1470724
1470726
1470727
1470730
1470731
1470734
1470737
1470740
1470741
1470744
1470747
1470750
1470751
1470752
1470753
1470754
1470778
1470781
1470784
1470785
1470788
1470791
1470794
1470797
1470800
1470801
1470802
1470803
1470804
1470807
1470810
1470813
1470814
1470815
1470816
1470817
1470820
1470821
1470822
1470825
1470826
1470827
1470828
1470829
1470830
1470831
1470832
1470833
1470836
1470839
1470842
1470845
1470848
1470849
1470850
1470851
1470854
1470855
1470856
1470857
1470858
1470859
1470860
1470861
1470893
1470896
1470899
1470902
1470903
1470904
1470907
1470910
1470911
1470914
1470915
1470916
1470917
1470920
1470923
1470926
1470929
1470932
1470935
1470936
1470937
1470940
1470943
1470945
1470946
1470947
1470948
1470949
1470951
1470952
1470953
1470955
1470957
1470959
1470961
1470962
1470965
1470968
1470971
1470992
1471009
1471010
1471011
1471012
1471013
1471030
1471047
1471064
1471081
1471098
1471115
1471132
1471149
1471166
1471182
1471198
1471214
1471215
1471231
1471248
1471272
1471289
1471290
1471291
1471292
1471293
1471310
1471327
1471344
1471361
1471378
1471395
1471414
1471432
1471449
1471450
1471451
1471452
1471453
1471454
1471455
1471456
1471457
1471458
1471459
1471460
1471477
1471494
1471511
1471528
1471547
1471548
1471549
1471550
1471551
1471552
1471553
1471554
1471555
1471559
1471563
1471567
1471571
1471572
1471573
1471577
1471578
1471579
1471583
1471584
1471585
1471586
1471587
1471588
1471589
1471590
1471591
1471592
1471596
1471600
1471601
1471605
1471606
1471610
1471614
1471618
1471622
1471626
1471627
1471628
1471647
1471648
1471649
1471650
1471651
1471652
1471653
1471654
1471655
1471656
1471657
1471658
1471659
1471674
1471675
1471676
1471677
1471678
1471681
1471684
1471685
1471688
1471689
1471692
1471695
1471698
1471699
1471702
1471705
1471708
1471711
1471712
1471713
1471714
1471715
1471718
1471721
1471724
1471725
1471726
1471729
1471730
1471731
1471732
1471733
1471736
1471737
1471738
1471751
1471756
1471757
1471758
1471759
1471760
1471761
1471762
1471763
1471764
1471765
1471766
1471771
1471776
1471781
1471782
1471783
1471784
1471785
1471790
1471791
1471796
1471797
1471798
1471799
1471800
1471805
1471810
1471815
1471816
1471817
1471818
1471819
1471824
1471829
1471830
1471835
1471836
1471848
1471849
1471850
1471851
1471852
1471853
1471854
1471855
1471879
1471880
1471881
1471882
1471883
1471884
1471885
1471886
1471887
1471888
1471889
1471899
1471907
1471908
1471909
1471910
1471911
1471912
1471913
1471914
1471915
1471916
1471924
1471925
1471926
1471934
1471935
1471936
1471937
1471941
1471945
1471946
1471947
1471948
1471949
1471953
1471957
1471961
1471962
1471963
1471964
1471965
1471966
1471967
1471968
1471969
1471970
1471974
1471978
1471980
1471982
1471984
1471986
1471988
1471990
1471992
1471994
1471996
1471998
1471999
1472000
1472001
1472021
1472022
1472023
1472024
1472025
1472026
1472027
1472028
1472029
1472030
1472031
1472032
1472033
1472034
1472035
1472036
1472037
1472038
1472195
1472196
1472197
1472198
1472199
1472200
1472205
1472206
1472207
1472212
1472213
1472214
1472215
1472216
1472217
1472218
1472219
1472220
1472221
1472226
1472227
1472228
1472229
1472234
1472239
1472244
1472245
1472246
1472247
1472248
1472253
1472254
1472255
1472256
1472257
1472258
1472259
1472260
1472261
1472262
1472267
1472268
1472269
1472270
1472271
1472272
1472277
1472282
1472283
1472288
1472289
1472294
1472295
1472301
1472302
1472303
1472304
1472305
1472306
1472307
1472314
1472315
1472316
1472317
1472318
1472326
1472327
1472328
1472329
1472333
1472337
1472338
1472339
1472343
1472347
1472348
1472349
1472350
1472351
1472355
1472359
1472363
1472367
1472371
1472375
1472376
1472377
1472378
1472379
1472380
1472381
1472382
1472384
1472385
1472387
1472389
1472391
1472393
1472395
1472403
1472405
1472406
1472408
1472410
1472412
1472414
1472416
1472418
1472420
1472422
1472424
1472426
1472428
1472429
1472430
1472431
1472436
1472439
1472441
1472442
1472443
1472445
1472447
1472449
1472451
1472452
1472454
1472456
1472458
1472460
1472463
1472466
1472469
1472470
1472473
1472474
1472475
1472476
1472477
1472480
1472487
1472494
1472496
1472498
1472500
1472502
1472504
1472506
1472508
1472510
1472512
1472514
1472516
1472518
1472520
1472522
1472529
1472536
1472537
1472544
1472551
1472558
1472559
1472561
1472563
1472564
1472565
1472567
1472569
1472571
1472572
1472573
1472574
1472575
1472577
1472578
1472579
1472581
1472583
1472667
1472668
1472745
1472822
1472899
1472979
1473095
1473137
1473138
1473139
1473140
1473141
1473142
1473143
1473144
1473145
1473146
1473214
1473215
1473284
1473287
1473288
1473291
1473292
1473293
1473294
1473295
1473296
1473297
1473298
1473299
1473302
1473303
1473304
1473305
1473308
1473311
1473314
1473317
1473320
1473321
1473324
1473327
1473330
1473331
1473334
1473337
1473340
1473343
1473346
1473349
1473350
1473351
1473352
1473353
1473354
1473355
1473356
1473357
1473360
1473363
1473366
1473367
1473368
1473369
1473370
1473371
1473372
1473373
1473374
1473377
1473380
1473381
1473384
1473385
1473386
1473389
1473392
1473393
1473394
1473395
1473396
1473399
1473402
1473403
1473406
1473458
1473482
1473506
1473530
1473554
1473555
1473556
1473557
1473558
1473559
1473560
1473561
1473562
1473563
1473564
1473565
1473572
1473579
1473586
1473593
1473600
1473607
1473614
1473615
1473616
1473617
1473619
1473621
1473623
1473625
1473627
1473628
1473630
1473631
1473633
1473635
1473637
1473639
1473641
1473643
1473650
1473651
1473658
1473659
1473666
1473673
1473674
1473675
1473676
1473677
1473678
1473679
1473680
1473681
1473688
1473695
1473702
1473703
1473704
1473705
1473706
1473707
1473708
1473715
1473722
1473745
1473770
1473771
1473772
1473773
1473774
1473775
1473776
1473777
1473778
1473882
1473883
1473884
1473885
1473886
1473887
1473888
1473889
1473890
1473891
1473892
1473893
1473894
1473895
1473984
1474070
1474156
1474238
1474324
1474406
1474494
1475319
1475350
1475381
1475382
1475413
1475414
1475415
1475434
1475454
1475474
1475475
1475476
1475477
1475478
1475479
1475480
1475481
1475482
1475483
1475484
1475485
1475516
1475547
1475578
1475579
1475610
1475611
1475642
1475643
1475676
1475697
1475718
1475739
1475760
1475781
1475802
1475823
1475844
1475845
1475866
1475887
1475912
1475913
1475914
1475915
1475916
1475917
1475918
1475919
1475920
1475944
1475945
1475946
1475947
1475948
1475949
1475968
1475987
1476006
1476007
1476008
1476032
1476033
1476057
1476058
1476082
1476117
1476119
1476121
1476123
1476125
1476127
1476128
1476129
1476130
1476132
1476134
1476136
1476138
1476140
1476141
1476142
1476144
1476145
1476146
1476147
1476148
1476149
1476151
1476153
1476154
1476156
1476157
1476159
1476160
1476162
1476206
1476207
1476208
1476209
1476210
1476211
1476212
1476213
1476214
1476215
1476216
1476217
1476218
1476219
1476220
1476238
1476254
1476270
1476286
1476302
1476318
1476334
1476335
1476351
1476352
1476353
1476354
1476355
1476356
1476357
1476358
1476359
1476360
1476361
1476362
1476363
1476364
1476379
1476384
1476389
1476394
1476399
1476404
1476405
1476406
1476407
1476408
1476409
1476410
1476415
1476417
1476418
1476420
1476421
1476423
1476425
1476427
1476429
1476431
1476433
1476435
1476437
1476441
1476443
1476445
1476446
1476447
1476449
1476451
1476453
1476454
1476455
1476457
1476459
1476463
1476467
1476471
1476475
1476480
1476481
1476482
1476483
1476484
1476485
1476490
1476495
1476496
1476497
1476498
1476499
1476500
1476501
1476506
1476511
1476512
1476513
1476514
1476515
1476516
1476521
1476530
1476539
1476540
1476541
1476542
1476551
1476552
1476553
1476554
1476572
1476573
1476574
1476575
1476576
1476577
1476578
1476579
1476580
1476581
1476588
1476589
1476590
1476591
1476592
1476593
1476594
1476595
1476596
1476597
1476598
1476605
1476606
1476613
1476614
1476615
1476622
1476629
1476636
1476641
1476646
1476651
1476652
1476657
1476662
1476667
1476672
1476677
1476682
1476683
1476684
1476686
1476688
1476690
1476691
1476692
1476693
1476695
1476696
1476697
1476698
1476699
1476700
1476705
1476710
1476715
1476716
1476721
1476726
1476727
1476728
1476729
1476730
1476731
1476732
1476733
1476734
1476735
1476739
1476743
1476747
1476751
1476755
1476759
1476763
1476764
1476765
1476766
1476767
1476768
1476772
1476773
1476774
1476775
1476776
1476777
1476778
1476779
1476782
1476799
1476815
1476831
1476832
1476833
1476834
1476835
1476836
1476837
1476838
1476839
1476840
1476841
1476856
1476871
1476872
1476873
1476874
1476890
1476906
1476921
1476936
1476950
1476951
1476952
1476953
1476967
1476968
1476969
1476970
1476971
1476972
1476973
1476974
1476975
1476976
1476977
1476978
1476993
1477008
1477023
1477024
1477025
1477026
1477041
1477056
1477105
1477139
1477173
1477207
1477241
1477276
1477277
1477278
1477279
1477280
1477314
1477349
1477378
1477407
1477436
1477465
1477494
1477523
1477552
1477553
1477554
1477582
1477583
1477612
1477641
1477670
1477671
1477672
1477701
1477730
1477759
1477788
1477817
1477818
1477847
1477848
1477849
1477850
1477851
1477852
1477885
1477886
1477887
1477888
1477928
1477929
1477930
1477931
1477932
1477933
1477934
1477935
1477936
1477937
1477938
1477939
1477965
1477966
1477967
1477968
1477969
1477970
1477971
1477997
1477998
1477999
1478000
1478001
1478002
1478003
1478004
1478024
1478044
1478045
1478065
1478066
1478092
1478118
1478144
1478170
1478196
1478222
1478248
1478249
1478250
1478251
1478285
1478288
1478289
1478290
1478291
1478292
1478293
1478295
1478296
1478298
1478300
1478303
1478304
1478305
1478308
1478311
1478314
1478317
1478319
1478321
1478322
1478323
1478324
1478326
1478328
1478330
1478332
1478335
1478338
1478341
1478342
1478343
1478344
1478345
1478346
1478347
1478350
1478351
1478352
1478353
1478354
1478355
1478390
1478391
1478392
1478393
1478394
1478395
1478396
1478397
1478398
1478399
1478400
1478401
1478402
1478403
1478404
1478405
1478406
1478407
1478408
1478409
1478410
1478411
1478412
1478494
1478495
1478496
1478499
1478500
1478501
1478502
1478503
1478504
1478505
1478506
1478509
1478512
1478515
1478518
1478522
1478523
1478524
1478528
1478532
1478536
1478540
1478544
1478545
1478546
1478547
1478551
1478555
1478559
1478563
1478567
1478571
1478575
1478579
1478583
1478587
1478591
1478595
1478599
1478603
1478607
1478611
1478615
1478619
1478623
1478627
1478631
1478632
1478633
1478637
1478641
1478645
1478646
1478650
1478678
1478679
1478680
1478681
1478682
1478683
1478684
1478685
1478686
1478687
1478708
1478709
1478710
1478711
1478712
1478713
1478714
1478715
1478716
1478717
1478718
1478719
1478720
1478734
1478748
1478762
1478776
1478790
1478805
1478807
1478808
1478809
1478811
1478813
1478815
1478817
1478819
1478821
1478823
1478825
1478827
1478829
1478830
1478831
1478832
1478834
1478836
1478838
1478840
1478842
1478844
1478865
1478866
1478867
1478868
1478869
1478870
1478871
1478872
1478873
1478874
1478879
1478884
1478885
1478886
1478887
1478888
1478889
1478890
1478891
1478892
1478893
1478894
1478899
1478904
1478909
1478910
1478915
1478920
1478921
1478926
1478927
1478928
1478929
1478930
1478931
1478934
1478937
1478939
1478941
1478942
1478943
1478944
1478945
1478947
1478949
1478950
1478951
1478952
1478957
1478962
1478967
1478972
1478977
1478982
1479006
1479007
1479008
1479052
1479053
1479054
1479055
1479056
1479057
1479058
1479059
1479060
1479061
1479062
1479063
1479064
1479065
1479066
1479080
1479081
1479082
1479083
1479084
1479085
1479098
1479099
1479100
1479101
1479114
1479128
1479139
1479150
1479151
1479162
1479163
1479174
1479175
1479176
1479187
1479198
1479209
1479220
1479231
1479242
1479254
1479255
1479256
1479258
1479260
1479262
1479263
1479264
1479266
1479268
1479269
1479270
1479271
1479272
1479273
1479275
1479277
1479279
1479281
1479283
1479285
1479297
1479309
1479310
1479311
1479312
1479313
1479325
1479327
1479329
1479331
1479332
1479334
1479336
1479337
1479338
1479340
1479342
1479344
1479346
1479347
1479348
1479349
1479350
1479352
1479353
1479354
1479355
1479356
1479357
1479370
1479371
1479383
1479395
1479407
1479419
1479432
1479433
1479434
1479435
1479436
1479448
1479460
1479473
1479474
1479475
1479476
1479489
1479491
1479493
1479495
1479497
1479499
1479501
1479503
1479505
1479507
1479510
1479511
1479514
1479515
1479518
1479521
1479522
1479523
1479526
1479527
1479528
1479529
1479530
1479533
1479536
1479537
1479538
1479539
1479540
1479541
1479542
1479554
1479555
1479556
1479557
1479558
1479570
1479582
1479594
1479595
1479607
1479619
1479620
1479621
1479622
1479623
1479624
1479625
1479626
1479649
1479669
1479670
1479690
1479711
1479731
1479732
1479733
1479734
1479735
1479736
1479757
1479758
1479759
1479760
1479761
1479766
1479767
1479772
1479777
1479778
1479779
1479781
1479783
1479784
1479785
1479786
1479788
1479790
1479792
1479793
1479794
1479795
1479799
1479803
1479807
1479808
1479809
1479810
1479811
1479812
1479816
1479820
1479824
1479827
1479828
1479829
1479830
1479833
1479836
1479841
1479846
1479847
1479848
1479849
1479850
1479852
1479854
1479856
1479857
1479859
1479861
1479863
1479865
1479866
1479867
1479869
1479870
1479891
1479895
1479899
1479903
1479904
1479905
1479906
1479907
1479908
1479909
1479910
1479911
1479915
1479916
1479917
1479918
1479919
1479920
1479921
1479925
1479929
1479930
1479934
1479936
1479937
1479939
1479940
1479942
1479944
1479946
1479948
1479949
1479950
1479951
1479955
1479956
1479957
1479958
1479959
1479963
1479967
1479971
1479975
1479979
1479983
1479987
1479991
1479995
1479996
1479997
1479998
1479999
1480000
1480001
1480002
1480003
1480004
1480008
1480009
1480010
1480011
1480015
1480019
1480020
1480021
1480025
1480026
1480030
1480031
1480035
1480056
1480076
1480077
1480078
1480079
1480080
1480081
1480082
1480083
1480084
1480085
1480086
1480087
1480088
1480089
1480090
1480092
1480094
1480096
1480098
1480118
1480119
1480120
1480122
1480123
1480124
1480126
1480128
1480130
1480132
1480134
1480136
1480138
1480140
1480142
1480144
1480145
1480146
1480147
1480148
1480150
1480151
1480152
1480153
1480154
1480172
1480173
1480174
1480175
1480176
1480177
1480178
1480179
1480180
1480181
1480182
1480183
1480184
1480185
1480186
1480187
1480205
1480206
1480207
1480208
1480209
1480210
1480211
1480212
1480213
1480214
1480237
1480243
1480249
1480250
1480251
1480252
1480253
1480254
1480255
1480261
1480262
1480263
1480264
1480265
1480271
1480272
1480278
1480279
1480280
1480281
1480287
1480288
1480289
1480290
1480291
1480292
1480293
1480294
1480295
1480296
1480297
1480298
1480304
1480310
1480316
1480317
1480323
1480329
1480330
1480336
1480337
1480338
1480339
1480345
1480351
1480357
1480363
1480364
1480365
1480366
1480367
1480368
1480369
1480370
1480371
1480372
1480378
1480384
1480390
1480391
1480392
1480393
1480394
1480400
1480406
1480412
1480418
1480424
1480430
1480436
1480442
1480448
1480466
1480467
1480469
1480471
1480473
1480474
1480476
1480478
1480480
1480482
1480484
1480486
1480488
1480490
1480491
1480493
1480495
1480496
1480497
1480498
1480500
1480501
1480502
1480504
1480522
1480524
1480526
1480528
1480530
1480532
1480533
1480535
1480537
1480539
1480541
1480542
1480544
1480546
1480548
1480550
1480552
1480554
1480556
1480557
1480574
1480577
1480580
1480581
1480582
1480585
1480588
1480590
1480592
1480594
1480595
1480597
1480598
1480600
1480601
1480602
1480604
1480605
1480607
1480610
1480611
1480614
1480617
1480620
1480623
1480626
1480629
1480632
1480635
1480638
1480641
1480644
1480663
1480665
1480667
1480669
1480671
1480673
1480674
1480675
1480676
1480678
1480679
1480680
1480681
1480683
1480685
1480686
1480688
1480690
1480692
1480693
1480694
1480696
1480698
1480700
1480701
1480702
1480703
1480704
1480706
1480707
1480708
1480939
1480940
1480941
1480942
1480943
1480944
1480945
1480954
1480957
1480958
1480959
1480962
1480965
1480968
1480969
1480970
1480971
1480972
1480973
1480974
1480975
1480978
1480981
1480982
1480983
1480984
1480985
1480986
1480989
1480990
1480993
1481001
1481002
1481003
1481011
1481019
1481027
1481035
1481036
1481037
1481038
1481039
1481040
1481041
1481049
1481058
1481060
1481061
1481062
1481063
1481064
1481065
1481066
1481068
1481069
1481070
1481071
1481073
1481075
1481077
1481079
1481088
1481096
1481104
1481112
1481113
1481114
1481115
1481116
1481117
1481126
1481134
1481142
1481150
1481158
1481166
1481174
1481182
1481191
1481192
1481193
1481194
1481195
1481204
1481205
1481206
1481215
1481216
1481217
1481226
1481227
1481228
1481229
1481238
1481240
1481242
1481244
1481246
1481248
1481250
1481252
1481253
1481254
1481256
1481258
1481260
1481262
1481264
1481266
1481275
1481276
1481277
1481278
1481279
1481280
1481281
1481282
1481283
1481284
1481285
1481286
1481295
1481304
1481313
1481314
1481315
1481325
1481326
1481338
1481350
1481362
1481374
1481386
1481398
1481410
1481411
1481412
1481423
1481425
1481426
1481427
1481428
1481429
1481430
1481432
1481433
1481434
1481435
1481436
1481437
1481439
1481440
1481441
1481443
1481444
1481445
1481447
1481449
1481451
1481453
1481455
1481456
1481466
1481467
1481468
1481469
1481470
1481471
1481472
1481473
1481483
1481484
1481485
1481486
1481487
1481488
1481499
1481500
1481501
1481512
1481513
1481514
1481542
1481568
1481594
1481620
1481621
1481622
1481623
1481624
1481625
1481626
1481627
1481628
1481629
1481630
1481631
1481632
1481633
1481634
1481635
1481658
1481680
1481702
1481724
1481725
1481747
1481748
1481770
1481796
1481797
1481798
1481799
1481800
1481803
1481804
1481805
1481808
1481811
1481814
1481817
1481818
1481821
1481822
1481825
1481826
1481827
1481828
1481829
1481830
1481831
1481834
1481837
1481840
1481843
1481845
1481846
1481848
1481850
1481852
1481853
1481854
1481856
1481858
1481860
1481862
1481864
1481867
1481868
1481894
1481919
1481920
1481922
1481924
1481926
1481927
1481928
1481930
1481932
1481934
1481936
1481938
1481940
1481942
1481944
1481946
1481948
1481950
1481952
1481954
1481955
1481957
1481959
1481960
1481961
1481962
1481963
1481989
1482014
1482039
1482064
1482065
1482066
1482067
1482068
1482093
1482095
1482097
1482098
1482099
1482100
1482102
1482103
1482104
1482105
1482106
1482107
1482108
1482110
1482112
1482114
1482116
1482118
1482120
1482122
1482124
1482126
1482127
1482128
1482129
1482131
1482133
1482135
1482136
1482137
1482138
1482139
1482141
1482142
1482143
1482144
1482145
1482147
1482172
1482267
1482269
1482271
1482273
1482275
1482276
1482277
1482278
1482279
1482280
1482282
1482284
1482286
1482291
1482296
1482297
1482298
1482299
1482300
1482301
1482302
1482307
1482312
1482317
1482322
1482326
1482327
1482331
1482335
1482336
1482340
1482341
1482342
1482343
1482347
1482351
1482352
1482356
1482357
1482358
1482359
1482360
1482364
1482368
1482369
1482370
1482374
1482378
1482381
1482382
1482383
1482384
1482385
1482388
1482389
1482390
1482391
1482392
1482395
1482398
1482401
1482404
1482405
1482406
1482409
1482412
1482415
1482416
1482417
1482418
1482419
1482420
1482421
1482422
1482425
1482426
1482427
1482430
1482431
1482432
1482437
1482438
1482440
1482442
1482444
1482445
1482446
1482448
1482450
1482452
1482453
1482454
1482459
1482460
1482461
1482462
1482467
1482468
1482470
1482472
1482474
1482476
1482478
1482480
1482482
1482484
1482486
1482488
1482490
1482562
1482634
1482740
1482741
1482805
1482806
1482871
1482934
1482994
1483056
1483119
1483120
1483183
1483244
1483306
1483375
1483379
1483382
1483383
1483386
1483389
1483390
1483391
1483392
1483395
1483396
1483399
1483402
1483405
1483408
1483411
1483415
1483418
1483419
1483420
1483421
1483422
1483425
1483428
1483431
1483435
1483436
1483437
1483438
1483439
1483441
1483443
1483445
1483447
1483448
1483449
1483451
1483453
1483455
1483459
1483462
1483463
1483464
1483465
1483468
1483470
1483472
1483473
1483474
1483476
1483478
1483480
1483482
1483484
1483487
1483488
1483491
1483494
1483497
1483500
1483501
1483504
1483505
1483506
1483509
1483510
1483513
1483514
1483515
1483516
1483517
1483518
1483555
1483556
1483557
1483558
1483559
1483617
1483674
1483730
1483786
1483842
1483898
1483978
1483979
1483980
1483981
1483982
1483983
1483984
1483985
1483986
1483987
1483988
1483989
1483990
1484067
1484068
1484071
1484074
1484077
1484080
1484083
1484086
1484089
1484090
1484093
1484094
1484097
1484100
1484103
1484106
1484107
1484108
1484111
1484112
1484115
1484118
1484119
1484120
1484121
1484124
1484127
1484130
1484133
1484136
1484137
1484138
1484139
1484140
1484143
1484144
1484145
1484146
1484147
1484150
1484151
1484163
1484164
1484165
1484166
1484167
1484168
1484169
1484170
1484182
1484184
1484186
1484187
1484189
1484191
1484192
1484193
1484195
1484197
1484199
1484203
1484205
1484206
1484207
1484209
1484211
1484213
1484215
1484216
1484218
1484219
1484223
1484227
1484228
1484232
1484236
1484238
1484239
1484240
1484241
1484243
1484245
1484246
1484247
1484248
1484249
1484250
1484251
1484253
1484265
1484266
1484270
1484274
1484278
1484279
1484280
1484281
1484285
1484289
1484293
1484297
1484301
1484305
1484306
1484307
1484308
1484309
1484313
1484314
1484315
1484316
1484317
1484321
1484325
1484329
1484330
1484331
1484332
1484333
1484334
1484335
1484336
1484337
1484341
1484350
1484351
1484352
1484353
1484354
1484355
1484356
1484357
1484358
1484359
1484365
1484371
1484372
1484373
1484374
1484375
1484376
1484377
1484383
1484389
1484390
1484391
1484392
1484393
1484394
1484395
1484396
1484397
1484398
1484404
1484405
1484406
1484407
1484408
1484409
1484415
1484416
1484422
1484428
1484434
1484440
1484441
1484447
1484453
1484454
1484455
1484456
1484457
1484463
1484469
1484475
1484481
1484487
1484493
1484499
1484505
1484506
1484512
1484513
1484519
1484525
1484526
1484532
1484538
1484544
1484550
1484551
1484552
1484553
1484554
1484555
1484561
1484567
1484573
1484583
1484584
1484585
1484586
1484587
1484588
1484589
1484590
1484591
1484592
1484593
1484594
1484595
1484596
1484597
1484598
1484599
1484609
1484619
1484629
1484630
1484631
1484632
1484642
1484652
1484662
1484672
1484675
1484678
1484679
1484680
1484681
1484684
1484687
1484690
1484691
1484692
1484693
1484696
1484699
1484702
1484705
1484708
1484711
1484714
1484717
1484720
1484721
1484722
1484725
1484728
1484729
1484730
1484731
1484732
1484733
1484734
1484735
1484738
1484741
1484744
1484747
1484750
1484753
1484756
1484759
1484762
1484765
1484768
1484771
1484772
1484775
1484892
1484893
1484894
1484895
1484896
1484897
1484898
1484911
1484924
1484925
1484926
1484939
1484952
1484954
1484956
1484957
1484958
1484960
1484961
1484962
1484964
1484966
1484968
1484969
1484970
1484972
1484974
1484976
1484978
1484980
1484981
1484982
1484983
1484985
1484987
1484989
1484990
1484991
1484993
1484994
1484995
1485008
1485009
1485010
1485011
1485012
1485013
1485014
1485015
1485016
1485017
1485018
1485019
1485020
1485021
1485032
1485044
1485057
1485058
1485059
1485060
1485061
1485062
1485063
1485064
1485065
1485066
1485067
1485079
1485087
1485088
1485089
1485097
1485105
1485113
1485121
1485129
1485137
1485145
1485146
1485147
1485148
1485149
1485157
1485158
1485160
1485162
1485164
1485166
1485167
1485168
1485170
1485172
1485174
1485176
1485177
1485179
1485180
1485182
1485184
1485186
1485188
1485197
1485205
1485206
1485214
1485216
1485218
1485219
1485220
1485221
1485223
1485225
1485226
1485227
1485229
1485230
1485232
1485234
1485236
1485244
1485245
1485246
1485247
1485248
1485256
1485269
1485281
1485282
1485283
1485285
1485286
1485287
1485289
1485290
1485291
1485292
1485293
1485294
1485296
1485298
1485300
1485301
1485302
1485304
1485305
1485306
1485307
1485308
1485309
1485320
1485321
1485322
1485323
1485324
1485325
1485326
1485327
1485328
1485329
1485330
1485331
1485332
1485333
1485344
1485345
1485346
1485347
1485348
1485349
1485350
1485351
1485352
1485363
1485374
1485375
1485386
1485387
1485398
1485409
1485410
1485411
1485412
1485413
1485414
1485415
1485416
1485417
1485418
1485419
1485420
1485421
1485422
1485433
1485434
1485445
1485446
1485447
1485448
1485449
1485450
1485451
1485452
1485453
1485505
1485506
1485507
1485508
1485509
1485510
1485513
1485514
1485515
1485518
1485521
1485524
1485527
1485530
1485531
1485532
1485533
1485534
1485535
1485538
1485541
1485542
1485543
1485546
1485547
1485548
1485549
1485550
1485551
1485554
1485557
1485560
1485561
1485564
1485567
1485568
1485571
1485574
1485577
1485580
1485581
1485582
1485583
1485584
1485585
1485600
1485614
1485628
1485642
1485657
1485658
1485659
1485660
1485661
1485662
1485663
1485664
1485665
1485666
1485667
1485668
1485669
1485670
1485671
1485672
1485687
1485702
1485703
1485704
1485705
1485706
1485707
1485708
1485723
1485738
1485758
1485763
1485768
1485773
1485778
1485783
1485788
1485792
1485793
1485797
1485798
1485802
1485803
1485804
1485805
1485810
1485815
1485820
1485825
1485830
1485835
1485836
1485837
1485838
1485842
1485846
1485850
1485854
1485855
1485856
1485857
1485858
1485859
1485860
1485864
1485868
1485869
1485870
1485871
1485872
1485876
1485877
1485878
1485879
1485880
1485884
1485888
1485889
1485890
1485891
1485892
1485893
1485894
1485895
1485896
1485897
1485902
1485903
1485904
1485905
1485910
1485917
1485924
1485931
1485932
1485933
1485940
1485945
1485949
1485950
1485951
1485952
1485953
1485954
1485955
1485956
1485957
1485958
1485959
1485963
1485966
1485969
1485972
1485973
1485974
1485975
1485978
1485979
1485981
1485982
1485983
1485984
1485985
1485987
1485989
1485992
1485993
1485994
1485999
1486001
1486003
1486005
1486007
1486009
1486011
1486013
1486015
1486017
1486019
1486021
1486023
1486024
1486025
1486030
1486035
1486040
1486041
1486046
1486051
1486056
1486061
1486082
1486084
1486086
1486087
1486089
1486091
1486092
1486094
1486096
1486098
1486100
1486101
1486102
1486103
1486105
1486106
1486107
1486109
1486110
1486112
1486114
1486116
1486118
1486120
1486122
1486139
1486140
1486141
1486142
1486143
1486144
1486145
1486146
1486148
1486150
1486152
1486154
1486156
1486159
1486160
1486163
1486166
1486169
1486172
1486173
1486176
1486179
1486182
1486185
1486187
1486188
1486189
1486190
1486191
1486192
1486194
1486196
1486197
1486198
1486199
1486201
1486220
1486221
1486240
1486241
1486261
1486279
1486297
1486298
1486299
1486300
1486318
1486319
1486320
1486321
1486322
1486323
1486324
1486325
1486326
1486327
1486328
1486329
1486330
1486331
1486332
1486333
1486351
1486369
1486388
1486407
1486408
1486667
1486668
1486669
1486670
1486671
1486672
1486673
1486674
1486675
1486676
1486721
1486766
1486810
1486855
1486856
1486901
1486946
1486994
1486995
1486996
1486997
1486998
1486999
1487000
1487001
1487002
1487005
1487008
1487009
1487010
1487011
1487012
1487013
1487016
1487019
1487022
1487023
1487024
1487027
1487030
1487031
1487032
1487033
1487034
1487035
1487038
1487041
1487042
1487043
1487044
1487045
1487048
1487051
1487052
1487055
1487058
1487061
1487062
1487063
1487064
1487065
1487068
1487071
1487072
1487075
1487078
1487079
1487080
1487083
1487086
1487089
1487092
1487093
1487094
1487095
1487097
1487099
1487101
1487103
1487104
1487105
1487106
1487108
1487110
1487113
1487114
1487115
1487116
1487117
1487118
1487121
1487122
1487123
1487124
1487125
1487126
1487129
1487132
1487187
1487224
1487228
1487232
1487236
1487240
1487244
1487248
1487252
1487253
1487257
1487261
1487265
1487266
1487270
1487271
1487275
1487276
1487277
1487281
1487282
1487283
1487287
1487291
1487295
1487299
1487300
1487301
1487302
1487306
1487308
1487309
1487310
1487312
1487313
1487315
1487316
1487317
1487318
1487319
1487320
1487324
1487328
1487332
1487333
1487334
1487335
1487336
1487340
1487341
1487345
1487346
1487347
1487351
1487352
1487353
1487357
1487358
1487359
1487435
1487436
1487437
1487439
1487441
1487443
1487444
1487446
1487448
1487450
1487452
1487453
1487457
1487458
1487462
1487466
1487467
1487471
1487475
1487480
1487485
1487490
1487495
1487500
1487505
1487506
1487507
1487508
1487509
1487510
1487511
1487512
1487521
1487524
1487526
1487527
1487528
1487529
1487531
1487533
1487535
1487537
1487539
1487541
1487543
1487546
1487549
1487552
1487553
1487556
1487559
1487560
1487561
1487562
1487563
1487564
1487565
1487566
1487567
1487570
1487571
1487572
1487573
1487574
1487577
1487586
1487595
1487604
1487618
1487619
1487633
1487635
1487637
1487639
1487640
1487642
1487643
1487645
1487647
1487648
1487649
1487651
1487653
1487655
1487657
1487659
1487661
1487663
1487664
1487666
1487667
1487668
1487669
1487670
1487684
1487688
1487692
1487696
1487700
1487701
1487705
1487706
1487707
1487708
1487709
1487710
1487711
1487712
1487716
1487720
1487724
1487728
1487729
1487730
1487731
1487735
1487741
1487747
1487748
1487749
1487750
1487751
1487757
1487763
1487769
1487775
1487781
1487787
1487789
1487790
1487791
1487792
1487793
1487794
1487795
1487797
1487798
1487800
1487802
1487804
1487806
1487808
1487810
1487812
1487814
1487825
1487826
1487830
1487832
1487833
1487834
1487836
1487837
1487838
1487839
1487840
1487842
1487844
1487845
1487846
1487847
1487848
1487852
1487856
1487858
1487860
1487862
1487863
1487865
1487867
1487869
1487871
1487872
1487874
1487876
1487878
1487880
1487884
1487885
1487886
1487887
1487888
1487889
1487890
1487891
1487921
1487922
1487923
1487924
1487925
1487926
1487927
1487928
1487929
1487930
1487931
1487932
1487933
1487934
1487935
1487936
1487937
1487938
1487966
1487967
1487968
1487969
1487970
1487971
1487972
1487973
1487974
1487975
1487976
1488004
1488024
1488043
1488062
1488081
1488100
1488119
1488138
1488157
1488176
1488196
1488215
1488216
1488217
1488218
1488237
1488257
1488259
1488261
1488262
1488264
1488266
1488268
1488269
1488270
1488272
1488273
1488275
1488276
1488278
1488280
1488282
1488284
1488286
1488288
1488289
1488291
1488293
1488295
1488296
1488297
1488298
1488300
1488302
1488303
1488304
1488305
1488333
1488334
1488335
1488336
1488337
1488338
1488339
1488343
1488344
1488345
1488346
1488347
1488348
1488349
1488350
1488351
1488355
1488356
1488357
1488358
1488362
1488366
1488367
1488371
1488373
1488374
1488376
1488378
1488380
1488381
1488382
1488383
1488385
1488387
1488389
1488391
1488392
1488396
1488397
1488398
1488402
1488406
1488410
1488414
1488418
1488422
1488426
1488430
1488434
1488435
1488436
1488437
1488438
1488439
1488441
1488443
1488445
1488447
1488448
1488449
1488451
1488455
1488456
1488457
1488458
1488459
1488460
1488521
1488522
1488523
1488524
1488525
1488526
1488527
1488528
1488529
1488530
1488572
1488573
1488574
1488575
1488576
1488577
1488578
1488579
1488580
1488581
1488582
1488583
1488584
1488585
1488586
1488587
1488588
1488589
1488590
1488591
1488592
1488593
1488594
1488636
1488666
1488696
1488697
1488698
1488699
1488700
1488701
1488702
1488703
1488704
1488736
1488779
1488780
1488781
1488782
1488783
1488784
1488785
1488786
1488787
1488788
1488789
1488790
1488791
1488792
1488793
1488817
1488822
1488823
1488824
1488825
1488830
1488835
1488836
1488837
1488838
1488839
1488840
1488845
1488850
1488855
1488860
1488864
1488865
1488866
1488867
1488868
1488869
1488870
1488871
1488874
1488877
1488880
1488883
1488884
1488885
1488886
1488887
1488888
1488889
1488890
1488895
1488898
1488899
1488900
1488903
1488904
1488905
1488906
1488907
1488908
1488911
1488912
1488914
1488916
1488918
1488920
1488922
1488923
1488924
1488947
1488968
1488969
1488970
1488971
1488972
1488973
1488995
1488996
1488997
1488998
1489019
1489041
1489063
1489085
1489086
1489108
1489198
1489199
1489200
1489201
1489202
1489223
1489224
1489225
1489226
1489227
1489229
1489230
1489231
1489232
1489233
1489235
1489236
1489237
1489238
1489239
1489241
1489242
1489243
1489245
1489247
1489249
1489251
1489252
1489253
1489254
1489255
1489257
1489259
1489280
1489281
1489282
1489283
1489284
1489285
1489286
1489292
1489298
1489300
1489302
1489304
1489306
1489308
1489309
1489310
1489312
1489313
1489315
1489316
1489318
1489320
1489322
1489324
1489330
1489332
1489334
1489336
1489338
1489339
1489340
1489341
1489343
1489345
1489346
1489347
1489349
1489351
1489353
1489355
1489357
1489363
1489364
1489365
1489366
1489367
1489368
1489369
1489375
1489381
1489382
1489383
1489384
1489388
1489389
1489393
1489397
1489401
1489405
1489409
1489413
1489414
1489415
1489419
1489423
1489424
1489425
1489426
1489427
1489428
1489429
1489430
1489434
1489435
1489436
1489437
1489442
1489447
1489452
1489453
1489454
1489455
1489460
1489461
1489466
1489471
1489472
1489473
1489474
1489475
1489476
1489477
1489478
1489479
1489480
1489481
1489482
1489487
1489488
1489489
1489490
1489508
1489509
1489510
1489511
1489512
1489513
1489514
1489515
1489518
1489519
1489522
1489525
1489526
1489529
1489532
1489533
1489534
1489535
1489538
1489541
1489544
1489545
1489546
1489547
1489550
1489553
1489556
1489559
1489560
1489561
1489562
1489563
1489564
1489567
1489570
1489573
1489589
1489605
1489621
1489637
1489638
1489639
1489640
1489656
1489672
1489688
1489704
1489720
1489737
1489738
1489739
1489740
1489774
1489775
1489776
1489777
1489778
1489779
1489780
1489781
1489782
1489783
1489784
1489794
1489804
1489805
1489806
1489807
1489808
1489809
1489810
1489811
1489821
1489822
1489823
1489824
1489825
1489826
1489836
1489837
1489838
1489839
1489850
1489852
1489854
1489856
1489858
1489860
1489862
1489864
1489865
1489866
1489868
1489869
1489871
1489873
1489875
1489877
1489879
1489881
1489883
1489884
1489886
1489888
1489890
1489898
1489900
1489901
1489902
1489903
1489904
1489906
1489908
1489910
1489912
1489913
1489915
1489917
1489918
1489919
1489920
1489926
1489928
1489930
1489932
1489934
1489936
1489938
1489939
1489940
1489942
1489943
1489944
1489946
1489947
1489948
1489954
1489955
1489956
1489957
1489958
1489959
1489960
1489961
1489962
1489963
1489964
1489965
1489971
1489972
1489973
1489974
1489975
1489976
1489977
1489978
1489979
1489985
1489986
1489987
1489988
1489989
1489992
1489993
1489994
1489995
1489996
1489997
1489998
1489999
1490000
1490003
1490006
1490009
1490010
1490013
1490014
1490017
1490018
1490019
1490020
1490023
1490026
1490029
1490030
1490031
1490032
1490033
1490034
1490035
1490036
1490039
1490040
1490041
1490042
1490045
1490048
1490051
1490054
1490057
1490060
1490063
1490066
1490067
1490068
1490069
1490072
1490075
1490078
1490081
1490084
1490087
1490088
1490089
1490090
1490093
1490096
1490099
1490102
1490105
1490108
1490109
1490110
1490113
1490116
1490117
1490118
1490121
1490122
1490123
1490126
1490129
1490132
1490135
1490136
1490137
1490138
1490139
1490176
1490212
1490248
1490284
1490320
1490360
1490361
1490362
1490363
1490366
1490369
1490372
1490375
1490378
1490381
1490384
1490387
1490388
1490389
1490390
1490393
1490394
1490395
1490396
1490397
1490398
1490403
1490404
1490405
1490406
1490407
1490408
1490409
1490410
1490411
1490412
1490413
1490422
1490423
1490424
1490426
1490428
1490430
1490432
1490433
1490435
1490437
1490438
1490440
1490442
1490443
1490444
1490445
1490446
1490447
1490449
1490451
1490453
1490455
1490457
1490466
1490469
1490472
1490475
1490476
1490477
1490478
1490481
1490484
1490487
1490490
1490491
1490492
1490493
1490494
1490495
1490496
1490497
1490500
1490503
1490504
1490505
1490506
1490507
1490508
1490509
1490510
1490513
1490520
1490521
1490522
1490523
1490524
1490525
1490526
1490527
1490528
1490529
1490734
1490735
1490738
1490741
1490744
1490745
1490748
1490751
1490752
1490753
1490754
1490755
1490756
1490757
1490758
1490759
1490762
1490763
1490766
1490767
1490768
1490769
1490770
1490771
1490774
1490779
1490784
1490785
1490790
1490791
1490796
1490801
1490802
1490803
1490804
1490805
1490806
1490807
1490812
1490817
1490818
1490819
1490824
1490825
1490826
1490827
1490828
1490829
1490830
1490831
1490832
1490833
1490838
1490839
1490844
1490845
1490846
1490848
1490850
1490852
1490854
1490855
1490857
1490859
1490860
1490861
1490862
1490863
1490877
1490878
1490879
1490881
1490883
1490885
1490887
1490889
1490891
1490893
1490895
1490897
1490898
1490899
1490900
1490902
1490903
1490904
1490905
1490907
1490908
1490909
1490911
1490912
1490913
1490931
1490933
1490935
1490937
1490939
1490941
1490942
1490944
1490946
1490948
1490950
1490952
1490954
1490956
1490960
1490964
1490968
1490972
1490976
1490980
1490984
1490988
1490992
1490993
1490994
1490995
1490996
1490997
1490998
1490999
1491000
1491004
1491008
1491012
1491016
1491020
1491024
1491028
1491032
1491036
1491040
1491044
1491048
1491052
1491056
1491060
1491061
1491065
1491066
1491085
1491086
1491087
1491088
1491089
1491090
1491091
1491092
1491093
1491099
1491105
1491111
1491112
1491113
1491114
1491115
1491120
1491125
1491126
1491131
1491132
1491133
1491134
1491139
1491144
1491149
1491154
1491155
1491156
1491157
1491162
1491167
1491168
1491169
1491170
1491171
1491172
1491177
1491182
1491187
1491192
1491197
1491202
1491207
1491208
1491209
1491211
1491212
1491213
1491215
1491217
1491219
1491221
1491222
1491223
1491225
1491226
1491228
1491233
1491238
1491243
1491248
1491253
1491258
1491259
1491260
1491261
1491262
1491263
1491264
1491265
1491266
1491267
1491268
1491274
1491275
1491276
1491277
1491278
1491279
1491280
1491281
1491282
1491283
1491289
1491295
1491301
1491302
1491303
1491327
1491330
1491333
1491334
1491335
1491336
1491337
1491338
1491339
1491342
1491343
1491344
1491345
1491346
1491349
1491352
1491355
1491356
1491357
1491358
1491361
1491362
1491363
1491364
1491367
1491368
1491369
1491370
1491371
1491372
1491373
1491374
1491375
1491384
1491385
1491386
1491387
1491388
1491389
1491390
1491398
1491406
1491407
1491408
1491416
1491424
1491432
1491440
1491448
1491449
1491450
1491451
1491452
1491460
1491468
1491478
1491488
1491498
1491508
1491518
1491519
1491529
1491530
1491531
1491532
1491545
1491546
1491547
1491548
1491549
1491550
1491551
1491552
1491553
1491554
1491555
1491568
1491581
1491594
1491595
1491596
1491597
1491610
1491623
1491636
1491637
1491638
1491639
1491640
1491641
1491642
1491643
1491644
1491645
1491646
1491647
1491660
1491661
1491688
1491689
1491690
1491691
1491692
1491693
1491694
1491695
1491696
1491697
1491717
1491737
1491763
1491788
1491813
1491838
1491863
1491888
1491914
1491938
1491940
1491942
1491944
1491946
1491948
1491949
1491950
1491951
1491952
1491954
1491955
1491956
1491957
1491959
1491961
1491963
1491965
1491966
1491967
1491969
1491991
1492013
1492014
1492015
1492016
1492017
1492018
1492019
1492020
1492046
1492048
1492049
1492051
1492053
1492055
1492057
1492059
1492061
1492062
1492063
1492064
1492066
1492067
1492068
1492069
1492071
1492073
1492075
1492076
1492078
1492080
1492082
1492083
1492084
1492085
1492108
1492109
1492110
1492111
1492112
1492113
1492114
1492115
1492116
1492117
1492118
1492119
1492120
1492121
1492122
1492123
1492124
1492135
1492145
1492155
1492165
1492166
1492176
1492177
1492187
1492188
1492198
1492208
1492218
1492228
1492238
1492248
1492258
1492268
1492278
1492279
1492280
1492281
1492282
1492283
1492284
1492285
1492286
1492296
1492306
1492316
1492318
1492319
1492320
1492322
1492324
1492326
1492328
1492330
1492331
1492333
1492334
1492336
1492338
1492340
1492342
1492344
1492346
1492371
1492372
1492373
1492374
1492375
1492376
1492377
1492399
1492421
1492422
1492423
1492424
1492450
1492451
1492452
1492453
1492454
1492455
1492456
1492457
1492459
1492460
1492461
1492462
1492463
1492465
1492467
1492469
1492471
1492473
1492475
1492476
1492477
1492479
1492506
1492507
1492508
1492509
1492527
1492545
1492552
1492559
1492566
1492573
1492580
1492581
1492582
1492583
1492584
1492585
1492586
1492587
1492588
1492589
1492590
1492591
1492592
1492599
1492606
1492613
1492618
1492619
1492620
1492621
1492626
1492631
1492635
1492636
1492640
1492644
1492648
1492652
1492656
1492660
1492661
1492662
1492663
1492664
1492665
1492666
1492671
1492675
1492679
1492683
1492687
1492691
1492695
1492699
1492703
1492707
1492711
1492715
1492719
1492723
1492727
1492732
1492742
1492743
1492746
1492749
1492752
1492755
1492758
1492759
1492760
1492763
1492766
1492767
1492770
1492773
1492776
1492779
1492780
1492781
1492784
1492787
1492788
1492789
1492792
1492795
1492798
1492801
1492804
1492807
1492810
1492821
1492862
1492863
1492864
1492865
1492866
1492867
1492868
1492869
1492870
1492871
1492872
1492873
1492874
1492882
1492890
1492898
1492906
1492914
1492915
1492923
1492931
1492938
1492945
1492946
1492947
1492948
1492949
1492950
1492951
1492952
1492953
1492954
1492955
1492962
1492969
1492970
1492977
1492984
1492991
1492992
1492999
1493000
1493001
1493002
1493003
1493004
1493005
1493006
1493007
1493008
1493009
1493016
1493019
1493022
1493023
1493026
1493027
1493028
1493029
1493030
1493031
1493034
1493037
1493038
1493041
1493042
1493043
1493045
1493046
1493047
1493048
1493049
1493050
1493052
1493058
1493067
1493076
1493085
1493094
1493103
1493105
1493107
1493109
1493110
1493112
1493114
1493116
1493118
1493120
1493122
1493124
1493126
1493127
1493128
1493129
1493152
1493173
1493174
1493195
1493216
1493223
1493224
1493231
1493238
1493245
1493252
1493259
1493266
1493273
1493274
1493275
1493276
1493277
1493278
1493279
1493280
1493281
1493282
1493289
1493297
1493298
1493299
1493300
1493301
1493308
1493309
1493316
1493317
1493324
1493325
1493326
1493333
1493340
1493347
1493348
1493355
1493358
1493361
1493364
1493367
1493370
1493371
1493372
1493373
1493374
1493375
1493378
1493381
1493384
1493387
1493388
1493390
1493392
1493394
1493396
1493398
1493400
1493402
1493405
1493406
1493407
1493408
1493409
1493410
1493413
1493420
1493427
1493434
1493441
1493448
1493468
1493488
1493508
1493528
1493529
1493549
1493551
1493553
1493554
1493555
1493556
1493557
1493559
1493560
1493561
1493563
1493565
1493567
1493568
1493569
1493571
1493573
1493574
1493575
1493576
1493577
1493579
1493581
1493582
1493583
1493584
1493585
1493587
1493589
1493591
1493593
1493594
1493596
1493680
1493681
1493682
1493683
1493684
1493685
1493686
1493687
1493688
1493689
1493690
1493691
1493692
1493693
1493703
1493705
1493706
1493708
1493709
1493711
1493713
1493714
1493716
1493718
1493719
1493721
1493723
1493725
1493727
1493729
1493731
1493733
1493743
1493744
1493745
1493746
1493747
1493748
1493749
1493750
1493751
1493752
1493762
1493767
1493769
1493771
1493773
1493774
1493775
1493777
1493779
1493781
1493782
1493783
1493784
1493786
1493788
1493790
1493794
1493795
1493796
1493797
1493801
1493805
1493806
1493810
1493811
1493815
1493819
1493823
1493824
1493828
1493832
1493836
1493837
1493841
1493845
1493849
1493853
1493857
1493861
1493865
1493869
1493870
1493871
1493875
1493879
1493880
1493884
1493888
1493892
1493896
1493900
1493905
1493906
1493907
1493908
1493909
1493910
1493911
1493912
1493913
1493914
1493918
1493923
1493932
1493940
1493948
1493956
1493964
1493965
1493974
1493983
1493984
1493985
1493986
1493987
1493988
1493989
1493990
1493991
1493992
1493993
1494003
1494004
1494005
1494006
1494007
1494008
1494009
1494010
1494011
1494012
1494013
1494014
1494015
1494016
1494017
1494018
1494019
1494029
1494030
1494031
1494032
1494033
1494034
1494035
1494036
1494037
1494038
1494039
1494048
1494049
1494050
1494051
1494052
1494053
1494062
1494063
1494073
1494074
1494075
1494076
1494077
1494078
1494079
1494089
1494099
1494109
1494111
1494113
1494115
1494117
1494119
1494121
1494123
1494125
1494127
1494128
1494129
1494130
1494132
1494134
1494136
1494141
1494142
1494143
1494147
1494151
1494155
1494159
1494163
1494167
1494171
1494175
1494179
1494183
1494187
1494191
1494195
1494196
1494200
1494204
1494208
1494212
1494217
1494218
1494219
1494220
1494221
1494222
1494223
1494224
1494229
1494230
1494231
1494232
1494233
1494234
1494235
1494236
1494239
1494242
1494245
1494246
1494247
1494248
1494249
1494250
1494251
1494252
1494257
1494262
1494263
1494264
1494265
1494274
1494275
1494276
1494285
1494294
1494296
1494297
1494298
1494299
1494301
1494303
1494305
1494307
1494309
1494310
1494311
1494312
1494314
1494316
1494318
1494320
1494322
1494324
1494326
1494328
1494330
1494338
1494339
1494340
1494341
1494342
1494343
1494344
1494345
1494346
1494347
1494355
1494356
1494357
1494365
1494366
1494374
1494375
1494383
1494384
1494392
1494393
1494394
1494395
1494396
1494397
1494415
1494416
1494417
1494418
1494421
1494422
1494423
1494424
1494427
1494429
1494430
1494431
1494433
1494435
1494437
1494439
1494441
1494442
1494445
1494448
1494449
1494450
1494451
1494452
1494455
1494458
1494461
1494464
1494467
1494470
1494473
1494476
1494479
1494480
1494481
1494482
1494485
1494486
1494487
1494488
1494489
1494490
1494509
1494511
1494513
1494514
1494515
1494517
1494519
1494521
1494523
1494525
1494527
1494529
1494530
1494532
1494534
1494536
1494538
1494540
1494542
1494544
1494561
1494578
1494595
1494596
1494613
1494614
1494631
1494632
1494633
1494634
1494635
1494636
1494637
1494638
1494657
1494659
1494661
1494663
1494665
1494667
1494668
1494670
1494672
1494674
1494676
1494677
1494678
1494680
1494682
1494684
1494685
1494686
1494688
1494690
1494692
1494693
1494695
1494697
1494699
1494721
1494726
1494731
1494732
1494733
1494734
1494735
1494736
1494742
1494743
1494744
1494745
1494746
1494747
1494748
1494753
1494755
1494756
1494757
1494758
1494759
1494761
1494763
1494764
1494765
1494766
1494767
1494769
1494774
1494779
1494780
1494786
1494792
1494793
1494794
1494795
1494796
1494797
1494798
1494799
1494801
1494802
1494803
1494804
1494805
1494808
1494811
1494812
1494813
1494814
1494815
1494818
1494819
1494825
1494831
1494832
1494833
1494839
1494840
1494846
1494847
1494848
1494849
1494852
1494855
1494856
1494857
1494858
1494859
1494860
1494863
1494864
1494865
1494866
1494869
1494872
1494875
1494878
1494879
1494885
1494889
1494893
1494894
1494898
1494902
1494903
1494907
1494911
1494915
1494916
1494920
1494924
1494928
1494929
1494930
1494931
1494932
1494936
1494940
1494941
1494942
1494943
1494944
1494945
1494949
1494952
1494955
1494958
1494959
1494962
1494965
1494968
1494969
1494972
1494973
1494974
1494975
1494976
1494979
1494982
1494985
1494986
1494987
1494988
1494991
1494994
1494997
1495000
1495002
1495003
1495004
1495006
1495007
1495008
1495010
1495012
1495014
1495080
1495131
1495181
1495232
1495233
1495236
1495237
1495238
1495239
1495242
1495245
1495246
1495249
1495252
1495255
1495256
1495257
1495258
1495261
1495262
1495263
1495264
1495267
1495270
1495273
1495276
1495277
1495278
1495279
1495282
1495283
1495284
1495285
1495288
1495289
1495290
1495291
1495292
1495293
1495296
1495299
1495302
1495305
1495306
1495309
1495310
1495311
1495312
1495313
1495314
1495315
1495349
1495350
1495351
1495352
1495353
1495354
1495355
1495356
1495360
1495364
1495365
1495369
1495373
1495374
1495375
1495379
1495383
1495387
1495391
1495392
1495396
1495400
1495404
1495408
1495410
1495412
1495414
1495416
1495418
1495420
1495422
1495423
1495425
1495427
1495434
1495441
1495448
1495455
1495456
1495457
1495458
1495459
1495460
1495461
1495462
1495469
1495476
1495477
1495478
1495479
1495480
1495481
1495488
1495489
1495496
1495503
1495509
1495515
1495516
1495517
1495518
1495519
1495520
1495521
1495527
1495533
1495539
1495545
1495551
1495557
1495558
1495559
1495560
1495561
1495562
1495563
1495569
1495575
1495581
1495582
1495583
1495584
1495585
1495591
1495592
1495593
1495594
1495600
1495601
1495602
1495603
1495604
1495609
1495610
1495611
1495612
1495618
1495619
1495620
1495621
1495622
1495630
1495631
1495632
1495633
1495634
1495643
1495652
1495661
1495670
1495671
1495672
1495681
1495690
1495699
1495708
1495709
1495710
1495711
1495712
1495713
1495714
1495715
1495716
1495717
1495718
1495727
1495730
1495733
1495734
1495735
1495738
1495741
1495742
1495743
1495746
1495749
1495752
1495755
1495758
1495759
1495760
1495763
1495766
1495769
1495770
1495771
1495774
1495775
1495776
1495779
1495780
1495783
1495786
1495787
1495808
1495811
1495812
1495813
1495814
1495815
1495816
1495819
1495822
1495823
1495824
1495825
1495828
1495829
1495830
1495831
1495832
1495835
1495836
1495837
1495838
1495839
1495840
1495841
1495842
1495845
1495848
1495849
1495850
1495853
1495856
1495857
1495858
1495859
1495860
1495873
1495874
1495875
1495876
1495877
1495878
1495879
1495880
1495881
1495882
1495883
1495884
1495885
1495886
1495887
1495898
1495899
1495900
1495901
1495902
1495903
1495904
1495905
1495916
1495927
1495930
1495931
1495934
1495937
1495940
1495943
1495946
1495949
1495950
1495953
1495956
1495957
1495958
1495959
1495960
1495961
1495962
1495963
1495966
1495967
1495968
1495969
1495970
1495971
1495972
1495973
1495976
1495977
1495978
1495979
1495980
1495981
1495982
1495993
1496030
1496032
1496033
1496035
1496037
1496039
1496041
1496043
1496044
1496045
1496047
1496049
1496051
1496053
1496054
1496056
1496058
1496060
1496062
1496064
1496066
1496068
1496069
1496070
1496071
1496072
1496074
1496118
1496120
1496122
1496124
1496126
1496128
1496130
1496132
1496133
1496134
1496135
1496137
1496139
1496141
1496143
1496145
1496147
1496148
1496150
1496151
1496152
1496153
1496154
1496155
1496168
1496169
1496170
1496171
1496172
1496173
1496174
1496175
1496176
1496177
1496189
1496201
1496213
1496225
1496237
1496249
1496261
1496273
1496285
1496297
1496298
1496299
1496311
1496323
1496324
1496325
1496338
1496339
1496340
1496341
1496342
1496343
1496344
1496345
1496346
1496347
1496348
1496349
1496350
1496351
1496364
1496368
1496370
1496372
1496373
1496375
1496377
1496379
1496381
1496382
1496383
1496384
1496385
1496389
1496391
1496393
1496395
1496397
1496398
1496399
1496400
1496402
1496404
1496405
1496406
1496410
1496412
1496414
1496416
1496417
1496418
1496420
1496422
1496424
1496426
1496428
1496430
1496434
1496435
1496436
1496437
1496441
1496442
1496443
1496454
1496456
1496458
1496460
1496462
1496463
1496465
1496467
1496468
1496470
1496471
1496473
1496475
1496477
1496479
1496480
1496481
1496482
1496494
1496506
1496518
1496519
1496520
1496532
1496533
1496545
1496546
1496547
1496560
1496561
1496562
1496563
1496564
1496565
1496578
1496579
1496580
1496581
1496582
1496583
1496584
1496585
1496586
1496597
1496608
1496619
1496630
1496631
1496632
1496643
1496654
1496665
1496676
1496677
1496686
1496694
1496695
1496696
1496697
1496698
1496699
1496700
1496701
1496702
1496703
1496704
1496705
1496706
1496714
1496722
1496730
1496738
1496747
1496756
1496765
1496774
1496783
1496792
1496801
1496810
1496821
1496822
1496833
1496834
1496846
1496857
1496858
1496869
1496880
1496891
1496892
1496893
1496894
1496895
1496896
1496897
1496898
1496899
1496900
1496901
1496902
1496911
1496920
1496921
1496930
1496939
1496940
1496941
1496942
1496943
1496944
1496945
1496946
1496947
1496948
1496949
1496950
1496959
1496968
1496977
1496988
1496999
1497001
1497003
1497005
1497007
1497009
1497011
1497013
1497015
1497017
1497019
1497021
1497022
1497023
1497025
1497027
1497029
1497031
1497032
1497033
1497053
1497071
1497089
1497107
1497125
1497142
1497159
1497176
1497194
1497212
1497217
1497218
1497219
1497224
1497225
1497226
1497227
1497232
1497237
1497238
1497239
1497240
1497241
1497242
1497243
1497244
1497245
1497250
1497255
1497260
1497261
1497266
1497271
1497275
1497279
1497283
1497287
1497291
1497295
1497299
1497303
1497307
1497311
1497315
1497319
1497323
1497327
1497331
1497335
1497339
1497340
1497341
1497342
1497346
1497350
1497351
1497352
1497356
1497357
1497358
1497359
1497363
1497364
1497365
1497366
1497367
1497371
1497375
1497379
1497441
1497442
1497443
1497444
1497445
1497446
1497447
1497448
1497449
1497450
1497451
1497452
1497453
1497454
1497455
1497456
1497457
1497458
1497475
1497476
1497477
1497490
1497503
1497504
1497505
1497506
1497507
1497508
1497509
1497510
1497511
1497512
1497513
1497514
1497515
1497516
1497517
1497530
1497533
1497536
1497537
1497540
1497543
1497544
1497545
1497546
1497547
1497550
1497551
1497552
1497555
1497558
1497559
1497560
1497561
1497562
1497565
1497568
1497571
1497572
1497573
1497574
1497575
1497578
1497580
1497582
1497584
1497586
1497588
1497590
1497592
1497594
1497595
1497596
1497597
1497599
1497614
1497615
1497616
1497617
1497618
1497619
1497620
1497621
1497622
1497623
1497624
1497625
1497626
1497627
1497628
1497629
1497646
1497647
1497648
1497649
1497650
1497651
1497652
1497653
1497654
1497655
1497656
1497668
1497669
1497670
1497671
1497672
1497673
1497685
1497687
1497688
1497689
1497691
1497693
1497695
1497697
1497699
1497701
1497703
1497705
1497707
1497708
1497710
1497712
1497713
1497714
1497716
1497718
1497719
1497731
1497732
1497733
1497734
1497735
1497736
1497738
1497740
1497741
1497742
1497744
1497745
1497746
1497747
1497748
1497750
1497752
1497754
1497756
1497758
1497760
1497761
1497796
1497811
1497812
1497813
1497814
1497815
1497816
1497817
1497830
1497843
1497856
1497857
1497870
1497883
1497884
1497885
1497886
1497887
1497899
1497911
1497913
1497915
1497916
1497918
1497920
1497922
1497924
1497926
1497928
1497930
1497932
1497934
1497936
1497938
1497939
1497940
1497941
1497942
1497943
1497945
1497947
1497961
1497962
1497963
1497964
1497965
1497966
1497967
1497968
1497969
1497970
1497971
1497972
1497973
1497974
1497975
1497989
1497990
1497991
1497998
1498005
1498012
1498019
1498025
1498026
1498027
1498034
1498041
1498048
1498049
1498056
1498063
1498064
1498071
1498078
1498079
1498080
1498081
1498082
1498083
1498084
1498085
1498086
1498093
1498094
1498095
1498096
1498097
1498104
1498105
1498106
1498107
1498108
1498115
1498117
1498118
1498119
1498120
1498121
1498123
1498124
1498126
1498128
1498129
1498131
1498133
1498134
1498135
1498142
1498148
1498154
1498160
1498161
1498162
1498163
1498164
1498165
1498166
1498167
1498168
1498169
1498175
1498182
1498183
1498184
1498185
1498200
1498201
1498202
1498203
1498204
1498207
1498209
1498211
1498213
1498214
1498216
1498217
1498218
1498219
1498220
1498221
1498223
1498226
1498229
1498232
1498235
1498238
1498239
1498240
1498241
1498244
1498245
1498246
1498247
1498250
1498253
1498265
1498277
1498278
1498279
1498280
1498281
1498293
1498304
1498305
1498306
1498317
1498318
1498319
1498330
1498341
1498353
1498355
1498356
1498358
1498360
1498362
1498364
1498366
1498367
1498369
1498371
1498373
1498374
1498375
1498376
1498378
1498380
1498382
1498384
1498386
1498416
1498417
1498418
1498448
1498449
1498490
1498491
1498492
1498493
1498494
1498495
1498496
1498497
1498498
1498499
1498500
1498501
1498502
1498503
1498504
1498505
1498506
1498507
1498547
1498552
1498557
1498562
1498563
1498568
1498573
1498578
1498579
1498580
1498581
1498582
1498583
1498584
1498589
1498590
1498591
1498592
1498593
1498594
1498599
1498604
1498609
1498614
1498616
1498618
1498620
1498622
1498624
1498626
1498628
1498629
1498630
1498632
1498634
1498636
1498637
1498638
1498639
1498640
1498645
1498646
1498647
1498648
1498653
1498658
1498663
1498668
1498673
1498674
1498675
1498676
1498677
1498678
1498680
1498682
1498683
1498685
1498687
1498688
1498689
1498690
1498691
1498692
1498694
1501651
1501661
1501666
1501671
1501672
1501677
1501678
1501679
1501680
1501681
1501682
1501683
1501684
1501685
1501686
1501687
1501688
1501693
1501697
1501701
1501702
1501703
1501704
1501705
1501706
1501710
1501714
1501715
1501716
1501720
1501724
1501728
1501732
1501736
1501737
1501738
1501742
1501743
1501744
1501748
1501752
1501753
1501754
1501755
1501761
1501762
1501763
1501764
1501765
1501766
1501767
1501768
1501769
1501770
1501771
1501772
1501773
1501779
1501785
1501791
1501797
1501798
1501799
1501800
1501801
1501802
1501808
1501809
1501815
1501816
1501817
1501818
1501819
1501820
1501826
1501832
1501838
1501844
1501845
1501846
1501871
1501872
1501873
1501874
1501875
1501876
1501877
1501878
1501879
1501880
1501881
1501882
1501883
1501884
1501885
1501898
1501901
1501904
1501905
1501906
1501909
1501910
1501911
1501912
1501915
1501916
1501919
1501920
1501921
1501924
1501925
1501926
1501929
1501932
1501933
1501934
1501935
1501936
1501937
1501938
1501941
1501944
1501947
1501950
1501953
1501956
1501959
1501960
1501961
1501962
1501975
1501976
1501977
1501978
1501979
1501980
1501981
1501994
1501995
1502005
1502015
1502025
1502026
1502036
1502046
1502047
1502057
1502067
1502068
1502078
1502079
1502080
1502081
1502091
1502092
1502093
1502094
1502095
1502105
1502115
1502125
1502135
1502145
1502146
1502147
1502157
1502167
1502177
1502187
1502197
1502207
1502217
1502228
1502229
1502239
1502249
1502250
1502251
1502252
1502253
1502254
1502264
1502265
1502266
1502268
1502270
1502272
1502274
1502276
1502277
1502278
1502279
1502280
1502282
1502283
1502284
1502285
1502286
1502288
1502298
1502308
1502318
1502328
1502338
1502351
1502352
1502369
1502370
1502385
1502386
1502401
1502416
1502431
1502433
1502435
1502437
1502438
1502440
1502442
1502444
1502445
1502446
1502448
1502450
1502451
1502452
1502454
1502455
1502456
1502457
1502459
1502474
1502478
1502479
1502480
1502481
1502482
1502486
1502487
1502488
1502492
1502493
1502494
1502498
1502502
1502506
1502510
1502511
1502512
1502513
1502514
1502515
1502518
1502519
1502520
1502521
1502522
1502523
1502524
1502525
1502528
1502529
1502532
1502549
1502559
1502569
1502579
1502589
1502599
1502600
1502601
1502602
1502603
1502604
1502613
1502622
1502624
1502626
1502628
1502630
1502632
1502634
1502636
1502638
1502640
1502642
1502644
1502645
1502646
1502648
1502657
1502666
1502675
1502684
1502686
1502687
1502688
1502690
1502691
1502693
1502694
1502695
1502697
1502699
1502700
1502701
1502703
1502705
1502706
1502708
1502717
1502718
1502719
1502720
1502721
1502732
1502743
1502744
1502745
1502746
1502747
1502748
1502749
1502750
1502751
1502762
1502763
1502764
1502765
1502766
1502767
1502768
1502769
1502770
1502771
1502772
1502773
1502774
1502775
1502776
1502777
1502778
1502834
1502848
1502861
1502863
1502865
1502867
1502869
1502871
1502872
1502874
1502875
1502877
1502878
1502880
1502882
1502884
1502886
1502888
1502890
1502892
1502894
1502896
1502898
1502900
1502913
1502925
1502937
1502938
1502939
1502952
1502953
1502954
1502955
1502968
1502981
1502994
1502995
1502996
1502997
1502998
1502999
1503000
1503001
1503002
1503003
1503004
1503005
1503006
1503007
1503008
1503009
1503010
1503021
1503022
1503033
1503034
1503045
1503056
1503057
1503058
1503059
1503060
1503061
1503062
1503063
1503064
1503065
1503066
1503076
1503086
1503096
1503097
1503107
1503108
1503118
1503128
1503129
1503130
1503144
1503145
1503146
1503147
1503148
1503149
1503150
1503151
1503152
1503153
1503154
1503168
1503182
1503183
1503184
1503185
1503186
1503187
1503201
1503215
1503229
1503243
1503244
1503245
1503246
1503247
1503248
1503262
1503276
1503290
1503304
1503318
1503337
1503338
1503339
1503340
1503341
1503342
1503343
1503344
1503345
1503346
1503347
1503348
1503349
1503350
1503351
1503352
1503353
1503549
1503550
1503576
1503602
1503603
1503629
1503655
1503657
1503659
1503661
1503662
1503663
1503664
1503665
1503667
1503669
1503670
1503672
1503673
1503675
1503677
1503679
1503681
1503683
1503685
1503687
1503688
1503689
1503690
1503692
1503693
1503694
1503695
1503698
1503699
1503700
1503701
1503702
1503705
1503706
1503707
1503708
1503709
1503710
1503711
1503712
1503715
1503736
1503742
1503748
1503749
1503750
1503751
1503757
1503759
1503761
1503763
1503765
1503766
1503768
1503770
1503771
1503773
1503775
1503777
1503779
1503780
1503781
1503782
1503783
1503784
1503786
1503792
1503793
1503794
1503795
1503797
1503799
1503800
1503801
1503803
1503805
1503807
1503809
1503811
1503813
1503818
1503823
1503828
1503829
1503830
1503835
1503840
1503841
1503842
1503843
1503844
1503845
1503858
1503859
1503860
1503862
1503864
1503865
1503867
1503869
1503871
1503873
1503875
1503877
1503879
1503881
1503883
1503885
1503887
1503889
1503891
1503893
1503906
1503907
1503908
1503921
1503950
1504082
1504083
1504190
1504302
1504414
1504415
1504416
1504417
1504538
1504539
1504658
1504776
1504893
1504894
1504895
1505010
1505126
1505242
1505393
1505394
1505395
1505396
1505400
1505404
1505408
1505411
1505412
1505415
1505418
1505421
1505424
1505425
1505428
1505431
1505432
1505435
1505436
1505439
1505440
1505441
1505442
1505443
1505446
1505447
1505450
1505451
1505452
1505455
1505458
1505461
1505462
1505465
1505468
1505471
1505472
1505475
1505476
1505477
1505480
1505483
1505487
1505489
1505491
1505493
1505495
1505497
1505499
1505501
1505502
1505503
1505505
1505507
1505508
1505512
1505516
1505520
1505521
1505522
1505526
1505530
1505531
1505532
1505533
1505534
1505538
1505542
1505543
1505544
1505548
1505549
1505550
1505553
1505554
1505555
1505558
1505561
1505564
1505567
1505570
1505573
1505576
1505577
1505578
1505579
1505580
1505581
1505698
1505808
1505916
1506026
1506027
1506028
1506029
1506030
1506031
1506032
1506033
1506034
1506144
1506145
1506146
1506147
1506148
1506149
1506259
1506389
1506390
1506491
1506589
1506684
1506780
1506877
1506973
1507074
1507176
1507274
1507357
1507358
1507359
1507360
1507361
1507444
1507527
1507610
1507693
1507826
1507874
1507921
1507968
1507969
1508016
1508069
1508070
1508071
1508072
1508119
1508120
1508121
1508122
1508123
1508124
1508169
1508170
1508171
1508172
1508173
1508174
1508175
1508176
1508177
1508225
1508226
1508227
1508228
1508229
1508261
1508262
1508263
1508264
1508265
1508266
1508267
1508268
1508269
1508302
1508334
1508365
1508397
1508398
1508399
1508400
1508432
1508433
1508465
1508466
1508502
1508553
1508554
1508555
1508556
1508614
1508617
1508620
1508623
1508626
1508629
1508632
1508633
1508634
1508637
1508638
1508639
1508640
1508642
1508644
1508645
1508646
1508647
1508649
1508651
1508653
1508656
1508659
1508662
1508665
1508668
1508671
1508672
1508673
1508674
1508677
1508680
1508683
1508684
1508685
1508686
1508687
1508688
1508691
1508694
1508695
1508696
1508697
1508700
1508703
1508706
1508709
1508771
1508772
1508773
1508774
1508775
1508776
1508777
1508778
1508779
1508780
1508781
1508782
1508783
1508784
1508785
1508786
1508787
1508788
1508808
1508809
1508810
1508811
1508830
1508831
1508832
1508833
1508834
1508835
1508836
1508837
1508856
1508875
1508894
1508895
1508896
1508897
1508898
1508917
1508936
1508955
1508974
1508993
1509012
1509030
1509031
1509064
1509066
1509067
1509068
1509070
1509072
1509074
1509075
1509076
1509078
1509080
1509082
1509083
1509084
1509086
1509088
1509089
1509091
1509093
1509094
1509096
1509098
1509100
1509102
1509103
1509104
1509105
1509106
1509107
1509108
1509134
1509156
1509178
1509200
1509222
1509244
1509266
1509288
1509310
1509332
1509333
1509334
1509335
1509357
1509383
1509406
1509429
1509430
1509431
1509454
1509455
1509456
1509457
1509480
1509481
1509482
1509483
1509484
1509485
1509486
1509487
1509488
1509489
1509510
1509531
1509552
1509571
1509572
1509573
1509574
1509575
1509576
1509577
1509578
1509579
1509580
1509581
1509582
1509583
1509584
1509585
1509586
1509587
1509606
1509625
1509644
1509665
1509689
1509713
1509714
1509715
1509716
1509717
1509750
1509751
1509752
1509755
1509756
1509757
1509758
1509760
1509762
1509764
1509766
1509768
1509770
1509773
1509776
1509779
1509782
1509785
1509788
1509791
1509794
1509797
1509798
1509799
1509800
1509801
1509804
1509807
1509810
1509813
1509816
1509819
1509822
1509825
1509826
1509827
1509828
1509829
1509830
1509831
1509832
1509833
1509836
1509839
1509842
1509845
1509848
1509851
1509854
1509857
1509860
1509861
1509864
1509865
1509868
1509871
1509872
1509873
1509874
1509877
1509880
1509883
1509884
1509887
1509890
1509893
1509896
1509899
1509902
1509905
1509908
1509909
1509910
1509911
1509914
1509917
1509920
1509923
1509926
1509927
1509928
1509931
1509934
1509937
1509938
1509939
1509940
1509941
1509942
1509943
1509944
1509947
1509948
1509949
1509950
1509951
1509954
1509955
1509956
1509957
1509958
1509959
1509960
1509961
1509964
1509965
1509966
1509967
1509968
1509969
1509970
1509971
1509978
1509979
1509980
1509981
1509982
1509987
1509988
1509993
1509998
1510003
1510008
1510009
1510010
1510015
1510020
1510021
1510023
1510025
1510027
1510029
1510031
1510033
1510035
1510037
1510039
1510040
1510041
1510042
1510047
1510052
1510053
1510054
1510059
1510064
1510065
1510066
1510067
1510068
1510069
1510074
1510079
1510084
1510085
1510090
1510091
1510092
1510093
1510094
1510095
1510096
1510097
1510098
1510099
1510100
1510101
1510102
1510129
1510130
1510135
1510140
1510145
1510150
1510155
1510160
1510165
1510166
1510167
1510168
1510173
1510178
1510183
1510184
1510185
1510186
1510187
1510192
1510194
1510195
1510197
1510199
1510200
1510202
1510204
1510205
1510207
1510209
1510210
1510212
1510218
1510219
1510220
1510226
1510232
1510233
1510235
1510237
1510239
1510241
1510243
1510244
1510246
1510247
1510248
1510250
1510252
1510254
1510260
1510265
1510270
1510271
1510272
1510277
1510282
1510283
1510284
1510285
1510286
1510287
1510288
1510289
1510290
1510295
1510301
1510302
1510303
1510304
1510310
1510311
1510312
1510314
1510316
1510318
1510320
1510321
1510323
1510324
1510326
1510328
1510330
1510332
1510334
1510340
1510341
1510342
1510343
1510344
1510350
1510351
1510352
1510353
1510354
1510360
1510361
1510362
1510363
1510364
1510370
1510376
1510558
1510559
1510560
1510561
1510564
1510567
1510570
1510573
1510574
1510577
1510580
1510581
1510582
1510584
1510586
1510588
1510590
1510592
1510594
1510596
1510598
1510600
1510602
1510606
1510609
1510610
1510611
1510612
1510615
1510616
1510617
1510618
1510619
1510620
1510621
1510622
1510625
1510626
1510627
1510628
1510629
1510630
1510631
1510632
1510635
1510638
1510639
1510640
1510641
1510642
1510643
1510644
1510645
1510646
1510649
1510650
1510653
1510656
1510657
1510658
1510661
1510665
1510669
1510673
1510674
1510678
1510682
1510686
1510690
1510694
1510698
1510702
1510706
1510710
1510714
1510834
1510835
1510836
1510837
1510838
1510839
1510840
1510843
1510846
1510847
1510848
1510849
1510850
1510851
1510852
1510853
1510856
1510857
1510858
1510859
1510860
1510861
1510862
1510865
1510866
1510867
1510870
1510871
1510872
1510875
1510878
1510881
1510882
1510883
1510884
1510887
1510888
1510889
1510890
1510893
1510896
1510899
1510900
1510903
1510906
1510907
1510908
1510911
1510914
1510917
1510920
1510923
1510926
1510927
1510930
1510933
1510934
1510935
1510936
1510937
1510938
1510941
1510944
1510945
1510948
1511079
1511209
1511210
1511211
1511212
1511213
1511214
1511431
1511433
1511435
1511436
1511438
1511440
1511442
1511444
1511445
1511446
1511448
1511450
1511452
1511454
1511455
1511459
1511463
1511464
1511468
1511469
1511470
1511471
1511475
1511479
1511480
1511484
1511485
1511489
1511490
1511491
1511492
1511493
1511494
1511495
1511496
1511497
1511501
1511503
1511504
1511506
1511508
1511510
1511511
1511512
1511513
1511514
1511516
1511518
1511520
1511524
1511528
1511532
1511538
1511540
1511542
1511544
1511546
1511548
1511550
1511552
1511554
1511556
1511558
1511559
1511560
1511561
1511563
1511564
1511569
1511574
1511579
1511580
1511581
1511586
1511588
1511590
1511592
1511594
1511596
1511598
1511599
1511600
1511602
1511603
1511604
1511606
1511607
1511608
1511609
1511614
1511619
1511624
1511629
1511634
1511639
1511644
1511737
1511738
1511739
1511740
1511741
1511742
1511743
1511744
1511745
1511747
1511748
1511750
1511751
1511752
1511753
1511754
1511755
1511756
1511757
1511758
1511781
1511784
1511787
1511788
1511789
1511792
1511795
1511796
1511799
1511800
1511801
1511802
1511803
1511804
1511807
1511808
1511809
1511810
1511811
1511812
1511813
1511816
1511817
1511820
1511821
1511822
1511825
1511828
1511831
1511834
1511837
1511840
1511843
1511846
1511847
1511848
1511849
1511852
1511853
1511854
1511855
1511858
1511860
1511861
1511863
1511865
1511867
1511868
1511869
1511871
1511873
1511875
1511899
1511903
1511904
1511905
1511906
1511907
1511908
1511909
1511913
1511917
1511921
1511925
1511926
1511930
1511934
1511936
1511937
1511938
1511940
1511942
1511944
1511946
1511948
1511949
1511951
1511955
1511956
1511960
1511962
1511964
1511966
1511968
1511970
1511972
1511974
1511976
1511978
1511980
1511981
1511983
1511984
1511988
1511989
1511990
1511991
1511992
1511993
1511994
1511995
1511996
1511997
1511998
1512002
1512006
1512008
1512010
1512012
1512014
1512016
1512018
1512020
1512022
1512024
1512025
1512026
1512028
1512030
1512031
1512032
1512054
1512087
1512088
1512089
1512090
1512111
1512112
1512133
1512154
1512175
1512176
1512197
1512218
1512219
1512220
1512221
1512222
1512223
1512246
1512255
1512256
1512265
1512274
1512276
1512278
1512280
1512281
1512282
1512284
1512286
1512288
1512289
1512290
1512291
1512293
1512294
1512295
1512296
1512305
1512306
1512307
1512308
1512309
1512310
1512313
1512316
1512317
1512318
1512319
1512322
1512323
1512326
1512329
1512330
1512331
1512332
1512333
1512334
1512335
1512336
1512339
1512340
1512341
1512342
1512343
1512344
1512345
1512346
1512354
1512355
1512356
1512357
1512358
1512359
1512360
1512361
1512362
1512363
1512371
1512372
1512380
1512381
1512382
1512383
1512384
1512385
1512393
1512402
1512403
1512404
1512405
1512406
1512407
1512408
1512409
1512418
1512419
1512420
1512421
1512422
1512423
1512424
1512425
1512448
1512466
1512484
1512485
1512504
1512523
1512538
1512553
1512554
1512555
1512556
1512557
1512558
1512559
1512560
1512561
1512562
1512563
1512564
1512565
1512566
1512567
1512568
1512569
1512581
1512596
1512598
1512600
1512602
1512603
1512604
1512605
1512607
1512609
1512610
1512612
1512613
1512615
1512617
1512619
1512621
1512623
1512625
1512627
1512629
1512631
1512633
1512635
1512637
1512654
1512655
1512656
1512657
1512658
1512659
1512660
1512661
1512662
1512663
1512664
1512665
1512666
1512667
1512668
1512684
1512685
1512701
1512719
1512743
1512745
1512747
1512749
1512750
1512751
1512752
1512753
1512755
1512757
1512758
1512759
1512760
1512761
1512763
1512765
1512767
1512769
1512771
1512773
1512774
1512775
1512785
1512795
1512796
1512797
1512798
1512808
1512809
1512810
1512811
1512812
1512813
1512814
1512824
1512825
1512826
1512827
1512828
1512829
1512830
1512831
1512832
1512833
1512834
1512844
1512845
1512846
1512847
1512848
1512849
1512850
1512851
1512852
1512853
1512854
1512855
1512856
1512866
1512868
1512870
1512871
1512872
1512873
1512874
1512876
1512878
1512880
1512882
1512883
1512884
1512885
1512886
1512887
1512889
1512891
1512892
1512893
1512894
1512896
1512897
1512898
1512899
1512910
1512911
1512913
1512915
1512917
1512919
1512921
1512923
1512925
1512926
1512928
1512930
1512932
1512934
1512936
1512938
1512940
1512942
1512944
1512945
1512947
1512949
1512951
1512973
1512975
1512976
1512977
1512978
1512980
1512982
1512983
1512984
1512985
1512987
1512989
1512990
1512992
1512994
1512996
1512998
1513000
1513002
1513004
1513006
1513008
1513010
1513012
1513014
1513016
1513036
1513056
1513076
1513095
1513096
1513115
1513135
1513136
1513141
1513146
1513151
1513152
1513157
1513162
1513167
1513168
1513173
1513178
1513179
1513180
1513185
1513187
1513189
1513191
1513193
1513195
1513197
1513199
1513201
1513202
1513204
1513206
1513208
1513209
1513211
1513213
1513215
1513223
1513229
1513230
1513231
1513232
1513238
1513241
1513242
1513243
1513244
1513247
1513250
1513253
1513254
1513255
1513256
1513257
1513258
1513259
1513262
1513264
1513266
1513268
1513270
1513272
1513274
1513275
1513277
1513278
1513280
1513286
1513292
1513293
1513294
1513295
1513301
1513302
1513303
1513304
1513312
1513319
1513327
1513328
1513335
1513342
1513349
1513350
1513351
1513352
1513353
1513354
1513361
1513362
1513363
1513370
1513377
1513384
1513391
1513398
1513405
1513406
1513413
1513420
1513427
1513434
1513441
1513448
1513455
1513456
1513457
1513458
1513459
1513460
1513468
1513469
1513470
1513471
1513474
1513475
1513476
1513477
1513480
1513481
1513482
1513483
1513484
1513487
1513488
1513489
1513490
1513491
1513494
1513495
1513496
1513497
1513498
1513501
1513502
1513503
1513504
1513505
1513513
1513514
1513515
1513517
1513519
1513521
1513523
1513524
1513525
1513526
1513527
1513528
1513530
1513531
1513532
1513534
1513535
1513536
1513537
1513578
1513610
1513611
1513612
1513613
1513614
1513641
1513642
1513643
1513644
1513672
1513673
1513674
1513702
1513703
1513731
1513759
1513787
1513788
1513821
1513822
1513823
1513824
1513826
1513827
1513828
1513829
1513831
1513833
1513835
1513837
1513839
1513840
1513841
1513842
1513843
1513845
1513847
1513848
1513849
1513850
1513851
1513853
1513855
1513857
1513859
1513861
1513862
1513864
1513865
1513866
1513867
1513868
1513869
1513870
1513871
1513907
1513908
1513909
1513911
1513913
1513915
1513916
1513917
1513919
1513921
1513922
1513923
1513924
1513925
1513926
1513928
1513930
1513932
1513933
1513934
1513936
1513937
1513939
1513941
1513943
1513944
1513946
1513982
1513983
1513984
1513985
1513986
1513987
1514039
1514040
1514079
1514118
1514157
1514196
1514197
1514237
1514238
1514276
1514314
1514352
1514384
1514416
1514448
1514480
1514481
1514513
1514545
1514586
1514627
1514668
1514669
1514670
1514671
1514672
1514673
1514674
1514677
1514680
1514681
1514682
1514683
1514686
1514687
1514688
1514689
1514690
1514691
1514692
1514695
1514698
1514699
1514700
1514701
1514702
1514703
1514704
1514707
1514708
1514709
1514712
1514715
1514716
1514717
1514720
1514721
1514722
1514725
1514726
1514729
1514730
1514731
1514732
1514733
1514734
1514735
1514775
1514776
1514816
1514856
1514898
1514900
1514901
1514902
1514903
1514904
1514905
1514906
1514907
1514909
1514911
1514912
1514913
1514914
1514915
1514917
1514919
1514921
1514923
1514925
1514927
1514929
1514930
1514931
1514932
1514934
1514936
1514938
1514939
1514940
1514941
1514943
1514944
1514945
1514946
1514948
1515034
1515035
1515036
1515037
1515042
1515043
1515044
1515045
1515050
1515055
1515056
1515058
1515060
1515062
1515064
1515066
1515068
1515069
1515071
1515073
1515075
1515077
1515079
1515083
1515087
1515088
1515092
1515096
1515097
1515098
1515099
1515100
1515101
1515105
1515106
1515111
1515116
1515118
1515119
1515121
1515123
1515125
1515127
1515129
1515131
1515132
1515134
1515136
1515138
1515142
1515146
1515147
1515151
1515155
1515157
1515158
1515159
1515160
1515162
1515164
1515166
1515168
1515170
1515172
1515174
1515178
1515182
1515187
1515192
1515197
1515202
1515207
1515212
1515213
1515218
1515223
1515228
1515233
1515238
1515243
1515248
1515253
1515258
1515259
1515264
1515265
1515270
1515271
1515276
1515281
1515286
1515287
1515288
1515293
1515298
1515303
1515308
1515309
1515310
1515311
1515312
1515313
1515314
1515315
1515316
1515317
1515318
1515319
1515320
1515376
1515395
1515414
1515415
1515416
1515417
1515418
1515419
1515420
1515421
1515422
1515441
1515442
1515461
1515480
1515481
1515500
1515519
1515520
1515521
1515522
1515523
1515524
1515525
1515526
1515527
1515528
1515529
1515530
1515531
1515532
1515551
1515554
1515555
1515556
1515557
1515558
1515561
1515564
1515565
1515566
1515567
1515570
1515573
1515576
1515579
1515582
1515585
1515588
1515589
1515590
1515593
1515596
1515599
1515602
1515605
1515608
1515611
1515612
1515615
1515618
1515621
1515622
1515625
1515628
1515631
1515634
1515637
1515640
1515643
1515646
1515647
1515648
1515649
1515650
1515651
1515652
1515653
1515674
1515693
1515694
1515695
1515696
1515715
1515734
1515753
1515772
1515773
1515792
1515810
1515811
1515829
1515830
1515848
1515866
1515867
1515868
1515886
1515905
1515906
1515907
1515908
1515909
1515910
1515911
1515912
1515913
1515914
1515915
1515916
1515917
1515918
1515937
1515938
1515939
1515940
1515941
1515942
1515943
1515944
1516025
1516026
1516027
1516028
1516029
1516030
1516090
1516150
1516152
1516154
1516156
1516157
1516159
1516161
1516163
1516164
1516165
1516166
1516167
1516169
1516171
1516172
1516173
1516174
1516175
1516176
1516177
1516178
1516179
1516180
1516181
1516182
1516183
1516184
1516185
1516186
1516187
1516188
1516189
1516190
1516191
1516192
1516193
1516194
1516195
1516196
1516197
1516198
1516199
1516200
1516201
1516202
1516203
1516204
1516205
1516206
1516207
1516208
1516260
1516303
1516347
1516389
1516390
1516432
1516472
1516509
1516546
1516583
1516620
1516657
1516696
1516697
1516698
1516699
1516740
1516774
1516775
1516776
1516777
1516778
1516779
1516813
1516847
1516881
1516914
1516947
1516948
1516980
1517013
1517047
1517048
1517050
1517052
1517054
1517056
1517057
1517059
1517061
1517063
1517065
1517067
1517069
1517071
1517073
1517075
1517077
1517078
1517079
1517080
1517081
1517082
1517083
1517085
1517086
1517087
1517088
1517089
1517091
1517092
1517093
1517094
1517095
1517096
1517152
1517204
1517255
1517306
1517357
1517406
1517458
1517459
1517460
1517529
1517530
1517588
1517646
1517703
1517761
1517819
1517883
1517884
1517885
1517886
1517887
1517888
1517889
1517890
1517891
1517892
1517893
1517894
1517895
1517896
1517897
1517898
1517899
1517900
1517974
1517975
1517976
1518032
1518078
1518125
1518126
1518127
1518128
1518187
1518244
1518245
1518246
1518247
1518248
1518249
1518250
1518251
1518252
1518253
1518311
1518312
1518313
1518314
1518315
1518316
1518317
1518318
1518319
1518320
1518321
1518322
1518323
1518324
1518325
1518326
1518327
1518328
1518446
1518490
1518491
1518492
1518493
1518494
1518495
1518496
1518497
1518498
1518499
1518500
1518501
1518502
1518503
1518504
1518505
1518506
1518507
1518508
1518509
1518554
1518596
1518636
1518676
1518716
1518757
1518798
1518841
1518842
1518843
1518844
1518845
1518846
1518847
1518848
1518849
1518850
1518851
1518852
1518853
1518854
1518905
1518927
1518949
1518950
1518972
1518973
1518974
1518975
1518976
1518977
1518978
1518979
1518980
1518981
1519003
1519004
1519005
1519006
1519028
1519050
1519072
1519096
1519098
1519100
1519102
1519103
1519104
1519105
1519107
1519108
1519110
1519112
1519114
1519116
1519118
1519120
1519122
1519123
1519124
1519125
1519127
1519128
1519130
1519132
1519134
1519136
1519138
1519140
1519142
1519144
1519145
1519147
1519162
1519164
1519166
1519167
1519168
1519169
1519171
1519173
1519175
1519176
1519178
1519179
1519180
1519182
1519184
1519186
1519187
1519189
1519191
1519208
1519225
1519226
1519227
1519228
1519245
1519263
1519281
1519299
1519300
1519301
1519302
1519320
1519321
1519322
1519323
1519357
1519381
1519382
1519383
1519384
1519385
1519386
1519387
1519388
1519389
1519390
1519391
1519392
1519393
1519394
1519395
1519396
1519422
1519448
1519474
1519475
1519476
1519477
1519502
1519503
1519504
1519505
1519506
1519531
1519532
1519533
1519534
1519535
1519561
1519562
1519563
1519564
1519565
1519590
1519615
1519616
1519617
1519618
1519619
1519620
1519621
1519622
1519623
1519648
1519672
1519696
1519726
1519728
1519730
1519732
1519734
1519736
1519738
1519740
1519742
1519744
1519746
1519748
1519750
1519751
1519753
1519755
1519757
1519763
1519769
1519775
1519781
1519782
1519788
1519789
1519790
1519791
1519792
1519793
1519799
1519805
1519806
1519812
1519813
1519819
1519820
1519821
1519822
1519823
1519824
1519825
1519831
1519837
1519843
1519844
1519845
1519846
1519847
1519848
1519849
1519855
1519861
1519867
1519873
1519880
1519881
1519882
1519883
1519884
1519885
1519887
1519889
1519891
1519893
1519894
1519895
1519897
1519899
1519901
1519902
1519909
1519910
1519945
1519946
1519947
1519948
1519949
1519950
1519951
1519953
1519955
1519956
1519958
1519960
1519962
1519964
1519966
1519968
1519970
1519971
1519972
1519974
1519976
1519978
1519979
1519980
1519981
1519982
1519983
1519985
1519986
1519987
1519989
1519991
1519993
1519995
1519997
1519999
1520001
1520048
1520049
1520050
1520051
1520052
1520053
1520065
1520066
1520078
1520079
1520090
1520101
1520102
1520103
1520104
1520105
1520106
1520107
1520108
1520109
1520110
1520111
1520112
1520113
1520114
1520125
1520126
1520127
1520128
1520129
1520130
1520131
1520132
1520138
1520144
1520150
1520156
1520162
1520168
1520169
1520170
1520176
1520182
1520188
1520194
1520195
1520196
1520197
1520203
1520209
1520215
1520216
1520222
1520223
1520224
1520225
1520226
1520227
1520228
1520229
1520230
1520236
1520241
1520246
1520247
1520248
1520253
1520258
1520261
1520264
1520265
1520266
1520267
1520268
1520269
1520270
1520273
1520275
1520276
1520277
1520279
1520281
1520283
1520285
1520287
1520292
1520297
1520298
1520304
1520305
1520306
1520309
1520312
1520313
1520314
1520315
1520316
1520317
1520318
1520319
1520321
1520323
1520325
1520326
1520327
1520330
1520336
1520342
1520343
1520356
1520361
1520366
1520371
1520373
1520375
1520377
1520378
1520379
1520380
1520381
1520383
1520385
1520387
1520389
1520391
1520393
1520395
1520397
1520399
1520401
1520403
1520408
1520409
1520414
1520419
1520424
1520429
1520430
1520435
1520436
1520441
1520446
1520451
1520456
1520461
1520466
1520474
1520481
1520488
1520495
1520502
1520509
1520516
1520523
1520530
1520531
1520534
1520535
1520538
1520539
1520542
1520543
1520544
1520545
1520546
1520547
1520548
1520549
1520552
1520553
1520554
1520555
1520556
1520557
1520558
1520559
1520562
1520563
1520566
1520573
1520574
1520575
1520576
1520577
1520584
1520591
1520599
1520600
1520601
1520608
1520615
1520616
1520617
1520618
1520619
1520620
1520621
1520622
1520623
1520630
1520631
1520632
1520633
1520634
1520635
1520636
1520637
1520638
1520639
1520646
1520653
1520694
1520732
1520733
1520774
1520775
1520813
1520886
1520992
1521053
1521054
1521055
1521058
1521059
1521062
1521065
1521068
1521071
1521074
1521077
1521080
1521081
1521084
1521087
1521090
1521091
1521094
1521095
1521096
1521097
1521100
1521103
1521104
1521107
1521109
1521110
1521111
1521112
1521113
1521114
1521116
1521117
1521118
1521119
1521120
1521123
1521124
1521125
1521126
1521127
1521128
1521130
1521131
1521132
1521133
1521134
1521135
1521138
1521139
1521142
1521145
1521148
1521151
1521154
1521157
1521160
1521163
1521233
1521235
1521237
1521239
1521241
1521242
1521243
1521245
1521247
1521249
1521250
1521251
1521252
1521253
1521254
1521256
1521257
1521258
1521259
1521261
1521263
1521264
1521265
1521267
1521269
1521270
1521272
1521274
1521275
1521277
1521279
1521281
1521282
1521283
1521285
1521287
1521289
1521291
1521292
1521294
1521295
1521296
1521297
1521298
1521299
1521300
1521302
1521304
1521306
1521308
1521309
1521310
1521639
1521640
1521641
1521642
1521643
1521708
1521763
1521818
1521873
1521874
1521928
1521982
1522047
1522048
1522049
1522050
1522051
1522052
1522053
1522054
1522055
1522128
1522129
1522210
1522211
1522212
1522213
1522214
1522215
1522216
1522217
1522301
1522302
1522303
1522304
1522305
1522306
1522307
1522308
1522309
1522310
1522311
1522312
1522313
1522314
1522315
1522316
1522317
1522318
1522319
1522320
1522321
1522322
1522447
1522452
1522453
1522454
1522457
1522458
1522459
1522460
1522461
1522464
1522467
1522470
1522473
1522476
1522479
1522480
1522481
1522482
1522483
1522484
1522489
1522490
1522491
1522492
1522496
1522500
1522504
1522508
1522512
1522516
1522520
1522521
1522525
1522529
1522533
1522537
1522541
1522542
1522543
1522547
1522551
1522555
1522559
1522563
1522564
1522565
1522569
1522573
1522577
1522578
1522579
1522580
1522581
1522585
1522589
1522593
1522597
1522601
1522605
1522606
1522607
1522611
1522615
1522619
1522623
1522676
1522677
1522678
1522679
1522680
1522681
1522682
1522683
1522693
1522694
1522695
1522696
1522697
1522698
1522699
1522700
1522701
1522702
1522703
1522708
1522713
1522714
1522719
1522724
1522729
1522734
1522735
1522736
1522737
1522742
1522747
1522752
1522753
1522758
1522759
1522760
1522761
1522766
1522771
1522772
1522773
1522774
1522775
1522776
1522780
1522782
1522784
1522786
1522787
1522788
1522789
1522790
1522791
1522792
1522794
1522795
1522797
1522799
1522800
1522801
1522805
1522809
1522813
1522814
1522815
1522816
1522817
1522818
1522819
1522820
1522821
1522822
1522823
1522828
1522833
1522835
1522836
1522838
1522840
1522842
1522843
1522845
1522846
1522847
1522848
1522850
1522851
1522852
1522854
1522856
1522858
1522863
1522864
1522865
1522875
1522876
1522877
1522878
1522879
1522880
1522934
1522935
1522936
1522937
1522962
1522970
1522971
1522972
1522973
1522975
1522977
1522978
1522980
1522982
1522983
1522984
1522985
1522986
1522988
1522989
1522990
1522991
1522992
1522994
1522995
1522996
1523004
1523012
1523020
1523028
1523030
1523032
1523033
1523034
1523035
1523037
1523039
1523041
1523042
1523044
1523046
1523047
1523049
1523050
1523051
1523053
1523055
1523057
1523059
1523060
1523068
1523076
1523077
1523078
1523079
1523087
1523095
1523096
1523097
1523105
1523106
1523107
1523115
1523123
1523124
1523125
1523126
1523127
1523135
1523143
1523151
1523159
1523167
1523174
1523175
1523176
1523177
1523178
1523179
1523186
1523193
1523194
1523195
1523196
1523197
1523198
1523222
1523246
1523247
1523248
1523249
1523250
1523251
1523252
1523275
1523276
1523302
1523303
1523304
1523305
1523306
1523307
1523308
1523309
1523310
1523311
1523312
1523319
1523320
1523327
1523330
1523333
1523336
1523339
1523342
1523345
1523348
1523351
1523354
1523357
1523360
1523361
1523362
1523363
1523366
1523369
1523372
1523375
1523378
1523381
1523384
1523387
1523390
1523393
1523396
1523399
1523402
1523409
1523410
1523411
1523412
1523413
1523414
1523415
1523416
1523421
1523426
1523428
1523430
1523432
1523433
1523435
1523437
1523438
1523440
1523442
1523443
1523445
1523447
1523448
1523450
1523452
1523453
1523459
1523465
1523466
1523472
1523478
1523479
1523480
1523481
1523482
1523488
1523494
1523500
1523506
1523507
1523513
1523542
1523549
1523556
1523557
1523564
1523565
1523572
1523579
1523580
1523581
1523582
1523583
1523584
1523591
1523592
1523593
1523594
1523601
1523602
1523603
1523604
1523606
1523608
1523610
1523612
1523614
1523616
1523618
1523620
1523622
1523624
1523626
1523632
1523638
1523645
1523647
1523649
1523651
1523653
1523655
1523657
1523659
1523661
1523663
1523665
1523667
1523669
1523671
1523673
1523675
1523682
1523689
1523690
1523697
1523704
1523711
1523718
1523719
1523726
1523733
1523740
1523741
1523742
1523743
1523750
1523751
1523752
1523753
1523754
1523755
1523756
1523757
1523758
1523759
1523766
1523767
1523768
1523769
1523770
1523771
1523772
1523773
1523774
1523775
1523783
1523790
1523797
1523798
1523806
1523807
1523815
1523816
1523818
1523820
1523822
1523824
1523826
1523828
1523830
1523832
1523834
1523835
1523837
1523839
1523840
1523842
1523844
1523846
1523848
1523849
1523860
1523861
1523864
1523865
1523866
1523867
1523868
1523869
1523872
1523873
1523874
1523875
1523876
1523877
1523878
1523879
1523882
1523885
1523888
1523891
1523894
1523897
1523900
1523903
1523906
1523907
1523908
1523909
1523910
1523913
1523916
1523919
1523922
1523932
1523933
1523936
1523939
1523940
1523941
1523942
1523945
1523948
1523951
1523952
1523953
1523954
1523955
1523956
1523959
1523962
1523963
1523964
1523965
1523966
1523967
1523968
1523971
1523972
1523973
1523974
1523975
1523978
1523979
1523980
1523981
1523982
1523992
1524002
1524003
1524004
1524005
1524006
1524007
1524008
1524009
1524010
1524011
1524021
1524022
1524023
1524025
1524027
1524028
1524029
1524031
1524033
1524035
1524037
1524038
1524040
1524042
1524044
1524045
1524046
1524048
1524050
1524052
1524054
1524056
1524058
1524066
1524067
1524068
1524076
1524084
1524092
1524100
1524108
1524116
1524117
1524118
1524126
1524133
1524140
1524147
1524155
1524163
1524164
1524165
1524166
1524167
1524168
1524169
1524170
1524171
1524172
1524173
1524174
1524175
1524176
1524184
1524192
1524200
1524201
1524202
1524203
1524204
1524212
1524220
1524228
1524236
1524244
1524245
1524253
1524261
1524269
1524277
1524390
1524391
1524392
1524393
1524394
1524395
1524396
1524397
1524398
1524423
1524424
1524425
1524426
1524427
1524452
1524476
1524499
1524522
1524523
1524524
1524548
1524571
1524593
1524615
1524616
1524617
1524618
1524619
1524620
1524621
1524622
1524644
1524666
1524690
1524714
1524738
1524762
1524786
1524810
1524834
1524858
1524886
1524888
1524890
1524892
1524894
1524896
1524898
1524900
1524902
1524904
1524906
1524908
1524910
1524912
1524914
1524916
1524918
1524919
1524921
1524935
1524949
1524963
1524977
1524991
1525005
1525019
1525033
1525047
1525048
1525049
1525050
1525051
1525052
1525053
1525054
1525055
1525056
1525057
1525058
1525059
1525060
1525074
1525087
1525088
1525089
1525102
1525103
1525104
1525105
1525106
1525107
1525108
1525122
1525136
1525137
1525138
1525149
1525160
1525171
1525182
1525193
1525194
1525195
1525196
1525197
1525198
1525199
1525212
1525213
1525214
1525227
1525241
1525245
1525249
1525253
1525254
1525258
1525259
1525260
1525261
1525262
1525263
1525264
1525265
1525266
1525267
1525271
1525272
1525273
1525274
1525275
1525276
1525277
1525278
1525280
1525281
1525282
1525283
1525284
1525285
1525286
1525287
1525291
1525292
1525296
1525297
1525301
1525305
1525309
1525313
1525314
1525315
1525319
1525323
1525327
1525328
1525332
1525336
1525337
1525341
1525345
1525346
1525347
1525348
1525352
1525356
1525360
1525362
1525363
1525365
1525366
1525368
1525370
1525372
1525374
1525376
1525377
1525379
1525383
1525384
1525385
1525386
1525387
1525388
1525389
1525390
1525391
1525392
1525397
1525399
1525401
1525403
1525405
1525407
1525408
1525409
1525411
1525413
1525415
1525417
1525419
1525420
1525421
1525436
1525437
1525438
1525439
1525446
1525453
1525460
1525467
1525474
1525475
1525476
1525477
1525478
1525485
1525486
1525487
1525494
1525495
1525502
1525504
1525505
1525507
1525509
1525511
1525512
1525513
1525514
1525516
1525517
1525518
1525519
1525520
1525521
1525523
1525524
1525526
1525533
1525534
1525535
1525536
1525537
1525538
1525539
1525540
1525541
1525542
1525543
1525544
1525545
1525556
1525566
1525567
1525568
1525569
1525570
1525571
1525582
1525583
1525584
1525585
1525586
1525587
1525588
1525589
1525590
1525591
1525602
1525612
1525613
1525614
1525624
1525639
1525640
1525641
1525642
1525643
1525644
1525645
1525646
1525647
1525648
1525649
1525650
1525651
1525652
1525653
1525664
1525666
1525668
1525669
1525670
1525672
1525673
1525674
1525676
1525678
1525680
1525681
1525683
1525685
1525687
1525689
1525690
1525692
1525706
1525720
1525721
1525722
1525723
1525724
1525725
1525726
1525727
1525728
1525729
1525730
1525731
1525732
1525746
1525760
1525761
1525762
1525763
1525777
1525791
1525805
1525825
1525826
1525827
1525828
1525842
1525843
1525844
1525845
1525846
1525847
1525848
1525849
1525853
1525857
1525861
1525865
1525869
1525873
1525877
1525878
1525879
1525880
1525884
1525888
1525892
1525896
1525900
1525901
1525902
1525903
1525904
1525905
1525911
1525916
1525917
1525918
1525919
1525924
1525925
1525930
1525935
1525941
1525946
1525947
1525948
1525949
1525950
1525951
1525957
1525962
1525967
1525972
1525978
1525984
1525990
1525996
1525997
1525998
1525999
1526001
1526003
1526005
1526007
1526009
1526010
1526011
1526012
1526013
1526014
1526018
1526022
1526023
1526024
1526025
1526026
1526030
1526031
1526032
1526033
1526034
1526035
1526036
1526040
1526041
1526042
1526043
1526044
1526045
1526046
1526047
1526048
1526052
1526056
1526057
1526058
1526062
1526063
1526067
1526068
1526072
1526074
1526075
1526077
1526079
1526081
1526083
1526085
1526087
1526089
1526091
1526093
1526095
1526097
1526099
1526101
1526105
1526106
1526107
1526108
1526109
1526110
1526111
1526112
1526113
1526131
1526141
1526142
1526152
1526162
1526172
1526182
1526192
1526202
1526203
1526204
1526205
1526206
1526207
1526208
1526209
1526210
1526211
1526220
1526229
1526230
1526231
1526232
1526233
1526234
1526235
1526236
1526237
1526238
1526239
1526240
1526241
1526242
1526251
1526260
1526269
1526278
1526287
1526288
1526298
1526307
1526308
1526317
1526318
1526319
1526328
1526337
1526346
1526354
1526362
1526370
1526371
1526379
1526387
1526396
1526405
1526414
1526423
1526424
1526425
1526434
1526443
1526452
1526461
1526462
1526463
1526464
1526467
1526470
1526471
1526474
1526477
1526480
1526481
1526482
1526483
1526484
1526485
1526486
1526489
1526490
1526491
1526492
1526495
1526498
1526499
1526500
1526501
1526502
1526510
1526526
1526527
1526528
1526529
1526530
1526531
1526532
1526559
1526560
1526561
1526562
1526563
1526564
1526565
1526566
1526567
1526568
1526569
1526570
1526597
1526624
1526651
1526821
1526843
1526865
1526887
1526909
1526910
1526911
1526912
1526913
1526914
1526915
1526916
1526941
1526966
1526992
1527019
1527020
1527021
1527048
1527075
1527102
1527129
1527156
1527183
1527213
1527223
1527233
1527243
1527253
1527263
1527273
1527274
1527278
1527282
1527286
1527290
1527294
1527298
1527302
1527303
1527304
1527305
1527309
1527310
1527311
1527312
1527313
1527317
1527321
1527322
1527323
1527324
1527325
1527329
1527330
1527331
1527332
1527333
1527339
1527345
1527351
1527352
1527353
1527354
1527355
1527356
1527357
1527358
1527359
1527360
1527366
1527367
1527368
1527369
1527370
1527371
1527372
1527373
1527374
1527375
1527381
1527382
1527383
1527384
1527385
1527386
1527387
1527388
1527389
1527390
1527391
1527392
1527398
1527399
1527400
1527401
1527402
1527408
1527414
1527420
1527421
1527422
1527428
1527434
1527435
1527436
1527437
1527438
1527439
1527449
1527450
1527451
1527453
1527455
1527457
1527459
1527461
1527463
1527465
1527467
1527469
1527471
1527473
1527475
1527477
1527479
1527480
1527482
1527484
1527501
1527517
1527533
1527549
1527564
1527565
1527581
1527597
1527612
1527627
1527643
1527659
1527675
1527679
1527683
1527687
1527691
1527694
1527695
1527698
1527701
1527704
1527707
1527710
1527711
1527712
1527713
1527716
1527719
1527720
1527721
1527722
1527723
1527724
1527725
1527726
1527729
1527732
1527735
1527738
1527741
1527744
1527747
1527750
1527753
1527756
1527759
1527762
1527765
1527766
1527767
1527770
1527771
1527772
1527775
1527791
1527792
1527794
1527796
1527797
1527798
1527799
1527800
1527801
1527803
1527805
1527807
1527808
1527809
1527810
1527812
1527814
1527816
1527817
1527818
1527820
1527821
1527822
1527823
1527825
1527827
1527841
1527842
1527843
1527844
1527858
1527872
1527886
1527900
1527914
1527928
1527942
1527943
1527944
1527945
1527959
1527960
1527961
1527962
1527963
1527964
1527965
1527966
1527967
1527968
1527969
1527983
1527984
1527985
1527986
1527987
1527988
1527989
1527990
1528004
1528005
1528019
1528020
1528021
1528023
1528025
1528027
1528029
1528030
1528032
1528034
1528036
1528038
1528040
1528041
1528043
1528045
1528047
1528048
1528049
1528063
1528064
1528065
1528066
1528080
1528097
1528098
1528099
1528100
1528101
1528102
1528103
1528104
1528105
1528106
1528107
1528108
1528109
1528110
1528111
1528141
1528164
1528166
1528168
1528170
1528172
1528173
1528174
1528176
1528178
1528180
1528182
1528184
1528186
1528188
1528190
1528192
1528194
1528196
1528198
1528200
1528202
1528203
1528204
1528205
1528206
1528208
1528225
1528231
1528237
1528243
1528249
1528250
1528251
1528257
1528263
1528269
1528275
1528281
1528283
1528284
1528286
1528288
1528290
1528291
1528292
1528294
1528295
1528296
1528298
1528300
1528301
1528303
1528304
1528310
1528316
1528322
1528328
1528330
1528332
1528334
1528335
1528336
1528337
1528338
1528340
1528342
1528344
1528346
1528348
1528350
1528356
1528359
1528362
1528365
1528366
1528367
1528370
1528373
1528376
1528379
1528382
1528383
1528386
1528389
1528392
1528393
1528396
1528399
1528402
1528405
1528463
1528465
1528467
1528469
1528470
1528472
1528473
1528475
1528477
1528479
1528480
1528482
1528484
1528486
1528488
1528489
1528490
1528491
1528492
1528493
1528501
1528506
1528507
1528508
1528509
1528510
1528511
1528512
1528513
1528514
1528515
1528520
1528525
1528530
1528535
1528540
1528541
1528542
1528543
1528548
1528549
1528550
1528551
1528552
1528553
1528558
1528566
1528567
1528568
1528569
1528570
1528571
1528572
1528573
1528574
1528575
1528576
1528577
1528585
1528593
1528597
1528601
1528605
1528609
1528613
1528617
1528621
1528625
1528629
1528633
1528637
1528638
1528639
1528640
1528641
1528642
1528643
1528644
1528648
1528649
1528651
1528652
1528653
1528654
1528655
1528656
1528658
1528660
1528661
1528662
1528663
1528665
1528669
1528755
1528834
1528913
1528914
1528992
1529072
1529146
1529147
1529148
1529149
1529150
1529151
1529152
1529153
1529154
1529220
1529221
1529288
1529343
1529398
1529453
1529508
1529509
1529510
1529511
1529593
1529594
1529596
1529597
1529598
1529599
1529601
1529603
1529605
1529607
1529608
1529609
1529610
1529612
1529614
1529618
1529619
1529623
1529628
1529629
1529630
1529631
1529636
1529637
1529638
1529640
1529642
1529643
1529644
1529646
1529648
1529650
1529652
1529654
1529656
1529661
1529662
1529667
1529672
1529677
1529678
1529679
1529680
1529685
1529690
1529691
1529692
1529693
1529694
1529695
1529699
1529700
1529701
1529702
1529703
1529707
1529711
1529715
1529719
1529723
1529727
1529728
1529729
1529733
1529734
1529735
1529739
1529740
1529741
1529742
1529747
1529749
1529751
1529753
1529755
1529757
1529759
1529761
1529763
1529765
1529767
1529769
1529873
1529875
1529877
1529879
1529881
1529883
1529885
1529886
1529887
1529889
1529891
1529893
1529895
1529896
1529897
1529898
1529899
1529900
1529902
1529903
1529904
1529905
1529906
1529907
1529909
1529911
1529912
1529913
1529915
1529917
1529965
1529966
1529967
1530001
1530035
1530036
1530037
1530038
1530039
1530040
1530041
1530042
1530043
1530044
1530045
1530046
1530047
1530048
1530049
1530084
1530110
1530111
1530112
1530113
1530138
1530163
1530188
1530189
1530190
1530191
1530217
1530243
1530270
1530271
1530272
1530273
1530274
1530275
1530276
1530277
1530278
1530279
1530280
1530307
1530308
1530309
1530310
1530311
1530312
1530346
1530381
1530382
1530383
1530384
1530385
1530386
1530387
1530388
1530389
1530390
1530391
1530392
1530393
1530394
1530395
1530396
1530397
1530440
1530521
1530589
1530590
1530658
1530709
1530710
1530711
1530712
1530713
1530714
1530715
1530716
1530717
1530718
1530772
1530834
1530892
1530950
1530951
1531010
1531080
1531081
1531082
1531083
1531084
1531085
1531086
1531087
1531088
1531089
1531090
1531091
1531092
1531093
1531094
1531122
1531124
1531126
1531128
1531129
1531130
1531131
1531132
1531134
1531136
1531138
1531140
1531142
1531143
1531145
1531147
1531149
1531151
1531153
1531155
1531157
1531159
1531161
1531163
1531165
1531167
1531169
1531171
1531173
1531175
1531177
1531179
1531181
1531182
1531184
1531186
1531188
1531190
1531215
1531216
1531217
1531218
1531219
1531220
1531221
1531222
1531225
1531226
1531227
1531230
1531233
1531236
1531239
1531242
1531243
1531244
1531245
1531246
1531247
1531248
1531249
1531252
1531255
1531258
1531261
1531264
1531265
1531268
1531271
1531274
1531277
1531280
1531283
1531286
1531287
1531290
1531293
1531296
1531297
1531298
1531299
1531300
1531303
1531304
1531305
1531306
1531307
1531310
1531359
1531360
1531361
1531406
1531451
1531496
1531541
1531587
1531630
1531673
1531716
1531760
1531804
1531844
1531845
1531885
1531925
1531965
1532005
1532006
1532046
1532091
1532135
1532174
1532212
1532213
1532214
1532252
1532253
1532299
1532300
1532346
1532347
1532393
1532439
1532484
1532529
1532530
1532531
1532624
1532625
1532626
1532627
1532628
1532629
1532647
1532648
1532649
1532650
1532668
1532669
1532670
1532671
1532672
1532673
1532674
1532675
1532676
1532679
1532680
1532681
1532682
1532683
1532684
1532685
1532686
1532687
1532690
1532691
1532694
1532697
1532700
1532703
1532704
1532705
1532706
1532707
1532708
1532711
1532714
1532717
1532720
1532723
1532726
1532729
1532732
1532735
1532754
1532772
1532773
1532791
1532792
1532810
1532828
1532846
1532847
1532865
1532883
1532902
1532923
1532941
1532959
1532978
1532995
1533013
1533030
1533047
1533064
1533065
1533066
1533067
1533068
1533069
1533070
1533071
1533072
1533073
1533074
1533091
1533092
1533093
1533094
1533095
1533096
1533097
1533098
1533099
1533100
1533116
1533117
1533118
1533119
1533120
1533121
1533122
1533123
1533124
1533142
1533161
1533162
1533163
1533164
1533165
1533166
1533185
1533205
1533206
1533207
1533208
1533209
1533210
1533211
1533212
1533213
1533214
1533215
1533216
1533217
1533218
1533227
1533228
1533229
1533230
1533231
1533239
1533247
1533255
1533263
1533264
1533265
1533266
1533267
1533268
1533269
1533270
1533271
1533272
1533281
1533283
1533285
1533286
1533287
1533289
1533290
1533291
1533293
1533295
1533298
1533301
1533304
1533305
1533306
1533307
1533308
1533309
1533312
1533315
1533318
1533321
1533324
1533327
1533330
1533333
1533336
1533339
1533348
1533349
1533350
1533351
1533355
1533359
1533360
1533364
1533368
1533369
1533370
1533371
1533372
1533373
1533374
1533375
1533379
1533383
1533384
1533385
1533386
1533387
1533388
1533389
1533390
1533391
1533396
1533401
1533402
1533407
1533408
1533409
1533410
1533411
1533412
1533480
1533481
1533482
1533483
1533484
1533485
1533486
1533487
1533488
1533489
1533490
1533491
1533492
1533493
1533494
1533495
1533496
1533497
1533498
1533499
1533500
1533501
1533765
1533766
1533767
1533768
1534041
1534042
1534043
1534044
1534045
1534046
1534047
1534048
1534049
1534050
1534051
1534052
1534053
1534054
1535267
1535268
1535269
1535270
1535271
1535272
1535273
1535274
1535275
1535276
1535277
1535278
1535279
1535280
1535281
1535282
1535283
1535367
1535368
1535370
1535371
1535373
1535375
1535377
1535378
1535380
1535382
1535383
1535385
1535387
1535389
1535391
1535393
1535395
1535397
1535398
1535399
1535400
1535401
1535402
1535403
1535404
1535405
1535475
1535525
1535575
1535625
1535626
1535627
1535628
1535676
1535759
1535760
1535761
1535762
1535763
1535846
1536013
1536171
1536328
1536329
1536330
1536331
1536332
1536333
1536334
1536933
1537165
1537396
1537665
1537666
1537938
1537939
1538206
1538207
1538208
1538209
1538474
1538814
1538886
1538887
1538951
1539021
1539022
1539023
1539093
1539163
1539164
1539165
1539238
1539310
1539382
1539383
1539384
1539385
1539456
1539457
1539458
1539459
1539460
1539461
1539462
1539463
1539559
1540163
1540164
1540165
1540166
1540167
1540168
1540169
1540170
1540171
1540172
1540173
1540174
1540175
1540176
1540177
1540178
1540179
1540180
1540181
1540182
1540183
1540184
1540185
1540186
1540187
1540188
1540189
1540190
1540191
1540192
1540193
1540194
1540195
1540743
1541286
1541287
1541847
1542105
1542106
1542107
1542108
1542109
1542110
1542111
1542112
1542236
1542344
1542345
1542346
1542347
1542348
1542349
1542350
1542351
1542352
1542353
1542354
1542355
1542356
1542357
1542465
1542466
1542467
1542468
1542469
1542470
1542471
1542521
1542522
1542523
1542524
1542525
1542526
1542527
1542600
1543283
1543284
1543312
1543313
1543314
1543315
1543316
1543317
1543318
1543319
1543329
1543330
1543331
1543332
1543333
1543334
1543344
1543345
1543346
1543356
1543358
1543360
1543362
1543364
1543366
1543367
1543368
1543369
1543370
1543372
1543374
1543376
1543378
1543380
1543382
1543392
1543393
1543394
1543395
1543396
1543397
1543398
1543399
1543400
1543401
1543402
1543403
1543404
1543405
1543415
1543417
1543419
1543421
1543422
1543423
1543424
1543425
1543427
1543428
1543429
1543431
1543433
1543434
1543436
1543446
1543485
1543522
1543523
1543524
1543525
1543526
1543563
1543564
1543565
1543566
1543567
1543568
1543569
1543570
1543571
1543572
1543573
1543611
1543652
1543653
1543654
1543659
1543660
1543661
1543662
1543663
1543664
1543665
1543670
1543675
1543680
1543685
1543690
1543695
1543700
1543701
1543706
1543707
1543708
1543709
1543710
1543715
1543720
1543721
1543722
1543723
1543728
1543729
1543730
1543735
1543740
1543742
1543744
1543746
1543747
1543748
1543749
1543751
1543752
1543753
1543754
1543755
1543757
1543759
1543760
1543762
1543764
1543769
1543774
1543779
1543780
1543781
1543782
1543783
1543784
1543785
1543786
1543787
1543797
1543800
1543803
1543806
1543809
1543812
1543815
1543818
1543821
1543824
1543827
1543830
1543833
1543836
1543837
1543838
1543839
1543840
1543841
1543842
1543845
1543846
1543847
1543848
1543851
1543852
1543861
1543862
1543863
1543864
1543873
1543874
1543875
1543876
1543877
1543878
1543879
1543880
1543881
1543882
1543890
1543898
1543899
1543900
1543901
1543902
1543903
1543904
1543905
1543906
1543907
1543915
1543923
1543932
1543941
1543950
1543959
1543968
1543977
1543986
1543987
1543996
1544046
1544047
1544048
1544096
1544144
1544192
1544240
1544289
1544290
1544291
1544292
1544293
1544294
1544295
1544296
1544297
1544298
1544556
1544730
1544904
1545078
1545079
1545080
1545081
1545082
1545083
1545084
1545085
1545086
1545087
1545088
1545089
1545090
1545091
1545092
1545093
1545094
1545095
1545096
1545097
1545098
1545099
1545100
1545101
1545102
1545103
1545104
1545399
1545400
1545401
1545402
1545403
1545404
1545405
1545406
1545511
1545614
1545615
1545719
1545825
1545826
1545827
1545828
1545831
1545833
1545835
1545837
1545839
1545841
1545843
1545845
1545847
1545849
1545851
1545852
1545855
1545856
1545859
1545860
1545861
1545864
1545867
1545872
1545873
1545874
1545880
1545881
1545883
1545885
1545887
1545889
1545890
1545891
1545893
1545895
1545897
1545899
1545901
1545903
1545905
1545908
1545911
1545912
1545918
1545924
1545930
1545931
1545932
1545938
1545944
1545950
1545951
1545957
1545958
1545959
1545960
1545961
1545967
1545973
1545975
1545976
1545977
1545979
1545981
1545983
1545984
1545986
1545987
1545989
1545991
1545992
1545993
1545994
1545996
1545997
1546003
1546006
1546007
1546008
1546009
1546010
1546011
1546012
1546013
1546016
1546019
1546020
1546021
1546022
1546023
1546026
1546029
1546032
1546035
1546038
1553500
1553504
1553505
1553508
1553511
1553514
1553515
1553518
1553519
1553520
1553521
1553522
1553523
1553524
1553525
1553528
1553529
1553530
1553533
1553536
1553540
1553541
1553542
1553543
1553544
1553545
1553546
1553547
1553548
1553549
1553553
1553558
1553559
1553564
1553569
1553570
1553575
1553580
1553585
1553590
1553595
1553600
1553605
1553606
1553607
1553608
1553613
1553618
1553619
1553620
1553621
1553622
1553627
1553632
1553637
1553641
1553642
1553643
1553644
1553648
1553652
1553653
1553654
1553657
1553658
1553659
1553660
1553663
1553665
1553667
1553669
1553671
1553673
1553675
1553677
1553679
1553683
1553687
1553688
1553689
1553690
1553694
1553698
1553703
1553708
1553713
1553718
1553901
1553902
1553903
1553904
1553905
1553906
1553907
1553908
1553909
1553910
1554366
1554371
1554372
1554373
1554374
1554375
1554380
1554385
1554390
1554395
1554396
1554397
1554398
1554399
1554400
1554401
1554406
1554408
1554410
1554411
1554413
1554415
1554417
1554418
1554419
1554421
1554423
1554425
1554429
1554430
1554431
1554432
1554433
1554434
1554438
1554439
1554440
1554444
1554445
1554449
1554450
1554451
1554452
1554453
1554457
1554461
1554465
1554469
1554470
1554474
1554478
1554479
1554483
1554487
1554491
1554492
1554493
1554497
1554498
1554499
1554500
1554501
1554505
1554509
1554511
1554513
1554515
1554517
1554518
1554519
1554521
1554523
1554525
1554527
1554531
1554532
1554533
1554534
1554535
1554539
1554543
1554547
1554548
1554549
1554550
1554551
1554555
1554559
1554563
1554567
1554571
1554575
1554579
1554580
1554581
1554582
1554583
1554587
1554591
1554595
1554599
1554603
1554607
1554611
1554615
1554616
1554617
1554618
1554619
1554682
1554683
1554684
1554685
1554686
1554687
1554688
1554689
1554690
1554691
1554692
1554693
1554694
1554695
1554696
1554697
1554698
1554699
1554701
1554703
1554704
1554706
1554707
1554708
1554747
1554785
1554822
1554859
1554897
1554935
1554973
1555011
1555049
1555087
1555126
1555162
1555198
1555234
1555235
1555236
1555237
1555238
1555239
1555280
1555320
1555359
1555397
1555398
1555436
1555472
1555508
1555509
1555548
1555549
1555550
1555551
1555590
1555632
1555633
1555634
1555635
1555679
1555680
1555681
1555682
1555732
1555733
1555734
1555735
1555736
1555764
1555765
1555791
1555792
1555793
1555794
1555795
1555796
1555797
1555798
1555799
1555800
1555801
1555802
1555803
1555804
1555805
1555831
1555832
1555833
1555834
1555835
1555836
1555837
1555838
1555839
1555840
1555841
1555842
1555868
1555871
1555872
1555873
1555874
1555875
1555876
1555877
1555878
1555879
1555882
1555885
1555888
1555891
1555894
1555897
1555900
1555903
1555904
1555905
1555908
1555911
1555914
1555915
1555918
1555921
1555924
1555927
1555928
1555929
1555930
1555931
1555988
1556026
1556062
1556063
1556064
1556065
1556066
1556067
1556068
1556069
1556070
1556071
1556072
1556108
1556147
1556149
1556151
1556153
1556155
1556156
1556157
1556158
1556160
1556162
1556163
1556164
1556166
1556168
1556170
1556172
1556174
1556176
1556178
1556180
1556182
1556184
1556185
1556187
1556189
1556191
1556193
1556194
1556195
1556196
1556198
1556200
1556202
1556203
1556204
1556205
1556206
1556207
1556209
1556349
1556350
1556351
1556474
1556597
1556723
1556794
1556866
1556867
1556868
1556941
1557020
1557095
1557170
1557171
1557247
1557248
1557249
1557331
1557332
1557333
1557334
1557335
1557336
1557337
1557338
1557460
1557588
1557589
1557590
1557591
1557592
1557593
1557594
1557595
1557596
1557597
1557598
1557599
1557600
1557601
1557602
1557603
1557604
1557605
1557606
1557607
1557608
1557609
1557610
1557775
1557776
1557777
1557778
1557779
1557870
1557940
1557941
1557942
1557943
1557944
1558023
1558169
1558281
1558375
1558376
1558474
1558572
1558687
1558688
1558689
1558690
1558802
1558912
1559027
1559028
1559029
1559151
1559267
1559385
1559433
1559434
1559475
1559476
1559517
1559556
1559557
1559558
1559559
1559560
1559561
1559600
1559640
1559641
1559642
1559643
1559676
1559677
1559678
1559679
1559714
1559753
1559788
1559823
1559858
1559893
1559928
1559963
1559964
1559965
1560004
1560037
1560071
1560105
1560151
1560196
1560197
1560374
1560511
1560650
1560786
1560922
1561054
1561186
1561327
1561328
1561329
1561330
1561331
1561332
1561333
1561334
1561477
1561601
1561713
1561714
1561715
1561716
1561717
1561718
1561828
1561950
1561951
1561952
1561953
1561954
1561955
1562079
1562080
1562081
1562082
1562083
1562084
1562085
1562086
1562087
1562088
1562089
1562090
1562091
1562212
1562213
1562320
1562432
1562433
1562434
1562435
1562436
1562437
1562438
1562439
1562440
1562441
1562442
1562443
1562444
1562445
1562446
1562447
1562448
1563242
1563244
1563245
1563247
1563248
1563250
1563252
1563254
1563256
1563258
1563260
1563262
1563265
1563268
1563271
1563274
1563277
1563280
1563283
1563286
1563289
1563292
1563295
1563296
1563299
1563300
1563303
1563304
1563307
1563310
1563313
1563316
1563317
1563320
1563323
1563324
1563327
1563330
1563345
1563358
1563359
1563360
1563361
1563374
1563375
1563376
1563377
1563378
1563379
1563380
1563382
1563384
1563386
1563388
1563389
1563391
1563394
1563397
1563398
1563401
1563404
1563407
1563410
1563411
1563414
1563417
1563420
1563423
1563424
1563437
1563438
1563439
1563440
1563441
1563442
1563443
1563444
1563457
1563458
1563459
1563460
1563461
1563462
1563463
1563464
1563467
1563470
1563471
1563474
1563477
1563480
1563483
1563486
1563487
1563488
1563491
1563493
1563495
1563496
1563498
1563500
1563502
1563503
1563504
1563505
1563506
1563508
1563511
1563514
1563517
1563520
1563521
1563522
1563523
1563524
1563527
1563539
1563550
1563561
1563562
1563563
1563564
1563565
1563566
1563567
1563568
1563569
1563580
1563581
1563582
1563583
1563584
1563585
1563586
1563591
1563592
1563593
1563594
1563595
1563596
1563597
1563602
1563607
1563612
1563617
1563618
1563619
1563620
1563621
1563622
1563623
1563624
1563625
1563630
1563635
1563636
1563637
1563638
1563639
1563640
1563641
1563646
1563648
1563650
1563652
1563654
1563656
1563657
1563658
1563660
1563662
1563663
1563665
1563667
1563668
1563669
1563673
1563674
1563675
1563676
1563680
1563684
1563688
1563692
1563696
1563700
1563701
1563702
1563703
1563704
1563706
1563708
1563710
1563712
1563714
1563716
1563718
1563722
1563723
1563724
1563725
1563726
1563727
1563728
1563729
1563743
1563744
1563745
1563754
1563756
1563758
1563760
1563761
1563763
1563765
1563766
1563768
1563770
1563772
1563773
1563775
1563777
1563778
1563787
1563796
1563805
1563806
1563807
1563816
1563817
1563826
1563835
1563836
1563837
1563840
1563843
1563846
1563849
1563852
1563853
1563854
1563855
1563856
1563859
1563860
1563861
1563864
1563867
1563870
1563871
1563874
1563877
1563883
1563889
1563895
1563896
1563902
1563908
1563914
1563920
1563921
1563927
1563933
1563934
1563935
1563936
1563945
1563954
1563963
1563972
1563981
1563990
1563999
1564008
1564017
1564026
1564035
1564044
1564053
1564062
1564071
1564079
1564087
1564090
1564093
1564096
1564099
1564102
1564105
1564108
1564109
1564110
1564111
1564112
1564113
1564116
1564117
1564118
1564119
1564122
1564123
1564124
1564125
1564128
1564131
1564132
1564133
1564134
1564137
1564138
1564139
1564140
1564141
1564142
1564145
1564153
1564154
1564155
1564163
1564171
1564179
1564180
1564189
1564197
1564205
1564206
1564207
1564208
1564209
1564210
1564218
1564219
1564227
1564228
1564229
1564230
1564231
1564232
1564233
1564234
1564235
1564236
1564237
1564238
1564247
1564256
1564257
1564258
1564259
1564260
1564261
1564262
1564267
1564268
1564269
1564273
1564274
1564278
1564279
1564280
1564281
1564282
1564283
1564284
1564285
1564286
1564290
1564294
1564295
1564296
1564297
1564298
1564302
1564306
1564310
1564311
1564312
1564313
1564314
1564316
1564318
1564319
1564320
1564321
1564322
1564324
1564370
1564371
1564372
1564373
1564374
1564394
1564395
1564415
1564416
1564436
1564437
1564438
1564458
1564483
1564508
1564530
1564531
1564532
1564533
1564555
1564577
1564578
1564579
1564580
1564581
1564604
1564605
1564606
1564630
1564652
1564653
1564675
1564697
1564698
1564699
1564700
1564701
1564724
1564747
1564770
1564792
1564815
1564816
1564839
1564840
1564843
1564846
1564849
1564852
1564855
1564856
1564857
1564858
1564859
1564862
1564863
1564866
1564869
1564870
1564871
1564874
1564876
1564878
1564880
1564882
1564883
1564884
1564885
1564887
1564889
1564891
1564893
1564896
1564897
1564898
1564926
1564929
1564932
1564935
1564936
1564937
1564938
1564939
1564940
1564943
1564946
1564949
1564952
1564955
1564957
1564958
1564959
1564961
1564963
1564965
1564967
1564968
1564970
1564972
1564975
1564976
1564977
1564978
1564981
1564984
1564985
1564986
1564987
1564988
1564989
1565016
1565043
1565071
1565097
1565098
1565124
1565150
1565176
1565202
1565228
1565254
1565255
1565281
1565282
1565283
1565328
1565333
1565338
1565343
1565348
1565353
1565358
1565363
1565368
1565369
1565370
1565371
1565372
1565373
1565374
1565375
1565380
1565385
1565390
1565395
1565396
1565401
1565402
1565407
1565412
1565413
1565414
1565415
1565416
1565417
1565422
1565427
1565432
1565437
1565438
1565439
1565440
1565445
1565450
1565451
1565454
1565457
1565458
1565461
1565464
1565467
1565468
1565469
1565472
1565475
1565476
1565479
1565482
1565485
1565488
1565491
1565492
1565495
1565500
1565505
1565510
1565511
1565513
1565514
1565516
1565517
1565518
1565520
1565521
1565522
1565524
1565525
1565526
1565528
1565530
1565532
1565534
1565539
1565540
1565541
1565579
1565580
1565581
1565582
1565583
1565684
1565685
1565686
1565695
1565696
1565697
1565698
1565699
1565700
1565701
1565702
1565703
1565704
1565705
1565714
1565723
1565724
1565733
1565734
1565735
1565736
1565737
1565738
1565739
1565740
1565741
1565742
1565743
1565744
1565745
1565746
1565747
1565748
1565749
1565758
1565767
1565776
1565777
1565786
1565795
1565804
1565813
1565822
1565831
1565840
1565849
1565858
1565867
1565869
1565871
1565873
1565875
1565877
1565879
1565881
1565883
1565884
1565885
1565886
1565888
1565890
1565892
1565893
1565894
1565895
1565896
1565898
1565900
1565911
1565912
1565914
1565915
1565916
1565918
1565920
1565921
1565922
1565923
1565925
1565927
1565928
1565929
1565931
1565932
1565933
1565934
1565936
1565937
1565938
1565939
1565940
1565942
1565952
1565962
1565972
1565982
1565983
1565984
1565985
1565986
1565987
1565988
1565989
1565990
1565991
1565992
1565993
1565994
1565995
1566005
1566015
1566025
1566026
1566027
1566028
1566031
1566032
1566033
1566036
1566039
1566040
1566041
1566042
1566045
1566048
1566051
1566053
1566055
1566057
1566058
1566059
1566060
1566061
1566063
1566065
1566075
1566085
1566095
1566096
1566097
1566106
1566116
1566122
1566123
1566124
1566125
1566126
1566127
1566128
1566129
1566130
1566131
1566132
1566133
1566134
1566141
1566142
1566149
1566156
1566157
1566164
1566165
1566166
1566167
1566168
1566169
1566170
1566171
1566178
1566185
1566192
1566199
1566206
1566213
1566219
1566220
1566221
1566222
1566223
1566224
1566225
1566226
1566227
1566228
1566234
1566240
1566245
1566250
1566255
1566256
1566261
1566266
1566271
1566276
1566277
1566282
1566287
1566292
1566293
1566298
1566303
1566308
1566309
1566314
1566319
1566324
1566325
1566326
1566331
1566332
1566333
1566334
1566335
1566336
1566342
1566348
1566354
1566355
1566356
1566362
1566368
1566371
1566372
1566373
1566374
1566375
1566378
1566381
1566382
1566385
1566388
1566391
1566392
1566395
1566397
1566399
1566401
1566403
1566405
1566406
1566407
1566409
1566421
1566433
1566434
1566435
1566447
1566459
1566460
1566461
1566465
1566467
1566469
1566471
1566473
1566475
1566477
1566479
1566481
1566483
1566485
1566489
1566492
1566495
1566498
1566501
1566504
1566505
1566508
1566509
1566512
1566515
1566518
1566521
1566524
1566527
1566530
1566533
1566536
1566537
1566541
1566542
1566543
1566544
1566545
1566546
1566547
1566559
1566560
1566561
1566572
1566573
1566574
1566612
1566635
1566636
1566637
1566638
1566639
1566640
1566641
1566642
1566666
1566667
1566668
1566669
1566671
1566672
1566674
1566676
1566677
1566679
1566680
1566682
1566684
1566685
1566686
1566687
1566689
1566690
1566692
1566693
1566694
1566695
1566718
1566742
1566745
1566746
1566747
1566748
1566751
1566754
1566757
1566758
1566759
1566762
1566765
1566768
1566771
1566774
1566777
1566780
1566783
1566784
1566787
1566790
1566793
1566794
1566797
1566800
1566801
1566804
1566805
1566808
1566811
1566812
1566813
1566814
1566817
1566820
1566823
1566826
1566829
1566832
1566833
1566834
1566835
1566836
1566837
1566840
1566841
1566844
1566847
1566848
1566849
1566871
1566873
1566875
1566877
1566879
1566881
1566883
1566885
1566886
1566888
1566889
1566891
1566893
1566895
1566896
1566897
1566898
1566900
1566902
1566903
1566921
1566923
1566924
1566925
1566927
1566928
1566929
1566931
1566932
1566933
1566935
1566937
1566938
1566939
1566945
1566946
1566947
1566948
1566949
1566950
1566951
1566957
1566963
1566969
1566975
1566981
1566987
1566993
1566999
1567005
1567006
1567007
1567008
1567009
1567015
1567016
1567022
1567028
1567034
1567040
1567045
1567046
1567047
1567048
1567049
1567050
1567055
1567056
1567057
1567058
1567064
1567070
1567076
1567077
1567078
1567079
1567080
1567081
1567082
1567088
1567094
1567100
1567106
1567112
1567118
1567124
1567130
1567136
1567137
1567138
1567139
1567140
1567146
1567152
1567153
1567154
1567155
1567156
1567162
1567168
1567174
1567175
1567176
1567177
1567178
1567179
1567180
1567181
1567182
1567211
1567214
1567217
1567220
1567223
1567226
1567227
1567230
1567231
1567233
1567234
1567236
1567237
1567238
1567239
1567241
1567243
1567246
1567249
1567250
1567251
1567252
1567253
1567254
1567255
1567258
1567261
1567264
1567265
1567268
1567271
1567272
1567273
1567274
1567275
1567278
1567279
1567281
1567283
1567285
1567287
1567289
1567290
1567291
1567292
1567293
1567304
1567307
1567310
1567313
1567316
1567319
1567322
1567325
1567328
1567331
1567334
1567337
1567338
1567339
1567340
1567343
1567346
1567347
1567350
1567351
1567352
1567353
1567354
1567357
1567360
1567361
1567364
1567365
1567368
1567369
1567370
1567371
1567372
1567375
1567386
1567396
1567397
1567398
1567408
1567418
1567428
1567438
1567448
1567458
1567459
1567460
1567461
1567471
1567481
1567483
1567485
1567486
1567487
1567489
1567491
1567493
1567494
1567495
1567497
1567499
1567501
1567502
1567504
1567506
1567508
1567509
1567510
1567511
1567512
1567513
1567514
1567515
1567525
1567526
1567527
1567528
1567529
1567530
1567531
1567532
1567533
1567543
1567553
1567563
1567573
1567583
1567586
1567587
1567588
1567589
1567590
1567591
1567594
1567595
1567598
1567599
1567600
1567603
1567606
1567609
1567612
1567613
1567614
1567615
1567616
1567619
1567620
1567623
1567626
1567629
1567630
1567631
1567632
1567633
1567634
1567637
1567638
1567641
1567642
1567645
1567646
1567656
1567658
1567660
1567661
1567663
1567665
1567666
1567668
1567670
1567671
1567672
1567673
1567675
1567677
1567679
1567681
1567683
1567684
1567685
1567687
1567689
1567691
1567704
1567716
1567717
1567718
1567719
1567720
1567721
1567722
1567723
1567735
1567747
1567761
1567762
1567763
1567764
1567765
1567767
1567768
1567769
1567770
1567771
1567773
1567775
1567777
1567778
1567780
1567782
1567783
1567784
1567786
1567794
1567802
1567810
1567817
1567824
1567825
1567826
1567827
1567828
1567829
1567830
1567831
1567832
1567833
1567834
1567835
1567836
1567843
1567850
1567858
1567865
1567872
1567879
1567880
1567881
1567882
1567883
1567885
1567887
1567889
1567891
1567893
1567895
1567898
1567900
1567902
1567904
1567906
1567908
1567909
1567910
1567911
1567912
1567913
1567920
1567921
1567922
1567929
1567936
1567943
1567944
1567945
1567946
1567947
1567948
1567955
1567962
1567969
1567976
1567983
1567984
1567985
1567986
1567987
1567989
1567991
1567993
1567995
1567997
1567999
1568000
1568001
1568002
1568003
1568005
1568007
1568009
1568025
1568029
1568033
1568037
1568041
1568045
1568047
1568048
1568049
1568050
1568051
1568053
1568055
1568057
1568059
1568061
1568063
1568065
1568070
1568074
1568075
1568079
1568083
1568087
1568091
1568095
1568099
1568103
1568107
1568111
1568112
1568113
1568114
1568115
1568116
1568120
1568122
1568124
1568126
1568128
1568130
1568131
1568133
1568135
1568137
1568139
1568141
1568143
1568144
1568146
1568148
1568152
1568153
1568154
1568155
1568170
1568185
1568186
1568187
1568188
1568203
1568204
1568205
1568206
1568208
1568209
1568210
1568211
1568213
1568215
1568217
1568219
1568221
1568223
1568224
1568226
1568228
1568230
1568232
1568234
1568236
1568238
1568239
1568240
1568255
1568273
1568290
1568306
1568322
1568339
1568341
1568343
1568345
1568346
1568347
1568349
1568351
1568353
1568356
1568359
1568362
1568365
1568368
1568371
1568372
1568373
1568376
1568377
1568378
1568379
1568382
1568383
1568384
1568387
1568388
1568389
1568390
1568391
1568394
1568397
1568398
1568399
1568400
1568403
1568406
1568476
1568521
1568560
1568599
1568600
1568601
1568602
1568641
1568642
1568681
1568682
1568683
1568684
1568685
1568730
1568731
1568732
1568733
1568734
1568735
1568736
1568737
1568738
1568783
1568784
1568785
1568831
1568832
1568833
1568834
1568873
1568912
1568951
1568952
1568953
1568954
1568955
1568994
1568995
1569041
1569042
1569043
1569044
1569083
1569084
1569116
1569148
1569179
1569210
1569242
1569274
1569275
1569331
1569377
1569423
1569469
1569470
1569471
1569517
1569562
1569563
1569564
1569611
1569670
1569672
1569673
1569675
1569677
1569679
1569680
1569682
1569684
1569685
1569687
1569689
1569690
1569691
1569693
1569695
1569697
1569698
1569705
1569712
1569713
1569720
1569721
1569722
1569723
1569724
1569725
1569726
1569733
1569740
1569741
1569748
1569755
1569762
1569769
1569770
1569771
1569772
1569773
1569774
1569775
1569776
1569783
1569790
1569797
1569804
1569811
1569818
1569825
1569826
1569828
1569830
1569832
1569834
1569836
1569838
1569840
1569841
1569843
1569844
1569846
1569847
1569849
1569850
1569852
1569854
1569856
1569858
1569866
1569867
1569868
1569869
1569870
1569873
1569874
1569877
1569880
1569883
1569886
1569889
1569892
1569893
1569894
1569897
1569900
1569901
1569902
1569903
1569905
1569907
1569909
1569911
1569913
1569973
1569974
1569975
1569976
1569977
1569978
1569979
1569980
1569981
1569982
1569983
1569987
1569991
1569992
1569993
1569994
1569995
1569996
1569997
1569998
1569999
1570000
1570004
1570008
1570009
1570013
1570017
1570021
1570025
1570029
1570033
1570037
1570041
1570045
1570049
1570050
1570051
1570052
1570056
1570057
1570058
1570059
1570063
1570064
1570065
1570066
1570067
1570071
1570075
1570079
1570080
1570081
1570083
1570085
1570086
1570088
1570090
1570092
1570093
1570094
1570095
1570096
1570097
1570098
1570102
1570106
1570110
1570114
1570115
1570121
1570127
1570128
1570129
1570130
1570131
1570132
1570138
1570139
1570140
1570141
1570142
1570148
1570154
1570160
1570166
1570172
1570178
1570179
1570180
1570181
1570182
1570183
1570184
1570185
1570186
1570192
1570194
1570196
1570198
1570199
1570200
1570202
1570203
1570204
1570205
1570206
1570207
1570209
1570210
1570211
1570215
1570217
1570219
1570221
1570222
1570224
1570226
1570228
1570230
1570232
1570234
1570236
1570237
1570243
1570244
1570245
1570251
1570252
1570308
1570309
1570310
1570311
1570312
1570313
1570314
1570315
1570316
1570317
1570390
1570391
1570398
1570405
1570412
1570413
1570420
1570421
1570429
1570436
1570443
1570450
1570451
1570452
1570453
1570454
1570461
1570468
1570475
1570482
1570489
1570496
1570503
1570510
1570517
1570518
1570520
1570521
1570523
1570525
1570527
1570529
1570530
1570531
1570533
1570534
1570536
1570537
1570539
1570540
1570547
1570554
1570562
1570569
1570576
1570583
1570584
1570585
1570586
1570587
1570588
1570589
1570590
1570591
1570598
1570605
1570612
1570614
1570616
1570617
1570618
1570619
1570620
1570622
1570624
1570626
1570627
1570629
1570631
1570633
1570634
1570635
1570636
1570637
1570639
1570646
1570653
1570660
1570661
1570662
1570663
1570670
1570671
1570672
1570673
1570674
1570675
1570676
1570677
1570678
1570685
1570686
1570687
1570688
1570689
1570690
1570691
1570692
1570693
1570700
1570707
1570708
1570709
1570710
1570711
1570712
1570713
1570714
1570715
1570716
1570717
1570718
1570725
1570732
1570734
1570736
1570738
1570739
1570741
1570743
1570744
1570745
1570746
1570747
1570748
1570750
1570752
1570753
1570755
1570757
1570758
1570759
1570760
1570761
1570763
1570765
1570825
1570826
1570884
1570938
1570939
1570994
1570995
1571049
1571105
1571159
1571200
1571241
1571282
1571323
1571432
1571434
1571436
1571438
1571440
1571442
1571444
1571446
1571447
1571448
1571450
1571452
1571453
1571454
1571455
1571456
1571457
1571458
1571460
1571462
1571464
1571466
1571468
1571470
1571471
1571472
1571474
1571476
1571478
1571480
1571482
1571483
1571484
1571485
1571487
1571489
1571491
1571493
1571494
1571496
1571497
1571498
1571499
1571500
1571502
1571503
1571504
1571505
1571565
1571567
1571569
1571570
1571572
1571574
1571576
1571578
1571580
1571582
1571584
1571585
1571586
1571588
1571590
1571592
1571594
1571595
1571597
1571599
1571601
1571602
1571604
1571606
1571608
1571619
1571620
1571631
1571632
1571633
1571634
1571635
1571636
1571637
1571638
1571639
1571640
1571641
1571642
1571643
1571644
1571645
1571646
1571647
1571658
1571667
1571668
1571669
1571670
1571671
1571672
1571673
1571674
1571675
1571676
1571685
1571686
1571687
1571688
1571689
1571691
1571692
1571693
1571694
1571695
1571697
1571699
1571700
1571701
1571702
1571704
1571706
1571707
1571709
1571711
1571713
1571715
1571716
1571718
1571719
1571720
1571721
1571722
1571724
1571726
1571735
1571744
1571745
1571746
1571747
1571748
1571749
1571750
1571751
1571752
1571762
1571763
1571765
1571766
1571767
1571769
1571770
1571772
1571773
1571774
1571775
1571776
1571778
1571779
1571780
1571781
1571782
1571786
1571787
1571789
1571791
1571793
1571794
1571795
1571797
1571798
1571799
1571800
1571802
1571803
1571804
1571805
1571806
1571810
1571814
1571818
1571822
1571826
1571827
1571831
1571835
1571848
1571849
1571850
1571851
1571852
1571853
1571854
1571855
1571867
1571877
1571887
1571897
1571907
1571917
1571918
1571929
1571939
1571940
1571941
1571942
1571943
1571944
1571945
1571946
1571947
1571948
1571959
1571970
1571981
1571992
1571993
1571994
1572005
1572016
1572028
1572040
1572041
1572042
1572043
1572044
1572056
1572068
1572080
1572092
1572104
1572116
1572128
1572140
1572152
1572185
1572214
1572242
1572270
1572271
1572299
1572328
1572329
1572330
1572331
1572360
1572389
1572418
1572419
1572420
1572421
1572422
1572450
1572451
1572452
1572453
1572481
1572482
1572483
1572484
1572485
1572486
1572487
1572488
1572489
1572490
1572491
1572521
1572524
1572527
1572530
1572531
1572532
1572533
1572534
1572537
1572540
1572541
1572544
1572547
1572549
1572550
1572552
1572553
1572555
1572557
1572559
1572560
1572562
1572565
1572568
1572571
1572574
1572577
1572580
1572581
1572582
1572583
1572586
1572587
1572588
1572589
1572590
1572591
1572594
1572595
1572596
1572599
1572600
1572601
1572604
1572607
1572610
1572613
1572616
1572619
1572622
1572625
1572628
1572631
1572634
1572635
1572636
1572637
1572641
1572642
1572643
1572644
1572645
1572706
1572711
1572716
1572721
1572726
1572731
1572732
1572737
1572742
1572743
1572744
1572745
1572746
1572747
1572748
1572753
1572754
1572755
1572756
1572757
1572758
1572759
1572764
1572765
1572766
1572767
1572768
1572769
1572771
1572773
1572775
1572777
1572779
1572781
1572783
1572787
1572788
1572792
1572796
1572800
1572801
1572802
1572806
1572810
1572814
1572818
1572822
1572826
1572830
1572831
1572832
1572833
1572834
1572838
1572842
1572846
1572850
1572878
1572879
1572880
1572881
1572884
1572885
1572888
1572889
1572892
1572895
1572898
1572899
1572902
1572905
1572908
1572911
1572914
1572917
1572918
1572921
1572924
1572927
1572930
1572931
1572932
1572933
1572936
1572939
1572940
1572941
1572942
1572943
1572944
1572947
1572948
1572949
1572950
1572953
1572956
1572959
1572962
1572963
1572964
1572967
1572970
1572973
1572974
1572975
1572976
1572977
1572978
1572981
1572984
1572987
1572990
1573016
1573017
1573018
1573019
1573020
1573024
1573025
1573026
1573027
1573028
1573032
1573036
1573040
1573043
1573046
1573049
1573050
1573053
1573056
1573059
1573062
1573065
1573068
1573071
1573072
1573075
1573078
1573079
1573086
1573092
1573098
1573099
1573100
1573101
1573102
1573103
1573104
1573105
1573106
1573107
1573108
1573109
1573115
1573116
1573117
1573118
1573119
1573120
1573127
1573128
1573129
1573130
1573131
1573132
1573133
1573134
1573135
1573136
1573137
1573138
1573144
1573151
1573158
1573159
1573161
1573162
1573164
1573165
1573167
1573169
1573170
1573171
1573172
1573174
1573175
1573176
1573183
1573185
1573187
1573189
1573191
1573193
1573194
1573196
1573198
1573199
1573201
1573202
1573203
1573205
1573207
1573209
1573211
1573212
1573220
1573228
1573236
1573237
1573245
1573253
1573261
1573268
1573273
1573274
1573276
1573278
1573279
1573280
1573282
1573284
1573286
1573287
1573288
1573290
1573291
1573292
1573293
1573294
1573296
1573298
1573299
1573304
1573309
1573310
1573311
1573312
1573313
1573314
1573315
1573316
1573317
1573322
1573323
1573324
1573325
1573326
1573331
1573336
1573337
1573338
1573343
1573349
1573354
1573359
1573364
1573369
1573374
1573379
1573384
1573389
1573421
1573422
1573423
1573424
1573428
1573432
1573433
1573436
1573439
1573440
1573443
1573444
1573447
1573449
1573451
1573453
1573455
1573457
1573459
1573462
1573463
1573467
1573471
1573475
1573479
1573483
1573484
1573488
1573492
1573496
1573497
1573498
1573502
1573506
1573507
1573508
1573509
1573510
1573514
1573518
1573519
1573520
1573521
1573522
1573523
1573524
1573528
1573544
1573560
1573562
1573564
1573566
1573568
1573570
1573571
1573572
1573574
1573575
1573577
1573579
1573581
1573583
1573585
1573587
1573588
1573589
1573591
1573593
1573595
1573596
1573598
1573600
1573602
1573603
1573604
1573622
1573623
1573624
1573625
1573626
1573627
1573628
1573629
1573634
1573635
1573636
1573637
1573642
1573643
1573644
1573645
1573650
1573655
1573660
1573661
1573665
1573666
1573667
1573668
1573669
1573670
1573674
1573678
1573679
1573680
1573681
1573682
1573686
1573687
1573688
1573689
1573690
1573691
1573692
1573693
1573697
1573701
1573705
1573709
1573714
1573715
1573716
1573717
1573718
1573719
1573720
1573721
1573726
1573727
1573728
1573729
1573734
1573735
1573740
1573745
1573750
1573755
1573760
1573765
1573766
1573767
1573768
1573769
1573770
1573771
1573776
1573777
1573778
1573779
1573793
1573794
1573795
1573796
1573797
1573798
1573799
1573800
1573801
1573802
1573803
1573804
1573805
1573806
1573807
1573808
1573822
1573823
1573824
1573847
1573848
1573849
1573867
1573871
1573875
1573878
1573881
1573882
1573883
1573884
1573885
1573889
1573890
1573891
1573892
1573896
1573897
1573901
1573902
1573903
1573904
1573905
1573906
1573907
1573908
1573912
1573913
1573917
1573918
1573919
1573923
1573924
1573928
1573932
1573933
1573934
1573938
1573939
1573943
1573947
1573951
1573955
1573959
1573963
1573964
1573965
1573966
1573967
1573968
1573969
1573970
1573971
1573972
1573991
1574010
1574011
1574030
1574031
1574050
1574069
1574088
1574107
1574126
1574145
1574165
1574166
1574167
1574168
1574169
1574170
1574171
1574172
1574173
1574174
1574175
1574176
1574177
1574178
1574179
1574287
1574288
1574289
1574290
1574291
1574292
1574293
1574294
1574295
1574296
1574297
1574298
1574299
1574300
1574301
1574302
1574303
1574363
1574365
1574366
1574367
1574369
1574370
1574371
1574373
1574374
1574376
1574378
1574380
1574382
1574384
1574386
1574388
1574390
1574392
1574394
1574396
1574397
1574399
1574401
1574403
1574404
1574405
1574406
1574408
1574410
1574412
1574413
1574414
1574415
1574455
1574466
1574467
1574468
1574469
1574470
1574471
1574472
1574473
1574474
1574475
1574486
1574497
1574508
1574519
1574530
1574531
1574542
1574553
1574564
1574569
1574571
1574572
1574573
1574574
1574576
1574577
1574578
1574579
1574580
1574581
1574583
1574585
1574587
1574592
1574593
1574594
1574599
1574605
1574609
1574610
1574614
1574616
1574618
1574620
1574622
1574624
1574626
1574627
1574628
1574630
1574632
1574634
1574636
1574638
1574640
1574644
1574645
1574646
1574647
1574653
1574654
1574659
1574665
1574666
1574667
1574668
1574674
1574677
1574680
1574681
1574682
1574683
1574686
1574688
1574690
1574692
1574694
1574696
1574698
1574700
1574701
1574702
1574703
1574704
1574707
1574708
1574716
1574717
1574725
1574726
1574727
1574728
1574729
1574732
1574735
1574738
1574741
1574744
1574747
1574750
1574753
1574756
1574759
1574762
1574765
1574768
1574771
1574772
1574773
1574776
1574779
1574780
1574781
1574784
1574787
1574795
1574800
1574805
1574806
1574811
1574816
1574821
1574826
1574831
1574836
1574841
1574846
1574851
1574856
1574861
1574866
1574867
1574872
1574877
1574878
1574879
1574880
1574881
1574882
1574887
1574892
1574897
1574898
1574899
1574900
1574901
1574902
1574903
1574904
1574905
1574906
1574907
1574908
1574909
1574917
1574918
1574919
1574920
1574927
1574928
1574929
1574930
1574931
1574932
1574939
1574946
1574953
1574960
1574961
1574963
1574964
1574966
1574968
1574969
1574971
1574973
1574975
1574977
1574979
1574981
1574983
1574984
1574985
1574986
1574987
1574989
1574997
1574998
1574999
1575000
1575001
1575002
1575003
1575004
1575005
1575014
1575022
1575023
1575031
1575039
1575047
1575049
1575050
1575052
1575054
1575055
1575057
1575059
1575061
1575063
1575065
1575068
1575069
1575070
1575071
1575072
1575075
1575078
1575081
1575082
1575083
1575084
1575085
1575088
1575091
1575094
1575097
1575098
1575099
1575100
1575103
1575106
1575109
1575162
1575163
1575164
1575172
1575180
1575188
1575196
1575197
1575198
1575206
1575207
1575215
1575223
1575231
1575239
1575247
1575255
1575263
1575264
1575265
1575266
1575267
1575268
1575269
1575270
1575271
1575272
1575277
1575278
1575281
1575284
1575287
1575290
1575293
1575294
1575296
1575298
1575300
1575302
1575304
1575306
1575307
1575308
1575310
1575312
1575314
1575317
1575318
1575326
1575334
1575342
1575350
1575358
1575366
1575374
1575375
1575376
1575377
1575385
1575393
1575394
1575395
1575398
1575399
1575400
1575403
1575406
1575407
1575408
1575409
1575410
1575411
1575412
1575413
1575414
1575417
1575418
1575421
1575422
1575423
1575424
1575425
1575426
1575427
1575428
1575453
1575455
1575457
1575458
1575459
1575460
1575462
1575464
1575466
1575468
1575470
1575472
1575474
1575475
1575477
1575479
1575481
1575482
1575484
1575486
1575488
1575490
1575492
1575494
1575496
1575497
1575498
1575499
1575524
1575525
1575526
1575528
1575529
1575530
1575532
1575534
1575535
1575536
1575537
1575538
1575539
1575540
1575542
1575546
1575547
1575548
1575549
1575550
1575554
1575555
1575559
1575563
1575567
1575571
1575575
1575579
1575583
1575584
1575585
1575589
1575598
1575607
1575616
1575625
1575626
1575627
1575628
1575637
1575646
1575655
1575656
1575657
1575658
1575660
1575662
1575664
1575666
1575668
1575670
1575672
1575673
1575674
1575675
1575679
1575680
1575682
1575684
1575686
1575688
1575690
1575691
1575692
1575693
1575695
1575696
1575697
1575698
1575702
1575703
1575707
1575708
1575734
1575742
1575750
1575751
1575759
1575767
1575768
1575776
1575784
1575793
1575801
1575802
1575803
1575811
1575815
1575816
1575817
1575818
1575819
1575823
1575827
1575831
1575835
1575839
1575843
1575847
1575851
1575855
1575859
1575863
1575867
1575868
1575869
1575873
1575877
1575881
1575882
1575883
1575884
1575885
1575886
1575887
1575891
1575893
1575895
1575896
1575897
1575899
1575900
1575901
1575902
1575903
1575904
1575907
1575910
1575911
1575912
1575913
1575916
1575932
1575947
1575948
1575949
1575950
1575951
1575952
1575953
1575954
1575955
1575956
1575957
1575958
1575959
1575974
1575975
1575991
1575992
1576007
1576008
1576009
1576010
1576011
1576012
1576013
1576014
1576015
1576016
1576017
1576018
1576019
1576020
1576036
1576038
1576040
1576041
1576043
1576045
1576047
1576048
1576049
1576051
1576052
1576053
1576054
1576055
1576057
1576059
1576060
1576062
1576063
1576065
1576067
1576068
1576069
1576070
1576072
1576073
1576092
1576110
1576128
1576130
1576132
1576134
1576136
1576137
1576139
1576140
1576141
1576142
1576143
1576144
1576146
1576147
1576148
1576149
1576150
1576151
1576153
1576155
1576156
1576157
1576158
1576159
1576160
1576178
1576196
1576197
1576198
1576199
1576200
1576201
1576202
1576203
1576204
1576205
1576206
1576207
1576208
1576209
1576210
1576211
1576229
1576248
1576249
1576250
1576251
1576252
1576253
1576254
1576255
1576276
1576278
1576280
1576282
1576283
1576284
1576285
1576286
1576287
1576289
1576290
1576292
1576293
1576294
1576295
1576296
1576297
1576299
1576301
1576303
1576305
1576306
1576308
1576310
1576312
1576314
1576316
1576344
1576345
1576346
1576347
1576348
1576349
1576350
1576354
1576355
1576359
1576360
1576361
1576362
1576363
1576367
1576371
1576375
1576379
1576383
1576384
1576385
1576389
1576393
1576397
1576401
1576405
1576409
1576411
1576413
1576415
1576417
1576419
1576421
1576423
1576425
1576427
1576429
1576430
1576431
1576435
1576439
1576440
1576442
1576444
1576446
1576447
1576448
1576450
1576451
1576453
1576455
1576457
1576461
1576462
1576466
1576470
1576474
1576478
1576482
1576483
1576487
1576491
1576495
1576499
1576501
1576503
1576505
1576507
1576509
1576510
1576512
1576514
1576515
1576516
1576517
1576519
1576523
1576527
1576531
1576536
1576541
1576545
1576549
1576553
1576554
1576555
1576556
1576560
1576561
1576563
1576564
1576566
1576568
1576570
1576572
1576573
1576574
1576576
1576577
1576578
1576580
1576585
1576590
1576595
1576596
1576600
1576602
1576603
1576605
1576607
1576609
1576611
1576612
1576613
1576614
1576617
1576620
1576623
1576626
1576629
1576630
1576631
1576632
1576633
1576717
1576761
1576805
1576849
1576850
1576851
1576852
1576857
1576862
1576867
1576868
1576869
1576870
1576875
1576876
1576881
1576884
1576887
1576888
1576889
1576890
1576891
1576892
1576893
1576894
1576895
1576898
1576901
1576904
1576905
1576906
1576907
1576910
1576911
1576912
1576913
1576914
1576915
1576916
1576919
1576922
1576925
1576926
1576927
1576930
1576933
1576936
1576939
1576942
1576943
1576944
1576947
1576950
1576953
1576956
1576959
1576962
1576963
1576964
1576965
1576966
1576967
1576970
1576971
1576974
1576977
1576978
1576979
1576980
1576983
1576986
1576989
1576992
1576995
1576997
1576998
1577000
1577001
1577003
1577005
1577007
1577009
1577011
1577014
1577015
1577018
1577077
1577125
1577171
1577217
1577263
1577309
1577310
1577311
1577312
1577361
1577410
1577411
1577412
1577413
1577414
1577415
1577416
1577417
1577418
1577420
1577421
1577422
1577423
1577424
1577426
1577428
1577430
1577432
1577434
1577436
1577438
1577440
1577442
1577444
1577446
1577448
1577497
1577498
1577499
1577500
1577501
1577502
1577503
1577515
1577526
1577537
1577548
1577559
1577569
1577579
1577589
1577599
1577609
1577619
1577620
1577630
1577640
1577650
1577660
1577670
1577680
1577690
1577701
1577705
1577709
1577713
1577714
1577715
1577716
1577717
1577718
1577719
1577723
1577727
1577731
1577735
1577739
1577740
1577741
1577742
1577745
1577748
1577749
1577752
1577755
1577758
1577761
1577764
1577767
1577770
1577773
1577776
1577777
1577778
1577779
1577780
1577783
1577786
1577789
1577792
1577796
1577800
1577804
1577808
1577812
1577816
1577828
1577829
1577830
1577841
1577852
1577863
1577864
1577865
1577866
1577867
1577878
1577890
1577891
1577903
1577915
1577927
1577928
1577929
1577941
1577953
1577965
1577977
1577989
1578001
1578013
1578025
1578029
1578031
1578033
1578035
1578036
1578037
1578039
1578041
1578042
1578044
1578046
1578048
1578050
1578052
1578056
1578057
1578058
1578059
1578060
1578061
1578062
1578063
1578064
1578065
1578069
1578073
1578074
1578077
1578080
1578083
1578084
1578087
1578088
1578089
1578090
1578091
1578092
1578093
1578096
1578099
1578102
1578105
1578109
1578141
1578169
1578170
1578198
1578226
1578254
1578282
1578283
1578311
1578339
1578340
1578369
1578370
1578371
1578372
1578373
1578401
1578429
1578457
1578458
1578486
1578514
1578544
1578545
1578546
1578547
1578548
1578549
1578550
1578551
1578552
1578553
1578554
1578555
1578556
1578557
1578558
1578559
1578560
1578561
1578562
1578563
1578564
1578594
1578624
1578654
1578683
1578684
1578685
1578686
1578687
1578716
1578745
1578774
1578803
1578870
1578874
1578875
1578879
1578883
1578887
1578891
1578895
1578899
1578900
1578904
1578905
1578906
1578907
1578908
1578909
1578910
1578911
1578912
1578913
1578914
1578918
1578919
1578920
1578921
1578925
1578929
1578933
1578934
1578935
1578936
1578937
1578938
1578942
1578943
1578944
1578948
1578949
1578950
1578951
1578952
1578953
1578954
1578955
1578959
1578963
1578964
1578965
1578966
1578978
1578979
1578987
1578989
1578990
1578991
1578993
1578994
1578995
1578997
1578999
1579001
1579003
1579005
1579006
1579007
1579009
1579011
1579013
1579015
1579017
1579019
1579021
1579023
1579025
1579027
1579029
1579031
1579033
1579041
1579042
1579050
1579057
1579064
1579070
1579076
1579082
1579088
1579094
1579100
1579106
1579112
1579118
1579124
1579130
1579136
1579142
1579149
1579150
1579151
1579152
1579153
1579154
1579155
1579156
1579164
1579165
1579166
1579167
1579168
1579169
1579176
1579177
1579178
1579179
1579180
1579181
1579182
1579183
1579184
1579185
1579186
1579187
1579188
1579189
1579197
1579205
1579206
1579207
1579208
1579209
1579212
1579213
1579216
1579219
1579222
1579225
1579226
1579229
1579232
1579235
1579238
1579241
1579244
1579247
1579250
1579253
1579256
1579259
1579260
1579263
1579264
1579267
1579430
1579431
1579446
1579447
1579448
1579449
1579450
1579451
1579462
1579473
1579484
1579495
1579507
1579508
1579512
1579516
1579520
1579524
1579528
1579530
1579532
1579534
1579535
1579536
1579537
1579539
1579541
1579543
1579545
1579546
1579547
1579548
1579552
1579553
1579554
1579555
1579556
1579560
1579561
1579562
1579566
1579568
1579570
1579571
1579572
1579573
1579574
1579576
1579578
1579580
1579582
1579584
1579585
1579597
1579598
1579599
1579600
1579601
1579602
1579603
1579604
1579605
1579606
1579607
1579608
1579609
1579623
1579624
1579625
1579626
1579627
1579628
1579629
1579630
1579631
1579632
1579633
1579634
1579635
1579636
1579637
1579653
1579667
1579681
1579695
1579696
1579710
1579725
1579740
1579756
1579772
1579773
1579788
1579804
1579821
1579827
1579828
1579829
1579830
1579836
1579837
1579843
1579844
1579845
1579851
1579857
1579858
1579859
1579865
1579871
1579872
1579873
1579874
1579875
1579876
1579877
1579878
1579879
1579880
1579881
1579882
1579889
1579890
1579891
1579892
1579893
1579894
1579895
1579901
1579902
1579903
1579904
1579905
1579906
1579907
1579913
1579914
1579921
1579922
1579923
1579924
1579925
1579926
1579927
1579928
1579936
1579937
1579944
1579945
1579952
1579953
1579954
1579962
1579963
1579964
1579965
1579966
1579967
1579982
1579983
1579984
1579985
1579999
1580013
1580014
1580015
1580016
1580017
1580018
1580019
1580020
1580021
1580022
1580023
1580024
1580025
1580026
1580027
1580028
1580029
1580043
1580057
1580071
1580085
1580099
1580114
1580129
1580130
1580131
1580146
1580161
1580164
1580167
1580168
1580169
1580170
1580173
1580176
1580179
1580180
1580183
1580184
1580187
1580190
1580191
1580192
1580193
1580196
1580197
1580198
1580199
1580202
1580205
1580206
1580209
1580212
1580215
1580218
1580221
1580224
1580227
1580230
1580233
1580248
1580261
1580274
1580287
1580300
1580313
1580326
1580339
1580340
1580341
1580354
1580355
1580356
1580357
1580358
1580359
1580373
1580374
1580375
1580376
1580377
1580378
1580379
1580380
1580381
1580382
1580383
1580384
1580385
1580400
1580414
1580415
1580416
1580417
1580431
1580432
1580433
1580434
1580449
1580525
1580528
1580531
1580534
1580535
1580536
1580537
1580540
1580543
1580546
1580549
1580552
1580553
1580556
1580559
1580562
1580565
1580568
1580569
1580570
1580571
1580572
1580575
1580576
1580577
1580578
1580581
1580584
1580587
1580590
1580591
1580594
1580597
1580598
1580601
1580604
1580607
1580610
1580612
1580614
1580616
1580618
1580620
1580622
1580624
1580626
1580628
1580630
1580633
1580634
1580637
1580640
1580671
1580682
1580687
1580692
1580693
1580694
1580699
1580704
1580709
1580714
1580715
1580720
1580721
1580726
1580728
1580730
1580732
1580734
1580736
1580738
1580739
1580740
1580742
1580743
1580744
1580746
1580751
1580753
1580755
1580756
1580758
1580760
1580762
1580763
1580764
1580765
1580766
1580767
1580769
1580770
1580772
1580777
1580782
1580787
1580788
1580789
1580790
1580791
1580792
1580797
1580799
1580801
1580802
1580804
1580806
1580808
1580809
1580811
1580813
1580814
1580815
1580816
1580818
1580819
1580820
1580821
1580826
1580827
1580828
1580829
1580830
1580831
1580836
1580841
1580846
1580851
1580856
1580861
1580862
1580867
1580878
1580879
1580880
1580881
1580891
1580892
1580893
1580894
1580895
1580896
1580897
1580898
1580899
1580900
1580908
1580909
1580910
1580911
1580912
1580913
1580914
1580922
1580923
1580924
1580925
1580926
1580927
1580928
1580929
1580930
1580931
1580932
1580933
1580941
1580949
1580957
1580965
1580973
1580981
1580989
1580997
1581004
1581011
1581018
1581025
1581032
1581033
1581041
1581049
1581050
1581051
1581052
1581053
1581054
1581062
1581095
1581096
1581097
1581103
1581109
1581115
1581121
1581122
1581123
1581124
1581125
1581126
1581127
1581133
1581134
1581135
1581136
1581137
1581138
1581144
1581150
1581156
1581162
1581168
1581169
1581170
1581171
1581177
1581183
1581189
1581190
1581191
1581192
1581193
1581194
1581200
1581206
1581212
1581218
1581224
1581225
1581232
1581239
1581240
1581241
1581242
1581249
1581251
1581253
1581255
1581257
1581259
1581261
1581263
1581265
1581267
1581268
1581270
1581272
1581273
1581274
1581276
1581278
1581279
1581280
1581285
1581290
1581291
1581292
1581297
1581302
1581303
1581304
1581305
1581306
1581307
1581308
1581309
1581310
1581311
1581318
1581320
1581322
1581324
1581326
1581328
1581329
1581330
1581332
1581334
1581336
1581338
1581340
1581341
1581343
1581345
1581346
1581348
1581350
1581352
1581360
1581363
1581366
1581369
1581372
1581373
1581374
1581375
1581376
1581379
1581380
1581383
1581384
1581385
1581386
1581388
1581389
1581390
1581391
1581393
1581396
1581399
1581402
1581403
1581404
1581405
1581406
1581407
1581408
1581409
1581431
1581452
1581473
1581474
1581475
1581476
1581477
1581478
1581479
1581480
1581481
1581482
1581486
1581487
1581488
1581492
1581493
1581494
1581495
1581496
1581497
1581498
1581499
1581503
1581507
1581511
1581515
1581519
1581523
1581527
1581531
1581535
1581536
1581540
1581544
1581545
1581549
1581553
1581554
1581558
1581562
1581566
1581570
1581574
1581578
1581582
1581586
1581587
1581588
1581589
1581593
1581597
1581609
1581610
1581615
1581620
1581621
1581626
1581627
1581628
1581629
1581630
1581631
1581632
1581637
1581638
1581639
1581640
1581641
1581642
1581643
1581644
1581645
1581646
1581650
1581651
1581655
1581656
1581657
1581658
1581662
1581666
1581670
1581674
1581678
1581683
1581688
1581689
1581690
1581695
1581738
1581764
1581777
1581778
1581791
1581792
1581793
1581794
1581795
1581796
1581797
1581798
1581808
1581818
1581819
1581820
1581821
1581822
1581832
1581842
1581843
1581853
1581854
1581864
1581874
1581884
1581894
1581895
1581905
1581915
1581925
1581935
1581945
1581946
1581947
1581948
1581949
1581950
1581951
1581952
1581961
1581962
1581963
1581964
1581965
1581966
1581967
1581976
1581985
1581986
1581995
1582004
1582005
1582014
1582015
1582024
1582033
1582034
1582035
1582036
1582045
1582054
1582055
1582056
1582060
1582061
1582062
1582066
1582068
1582070
1582072
1582074
1582076
1582077
1582078
1582080
1582082
1582083
1582084
1582086
1582090
1582091
1582095
1582099
1582103
1582104
1582105
1582109
1582113
1582117
1582121
1582125
1582129
1582130
1582134
1582143
1582144
1582145
1582146
1582150
1582154
1582158
1582159
1582163
1582167
1582168
1582169
1582170
1582174
1582175
1582176
1582180
1582184
1582188
1582190
1582192
1582194
1582196
1582198
1582200
1582202
1582204
1582206
1582208
1582210
1582214
1582218
1582222
1582226
1582227
1582228
1582229
1582230
1582234
1582235
1582236
1582237
1582238
1582239
1582240
1582241
1582249
1582257
1582258
1582259
1582267
1582275
1582283
1582320
1582342
1582364
1582365
1582366
1582367
1582368
1582369
1582370
1582371
1582372
1582373
1582395
1582396
1582397
1582400
1582403
1582406
1582407
1582408
1582409
1582410
1582413
1582416
1582419
1582422
1582423
1582424
1582425
1582428
1582429
1582432
1582435
1582436
1582437
1582438
1582439
1582440
1582441
1582442
1582443
1582446
1582447
1582448
1582449
1582450
1582451
1582453
1582454
1582455
1582456
1582458
1582460
1582462
1582472
1582473
1582474
1582475
1582476
1582477
1582478
1582479
1582480
1582481
1582482
1582483
1582492
1582493
1582496
1582499
1582500
1582501
1582502
1582503
1582504
1582505
1582506
1582507
1582510
1582511
1582512
1582513
1582514
1582515
1582518
1582521
1582524
1582527
1582528
1582531
1582532
1582535
1582538
1582539
1582540
1582541
1582542
1582543
1582546
1582555
1582580
1582581
1582582
1582583
1582584
1582585
1582586
1582587
1582588
1582589
1582590
1582591
1582592
1582593
1582594
1582610
1582626
1582627
1582628
1582644
1582645
1582661
1582676
1582691
1582706
1582707
1582708
1582709
1582710
1582711
1582712
1582713
1582714
1582715
1582716
1582717
1582718
1582733
1582748
1582763
1582778
1582779
1582780
1582796
1582797
1582798
1582799
1582800
1582801
1582808
1582809
1582810
1582811
1582812
1582813
1582820
1582827
1582828
1582835
1582836
1582843
1582850
1582851
1582852
1582853
1582854
1582855
1582856
1582863
1582870
1582877
1582879
1582881
1582883
1582884
1582886
1582888
1582889
1582890
1582892
1582894
1582896
1582898
1582900
1582902
1582908
1582910
1582911
1582912
1582913
1582914
1582915
1582917
1582919
1582920
1582921
1582922
1582924
1582925
1582926
1582927
1582934
1582940
1582941
1582948
1582949
1582950
1582970
1582972
1582974
1582976
1582978
1582980
1582982
1582984
1582986
1582988
1582990
1582991
1582992
1582997
1582998
1583003
1583008
1583013
1583014
1583015
1583016
1583017
1583018
1583023
1583024
1583025
1583030
1583035
1583040
1583041
1583046
1583051
1583052
1583053
1583054
1583056
1583058
1583060
1583061
1583063
1583065
1583066
1583068
1583070
1583071
1583072
1583074
1583076
1583092
1583093
1583095
1583096
1583097
1583098
1583099
1583100
1583102
1583103
1583105
1583106
1583107
1583108
1583110
1583112
1583114
1583116
1583118
1583120
1583122
1583123
1583124
1583125
1583127
1583128
1583129
1583160
1583191
1583192
1583193
1583194
1583195
1583196
1583197
1583198
1583202
1583203
1583204
1583207
1583209
1583211
1583212
1583213
1583214
1583216
1583218
1583220
1583221
1583222
1583223
1583226
1583227
1583230
1583233
1583236
1583239
1583242
1583245
1583246
1583249
1583250
1583253
1583256
1583257
1583258
1583261
1583262
1583263
1583264
1583265
1583266
1583267
1583270
1583271
1583275
1583279
1583283
1583287
1583288
1583289
1583293
1583326
1583327
1583328
1583329
1583333
1583336
1583339
1583342
1583345
1583348
1583351
1583352
1583353
1583354
1583355
1583358
1583361
1583362
1583363
1583364
1583365
1583369
1583370
1583371
1583372
1583376
1583379
1583382
1583385
1583386
1583387
1583390
1583391
1583392
1583395
1583396
1583397
1583400
1583403
1583404
1583405
1583406
1583407
1583408
1583409
1583410
1583411
1583412
1583415
1583438
1583455
1583472
1583473
1583474
1583491
1583492
1583493
1583494
1583496
1583498
1583499
1583500
1583501
1583502
1583503
1583504
1583506
1583508
1583510
1583511
1583513
1583515
1583516
1583518
1583520
1583521
1583522
1583523
1583525
1583527
1583529
1583531
1583532
1583534
1583536
1583559
1583560
1583572
1583584
1583585
1583586
1583587
1583599
1583611
1583614
1583617
1583620
1583621
1583622
1583623
1583624
1583625
1583626
1583627
1583630
1583632
1583634
1583636
1583638
1583640
1583642
1583643
1583644
1583646
1583648
1583649
1583650
1583652
1583654
1583656
1583657
1583658
1583660
1583662
1583663
1583664
1583666
1583679
1583680
1583681
1583682
1583683
1583684
1583697
1583710
1583711
1583712
1583725
1583740
1583755
1583756
1583757
1583758
1583772
1583786
1583787
1583801
1583815
1583829
1583830
1583831
1583832
1583846
1583860
1583861
1583875
1583876
1583877
1583878
1583879
1583880
1583881
1583882
1583883
1583884
1583885
1583900
1583901
1583902
1583903
1583904
1583905
1583906
1583907
1583908
1583914
1583920
1583926
1583932
1583938
1583944
1583950
1583956
1583962
1583968
1583974
1583980
1583986
1583992
1583998
1583999
1584000
1584006
1584008
1584010
1584011
1584012
1584014
1584016
1584018
1584020
1584022
1584024
1584026
1584028
1584029
1584032
1584033
1584034
1584035
1584036
1584037
1584038
1584039
1584042
1584048
1584049
1584055
1584061
1584062
1584068
1584074
1584075
1584076
1584077
1584078
1584084
1584090
1584091
1584097
1584103
1584109
1584110
1584116
1584118
1584120
1584121
1584122
1584124
1584126
1584128
1584130
1584132
1584134
1584136
1584137
1584139
1584141
1584142
1584144
1584160
1584174
1584175
1584176
1584177
1584178
1584179
1584180
1584194
1584195
1584209
1584222
1584235
1584247
1584248
1584249
1584261
1584272
1584273
1584274
1584286
1584298
1584299
1584300
1584301
1584302
1584303
1584304
1584320
1584335
1584350
1584365
1584380
1584395
1584410
1584411
1584412
1584427
1584442
1584443
1584468
1584481
1584486
1584487
1584492
1584493
1584494
1584499
1584500
1584501
1584502
1584503
1584504
1584505
1584506
1584507
1584512
1584517
1584522
1584527
1584529
1584531
1584533
1584534
1584536
1584538
1584540
1584542
1584544
1584546
1584548
1584550
1584555
1584560
1584565
1584570
1584571
1584572
1584580
1584583
1584584
1584587
1584588
1584589
1584590
1584591
1584592
1584595
1584598
1584601
1584604
1584607
1584608
1584609
1584612
1584615
1584618
1584621
1584624
1584627
1584628
1584631
1584634
1584635
1584636
1584647
1584648
1584649
1584662
1584674
1584675
1584676
1584679
1584682
1584685
1584686
1584687
1584688
1584689
1584690
1584691
1584692
1584694
1584696
1584697
1584698
1584699
1584700
1584701
1584702
1584704
1584706
1584707
1584708
1584710
1584711
1584712
1584713
1584737
1584756
1584757
1584776
1584777
1584778
1584779
1584780
1584781
1584782
1584783
1584842
1584844
1584846
1584847
1584849
1584850
1584852
1584853
1584854
1584856
1584858
1584860
1584862
1584864
1584866
1584867
1584868
1584869
1584870
1584871
1584873
1584875
1584877
1584885
1584888
1584891
1584894
1584897
1584900
1584903
1584906
1584909
1584910
1584913
1584914
1584915
1584918
1584921
1584924
1584927
1584930
1584933
1584936
1584939
1584942
1584943
1584944
1584945
1584946
1584947
1584948
1584956
1584964
1584965
1584973
1584981
1584982
1584983
1584984
1584985
1584986
1584987
1584988
1584989
1584990
1584998
1585006
1585007
1585008
1585009
1585010
1585011
1585012
1585020
1585021
1585022
1585023
1585024
1585025
1585026
1585027
1585028
1585029
1585030
1585031
1585068
1585069
1585070
1585071
1585085
1585086
1585087
1585088
1585089
1585090
1585091
1585092
1585106
1585116
1585117
1585118
1585119
1585120
1585121
1585131
1585132
1585133
1585134
1585144
1585154
1585161
1585162
1585163
1585164
1585165
1585166
1585174
1585182
1585189
1585196
1585197
1585204
1585211
1585218
1585219
1585220
1585221
1585222
1585223
1585230
1585237
1585244
1585245
1585252
1585253
1585254
1585255
1585256
1585258
1585260
1585262
1585264
1585266
1585268
1585270
1585272
1585273
1585275
1585282
1585289
1585296
1585303
1585310
1585317
1585324
1585331
1585332
1585333
1585334
1585335
1585342
1585343
1585344
1585345
1585346
1585347
1585350
1585351
1585352
1585353
1585354
1585355
1585358
1585359
1585360
1585361
1585362
1585363
1585368
1585369
1585370
1585375
1585376
1585377
1585378
1585379
1585380
1585381
1585382
1585383
1585384
1585385
1585386
1585387
1585392
1585393
1585398
1585403
1585408
1585413
1585418
1585426
1585435
1585436
1585437
1585438
1585439
1585443
1585447
1585451
1585452
1585453
1585454
1585455
1585459
1585463
1585467
1585471
1585472
1585476
1585477
1585478
1585479
1585480
1585481
1585482
1585483
1585487
1585491
1585495
1585499
1585503
1585507
1585508
1585509
1585510
1585511
1585512
1585513
1585517
1585521
1585525
1585529
1585533
1585537
1585538
1585539
1585540
1585541
1585542
1585543
1585544
1585548
1585549
1585550
1585551
1585552
1585553
1585557
1585561
1585567
1585569
1585571
1585573
1585575
1585577
1585578
1585579
1585581
1585583
1585585
1585586
1585588
1585589
1585590
1585591
1585641
1585647
1585648
1585654
1585660
1585666
1585667
1585668
1585669
1585670
1585671
1585672
1585673
1585679
1585680
1585681
1585682
1585683
1585684
1585685
1585686
1585689
1585692
1585693
1585694
1585695
1585696
1585697
1585698
1585699
1585700
1585701
1585704
1585707
1585710
1585713
1585716
1585719
1585720
1585721
1585724
1585725
1585726
1585732
1585734
1585735
1585737
1585739
1585741
1585742
1585743
1585744
1585745
1585746
1585747
1585749
1585751
1585752
1585753
1585754
1585755
1585757
1585758
1585759
1585760
1585761
1585769
1585770
1585771
1585772
1585773
1585774
1585781
1585782
1585783
1585784
1585785
1585786
1585787
1585788
1585789
1585797
1585805
1585815
1585817
1585819
1585820
1585821
1585822
1585823
1585825
1585827
1585828
1585829
1585830
1585831
1585832
1585834
1585836
1585838
1585840
1585842
1585844
1585846
1585860
1585866
1585867
1585868
1585869
1585870
1585872
1585874
1585876
1585878
1585880
1585881
1585882
1585883
1585885
1585886
1585887
1585888
1585890
1585892
1585898
1585900
1585902
1585904
1585906
1585908
1585910
1585911
1585912
1585914
1585916
1585918
1585919
1585920
1585921
1585922
1585927
1585928
1585929
1585930
1585931
1585932
1585933
1585938
1585939
1585943
1585947
1585951
1585952
1585956
1585960
1585961
1585962
1585963
1585964
1585965
1585966
1585967
1585968
1585973
1585974
1585975
1585976
1585977
1585978
1585983
1585995
1585997
1585998
1585999
1586000
1586001
1586002
1586003
1586005
1586006
1586007
1586009
1586011
1586012
1586013
1586015
1586016
1586018
1586020
1586021
1586023
1586025
1586027
1586029
1586045
1586050
1586055
1586060
1586061
1586066
1586067
1586068
1586069
1586070
1586071
1586072
1586073
1586078
1586083
1586084
1586085
1586086
1586087
1586088
1586089
1586094
1586099
1586104
1586105
1586106
1586107
1586108
1586109
1586114
1586115
1586117
1586118
1586119
1586120
1586122
1586123
1586125
1586126
1586128
1586130
1586131
1586136
1586141
1586146
1586147
1586148
1586149
1586150
1586151
1586152
1586168
1586169
1586170
1586171
1586185
1586199
1586213
1586227
1586241
1586255
1586269
1586270
1586271
1586272
1586273
1586274
1586275
1586276
1586277
1586278
1586279
1586280
1586281
1586282
1586283
1586296
1586297
1586298
1586299
1586300
1586301
1586302
1586303
1586304
1586305
1586306
1586307
1586308
1586309
1586310
1586323
1586324
1586325
1586327
1586329
1586330
1586331
1586333
1586334
1586335
1586337
1586339
1586341
1586343
1586345
1586347
1586349
1586351
1586353
1586368
1586369
1586370
1586371
1586372
1586373
1586374
1586375
1586376
1586377
1586378
1586379
1586380
1586381
1588440
1588587
1588588
1588735
1588882
1589033
1589185
1589186
1589187
1589188
1589189
1589190
1589191
1589192
1589193
1589194
1589195
1589196
1589197
1589198
1589199
1589200
1589201
1589202
1589203
1589204
1589205
1589368
1589369
1589370
1589371
1589372
1589373
1589374
1589375
1589376
1589377
1589380
1589383
1589386
1589389
1589392
1589393
1589394
1589397
1589398
1589399
1589400
1589403
1589404
1589405
1589406
1589407
1589410
1589413
1589416
1589419
1589420
1589421
1589422
1589423
1589424
1589425
1589428
1589431
1589434
1589435
1589438
1589439
1589442
1589443
1589444
1589445
1589446
1589447
1589448
1589449
1589450
1589453
1589456
1589457
1589458
1589459
1589460
1589463
1589466
1589469
1589471
1589472
1589474
1589475
1589477
1589479
1589481
1589483
1589485
1589486
1589489
1589492
1589493
1589494
1589495
1589496
1589497
1589498
1589499
1589502
1589505
1589508
1589509
1589510
1589514
1589517
1589520
1589523
1589526
1589527
1589528
1589529
1589530
1589531
1589532
1589533
1589534
1589537
1589540
1589541
1589545
1589549
1589553
1589554
1589555
1589556
1589557
1589561
1589565
1589569
1589573
1589577
1589581
1589585
1589589
1589593
1589597
1589772
1589773
1589774
1589775
1589776
1589838
1589871
1589903
1589904
1589905
1589906
1589907
1589908
1589940
1589972
1590004
1590036
1590077
1590119
1590120
1590121
1590122
1590123
1590124
1590125
1590126
1590168
1590202
1590236
1590270
1590303
1590304
1590305
1590306
1590307
1590308
1590309
1590310
1590311
1590341
1590479
1590480
1590481
1590482
1590483
1590484
1590485
1590625
1590726
1590822
1590823
1590824
1590825
1590920
1591016
1591106
1591107
1591108
1591109
1591110
1591191
1591271
1591366
1591461
1591559
1592376
1592514
1592652
1592653
1592654
1592655
1592656
1592657
1592658
1592659
1592660
1592661
1592662
1592800
1592939
1593083
1593084
1593085
1593086
1593087
1593088
1593089
1593090
1593091
1593092
1593236
1593342
1593448
1593449
1593554
1593663
1593664
1593665
1593666
1593667
1593668
1593669
1593670
1593671
1593672
1593673
1593776
1593777
1593880
1593971
1594050
1594158
1594159
1594160
1594161
1594162
1594163
1594164
1594165
1594166
1594167
1594168
1594169
1594170
1594171
1594172
1594173
1594408
1594409
1594410
1594411
1594412
1594413
1594416
1594417
1594420
1594421
1594424
1594427
1594430
1594433
1594436
1594439
1594442
1594445
1594448
1594451
1594454
1594457
1594458
1594461
1594464
1594465
1594466
1594467
1594468
1594469
1594477
1594485
1594486
1594487
1594488
1594489
1594497
1594505
1594506
1594507
1594508
1594509
1594517
1594525
1594533
1594541
1594549
1594557
1594558
1594566
1594574
1594575
1594576
1594577
1594585
1594586
1594587
1594588
1594596
1594604
1594612
1594620
1594628
1594629
1594637
1594638
1594646
1594653
1594660
1594661
1594662
1594663
1594664
1594671
1594672
1594673
1594674
1594675
1594676
1594677
1594678
1594685
1594692
1594699
1594706
1594713
1594720
1594727
1594734
1594741
1594748
1594755
1594762
1594763
1594764
1594765
1594766
1594767
1594768
1594769
1594776
1594783
1594785
1594787
1594789
1594791
1594793
1594795
1594797
1594798
1594800
1594802
1594804
1594806
1594807
1594809
1594811
1594818
1594825
1594832
1594833
1594834
1594841
1594848
1594849
1594850
1594851
1594852
1594853
1594854
1594855
1594856
1594857
1594858
1594865
1594866
1594867
1594868
1594869
1594870
1594871
1594872
1594878
1594881
1594882
1594883
1594884
1594887
1594890
1594893
1594894
1594895
1594896
1594897
1594900
1594903
1594906
1594909
1594912
1594915
1594916
1594917
1594918
1594919
1594920
1594921
1594922
1594928
1594929
1594930
1594931
1594932
1594933
1594934
1594935
1594936
1594937
1594938
1594939
1594944
1594949
1594950
1594951
1594952
1594957
1594962
1594967
1594968
1594969
1594970
1594971
1594972
1594977
1594982
1594983
1594984
1594985
1594990
1594991
1594992
1594993
1594994
1594995
1594996
1595001
1595006
1595011
1595013
1595015
1595017
1595019
1595020
1595021
1595023
1595025
1595027
1595028
1595029
1595030
1595031
1595033
1595035
1595037
1595042
1595044
1595046
1595048
1595050
1595051
1595053
1595055
1595057
1595059
1595061
1595063
1595068
1595072
1595073
1595074
1595078
1595082
1595086
1595087
1595091
1595095
1595099
1595100
1595104
1595108
1595112
1595115
1595116
1595117
1595120
1595123
1595126
1595132
1595133
1595135
1595137
1595139
1595141
1595143
1595145
1595147
1595149
1595151
1595153
1595155
1595157
1595158
1595159
1595161
1595163
1595164
1595169
1595170
1595171
1595172
1595173
1595174
1595175
1595181
1595182
1595183
1595184
1595185
1595186
1595187
1595188
1595367
1595369
1595371
1595373
1595375
1595376
1595378
1595380
1595381
1595383
1595385
1595387
1595388
1595389
1595390
1595391
1595393
1595395
1595396
1595397
1595398
1595400
1595401
1595402
1595404
1595405
1595407
1595409
1595444
1595445
1595446
1595447
1595448
1595449
1595482
1595515
1595550
1595551
1595552
1595553
1595554
1595555
1595556
1595557
1595558
1595559
1595560
1595561
1595562
1595563
1595564
1595565
1595566
1596386
1596387
1596388
1596389
1596390
1596394
1596398
1596400
1596401
1596402
1596404
1596406
1596408
1596410
1596411
1596412
1596414
1596415
1596416
1596420
1596424
1596428
1596429
1596433
1596434
1596438
1596442
1596446
1596450
1596451
1596452
1596453
1596454
1596455
1596459
1596463
1596467
1596471
1596475
1596479
1596483
1596487
1596489
1596491
1596493
1596495
1596497
1596498
1596499
1596501
1596502
1596503
1596504
1596505
1596506
1596507
1596511
1596515
1596519
1596523
1596527
1596531
1596535
1596536
1596537
1596538
1596539
1596540
1596597
1596651
1596704
1596757
1596758
1596812
1596866
1596920
1596972
1597025
1597026
1597081
1597082
1597083
1597134
1597182
1597230
1597278
1597326
1597379
1597444
1597508
1597560
1597561
1597562
1597563
1597564
1597565
1597566
1597567
1597568
1597569
1597619
1597620
1597621
1597672
1597722
1597827
1597828
1597829
1597830
1597831
1597832
1597833
1597834
1597835
1597836
1597837
1597909
1597911
1597913
1597915
1597916
1597917
1597918
1597919
1597920
1597921
1597922
1597924
1597926
1597927
1597928
1597930
1597932
1597934
1597935
1597936
1597937
1597938
1597939
1597941
1597943
1597944
1597945
1597946
1597948
1597949
1597950
1597952
1597954
1597955
1597956
1597957
1597958
1597960
1598000
1598088
1598168
1598242
1598243
1598310
1598311
1598377
1598378
1598446
1598515
1598516
1598582
1598651
1598722
1598793
1598874
1598955
1599036
1599116
1599353
1599354
1599355
1599356
1599357
1599358
1599359
1599360
1599362
1599363
1599365
1599367
1599368
1599369
1599370
1599371
1599372
1599373
1599374
1599375
1599376
1599377
1599378
1599379
1599380
1599381
1599382
1599383
1599639
1599640
1599642
1599644
1599645
1599646
1599648
1599649
1599650
1599652
1599653
1599654
1599655
1599657
1599659
1599660
1599661
1599662
1599663
1599664
1599665
1599666
1599668
1599674
1599675
1599676
1599677
1599678
1599679
1599680
1599681
1599688
1599689
1599694
1599695
1599696
1599697
1599698
1599699
1599700
1599701
1599704
1599707
1599708
1599709
1599710
1599713
1599716
1599717
1599718
1599719
1599720
1599723
1599728
1599733
1599734
1599735
1599736
1599737
1599742
1599747
1599752
1599753
1599754
1599759
1599764
1599765
1599766
1599767
1599768
1599769
1599774
1599779
1599784
1599789
1599794
1599796
1599797
1599798
1599799
1599800
1599801
1599802
1599803
1599804
1599805
1599806
1599807
1599812
1599817
1599818
1599820
1599822
1599824
1599825
1599826
1599828
1599830
1599832
1599834
1599836
1599837
1599839
1599840
1599842
1599847
1599848
1599849
1599850
1599851
1599852
1599853
1599858
1599859
1599860
1599861
1599862
1599869
1599876
1599877
1599883
1599889
1599895
1599896
1599902
1599908
1599914
1599920
1599926
1599927
1599928
1599929
1599930
1599931
1599932
1599933
1599934
1599940
1599946
1599952
1599953
1599959
1599965
1599966
1599989
1600004
1600005
1600006
1600007
1600008
1600009
1600010
1600011
1600025
1600039
1600053
1600068
1600081
1600094
1600107
1600108
1600109
1600110
1600111
1600112
1600125
1600138
1600151
1600164
1600177
1600178
1600179
1600180
1600181
1600182
1600183
1600184
1600187
1600188
1600189
1600190
1600191
1600192
1600193
1600194
1600197
1600198
1600199
1600200
1600203
1600206
1600207
1600208
1600211
1600214
1600217
1600218
1600219
1600220
1600221
1600224
1600225
1600226
1600229
1600244
1600245
1600246
1600247
1600248
1600249
1600250
1600265
1600280
1600295
1600310
1600311
1600317
1600318
1600324
1600330
1600336
1600342
1600348
1600349
1600355
1600361
1600367
1600368
1600374
1600380
1600386
1600392
1600393
1600394
1600395
1600401
1600402
1600403
1600404
1600405
1600406
1600407
1600408
1600409
1600410
1600411
1600412
1600413
1600419
1600420
1600426
1600432
1600438
1600444
1600445
1600447
1600449
1600451
1600453
1600455
1600457
1600458
1600460
1600461
1600463
1600465
1600470
1600471
1600472
1600473
1600474
1600475
1600476
1600477
1600478
1600483
1600488
1600489
1600490
1600495
1600499
1600500
1600501
1600502
1600506
1600511
1600516
1600517
1600518
1600519
1600520
1600521
1600522
1600523
1600524
1600525
1600526
1600548
1600549
1600550
1600551
1600552
1600553
1600554
1600555
1600556
1600557
1600575
1600580
1600585
1600586
1600587
1600592
1600593
1600594
1600595
1600600
1600604
1600608
1600612
1600616
1600620
1600624
1600628
1600632
1600636
1600640
1600641
1600642
1600643
1600644
1600645
1600646
1600647
1600648
1600649
1600653
1600654
1600655
1600656
1600658
1600659
1600661
1600663
1600664
1600666
1600667
1600669
1600671
1600673
1600675
1600679
1600681
1600683
1600685
1600687
1600688
1600690
1600691
1600693
1600694
1600695
1600696
1600697
1600698
1600699
1600700
1600704
1600708
1600712
1600716
1600717
1600722
1600723
1600724
1600725
1600726
1600732
1600737
1600742
1600743
1600744
1600745
1600746
1600747
1600748
1600753
1600754
1600756
1600758
1600759
1600761
1600763
1600764
1600765
1600766
1600767
1600769
1600771
1600772
1600774
1600775
1600776
1600777
1600778
1600787
1600795
1600803
1600804
1600805
1600806
1600807
1600815
1600816
1600824
1600825
1600833
1600841
1600842
1600843
1600851
1600852
1600860
1600868
1600876
1600877
1600885
1600886
1600895
1600897
1600899
1600901
1600903
1600905
1600906
1600907
1600908
1600909
1600910
1600912
1600914
1600916
1600917
1600953
1600957
1600961
1600965
1600969
1600973
1600974
1600975
1600976
1600977
1600981
1600982
1600983
1600987
1600988
1600992
1600996
1601000
1601004
1601006
1601008
1601009
1601010
1601011
1601012
1601013
1601015
1601016
1601018
1601020
1601022
1601026
1601027
1601028
1601029
1601030
1601034
1601038
1601042
1601046
1601047
1601048
1601051
1601054
1601055
1601056
1601057
1601060
1601061
1601062
1601063
1601064
1601067
1601068
1601071
1601075
1601079
1601083
1601113
1601114
1601115
1601116
1601117
1601118
1601119
1601120
1601121
1601122
1601123
1601124
1601125
1601126
1601127
1601128
1601129
1601130
1601131
1601152
1601153
1601154
1601155
1601156
1601157
1601158
1601159
1601178
1601179
1601198
1601217
1601236
1601237
1601238
1601239
1601240
1601259
1601260
1601279
1601298
1601317
1601336
1601355
1601374
1601375
1601376
1601377
1601398
1601401
1601404
1601407
1601408
1601409
1601412
1601415
1601418
1601420
1601422
1601424
1601426
1601428
1601429
1601430
1601431
1601433
1601434
1601437
1601438
1601441
1601444
1601448
1601449
1601450
1601451
1601452
1601453
1601454
1601455
1601456
1601457
1601461
1601462
1601465
1601466
1601469
1601472
1601475
1601476
1601479
1601482
1601485
1601486
1601487
1601488
1601489
1601492
1601495
1601524
1601526
1601528
1601530
1601532
1601533
1601534
1601535
1601536
1601538
1601540
1601541
1601542
1601544
1601545
1601546
1601547
1601548
1601550
1601552
1601553
1601555
1601557
1601558
1601559
1601560
1601561
1601562
1601563
1601565
1601567
1601569
1601571
1601573
1601575
1601615
1601650
1601651
1601686
1601721
1601755
1601790
1601824
1601858
1601859
1601860
1601861
1601896
1601931
1601932
1601966
1602000
1602035
1602071
1602095
1602096
1602097
1602098
1602099
1602100
1602101
1602102
1602103
1602104
1602131
1602132
1602133
1602134
1602135
1602136
1602137
1602138
1602139
1602140
1602141
1602142
1602143
1602144
1602145
1602146
1602175
1602205
1602206
1602207
1602208
1602209
1602210
1602211
1602212
1602213
1602214
1602218
1602219
1602220
1602221
1602222
1602223
1602227
1602228
1602232
1602236
1602237
1602238
1602239
1602240
1602241
1602242
1602243
1602244
1602245
1602249
1602253
1602254
1602255
1602259
1602261
1602263
1602265
1602266
1602268
1602270
1602272
1602274
1602276
1602278
1602291
1602292
1602293
1602295
1602296
1602298
1602299
1602300
1602302
1602303
1602304
1602305
1602307
1602309
1602310
1602311
1602313
1602314
1602315
1602316
1602329
1602341
1602342
1602343
1602344
1602356
1602357
1602358
1602359
1602360
1602361
1602362
1602386
1602387
1602388
1602389
1602390
1602391
1602392
1602393
1602394
1602395
1602396
1602397
1602398
1602399
1602415
1602431
1602447
1602449
1602450
1602451
1602452
1602454
1602456
1602458
1602460
1602462
1602464
1602466
1602468
1602470
1602472
1602473
1602475
1602477
1602479
1602480
1602482
1602484
1602486
1602503
1602520
1602537
1602554
1602555
1602556
1602557
1602558
1602559
1602560
1602561
1602562
1602563
1602564
1602565
1602582
1602583
1602584
1602585
1602586
1602587
1602588
1602589
1602590
1602591
1602592
1602593
1602608
1602609
1602610
1602611
1602612
1602613
1602614
1602615
1602618
1602621
1602624
1602627
1602630
1602633
1602636
1602639
1602642
1602645
1602648
1602651
1602654
1602655
1602656
1602659
1602660
1602661
1602664
1602667
1602668
1602669
1602672
1602675
1602676
1602677
1602680
1602683
1602685
1602686
1602688
1602690
1602692
1602694
1602696
1602698
1602700
1602726
1602730
1602734
1602738
1602742
1602745
1602746
1602747
1602748
1602749
1602750
1602751
1602754
1602757
1602760
1602763
1602764
1602765
1602768
1602769
1602770
1602771
1602772
1602773
1602774
1602775
1602778
1602779
1602782
1602783
1602784
1602785
1602786
1602787
1602788
1602789
1602792
1602795
1602798
1602801
1602802
1602803
1602804
1602808
1602820
1602822
1602824
1602826
1602827
1602828
1602830
1602832
1602833
1602834
1602836
1602838
1602840
1602842
1602844
1602846
1602848
1602849
1602850
1602852
1602860
1602861
1602869
1602871
1602873
1602874
1602875
1602877
1602879
1602880
1602881
1602883
1602885
1602887
1602889
1602891
1602893
1602894
1602895
1602897
1602899
1602907
1602914
1602921
1602928
1602936
1602937
1602938
1602939
1602947
1602948
1602951
1602952
1602953
1602954
1602955
1602956
1602959
1602960
1602961
1602962
1602963
1602964
1602967
1602970
1602971
1602974
1602977
1602980
1602983
1602986
1602989
1602990
1602993
1603001
1603009
1603010
1603011
1603012
1603013
1603014
1603015
1603016
1603017
1603018
1603019
1603020
1603030
1603031
1603032
1603033
1603034
1603035
1603045
1603046
1603047
1603048
1603049
1603050
1603051
1603052
1603053
1603054
1603055
1603056
1603057
1603058
1603067
1603069
1603070
1603072
1603073
1603074
1603076
1603078
1603080
1603083
1603086
1603089
1603090
1603091
1603092
1603093
1603096
1603099
1603100
1603101
1603102
1603103
1603104
1603105
1603106
1603107
1603116
1603125
1603126
1603127
1603128
1603129
1603130
1603131
1603132
1603133
1603134
1603135
1603144
1603145
1603146
1603147
1603148
1603157
1603167
1603169
1603170
1603172
1603173
1603174
1603176
1603178
1603180
1603181
1603182
1603184
1603186
1603188
1603189
1603191
1603193
1603195
1603197
1603199
1603209
1603219
1603229
1603239
1603240
1603242
1603244
1603246
1603247
1603248
1603250
1603252
1603253
1603254
1603256
1603257
1603259
1603260
1603261
1603263
1603264
1603265
1603266
1603268
1603269
1603270
1603271
1603272
1603282
1603292
1603302
1603303
1603304
1603305
1603306
1603307
1603309
1603310
1603311
1603312
1603314
1603315
1603316
1603318
1603319
1603320
1603321
1603322
1603324
1603326
1603336
1603337
1603338
1603339
1603340
1603341
1603342
1603352
1603362
1603363
1603364
1603365
1603375
1603376
1603377
1603378
1603392
1603393
1603394
1603406
1603407
1603408
1603409
1603410
1603411
1603412
1603413
1603414
1603425
1603426
1603437
1603438
1603439
1603440
1603441
1603442
1603443
1603444
1603445
1603446
1603447
1603458
1603459
1603460
1603461
1603462
1603463
1603464
1603465
1603466
1603467
1603478
1603491
1603492
1603493
1603494
1603501
1603508
1603515
1603522
1603523
1603529
1603530
1603536
1603537
1603543
1603549
1603555
1603561
1603567
1603573
1603574
1603579
1603580
1603581
1603582
1603587
1603592
1603593
1603594
1603595
1603596
1603597
1603598
1603599
1603600
1603601
1603606
1603607
1603608
1603609
1603610
1603611
1603612
1603613
1603614
1603615
1603620
1603626
1603627
1603628
1603629
1603630
1603636
1603642
1603648
1603654
1603660
1603662
1603664
1603666
1603668
1603670
1603671
1603672
1603674
1603676
1603678
1603680
1603682
1603684
1603686
1603688
1603689
1603690
1603691
1603692
1603694
1603696
1603698
1603704
1603705
1603706
1603707
1603713
1603755
1603802
1603803
1603828
1603829
1603830
1603831
1603832
1603857
1603858
1603859
1603860
1603887
1603888
1603889
1603890
1603891
1603892
1603923
1603949
1603950
1603951
1603952
1603953
1603979
1603980
1603981
1603982
1603983
1603984
1603985
1603986
1603987
1603988
1603989
1603990
1603991
1603992
1603993
1604019
1604044
1604069
1604094
1604119
1604120
1604121
1604122
1604148
1604174
1604175
1604201
1604227
1604267
1604305
1604343
1604387
1604430
1604471
1604510
1604511
1604550
1604589
1604630
1604673
1604674
1604675
1604676
1604677
1604678
1604892
1604896
1604900
1604901
1604905
1604906
1604907
1604908
1604912
1604913
1604914
1604915
1604916
1604917
1604918
1604919
1604920
1604921
1604925
1604929
1604933
1604935
1604937
1604939
1604940
1604941
1604943
1604945
1604947
1604948
1604949
1604950
1604952
1604956
1604960
1604964
1604968
1604970
1604972
1604974
1604976
1604978
1604979
1604981
1604982
1604984
1604985
1604986
1604987
1604989
1604993
1604997
1605001
1605005
1605009
1605013
1605017
1605021
1605025
1605027
1605029
1605031
1605033
1605035
1605037
1605039
1605040
1605041
1605042
1605043
1605047
1605048
1605049
1605050
1605055
1605060
1605065
1605070
1605071
1605076
1605081
1605082
1605087
1605088
1605093
1605094
1605098
1605102
1605106
1605110
1605111
1605115
1605116
1605120
1605121
1605122
1605126
1605127
1605128
1605129
1605130
1605131
1605132
1605133
1605141
1605149
1605150
1605151
1605159
1605167
1605175
1605183
1605191
1605199
1605200
1605208
1605209
1605210
1605211
1605212
1605213
1605221
1605222
1605223
1605224
1605225
1605226
1605233
1605240
1605247
1605254
1605261
1605262
1605263
1605264
1605265
1605266
1605273
1605281
1605282
1605290
1605298
1605306
1605307
1605308
1605316
1605317
1605318
1605319
1605320
1605321
1605322
1605323
1605324
1605325
1605331
1605332
1605333
1605334
1605335
1605336
1605337
1605338
1605339
1605340
1605341
1605342
1605343
1605349
1605352
1605355
1605358
1605361
1605364
1605367
1605370
1605372
1605374
1605376
1605378
1605380
1605381
1605383
1605384
1605386
1605387
1605389
1605392
1605393
1605394
1605395
1605403
1605408
1605409
1605410
1605411
1605416
1605421
1605426
1605431
1605436
1605437
1605442
1605443
1605448
1605453
1605458
1605459
1605460
1605461
1605462
1605463
1605464
1605465
1605466
1605467
1605468
1605469
1605474
1605475
1605476
1605477
1605478
1605479
1605480
1605481
1605482
1605483
1605491
1605492
1605493
1605497
1605501
1605502
1605503
1605504
1605505
1605506
1605510
1605514
1605518
1605519
1605520
1605521
1605522
1605523
1605524
1605528
1605529
1605530
1605534
1605535
1605539
1605543
1605547
1605551
1605552
1605553
1605554
1605558
1605562
1605566
1605567
1605568
1605569
1605573
1605577
1605578
1605579
1605580
1605586
1605587
1605588
1605589
1605590
1605591
1605597
1605603
1605609
1605615
1605616
1605617
1605618
1605619
1605620
1605621
1605622
1605623
1605624
1605630
1605631
1605632
1605633
1605634
1605642
1605643
1605644
1605652
1605660
1605668
1605676
1605684
1605692
1605693
1605701
1605702
1605703
1605704
1605705
1605713
1605731
1605736
1605741
1605742
1605743
1605744
1605749
1605754
1605759
1605764
1605769
1605770
1605775
1605780
1605785
1605790
1605795
1605796
1605797
1605798
1605799
1605800
1605801
1605802
1605807
1605812
1605817
1605822
1605823
1605828
1605829
1605834
1605835
1605840
1605845
1605846
1605847
1605848
1605853
1605858
1605860
1605861
1605863
1605865
1605866
1605867
1605868
1605870
1605872
1605874
1605875
1605877
1605879
1605881
1605882
1605894
1605897
1605900
1605903
1605904
1605907
1605910
1605913
1605916
1605919
1605920
1605921
1605922
1605923
1605926
1605929
1605932
1605935
1605938
1605941
1605942
1605943
1605944
1605947
1605950
1605953
1605954
1605957
1605958
1605971
1605972
1605973
1605974
1605975
1605976
1605977
1605978
1605979
1605980
1605981
1605982
1605983
1605984
1605985
1606001
1606002
1606003
1606004
1606005
1606021
1606037
1606053
1606054
1606079
1606103
1606104
1606105
1606128
1606129
1606153
1606175
1606197
1606219
1606241
1606263
1606287
1606311
1606312
1606313
1606314
1606316
1606317
1606318
1606319
1606321
1606323
1606324
1606325
1606326
1606328
1606330
1606331
1606332
1606333
1606341
1606348
1606349
1606356
1606363
1606364
1606371
1606372
1606373
1606374
1606381
1606383
1606385
1606387
1606389
1606391
1606393
1606395
1606396
1606398
1606399
1606401
1606402
1606404
1606406
1606408
1606415
1606422
1606423
1606425
1606427
1606429
1606431
1606433
1606435
1606436
1606438
1606440
1606442
1606444
1606446
1606448
1606449
1606456
1606463
1606470
1606477
1606484
1606491
1606492
1606499
1606506
1606513
1606520
1606537
1606539
1606541
1606543
1606545
1606546
1606547
1606549
1606551
1606553
1606555
1606557
1606559
1606561
1606563
1606564
1606565
1606566
1606567
1606568
1606585
1606586
1606587
1606588
1606589
1606590
1606591
1606592
1606593
1606594
1606595
1606596
1606609
1606613
1606617
1606618
1606619
1606620
1606621
1606622
1606626
1606630
1606634
1606638
1606642
1606646
1606647
1606648
1606649
1606650
1606654
1606658
1606659
1606660
1606661
1606662
1606666
1606667
1606668
1606669
1606673
1606677
1606678
1606679
1606680
1606681
1606682
1606683
1606684
1606685
1606686
1606690
1606703
1606766
1606767
1606768
1606769
1606770
1606771
1606775
1606776
1606777
1606778
1606779
1606780
1606781
1606782
1606783
1606784
1606788
1606789
1606790
1606791
1606792
1606793
1606797
1606801
1606805
1606809
1606810
1606811
1606812
1606816
1606820
1606824
1606828
1606829
1606830
1606831
1606832
1606833
1606837
1606838
1606839
1606843
1606844
1606845
1606849
1606853
1606854
1606855
1606856
1606857
1606861
1606865
1606869
1606870
1606871
1606872
1606876
1606916
1606951
1606987
1607023
1607024
1607025
1607026
1607027
1607028
1607064
1607065
1607066
1607102
1607139
1607167
1607168
1607169
1607197
1607225
1607253
1607254
1607255
1607283
1607313
1607314
1607315
1607316
1607317
1607318
1607319
1607320
1607348
1607375
1607402
1607429
1607456
1607483
1607510
1607537
1607564
1607591
1607618
1607646
1607673
1607674
1607701
1607728
1607755
1607784
1608227
1608301
1608302
1608303
1608304
1608379
1608380
1608381
1608382
1608383
1608384
1608385
1608386
1608387
1608396
1608405
1608406
1608407
1608416
1608425
1608431
1608437
1608438
1608439
1608445
1608451
1608457
1608458
1608464
1608470
1608476
1608477
1608483
1608489
1608490
1608496
1608497
1608498
1608499
1608500
1608506
1608512
1608513
1608514
1608515
1608520
1608521
1608522
1608523
1608524
1608525
1608526
1608527
1608528
1608529
1608530
1608531
1608536
1608541
1608542
1608543
1608544
1608546
1608548
1608549
1608550
1608552
1608554
1608556
1608558
1608560
1608561
1608563
1608565
1608567
1608572
1608573
1608574
1608580
1608585
1608590
1608592
1608594
1608596
1608598
1608600
1608602
1608604
1608606
1608607
1608608
1608609
1608610
1608611
1608613
1608615
1608620
1608625
1608626
1608631
1608636
1608641
1608646
1608647
1608652
1608657
1608658
1608659
1608660
1608665
1608670
1608675
1608680
1608681
1608682
1608683
1608684
1608685
1608686
1608687
1608688
1608689
1608690
1608695
1608699
1608700
1608701
1608702
1608706
1608710
1608711
1608712
1608714
1608716
1608718
1608719
1608720
1608722
1608723
1608724
1608725
1608727
1608732
1608733
1608734
1608735
1608736
1608737
1608738
1608739
1608740
1608741
1608742
1608743
1608748
1608753
1608758
1608763
1608764
1608769
1608774
1608779
1608781
1608783
1608784
1608785
1608787
1608789
1608790
1608792
1608794
1608796
1608798
1608799
1608800
1608806
1608812
1608818
1608819
1608820
1608821
1608822
1608823
1608824
1608825
1608826
1608862
1608873
1608874
1608875
1608876
1608877
1608878
1608879
1608880
1608881
1608892
1608893
1608894
1608895
1608906
1608907
1608908
1608919
1608930
1608940
1608941
1608942
1608943
1608944
1608954
1608965
1608966
1608967
1608978
1608980
1608981
1608983
1608985
1608987
1608988
1608989
1608991
1608993
1608994
1608995
1608997
1608999
1609001
1609003
1609005
1609007
1609009
1609010
1609011
1609012
1609023
1609034
1609036
1609038
1609039
1609040
1609042
1609044
1609045
1609046
1609047
1609048
1609049
1609051
1609053
1609055
1609057
1609058
1609059
1609060
1609062
1609064
1609066
1609077
1609088
1609089
1609125
1609129
1609131
1609133
1609135
1609137
1609139
1609141
1609143
1609145
1609147
1609149
1609151
1609155
1609159
1609163
1609167
1609171
1609175
1609179
1609183
1609187
1609191
1609195
1609199
1609203
1609207
1609211
1609212
1609213
1609214
1609215
1609219
1609223
1609224
1609225
1609226
1609227
1609228
1609229
1609230
1609231
1609232
1609236
1609240
1609241
1609242
1609246
1609250
1609251
1609252
1609256
1609264
1609265
1609266
1609267
1609268
1609275
1609282
1609289
1609290
1609291
1609298
1609305
1609312
1609319
1609326
1609334
1609335
1609342
1609343
1609350
1609357
1609358
1609365
1609366
1609373
1609375
1609377
1609379
1609381
1609383
1609385
1609387
1609388
1609389
1609391
1609392
1609393
1609394
1609396
1609398
1609405
1609412
1609419
1609426
1609433
1609434
1609441
1609442
1609443
1609444
1609445
1609446
1609447
1609479
1609480
1609481
1609482
1609483
1609486
1609487
1609488
1609489
1609490
1609493
1609496
1609499
1609502
1609503
1609504
1609505
1609506
1609507
1609508
1609509
1609512
1609513
1609516
1609517
1609524
1609525
1609526
1609527
1609528
1609531
1609534
1609537
1609540
1609541
1609544
1609547
1609550
1609553
1609556
1609559
1609562
1609565
1609568
1609569
1609570
1609571
1609574
1609577
1609583
1609588
1609589
1609590
1609591
1609592
1609597
1609598
1609603
1609608
1609613
1609614
1609615
1609616
1609621
1609626
1609627
1609628
1609629
1609630
1609631
1609632
1609633
1609634
1609635
1609636
1609641
1609643
1609645
1609646
1609648
1609650
1609652
1609654
1609656
1609657
1609659
1609661
1609663
1609664
1609665
1609670
1609671
1609672
1609678
1609681
1609682
1609685
1609688
1609689
1609690
1609691
1609692
1609693
1609694
1609695
1609698
1609701
1609704
1609707
1609708
1609709
1609710
1609711
1609714
1609719
1609720
1609721
1609722
1609723
1609724
1609725
1609726
1609727
1609732
1609737
1609742
1609747
1609752
1609757
1609758
1609759
1609760
1609761
1609762
1609763
1609764
1609765
1609766
1609767
1609772
1609773
1609774
1609779
1609784
1609785
1609786
1609787
1609792
1609797
1609802
1609803
1609804
1609809
1609812
1609815
1609818
1609819
1609820
1609821
1609825
1609829
1609831
1609833
1609835
1609837
1609838
1609840
1609842
1609843
1609845
1609847
1609848
1609854
1609855
1609856
1609857
1609858
1609862
1609866
1609867
1609868
1609872
1609876
1609880
1609884
1609888
1609892
1609896
1609897
1609898
1609899
1609900
1609904
1609908
1609912
1609916
1609920
1609921
1609925
1609926
1609957
1609960
1609963
1609966
1609969
1609972
1609974
1609976
1609978
1609980
1609982
1609983
1609985
1609986
1609987
1609990
1609991
1609994
1609997
1610000
1610003
1610004
1610005
1610006
1610007
1610008
1610011
1610014
1610017
1610020
1610023
1610026
1610027
1610030
1610033
1610034
1610035
1610036
1610037
1610038
1610039
1610040
1610041
1610044
1610045
1610048
1610049
1610050
1610051
1610246
1610447
1610465
1610466
1610467
1610468
1610469
1610470
1610471
1610472
1610473
1610474
1610475
1610476
1610477
1610478
1610479
1610497
1610515
1610517
1610519
1610521
1610523
1610525
1610526
1610527
1610529
1610531
1610533
1610534
1610535
1610536
1610537
1610539
1610542
1610545
1610547
1610549
1610551
1610552
1610553
1610554
1610555
1610558
1610561
1610564
1610567
1610568
1610571
1610574
1610577
1610580
1610583
1610586
1610589
1610592
1610610
1610611
1610627
1610644
1610645
1610646
1610647
1610648
1610649
1610650
1610651
1610668
1610669
1610670
1610671
1610672
1610673
1610674
1610678
1610682
1610686
1610690
1610691
1610692
1610693
1610697
1610701
1610705
1610709
1610713
1610717
1610721
1610722
1610726
1610730
1610734
1610735
1610736
1610737
1610738
1610742
1610746
1610750
1610751
1610752
1610756
1610757
1610758
1610762
1610766
1610770
1610771
1610775
1610776
1610780
1610784
1610788
1610792
1610796
1610800
1610804
1610821
1610822
1610823
1610824
1610825
1610826
1610827
1610828
1610829
1610830
1610831
1610832
1610833
1610834
1610835
1611154
1611155
1611249
1611283
1611317
1611351
1611386
1611421
1611422
1611423
1611424
1611425
1611426
1611427
1611447
1611468
1611469
1611470
1611493
1611494
1611517
1611540
1611563
1611586
1611609
1611632
1611656
1611658
1611660
1611662
1611664
1611666
1611668
1611670
1611672
1611674
1611676
1611678
1611680
1611682
1611684
1611686
1611688
1611690
1611692
1611694
1611696
1611698
1611700
1611701
1611702
1611704
1611727
1611728
1611729
1611753
1611780
1611782
1611784
1611786
1611788
1611790
1611792
1611794
1611796
1611798
1611800
1611802
1611804
1611805
1611807
1611809
1611811
1611812
1611814
1611816
1611818
1611820
1611822
1611824
1611825
1611826
1611827
1611828
1611830
1611867
1611899
1611930
1611931
1611932
1611933
1611965
1611997
1611998
1611999
1612000
1612001
1612002
1612003
1612004
1612005
1612006
1612007
1612008
1612040
1612041
1612042
1612043
1612044
1612045
1612046
1612047
1612079
1612111
1612142
1612173
1612205
1612235
1612265
1612266
1612267
1612268
1612299
1612300
1612301
1612302
1612303
1612304
1612305
1612306
1612307
1612308
1612309
1612310
1612341
1612372
1612423
1612427
1612428
1612429
1612430
1612431
1612435
1612439
1612443
1612447
1612448
1612449
1612450
1612451
1612455
1612457
1612459
1612461
1612463
1612465
1612467
1612469
1612470
1612471
1612473
1612477
1612480
1612483
1612486
1612489
1612492
1612495
1612498
1612501
1612502
1612505
1612508
1612509
1612510
1612511
1612512
1612513
1612514
1612515
1612519
1612521
1612522
1612524
1612525
1612526
1612527
1612528
1612530
1612532
1612534
1612536
1612538
1612541
1612544
1612547
1612550
1612553
1612556
1612559
1612560
1612561
1612562
1612612
1612615
1612618
1612619
1612622
1612625
1612628
1612629
1612630
1612631
1612632
1612633
1612634
1612635
1612636
1612639
1612642
1612643
1612644
1612647
1612650
1612653
1612654
1612655
1612656
1612657
1612658
1612661
1612664
1612667
1612670
1612671
1612672
1612673
1612676
1612679
1612682
1612683
1612684
1612687
1612688
1612689
1612690
1612691
1612694
1612697
1612700
1612703
1612704
1612705
1612708
1612709
1612712
1612713
1612714
1612715
1612716
1612717
1612718
1612719
1612788
1612802
1612803
1612804
1612805
1612806
1612807
1612821
1612823
1612825
1612827
1612828
1612830
1612832
1612834
1612836
1612838
1612840
1612842
1612844
1612846
1612848
1612850
1612851
1612852
1612853
1612855
1612857
1612859
1612861
1612863
1612865
1612867
1612881
1612883
1612885
1612887
1612889
1612891
1612893
1612894
1612895
1612896
1612898
1612899
1612900
1612901
1612903
1612904
1612906
1612908
1612910
1612912
1612914
1612915
1612916
1612917
1612931
1612945
1612946
1612947
1612948
1612949
1612950
1612964
1612978
1612979
1612980
1612981
1612982
1612983
1612984
1612985
1612986
1612992
1612998
1612999
1613000
1613001
1613002
1613003
1613004
1613005
1613011
1613012
1613013
1613014
1613015
1613016
1613017
1613023
1613029
1613030
1613031
1613032
1613033
1613034
1613035
1613041
1613047
1613053
1613059
1613065
1613071
1613072
1613073
1613074
1613075
1613076
1613077
1613078
1613079
1613080
1613081
1613087
1613093
1613099
1613105
1613111
1613112
1613113
1613114
1613120
1613121
1613122
1613123
1613129
1613135
1613136
1613143
1613158
1613159
1613160
1613161
1613162
1613163
1613164
1613165
1613166
1613167
1613168
1613169
1613170
1613171
1613172
1613173
1613187
1613188
1613189
1613190
1613191
1613192
1613193
1613194
1613195
1613196
1613197
1613198
1613199
1613200
1613201
1613202
1613217
1613218
1613219
1613220
1613221
1613222
1613223
1613224
1613225
1613226
1613227
1613228
1613229
1613230
1613231
1613232
1613233
1613279
1613295
1613296
1613297
1613298
1613299
1613300
1613301
1613302
1613303
1613304
1613305
1613306
1613307
1613321
1613335
1613347
1613359
1613360
1613361
1613362
1613363
1613364
1613376
1613378
1613379
1613380
1613381
1613382
1613383
1613385
1613386
1613387
1613388
1613389
1613390
1613392
1613394
1613396
1613398
1613399
1613400
1613401
1613402
1613403
1613404
1613405
1613417
1613429
1613441
1613442
1613443
1613444
1613445
1613448
1613449
1613452
1613455
1613456
1613458
1613459
1613460
1613461
1613463
1613465
1613466
1613467
1613468
1613470
1613472
1613473
1613474
1613475
1613477
1613480
1613483
1613484
1613485
1613486
1613487
1613488
1613489
1613490
1613504
1613518
1613519
1613523
1613524
1613528
1613529
1613533
1613537
1613538
1613542
1613543
1613544
1613545
1613546
1613550
1613554
1613558
1613559
1613560
1613564
1613565
1613566
1613570
1613574
1613575
1613576
1613580
1613584
1613588
1613589
1613590
1613591
1613595
1613599
1613603
1613604
1613608
1613609
1613613
1613617
1613631
1613632
1613633
1613634
1613635
1613636
1613637
1613638
1613639
1613640
1613641
1613642
1613643
1613658
1613673
1613688
1613702
1613716
1613731
1613737
1613738
1613739
1613740
1613741
1613742
1613743
1613744
1613745
1613751
1613757
1613758
1613759
1613760
1613761
1613762
1613763
1613769
1613775
1613776
1613777
1613778
1613779
1613780
1613781
1613782
1613783
1613789
1613790
1613791
1613792
1613793
1613794
1613795
1613796
1613797
1613803
1613809
1613810
1613811
1613812
1613813
1613819
1613825
1613826
1613827
1613846
1613847
1613848
1613849
1613850
1613851
1613852
1613853
1613854
1613855
1613856
1613857
1613858
1613859
1613860
1613861
1613862
1613872
1613882
1613883
1613884
1613887
1613890
1613893
1613896
1613899
1613900
1613903
1613904
1613907
1613910
1613911
1613914
1613915
1613916
1613917
1613918
1613919
1613920
1613923
1613926
1613929
1613932
1613935
1613938
1613941
1613942
1613943
1613944
1613945
1613946
1613947
1613948
1613959
1613970
1613981
1613992
1614003
1614004
1614005
1614006
1614007
1614008
1614009
1614010
1614011
1614012
1614024
1614036
1614048
1614060
1614061
1614062
1614063
1614064
1614065
1614066
1614082
1614083
1614084
1614097
1614098
1614099
1614101
1614103
1614105
1614107
1614109
1614111
1614112
1614113
1614114
1614115
1614116
1614118
1614122
1614123
1614124
1614125
1614126
1614127
1614128
1614129
1614133
1614137
1614138
1614142
1614146
1614147
1614148
1614149
1614153
1614157
1614161
1614165
1614166
1614167
1614168
1614169
1614170
1614171
1614175
1614179
1614180
1614181
1614182
1614186
1614190
1614194
1614198
1614199
1614200
1614201
1614248
1614249
1614294
1614295
1614296
1614297
1614298
1614299
1614300
1614301
1614302
1614303
1614304
1614305
1614306
1614307
1614492
1614498
1614504
1614505
1614506
1614512
1614518
1614519
1614520
1614521
1614522
1614523
1614524
1614525
1614526
1614532
1614537
1614538
1614539
1614540
1614541
1614542
1614547
1614552
1614557
1614562
1614567
1614573
1614574
1614580
1614581
1614582
1614583
1614584
1614585
1614588
1614589
1614590
1614591
1614594
1614597
1614600
1614601
1614604
1614607
1614610
1614611
1614612
1614613
1614616
1614617
1614618
1614619
1614625
1614639
1614653
1614666
1614679
1614693
1614706
1614719
1614733
1614747
1614761
1614775
1614789
1614790
1614791
1614792
1614793
1614807
1614821
1614835
1614849
1614863
1614877
1614891
1614892
1614906
1614908
1614910
1614912
1614914
1614916
1614918
1614920
1614922
1614923
1614924
1614925
1614927
1614928
1614929
1614931
1614933
1614935
1614936
1614938
1614940
1614941
1614943
1614944
1614959
1614960
1614961
1614962
1614963
1614964
1614965
1614978
1614979
1614980
1614981
1614982
1614983
1614984
1614985
1614998
1615010
1615011
1615012
1615013
1615014
1615015
1615016
1615017
1615018
1615019
1615032
1615045
1615058
1615071
1615084
1615097
1615110
1615123
1615136
1615149
1615162
1615175
1615189
1615190
1615191
1615192
1615193
1615194
1615195
1615196
1615207
1615209
1615211
1615212
1615213
1615214
1615215
1615216
1615218
1615220
1615222
1615224
1615225
1615227
1615228
1615229
1615231
1615233
1615235
1615237
1615239
1615241
1615243
1615244
1615245
1615270
1615271
1615272
1615273
1615274
1615275
1615276
1615277
1615278
1615279
1615280
1615281
1615288
1615295
1615302
1615309
1615316
1615323
1615330
1615337
1615344
1615345
1615352
1615359
1615360
1615367
1615374
1615381
1615388
1615395
1615396
1615397
1615398
1615399
1615400
1615401
1615402
1615409
1615410
1615411
1615412
1615413
1615414
1615415
1615416
1615423
1615430
1615437
1615444
1615451
1615458
1615465
1615472
1615473
1615480
1615481
1615488
1615489
1615490
1615491
1615492
1615493
1615494
1615501
1615502
1615503
1615504
1615505
1615512
1615519
1615526
1615548
1615549
1615550
1615551
1615572
1615573
1615594
1615615
1615616
1615638
1615640
1615642
1615644
1615646
1615647
1615649
1615651
1615653
1615655
1615656
1615658
1615660
1615662
1615664
1615666
1615667
1615668
1615669
1615671
1615672
1615673
1615675
1615676
1615677
1615678
1615680
1615702
1615723
1615744
1615772
1615773
1615774
1615775
1615776
1615777
1615778
1615779
1615780
1615786
1615787
1615788
1615789
1615790
1615796
1615802
1615803
1615809
1615815
1615821
1615827
1615828
1615834
1615835
1615841
1615842
1615844
1615845
1615847
1615849
1615850
1615852
1615853
1615855
1615856
1615858
1615860
1615862
1615863
1615869
1615872
1615875
1615876
1615878
1615880
1615882
1615884
1615886
1615888
1615889
1615890
1615891
1615893
1615896
1615899
1615900
1615901
1615902
1615905
1615908
1615909
1615910
1615916
1615922
1615928
1615929
1615930
1615931
1615932
1615933
1615934
1615935
1615936
1615937
1615938
1615939
1615946
1615952
1615958
1615959
1615960
1615961
1615962
1615963
1615964
1615970
1615971
1615972
1615973
1615974
1615981
1615982
1615989
1615990
1615991
1615992
1615993
1615994
1615995
1615996
1615997
1615998
1615999
1616005
1616011
1616012
1616013
1616019
1616025
1616047
1616049
1616050
1616051
1616053
1616054
1616056
1616058
1616060
1616062
1616064
1616065
1616066
1616071
1616076
1616081
1616086
1616090
1616092
1616094
1616096
1616098
1616100
1616102
1616104
1616106
1616108
1616110
1616112
1616114
1616116
1616118
1616123
1616124
1616126
1616127
1616129
1616131
1616132
1616133
1616134
1616135
1616137
1616138
1616139
1616140
1616141
1616144
1616148
1616152
1616156
1616160
1616164
1616165
1616166
1616167
1616168
1616172
1616176
1616180
1616181
1616182
1616183
1616184
1616185
1616189
1616193
1616197
1616198
1616202
1616222
1616223
1616225
1616227
1616228
1616230
1616232
1616234
1616236
1616238
1616240
1616242
1616244
1616246
1616247
1616249
1616251
1616252
1616254
1616256
1616257
1616258
1616259
1616261
1616263
1616285
1616301
1616302
1616318
1616334
1616350
1616367
1616368
1616369
1616370
1616371
1616372
1616376
1616377
1616378
1616379
1616380
1616381
1616385
1616388
1616391
1616394
1616395
1616396
1616397
1616398
1616399
1616400
1616401
1616404
1616405
1616406
1616407
1616408
1616409
1616410
1616411
1616414
1616431
1616432
1616433
1616434
1616438
1616439
1616440
1616441
1616442
1616446
1616448
1616449
1616451
1616453
1616454
1616456
1616458
1616460
1616462
1616464
1616465
1616469
1616473
1616477
1616479
1616481
1616483
1616485
1616487
1616489
1616491
1616493
1616495
1616496
1616497
1616501
1616511
1616512
1616513
1616514
1616515
1616516
1616517
1616518
1616528
1616538
1616539
1616540
1616541
1616542
1616543
1616544
1616545
1616555
1616565
1616566
1616567
1616577
1616589
1616592
1616593
1616594
1616595
1616596
1616597
1616598
1616601
1616604
1616607
1616610
1616613
1616614
1616615
1616616
1616617
1616618
1616621
1616622
1616623
1616624
1616625
1616626
1616629
1616630
1616633
1616634
1616635
1616649
1616660
1616661
1616672
1616683
1616694
1616705
1616716
1616717
1616718
1616729
1616730
1616731
1616732
1616733
1616734
1616735
1616746
1616747
1616748
1616749
1616750
1616751
1616762
1616763
1616764
1616765
1616766
1616777
1616788
1616800
1616803
1616804
1616807
1616808
1616811
1616814
1616817
1616820
1616823
1616824
1616827
1616828
1616829
1616832
1616835
1616838
1616841
1616842
1616845
1616846
1616849
1616852
1616853
1616856
1616859
1616862
1616865
1616868
1616869
1616870
1616871
1616874
1616875
1616876
1616879
1616880
1616883
1616886
1616887
1616890
1616903
1616916
1616929
1616942
1616943
1616944
1616957
1616958
1616959
1616973
1617063
1617066
1617069
1617072
1617075
1617078
1617081
1617084
1617087
1617090
1617093
1617094
1617095
1617096
1617097
1617098
1617099
1617102
1617105
1617108
1617111
1617114
1617115
1617118
1617119
1617120
1617121
1617122
1617123
1617124
1617127
1617130
1617133
1617134
1617137
1617140
1617141
1617144
1617147
1617150
1617153
1617154
1617157
1617160
1617163
1617164
1617178
1617179
1617180
1617193
1617206
1617207
1617208
1617209
1617210
1617211
1617212
1617213
1617214
1617215
1617216
1617217
1617218
1617219
1617233
1617247
1617249
1617250
1617252
1617254
1617256
1617258
1617260
1617261
1617262
1617264
1617265
1617266
1617268
1617270
1617272
1617274
1617276
1617278
1617279
1617281
1617283
1617284
1617285
1617299
1617308
1617317
1617326
1617335
1617344
1617345
1617346
1617347
1617348
1617349
1617350
1617359
1617368
1617377
1617386
1617395
1617403
1617404
1617405
1617406
1617407
1617408
1617409
1617418
1617419
1617420
1617429
1617438
1617446
1617454
1617462
1617470
1617478
1617486
1617487
1617488
1617496
1617504
1617512
1617519
1617526
1617533
1617540
1617541
1617548
1617556
1617557
1617558
1617559
1617560
1617569
1617583
1617584
1617585
1617586
1617587
1617588
1617589
1617590
1617599
1617601
1617602
1617603
1617605
1617607
1617609
1617611
1617613
1617615
1617616
1617617
1617618
1617620
1617622
1617623
1617625
1617627
1617629
1617638
1617647
1617649
1617651
1617653
1617655
1617657
1617659
1617660
1617661
1617662
1617663
1617665
1617667
1617669
1617670
1617672
1617673
1617674
1617675
1617676
1617678
1617688
1617698
1617708
1617718
1617720
1617722
1617723
1617724
1617726
1617727
1617728
1617729
1617730
1617732
1617734
1617736
1617738
1617740
1617742
1617744
1617745
1617756
1617757
1617759
1617761
1617762
1617763
1617764
1617765
1617766
1617768
1617769
1617771
1617773
1617775
1617777
1617778
1617780
1617782
1617783
1617784
1617785
1617786
1617787
1617801
1617805
1617809
1617813
1617814
1617818
1617819
1617820
1617821
1617825
1617829
1617830
1617834
1617835
1617839
1617843
1617847
1617848
1617849
1617850
1617851
1617852
1617853
1617857
1617858
1617859
1617860
1617862
1617863
1617864
1617866
1617868
1617870
1617872
1617874
1617878
1617879
1617880
1617881
1617893
1617905
1617917
1617929
1617941
1617953
1617954
1617955
1617956
1617957
1617958
1617959
1617971
1617983
1617995
1617996
1618008
1618020
1618032
1618044
1618056
1618068
1618080
1618092
1618104
1618118
1618119
1618120
1618121
1618122
1618123
1618124
1618125
1618126
1618127
1618128
1618129
1618130
1618131
1618132
1618133
1618134
1618146
1618147
1618148
1618149
1618150
1618152
1618154
1618156
1618157
1618158
1618159
1618161
1618162
1618163
1618165
1618166
1618168
1618173
1618174
1618175
1618176
1618177
1618178
1618179
1618180
1618183
1618184
1618185
1618188
1618191
1618192
1618193
1618194
1618195
1618196
1618197
1618198
1618201
1618222
1618223
1618224
1618225
1618226
1618227
1618228
1618229
1618238
1618239
1618248
1618257
1618266
1618275
1618284
1618293
1618298
1618299
1618304
1618309
1618314
1618319
1618324
1618329
1618334
1618335
1618336
1618337
1618338
1618343
1618344
1618349
1618350
1618355
1618356
1618361
1618366
1618371
1618372
1618373
1618374
1618375
1618376
1618381
1618386
1618387
1618388
1618397
1618406
1618415
1618416
1618417
1618418
1618419
1618420
1618421
1618422
1618423
1618424
1618425
1618426
1618435
1618444
1618445
1618446
1618447
1618448
1618449
1618450
1618451
1618452
1618453
1618454
1618455
1618456
1618457
1618466
1618474
1618476
1618477
1618478
1618479
1618481
1618483
1618484
1618485
1618486
1618488
1618489
1618491
1618492
1618493
1618494
1618496
1618504
1618513
1618515
1618517
1618519
1618521
1618522
1618523
1618524
1618525
1618527
1618528
1618530
1618532
1618533
1618534
1618535
1618536
1618545
1618546
1618547
1618548
1618549
1618550
1618551
1618560
1618562
1618564
1618566
1618567
1618568
1618569
1618570
1618571
1618573
1618575
1618577
1618579
1618580
1618582
1618583
1618585
1618587
1618588
1618589
1618590
1618591
1618592
1618593
1618594
1618604
1618605
1618606
1618607
1618608
1618609
1618614
1618615
1618616
1618617
1618618
1618619
1618624
1618625
1618626
1618627
1618628
1618630
1618632
1618634
1618636
1618638
1618639
1618640
1618642
1618644
1618645
1618646
1618648
1618649
1618651
1618656
1618657
1618658
1618660
1618661
1618662
1618664
1618665
1618667
1618669
1618670
1618671
1618672
1618673
1618679
1618685
1618686
1618687
1618688
1618694
1618695
1618696
1618697
1618698
1618699
1618705
1618709
1618710
1618714
1618718
1618722
1618726
1618727
1618731
1618735
1618736
1618737
1618738
1618740
1618742
1618743
1618745
1618746
1618748
1618749
1618750
1618754
1618818
1618900
1618901
1618937
1618973
1619006
1619039
1619040
1619041
1619075
1619076
1619077
1619078
1619079
1619080
1619081
1619082
1619083
1619084
1619085
1619086
1619087
1619123
1619124
1619126
1619128
1619129
1619131
1619132
1619133
1619134
1619136
1619137
1619138
1619139
1619141
1619143
1619144
1619145
1619147
1619149
1619151
1619153
1619154
1619155
1619156
1619157
1619158
1619160
1619161
1619201
1619202
1619234
1619266
1619298
1619330
1619362
1619363
1619400
1619437
1619438
1619439
1619441
1619443
1619444
1619445
1619447
1619449
1619450
1619451
1619452
1619453
1619455
1619456
1619457
1619459
1619461
1619462
1619463
1619464
1619466
1619468
1619470
1619472
1619474
1619475
1619483
1619485
1619487
1619489
1619491
1619493
1619495
1619497
1619498
1619500
1619502
1619504
1619506
1619508
1619509
1619511
1619513
1619515
1619517
1619518
1619520
1619522
1619530
1619531
1619532
1619533
1619534
1619535
1619536
1619544
1619552
1619553
1619554
1619555
1619563
1619567
1619568
1619572
1619576
1619577
1619581
1619585
1619586
1619587
1619588
1619589
1619590
1619591
1619592
1619593
1619594
1619595
1619599
1619603
1619607
1619611
1619615
1619619
1619623
1619627
1619631
1619632
1619636
1619637
1619641
1619645
1619646
1619647
1619648
1619649
1619650
1619651
1619652
1619656
1619658
1619660
1619662
1619664
1619665
1619666
1619668
1619670
1619671
1619673
1619675
1619677
1619679
1619687
1619689
1619690
1619691
1619692
1619693
1619695
1619697
1619699
1619700
1619701
1619703
1619705
1619707
1619709
1619711
1619728
1619729
1619730
1619731
1619732
1619733
1619734
1619735
1619736
1619737
1619738
1619739
1619740
1619765
1619789
1619813
1619837
1619861
1619885
1619886
1619887
1619915
1619916
1619917
1619918
1619919
1619920
1619923
1619925
1619927
1619928
1619929
1619930
1619932
1619933
1619934
1619936
1619938
1619940
1619942
1619943
1619944
1619946
1619948
1619950
1619952
1619955
1619958
1619961
1619964
1619967
1619970
1619973
1620180
1620181
1620183
1620184
1620185
1620186
1620188
1620190
1620191
1620193
1620195
1620196
1620198
1620199
1620200
1620201
1620208
1620216
1620217
1620218
1620225
1620226
1620227
1620234
1620235
1620236
1620237
1620238
1620245
1620252
1620259
1620266
1620267
1620268
1620269
1620270
1620271
1620272
1620273
1620274
1620275
1620282
1620283
1620286
1620287
1620290
1620293
1620296
1620297
1620300
1620303
1620304
1620305
1620306
1620309
1620311
1620313
1620314
1620315
1620317
1620318
1620319
1620321
1620328
1620335
1620336
1620337
1620338
1620339
1620340
1620341
1620342
1620343
1620344
1620351
1620358
1620359
1620360
1620361
1620362
1620363
1620371
1620378
1620385
1620392
1620399
1620407
1620415
1620423
1620431
1620438
1620439
1620446
1620447
1620454
1620461
1620468
1620475
1620482
1620483
1620490
1620497
1620504
1620505
1620512
1620513
1620520
1620527
1620534
1620541
1620548
1620549
1620550
1620551
1620552
1620562
1620572
1620582
1620592
1620593
1620594
1620604
1620614
1620750
1620779
1620808
1620837
1620866
1620895
1620897
1620899
1620901
1620902
1620903
1620904
1620906
1620908
1620910
1620912
1620914
1620915
1620917
1620918
1620920
1620922
1620923
1620924
1620925
1620927
1620929
1620931
1620932
1620934
1620936
1620937
1620938
1620967
1620968
1620969
1620970
1620971
1620972
1620973
1620975
1620977
1620979
1620981
1620982
1620983
1620984
1620985
1620986
1620987
1620989
1620991
1620993
1620995
1620996
1620997
1620998
1621000
1621002
1621004
1621006
1621008
1621010
1621012
1621014
1621047
1621080
1621113
1621146
1621147
1621148
1621181
1621182
1621183
1621216
1621217
1621218
1621219
1621251
1621283
1621284
1621285
1621286
1621329
1621330
1621334
1621336
1621338
1621340
1621341
1621342
1621344
1621346
1621348
1621350
1621352
1621354
1621358
1621362
1621366
1621370
1621371
1621372
1621373
1621374
1621375
1621379
1621383
1621387
1621391
1621392
1621393
1621394
1621395
1621399
1621403
1621404
1621405
1621409
1621413
1621417
1621418
1621419
1621420
1621424
1621428
1621429
1621433
1621437
1621441
1621445
1621449
1621453
1621457
1621461
1621462
1621466
1621470
1621471
1621472
1621476
1621477
1621478
1621479
1621480
1621481
1621482
1621486
1621490
1621491
1621493
1621495
1621497
1621499
1621500
1621501
1621503
1621504
1621506
1621510
1621511
1621513
1621514
1621516
1621518
1621520
1621522
1621524
1621526
1621528
1621530
1621532
1621534
1621538
1621619
1621622
1621625
1621628
1621631
1621632
1621635
1621638
1621641
1621642
1621645
1621648
1621651
1621654
1621657
1621660
1621663
1621664
1621665
1621666
1621667
1621668
1621669
1621670
1621671
1621674
1621677
1621680
1621683
1621686
1621689
1621692
1621695
1621698
1621701
1621704
1621705
1621706
1621707
1621708
1621711
1621714
1621739
1621740
1621741
1621742
1621743
1621769
1621780
1621791
1621792
1621803
1621814
1621816
1621817
1621819
1621821
1621823
1621825
1621827
1621829
1621830
1621831
1621832
1621833
1621835
1621837
1621839
1621840
1621842
1621844
1621846
1621848
1621850
1621852
1621854
1621855
1621857
1621859
1621870
1621881
1621882
1621893
1621904
1621915
1621916
1621917
1621918
1621919
1621920
1621921
1621922
1621923
1621934
1621945
1621946
1621947
1621948
1621949
1621950
1621951
1621952
1621953
1621964
1621966
1621968
1621970
1621972
1621974
1621975
1621976
1621977
1621979
1621980
1621981
1621982
1621984
1621986
1621988
1621990
1621992
1621994
1621996
1621998
1621999
1622001
1622012
1622015
1622018
1622021
1622022
1622023
1622024
1622025
1622028
1622029
1622030
1622031
1622032
1622035
1622038
1622041
1622044
1622048
1622049
1622050
1622051
1622052
1622056
1622059
1622062
1622065
1622068
1622071
1622072
1622073
1622074
1622077
1622080
1622083
1622084
1622085
1622086
1622087
1622088
1622089
1622093
1622094
1622095
1622096
1622100
1622120
1622122
1622123
1622124
1622126
1622128
1622130
1622132
1622134
1622136
1622137
1622138
1622139
1622140
1622141
1622143
1622144
1622145
1622146
1622147
1622148
1622150
1622152
1622154
1622155
1622157
1622176
1622194
1622195
1622196
1622197
1622198
1622201
1622204
1622207
1622210
1622211
1622212
1622215
1622218
1622221
1622224
1622227
1622230
1622233
1622236
1622237
1622240
1622243
1622246
1622249
1622252
1622255
1622256
1622259
1622262
1622263
1622266
1622267
1622268
1622271
1622272
1622273
1622274
1622277
1622296
1622314
1622315
1622316
1622317
1622336
1622354
1622355
1622356
1622357
1622376
1622377
1622383
1622389
1622395
1622396
1622397
1622398
1622399
1622400
1622401
1622407
1622413
1622420
1622427
1622428
1622435
1622437
1622439
1622441
1622442
1622444
1622446
1622448
1622450
1622452
1622454
1622456
1622459
1622461
1622462
1622463
1622464
1622466
1622468
1622470
1622471
1622477
1622483
1622485
1622487
1622489
1622491
1622492
1622493
1622494
1622496
1622498
1622501
1622504
1622507
1622510
1622511
1622512
1622513
1622516
1622519
1622522
1622528
1622534
1622540
1622541
1622542
1622543
1622544
1622545
1622546
1622552
1622558
1622564
1622660
1622688
1622689
1622690
1622691
1622693
1622695
1622697
1622699
1622701
1622702
1622703
1622705
1622707
1622709
1622711
1622713
1622715
1622724
1622726
1622728
1622729
1622730
1622731
1622733
1622735
1622737
1622739
1622741
1622743
1622745
1622747
1622748
1622749
1622750
1622759
1622767
1622768
1622776
1622784
1622792
1622793
1622801
1622809
1622810
1622818
1622826
1622834
1622842
1622850
1622858
1622866
1622874
1622875
1622876
1622877
1622878
1622886
1622887
1622888
1622889
1622890
1622891
1622892
1622894
1622895
1622896
1622897
1622898
1622900
1622902
1622903
1622905
1622906
1622908
1622909
1622911
1622913
1622947
1622949
1622951
1622952
1622953
1622955
1622956
1622957
1622959
1622962
1622964
1622965
1622966
1622967
1622969
1622971
1622973
1622975
1622977
1622980
1622981
1622982
1622983
1622984
1622985
1622993
1622995
1622997
1622999
1623001
1623002
1623003
1623004
1623005
1623006
1623008
1623010
1623012
1623013
1623014
1623015
1623016
1623017
1623019
1623020
1623027
1623029
1623031
1623033
1623035
1623037
1623038
1623039
1623040
1623041
1623042
1623044
1623046
1623048
1623050
1623052
1623054
1623055
1623062
1623063
1623064
1623065
1623066
1623073
1623074
1623075
1623082
1623083
1623084
1623091
1623092
1623093
1623094
1623095
1623096
1623097
1623098
1623099
1623100
1623101
1623102
1623109
1623116
1623125
1623126
1623127
1623129
1623131
1623133
1623134
1623135
1623136
1623138
1623140
1623142
1623143
1623145
1623147
1623149
1623151
1623182
1623183
1623184
1623185
1623186
1623187
1623216
1623218
1623219
1623220
1623221
1623223
1623225
1623227
1623229
1623231
1623233
1623235
1623237
1623239
1623240
1623242
1623243
1623245
1623246
1623247
1623248
1623250
1623251
1623253
1623255
1623256
1623257
1623258
1623259
1623260
1623262
1623264
1623266
1623267
1623268
1623269
1623270
1623272
1623274
1623305
1623335
1623364
1623365
1623366
1623395
1623426
1623427
1623428
1623429
1623430
1623461
1623462
1623463
1623464
1623465
1623466
1623467
1623468
1623469
1623563
1623564
1623629
1623693
1623757
1623822
1623891
1623960
1624030
1624101
1624173
1624245
1624247
1624248
1624249
1624250
1624252
1624253
1624254
1624256
1624258
1624260
1624262
1624264
1624266
1624267
1624268
1624270
1624271
1624272
1624274
1624276
1624278
1624279
1624281
1624283
1624284
1624285
1624287
1624289
1624383
1624477
1624614
1624618
1624622
1624625
1624628
1624629
1624630
1624633
1624634
1624635
1624638
1624641
1624644
1624647
1624648
1624649
1624652
1624654
1624656
1624658
1624660
1624661
1624663
1624664
1624665
1624666
1624669
1624670
1624671
1624674
1624675
1624676
1624679
1624682
1624685
1624688
1624691
1624694
1624697
1624698
1624701
1624702
1624703
1624704
1624707
1624710
1624713
1624714
1624715
1624716
1624719
1624722
1624725
1624726
1624727
1624728
1624729
1624732
1624735
1624736
1624737
1624738
1624741
1624742
1624743
1624746
1624749
1624752
1624755
1624758
1624759
1624760
1624761
1624764
1624766
1624768
1624769
1624771
1624773
1624775
1624776
1624778
1624780
1624827
1624842
1624843
1624844
1624845
1624846
1624847
1624848
1624849
1624850
1624865
1624880
1624883
1624886
1624889
1624892
1624895
1624898
1624899
1624900
1624901
1624902
1624903
1624904
1624905
1624906
1624909
1624910
1624913
1624916
1624919
1624922
1624925
1624928
1624931
1624932
1624935
1624936
1624937
1624938
1624940
1624942
1624943
1624945
1624946
1624948
1624950
1624952
1624954
1624969
1624970
1624971
1624972
1624973
1624974
1624979
1624984
1624989
1624994
1624999
1625001
1625003
1625004
1625006
1625008
1625010
1625012
1625014
1625016
1625018
1625020
1625025
1625030
1625035
1625036
1625041
1625042
1625047
1625052
1625057
1625058
1625059
1625060
1625061
1625062
1625063
1625064
1625065
1625070
1625071
1625072
1625073
1625074
1625075
1625076
1625077
1625078
1625097
1625101
1625105
1625109
1625110
1625111
1625112
1625115
1625116
1625117
1625120
1625121
1625124
1625127
1625130
1625133
1625136
1625137
1625138
1625139
1625143
1625147
1625151
1625155
1625156
1625157
1625158
1625159
1625163
1625167
1625171
1625175
1625179
1625183
1625187
1625191
1625192
1625193
1625195
1625196
1625198
1625199
1625200
1625202
1625203
1625204
1625208
1625212
1625213
1625214
1625215
1625216
1625217
1625218
1625219
1625220
1625224
1625228
1625229
1625233
1625237
1625241
1625242
1625243
1625244
1625245
1625246
1625250
1625251
1625252
1625253
1625254
1625255
1625256
1625257
1625258
1625259
1625263
1625267
1625268
1625272
1625276
1625280
1625284
1625285
1625289
1625293
1625294
1625295
1625296
1625300
1625301
1625302
1625303
1625307
1625308
1625309
1625310
1625311
1625312
1625313
1625314
1625318
1625319
1625323
1625327
1625331
1625335
1625339
1625343
1625347
1625351
1625355
1625356
1625357
1625361
1625365
1625367
1625368
1625370
1625372
1625374
1625376
1625378
1625379
1625380
1625381
1625382
1625384
1625388
1625392
1625393
1625394
1625395
1625396
1625397
1625404
1625405
1625406
1625413
1625420
1625427
1625464
1625466
1625468
1625469
1625470
1625472
1625474
1625476
1625478
1625480
1625482
1625484
1625486
1625488
1625489
1625490
1625492
1625494
1625496
1625498
1625500
1625502
1625504
1625506
1625508
1625510
1625512
1625514
1625515
1625516
1625517
1625519
1625556
1625558
1625559
1625560
1625562
1625564
1625566
1625568
1625570
1625572
1625574
1625576
1625578
1625579
1625580
1625582
1625584
1625585
1625587
1625589
1625591
1625593
1625595
1625597
1625599
1625600
1625602
1625604
1625671
1625672
1625673
1625674
1625675
1625676
1625677
1625678
1625679
1625680
1625730
1625731
1625732
1625733
1625734
1625735
1625736
1625737
1625738
1625739
1625789
1625839
1625840
1625882
1625883
1625925
1625968
1626010
1626011
1626012
1626013
1626014
1626015
1626057
1626099
1626144
1626191
1626238
1626239
1626240
1626241
1626293
1626298
1626303
1626304
1626305
1626310
1626315
1626320
1626325
1626326
1626327
1626328
1626329
1626334
1626339
1626344
1626345
1626346
1626347
1626348
1626349
1626350
1626355
1626357
1626359
1626361
1626363
1626365
1626367
1626369
1626371
1626372
1626374
1626375
1626380
1626381
1626383
1626385
1626386
1626387
1626389
1626390
1626391
1626392
1626393
1626395
1626400
1626401
1626402
1626404
1626406
1626407
1626408
1626409
1626410
1626412
1626414
1626416
1626418
1626420
1626422
1626424
1626426
1626427
1626428
1626490
1626492
1626494
1626496
1626497
1626499
1626500
1626502
1626503
1626504
1626505
1626506
1626508
1626510
1626511
1626512
1626514
1626516
1626517
1626518
1626519
1626521
1626523
1626524
1626526
1626528
1626529
1626531
1626533
1626535
1626537
1626538
1626539
1626540
1626741
1626742
1626743
1626772
1626802
1626803
1626804
1626805
1626806
1626807
1626836
1626864
1626891
1626918
1626945
1626946
1626947
1626977
1626978
1626979
1626980
1627008
1627036
1627064
1627065
1627066
1627067
1627068
1627095
1627122
1627149
1627150
1627177
1627204
1627233
1627234
1627262
1627290
1627318
1627319
1627320
1627348
1627375
1627402
1627429
1627456
1627483
1627484
1627514
1627517
1627518
1627519
1627520
1627523
1627524
1627525
1627526
1627527
1627528
1627531
1627534
1627537
1627540
1627541
1627542
1627543
1627546
1627549
1627550
1627551
1627552
1627553
1627556
1627557
1627558
1627559
1627562
1627563
1627564
1627565
1627568
1627571
1627574
1627577
1627580
1627583
1627607
1627608
1627609
1627626
1627643
1627662
1627681
1627682
1627683
1627684
1627685
1627686
1627687
1627688
1627689
1627690
1627691
1627692
1627693
1627694
1627695
1627696
1627697
1627717
1627718
1627719
1627720
1627722
1627724
1627726
1627728
1627730
1627731
1627732
1627735
1627737
1627739
1627741
1627743
1627745
1627747
1627749
1627751
1627753
1627755
1627759
1627763
1627767
1627771
1627772
1627773
1627774
1627775
1627776
1627778
1627779
1627780
1627781
1627784
1627785
1627788
1627789
1627790
1627791
1627792
1627793
1627794
1627819
1627821
1627823
1627825
1627827
1627828
1627829
1627830
1627831
1627832
1627834
1627835
1627836
1627837
1627839
1627841
1627843
1627845
1627846
1627847
1627848
1627849
1627850
1627852
1627854
1627855
1627857
1627859
1627861
1627863
1627888
1627890
1627892
1627893
1627895
1627896
1627898
1627900
1627902
1627903
1627904
1627906
1627908
1627910
1627911
1627912
1627913
1627915
1627917
1627919
1627920
1627921
1627954
1627955
1627956
1627957
1627958
1627959
1627960
1627961
1627962
1627963
1627964
1627965
1627966
1627967
1627968
1627969
1627970
1628014
1628015
1628016
1628017
1628018
1628019
1628020
1628021
1628024
1628025
1628026
1628027
1628028
1628029
1628030
1628033
1628034
1628035
1628036
1628037
1628038
1628039
1628040
1628041
1628044
1628047
1628050
1628053
1628054
1628055
1628056
1628057
1628058
1628059
1628060
1628069
1628071
1628073
1628075
1628076
1628078
1628080
1628082
1628084
1628086
1628087
1628088
1628089
1628090
1628091
1628093
1628094
1628096
1628097
1628109
1628110
1628111
1628112
1628113
1628114
1628123
1628124
1628125
1628134
1628135
1628144
1628153
1628162
1628171
1628180
1628189
1628190
1628199
1628208
1628209
1628210
1628219
1628228
1628229
1628232
1628233
1628236
1628237
1628238
1628239
1628242
1628243
1628246
1628249
1628250
1628251
1628252
1628255
1628256
1628257
1628260
1628263
1628264
1628265
1628266
1628267
1628270
1628273
1628276
1628277
1628280
1628293
1628294
1628300
1628306
1628307
1628313
1628319
1628325
1628331
1628337
1628338
1628339
1628340
1628341
1628342
1628343
1628344
1628345
1628346
1628347
1628353
1628359
1628361
1628363
1628365
1628366
1628367
1628368
1628369
1628370
1628372
1628374
1628375
1628376
1628378
1628379
1628380
1628381
1628382
1628383
1628389
1628395
1628396
1628397
1628403
1628409
1628415
1628421
1628429
1628438
1628447
1628448
1628449
1628458
1628459
1628460
1628461
1628462
1628474
1628496
1628498
1628500
1628502
1628504
1628506
1628508
1628510
1628512
1628514
1628516
1628518
1628520
1628522
1628524
1628526
1628528
1628530
1628531
1628532
1628533
1628535
1628536
1628537
1628538
1628540
1628542
1628543
1628544
1628562
1628579
1628597
1628615
1628616
1628617
1628618
1628619
1628620
1628621
1628629
1628630
1628631
1628632
1628633
1628634
1628642
1628650
1628651
1628659
1628660
1628661
1628662
1628665
1628668
1628669
1628670
1628673
1628674
1628675
1628678
1628681
1628684
1628685
1628686
1628689
1628692
1628695
1628698
1628701
1628708
1628715
1628722
1628723
1628730
1628737
1628744
1628751
1628758
1628765
1628766
1628767
1628768
1628769
1628770
1628777
1628778
1628785
1628792
1628793
1628794
1628795
1628815
1628816
1628817
1628818
1628819
1628820
1628821
1628822
1628823
1628824
1628825
1628826
1628827
1628828
1628829
1628830
1628831
1628862
1628970
1628973
1628976
1628977
1628980
1628981
1628982
1628983
1628984
1628987
1628990
1628993
1628994
1628995
1628996
1628997
1629000
1629001
1629002
1629003
1629006
1629009
1629010
1629011
1629014
1629017
1629020
1629023
1629026
1629029
1629030
1629031
1629032
1629033
1629034
1629035
1629036
1629039
1629042
1629045
1629046
1629049
1629052
1629053
1629056
1629059
1629062
1629065
1629068
1629071
1629072
1629075
1629078
1629081
1629084
1629087
1629090
1629093
1629096
1629099
1629100
1629101
1629102
1629103
1629106
1629107
1629108
1629109
1629110
1629113
1629116
1629117
1629120
1629123
1629125
1629126
1629127
1629128
1629129
1629130
1629131
1629133
1629135
1629219
1629302
1629385
1629473
1629474
1629475
1629476
1629477
1629478
1629479
1629480
1629481
1629650
1629726
1629802
1629876
1629950
1629951
1629952
1629953
1629954
1630020
1630086
1630169
1630170
1630171
1630172
1630173
1630174
1630175
1630176
1630263
1630349
1630434
1630519
1630605
1630606
1630607
1630608
1630699
1630788
1630789
1630790
1630893
1630994
1631084
1631174
1631256
1631342
1631425
1631511
1631601
1631717
1631718
1631719
1631720
1631721
1631722
1631723
1631724
1631725
1631726
1631727
1631728
1631729
1631730
1631731
1631732
1631733
1631734
1631735
1631736
1631737
1631738
1631860
1631861
1631862
1631864
1631866
1631868
1631869
1631870
1631871
1631872
1631874
1631876
1631878
1631880
1631882
1631884
1631886
1631888
1631890
1631892
1631893
1631895
1631896
1631898
1631899
1631901
1631903
1631905
1631907
1631908
1631910
1631912
1631913
1631914
1631915
1631916
1631918
1631919
1631921
1634023
1634025
1634027
1634029
1634030
1634031
1634032
1634034
1634036
1634038
1634039
1634042
1634045
1634046
1634049
1634052
1634055
1634056
1634059
1634060
1634061
1634062
1634065
1634068
1634071
1634074
1634077
1634080
1634083
1634084
1634087
1634090
1634093
1634096
1634098
1634099
1634100
1634101
1634103
1634105
1634106
1634108
1634109
1634111
1634158
1634204
1634206
1634208
1634210
1634212
1634214
1634216
1634218
1634220
1634222
1634224
1634226
1634228
1634230
1634231
1634232
1634234
1634236
1634238
1634240
1634242
1634244
1634246
1634248
1634250
1634252
1634254
1634302
1634303
1634304
1634305
1634307
1634308
1634310
1634312
1634314
1634316
1634318
1634320
1634322
1634323
1634324
1634325
1634327
1634329
1634331
1634332
1634334
1634336
1634338
1634339
1634341
1634342
1634344
1634345
1634346
1634347
1634395
1634396
1634397
1634398
1634401
1634402
1634403
1634404
1634407
1634410
1634413
1634416
1634417
1634418
1634419
1634420
1634421
1634422
1634423
1634426
1634427
1634428
1634430
1634432
1634434
1634435
1634437
1634439
1634441
1634442
1634443
1634445
1634448
1634449
1634450
1634451
1634452
1634453
1634454
1634455
1634458
1634461
1634462
1634463
1634464
1634465
1634466
1634467
1634468
1634471
1634474
1634475
1634476
1634477
1634480
1634482
1634484
1634485
1634487
1634489
1634491
1634493
1634495
1634497
1634552
1634553
1634554
1634555
1634556
1634557
1634558
1634559
1634560
1634561
1634567
1634568
1634569
1634570
1634571
1634572
1634573
1634574
1634575
1634576
1634577
1634578
1634579
1634585
1634591
1634597
1634598
1634599
1634600
1634601
1634602
1634608
1634609
1634615
1634621
1634627
1634628
1634629
1634630
1634631
1634632
1634633
1634634
1634635
1634636
1634642
1634643
1634644
1634645
1634646
1634647
1634648
1634649
1634650
1634658
1634666
1634668
1634669
1634671
1634672
1634674
1634675
1634677
1634679
1634681
1634682
1634683
1634684
1634686
1634687
1634689
1634691
1634693
1634701
1634702
1634703
1634704
1634712
1634713
1634714
1634715
1634716
1634717
1634718
1634719
1634720
1634728
1634736
1634744
1634746
1634748
1634750
1634752
1634754
1634756
1634758
1634760
1634762
1634763
1634765
1634767
1634769
1634771
1634773
1634775
1634776
1634777
1634779
1634781
1634783
1634785
1634814
1634815
1634816
1634817
1634818
1634822
1634826
1634830
1634834
1634838
1634842
1634843
1634844
1634845
1634846
1634850
1634851
1634852
1634853
1634854
1634855
1634856
1634857
1634858
1634862
1634866
1634867
1634868
1634869
1634870
1634871
1634872
1634887
1634888
1634889
1634890
1634891
1634892
1634893
1634894
1634897
1634899
1634901
1634902
1634904
1634905
1634907
1634908
1634910
1634913
1634916
1634919
1634920
1634921
1634922
1634923
1634924
1634927
1634928
1634929
1634930
1634933
1634934
1634935
1634938
1634941
1634953
1634954
1634955
1634956
1634968
1634970
1634971
1634972
1634974
1634976
1634978
1634979
1634980
1634981
1634983
1634985
1634989
1634990
1634991
1634992
1634996
1634997
1634998
1635000
1635002
1635003
1635004
1635005
1635007
1635009
1635011
1635013
1635019
1635025
1635026
1635027
1635028
1635029
1635030
1635031
1635032
1635033
1635039
1635040
1635041
1635046
1635047
1635048
1635053
1635054
1635055
1635060
1635061
1635066
1635067
1635068
1635073
1635074
1635075
1635076
1635077
1635078
1635079
1635080
1635085
1635086
1635087
1635088
1635090
1635092
1635093
1635094
1635096
1635098
1635100
1635102
1635104
1635106
1635108
1635110
1635115
1635121
1635127
1635133
1635139
1635145
1635146
1635147
1635148
1635149
1635150
1635151
1635157
1635158
1635159
1635160
1635161
1635162
1635163
1635164
1635165
1635166
1635167
1635173
1635174
1635175
1635176
1635177
1635184
1635191
1635198
1635199
1635206
1635213
1635220
1635221
1635222
1635223
1635230
1635237
1635249
1635250
1635251
1635252
1635265
1635268
1635269
1635270
1635271
1635272
1635273
1635274
1635275
1635276
1635279
1635282
1635285
1635288
1635291
1635294
1635297
1635300
1635301
1635304
1635307
1635308
1635309
1635310
1635311
1635313
1635315
1635317
1635319
1635320
1635321
1635332
1635343
1635355
1635356
1635357
1635358
1635359
1635360
1635361
1635364
1635365
1635366
1635367
1635368
1635371
1635372
1635373
1635374
1635375
1635378
1635381
1635384
1635387
1635390
1635393
1635396
1635399
1635402
1635405
1635408
1635409
1635410
1635411
1635414
1635415
1635416
1635427
1635430
1635433
1635436
1635439
1635442
1635443
1635444
1635445
1635448
1635451
1635454
1635457
1635459
1635461
1635463
1635465
1635467
1635469
1635471
1635472
1635473
1635475
1635478
1635481
1635484
1635485
1635488
1635489
1635490
1635493
1635496
1635499
1635502
1635513
1635517
1635521
1635525
1635526
1635528
1635529
1635531
1635532
1635533
1635534
1635536
1635538
1635539
1635540
1635544
1635545
1635546
1635547
1635548
1635549
1635550
1635554
1635555
1635559
1635560
1635561
1635565
1635566
1635567
1635571
1635572
1635573
1635574
1635575
1635579
1635583
1635594
1635595
1635596
1635597
1635598
1635599
1635600
1635601
1635602
1635603
1635604
1635605
1635606
1635607
1635608
1635626
1635627
1635628
1635629
1635630
1635631
1635632
1635649
1635666
1635689
1635690
1635691
1635697
1635703
1635709
1635710
1635711
1635717
1635723
1635724
1635725
1635726
1635727
1635733
1635734
1635735
1635736
1635737
1635743
1635747
1635748
1635749
1635750
1635751
1635755
1635759
1635763
1635767
1635768
1635769
1635770
1635774
1635778
1635782
1635783
1635787
1635791
1635795
1635796
1635797
1635801
1635802
1635803
1635807
1635811
1635815
1635816
1635820
1635824
1635828
1635829
1635830
1635831
1635832
1635834
1635836
1635837
1635838
1635839
1635841
1635845
1635846
1635847
1635848
1635873
1635875
1635877
1635879
1635881
1635883
1635885
1635887
1635889
1635891
1635893
1635897
1635899
1635900
1635901
1635902
1635904
1635906
1635908
1635910
1635912
1635914
1635918
1635922
1635926
1635927
1635928
1635929
1635930
1635931
1635935
1635939
1635943
1635944
1635948
1635952
1635955
1635956
1635957
1635958
1635961
1635964
1635967
1635970
1635973
1635976
1635977
1635978
1635979
1635980
1635983
1635986
1635990
1636003
1636016
1636029
1636030
1636031
1636032
1636033
1636034
1636035
1636048
1636049
1636050
1636051
1636052
1636053
1636054
1636067
1636069
1636071
1636073
1636075
1636077
1636079
1636081
1636082
1636083
1636084
1636086
1636088
1636090
1636092
1636093
1636094
1636096
1636097
1636099
1636101
1636103
1636105
1636118
1636131
1636174
1636175
1636176
1636177
1636190
1636203
1636204
1636205
1636206
1636219
1636220
1636221
1636222
1636235
1636236
1636237
1636250
1636263
1636278
1636279
1636280
1636281
1636282
1636283
1636297
1636298
1636299
1636300
1636301
1636302
1636303
1636304
1636305
1636306
1636307
1636308
1636309
1636310
1636311
1636312
1636325
1636326
1636327
1636328
1636329
1636330
1636343
1636344
1636345
1636346
1636347
1636348
1636349
1636351
1636353
1636355
1636356
1636357
1636358
1636360
1636362
1636364
1636365
1636367
1636369
1636370
1636371
1636372
1636373
1636374
1636376
1636377
1636378
1636379
1636380
1636381
1636382
1636396
1636397
1636398
1636411
1636412
1636413
1636414
1636415
1636416
1636417
1636431
1636445
1636459
1636473
1636486
1636499
1636514
1636529
1636538
1636547
1636550
1636553
1636556
1636559
1636562
1636563
1636564
1636565
1636568
1636571
1636572
1636573
1636574
1636575
1636576
1636579
1636582
1636585
1636588
1636589
1636590
1636591
1636592
1636593
1636594
1636595
1636598
1636607
1636616
1636617
1636618
1636619
1636620
1636621
1636622
1636623
1636632
1636637
1636638
1636643
1636648
1636649
1636654
1636655
1636656
1636657
1636658
1636659
1636664
1636665
1636670
1636675
1636680
1636685
1636690
1636695
1636700
1636705
1636710
1636711
1636712
1636713
1636714
1636715
1636716
1636717
1636722
1636727
1636745
1636746
1636762
1636763
1636764
1636765
1636782
1636799
1636816
1636832
1636848
1636849
1636865
1636881
1636897
1636914
1636931
1636932
1636933
1636934
1636935
1636936
1636937
1636938
1636939
1636940
1636958
1636987
1636988
1636989
1636990
1636991
1636992
1636993
1636994
1636995
1636996
1636997
1636998
1636999
1637000
1637001
1637002
1637003
1637004
1637020
1637021
1637022
1637023
1637024
1637025
1637026
1637027
1637028
1637029
1637045
1637061
1637077
1637078
1637094
1637095
1637111
1637112
1637113
1637114
1637115
1637116
1637117
1637118
1637119
1637120
1637121
1637122
1637139
1637140
1637141
1637143
1637144
1637146
1637148
1637150
1637151
1637153
1637155
1637157
1637159
1637161
1637163
1637165
1637166
1637167
1637169
1637185
1637186
1637202
1637203
1637219
1637236
1637248
1637260
1637272
1637284
1637296
1637309
1637310
1637311
1637312
1637313
1637314
1637315
1637316
1637317
1637318
1637319
1637320
1637333
1637346
1637347
1637348
1637361
1637374
1637375
1637387
1637388
1637389
1637390
1637391
1637392
1637393
1637394
1637395
1637396
1637408
1637409
1637410
1637411
1637412
1637414
1637415
1637416
1637417
1637418
1637419
1637420
1637421
1637423
1637424
1637425
1637426
1637427
1637428
1637429
1637431
1637433
1637435
1637436
1637438
1637440
1637441
1637442
1637443
1637445
1637447
1637449
1637450
1637452
1637479
1637480
1637481
1637482
1637483
1637484
1637511
1637512
1637513
1637514
1637515
1637516
1637517
1637544
1637545
1637546
1637547
1637548
1637618
1637619
1637620
1637621
1637622
1637623
1637624
1637625
1637626
1637629
1637632
1637635
1637638
1637639
1637642
1637645
1637648
1637651
1637654
1637657
1637663
1637664
1637666
1637667
1637669
1637670
1637672
1637674
1637675
1637676
1637678
1637680
1637682
1637683
1637684
1637686
1637687
1637693
1637699
1637705
1637706
1637707
1637713
1637719
1637725
1637727
1637729
1637731
1637733
1637734
1637735
1637737
1637738
1637739
1637740
1637741
1637742
1637744
1637746
1637748
1637750
1637756
1637757
1637763
1637764
1637765
1637766
1637767
1637768
1637769
1637775
1637781
1637787
1637790
1637793
1637796
1637799
1637802
1637805
1637806
1637809
1637810
1637811
1637812
1637813
1637815
1637817
1637818
1637820
1637822
1637824
1637825
1637827
1637829
1637893
1637894
1637895
1637896
1637897
1637906
1637907
1637908
1637909
1637910
1637919
1637928
1637937
1637946
1637955
1637964
1637973
1637982
1637991
1637992
1637993
1637994
1637995
1638004
1638013
1638021
1638029
1638030
1638038
1638039
1638048
1638057
1638066
1638067
1638076
1638085
1638094
1638103
1638112
1638121
1638130
1638133
1638134
1638135
1638136
1638137
1638138
1638141
1638142
1638143
1638144
1638145
1638148
1638149
1638150
1638153
1638154
1638155
1638158
1638159
1638160
1638161
1638164
1638167
1638170
1638173
1638181
1638182
1638183
1638184
1638185
1638186
1638187
1638195
1638197
1638199
1638201
1638202
1638203
1638204
1638205
1638206
1638208
1638210
1638211
1638212
1638213
1638214
1638215
1638217
1638219
1638220
1638221
1638223
1638236
1638238
1638240
1638241
1638243
1638245
1638247
1638249
1638251
1638253
1638255
1638257
1638258
1638259
1638260
1638261
1638263
1638265
1638266
1638267
1638268
1638270
1638272
1638273
1638275
1638277
1638290
1638306
1638319
1638332
1638345
1638358
1638359
1638360
1638361
1638362
1638363
1638364
1638370
1638375
1638376
1638381
1638386
1638387
1638388
1638389
1638390
1638391
1638392
1638393
1638394
1638397
1638400
1638402
1638404
1638406
1638408
1638410
1638411
1638412
1638413
1638415
1638417
1638418
1638421
1638424
1638429
1638430
1638431
1638432
1638433
1638434
1638435
1638436
1638437
1638438
1638443
1638444
1638445
1638446
1638447
1638448
1638449
1638450
1638451
1638486
1638487
1638488
1638496
1638504
1638505
1638512
1638513
1638514
1638522
1638530
1638531
1638532
1638533
1638534
1638542
1638543
1638544
1638545
1638546
1638547
1638548
1638549
1638550
1638551
1638552
1638553
1638561
1638569
1638570
1638571
1638572
1638580
1638581
1638582
1638583
1638584
1638585
1638586
1638587
1638588
1638589
1638590
1638599
1638607
1638615
1638623
1638631
1638639
1638647
1638655
1638663
1638672
1638673
1638674
1638675
1638676
1638679
1638680
1638681
1638684
1638685
1638686
1638687
1638690
1638693
1638694
1638695
1638698
1638699
1638700
1638701
1638702
1638705
1638706
1638707
1638710
1638713
1638716
1638719
1638856
1638881
1638882
1638883
1638886
1638889
1638892
1638893
1638894
1638895
1638896
1638897
1638898
1638899
1638902
1638904
1638906
1638908
1638910
1638912
1638914
1638915
1638916
1638917
1638920
1638923
1638926
1638929
1638932
1638933
1638936
1638939
1638942
1638945
1638948
1638951
1638952
1638953
1638954
1638955
1638956
1638959
1638962
1638992
1638993
1638994
1638995
1638996
1638997
1638998
1638999
1639000
1639001
1639002
1639014
1639015
1639016
1639017
1639018
1639019
1639020
1639021
1639022
1639023
1639024
1639025
1639026
1639027
1639028
1639029
1639030
1639043
1639055
1639056
1639057
1639058
1639059
1639060
1639061
1639062
1639074
1639075
1639087
1639088
1639100
1639112
1639113
1639114
1639115
1639127
1639128
1639129
1639130
1639142
1639154
1639166
1639178
1639190
1639191
1639203
1639204
1639205
1639218
1639230
1639242
1639243
1639244
1639245
1639257
1639258
1639259
1639260
1639261
1639262
1639272
1639273
1639274
1639275
1639276
1639277
1639287
1639288
1639298
1639307
1639316
1639325
1639326
1639327
1639336
1639337
1639345
1639353
1639355
1639357
1639358
1639359
1639361
1639362
1639364
1639366
1639368
1639370
1639372
1639374
1639376
1639378
1639380
1639382
1639384
1639386
1639396
1639397
1639398
1639399
1639400
1639401
1639402
1639403
1639404
1639405
1639406
1639460
1639506
1639545
1639546
1639547
1639548
1639549
1639550
1639551
1639552
1639553
1639554
1639555
1639595
1639619
1639644
1639669
1639670
1639671
1639672
1639673
1639674
1639675
1639698
1639721
1639744
1639745
1639746
1639747
1639771
1639794
1639816
1639838
1639839
1639861
1639883
1639918
1639950
1639951
1639952
1639953
1639954
1639987
1640020
1640057
1640058
1640059
1640060
1640061
1640062
1640063
1640064
1640065
1640066
1640067
1640068
1640069
1640070
1640071
1640072
1640073
1640074
1640075
1640076
1640077
1640078
1640079
1640128
1640132
1640133
1640134
1640135
1640136
1640137
1640138
1640139
1640140
1640144
1640145
1640146
1640147
1640151
1640155
1640159
1640163
1640167
1640171
1640175
1640179
1640183
1640184
1640185
1640189
1640193
1640197
1640201
1640205
1640206
1640207
1640208
1640212
1640213
1640214
1640215
1640219
1640223
1640227
1640228
1640229
1640230
1640231
1640232
1640237
1640241
1640242
1640246
1640247
1640251
1640255
1640256
1640260
1640261
1640265
1640269
1640271
1640272
1640274
1640276
1640277
1640279
1640281
1640283
1640285
1640287
1640289
1640291
1640295
1640296
1640297
1640299
1640301
1640302
1640303
1640304
1640305
1640306
1640308
1640310
1640312
1640314
1640319
1640320
1640321
1640322
1640323
1640324
1640329
1640334
1640335
1640336
1640337
1640338
1640339
1640344
1640349
1640354
1640487
1640494
1640500
1640506
1640512
1640518
1640524
1640530
1640537
1640538
1640539
1640540
1640541
1640542
1640543
1640544
1640545
1640546
1640547
1640553
1640554
1640555
1640561
1640567
1640569
1640571
1640573
1640575
1640576
1640577
1640578
1640580
1640582
1640584
1640586
1640588
1640590
1640596
1640597
1640603
1640609
1640614
1640619
1640624
1640629
1640634
1640639
1640644
1640649
1640654
1640659
1640664
1640665
1640666
1640667
1640668
1640669
1640670
1640671
1640672
1640673
1640674
1640675
1640680
1640681
1640682
1640683
1640684
1640685
1640686
1640687
1640688
1640689
1640690
1640691
1640697
1640703
1640704
1640705
1640706
1640712
1640718
1640719
1640720
1640721
1640722
1640723
1640727
1640728
1640729
1640730
1640731
1640735
1640736
1640737
1640738
1640739
1640743
1640747
1640751
1640752
1640756
1640760
1640764
1640768
1640772
1640776
1640777
1640778
1640782
1640786
1640791
1640792
1640793
1640794
1640795
1640796
1640797
1640798
1640827
1640828
1640851
1640852
1640853
1640854
1640855
1640857
1640859
1640861
1640863
1640865
1640867
1640868
1640870
1640872
1640874
1640876
1640878
1640879
1640880
1640882
1640884
1640886
1640888
1640890
1640892
1640894
1640896
1640897
1640898
1640899
1640901
1640903
1640904
1640905
1640907
1640909
1640911
1640933
1640957
1640958
1640959
1640960
1640961
1640973
1640985
1640997
1641009
1641010
1641011
1641012
1641013
1641014
1641015
1641016
1641017
1641029
1641041
1641053
1641065
1641077
1641079
1641080
1641081
1641083
1641085
1641087
1641089
1641090
1641092
1641094
1641095
1641097
1641099
1641100
1641108
1641109
1641110
1641111
1641112
1641113
1641114
1641122
1641130
1641138
1641139
1641140
1641141
1641142
1641143
1641151
1641159
1641160
1641168
1641176
1641177
1641186
1641195
1641196
1641197
1641198
1641199
1641200
1641201
1641210
1641219
1641220
1641221
1641222
1641223
1641224
1641225
1641226
1641227
1641236
1641245
1641246
1641255
1641264
1641265
1641274
1641285
1641286
1641287
1641288
1641289
1641290
1641291
1641292
1641293
1641294
1641306
1641318
1641331
1641332
1641339
1641346
1641347
1641348
1641349
1641350
1641357
1641359
1641361
1641363
1641365
1641366
1641368
1641369
1641371
1641373
1641375
1641377
1641378
1641379
1641380
1641381
1641389
1641396
1641403
1641410
1641417
1641424
1641425
1641426
1641427
1641428
1641435
1641442
1641449
1641456
1641462
1641468
1641474
1641480
1641481
1641488
1641495
1641497
1641499
1641501
1641503
1641505
1641507
1641509
1641511
1641513
1641515
1641517
1641520
1641523
1641526
1641529
1641530
1641531
1641534
1641535
1641536
1641537
1641538
1641539
1641540
1641541
1641542
1641545
1641546
1641547
1641556
1641557
1641559
1641561
1641563
1641565
1641567
1641569
1641571
1641574
1641575
1641576
1641577
1641578
1641579
1641582
1641585
1641588
1641589
1641590
1641591
1641592
1641593
1641594
1641595
1641598
1641601
1641602
1641613
1641614
1641615
1641616
1641617
1641618
1641619
1641620
1641621
1641622
1641633
1641644
1641655
1641656
1641667
1641668
1641679
1641680
1641691
1641702
1641713
1641714
1641715
1641716
1641727
1641738
1641749
1641760
1641772
1641773
1641774
1641796
1641801
1641806
1641811
1641812
1641813
1641814
1641815
1641816
1641817
1641818
1641819
1641820
1641821
1641826
1641827
1641828
1641829
1641830
1641831
1641836
1641841
1641846
1641851
1641852
1641853
1641854
1641855
1641856
1641857
1641858
1641859
1641864
1641869
1641874
1641879
1641884
1641889
1641895
1641901
1641902
1641903
1641904
1641905
1641906
1641912
1641913
1641916
1641919
1641922
1641923
1641926
1641927
1641928
1641929
1641930
1641931
1641934
1641937
1641940
1641943
1641944
1641945
1641946
1641947
1641948
1641949
1641955
1641961
1641967
1641973
1641979
1641985
1641991
1641997
1642003
1642004
1642005
1642011
1642017
1642018
1642028
1642029
1642030
1642031
1642032
1642033
1642034
1642036
1642037
1642038
1642039
1642040
1642041
1642042
1642044
1642045
1642046
1642047
1642048
1642049
1642050
1642052
1642054
1642056
1642066
1642076
1642086
1642096
1642106
1642107
1642117
1642119
1642121
1642123
1642125
1642127
1642128
1642130
1642132
1642134
1642135
1642136
1642138
1642139
1642140
1642142
1642152
1642162
1642172
1642182
1642192
1642193
1642194
1642195
1642196
1642211
1642212
1642213
1642220
1642227
1642234
1642235
1642236
1642237
1642238
1642239
1642240
1642247
1642248
1642255
1642256
1642263
1642270
1642271
1642272
1642279
1642280
1642281
1642282
1642283
1642284
1642285
1642286
1642287
1642288
1642289
1642297
1642305
1642306
1642307
1642308
1642313
1642314
1642315
1642316
1642321
1642326
1642327
1642328
1642329
1642333
1642337
1642341
1642345
1642349
1642353
1642357
1642358
1642359
1642360
1642362
1642364
1642365
1642366
1642367
1642369
1642371
1642373
1642375
1642377
1642382
1642386
1642387
1642388
1642389
1642392
1642395
1642398
1642399
1642400
1642401
1642404
1642408
1642409
1642410
1642411
1642412
1642413
1642414
1642415
1642418
1642421
1642424
1642427
1642430
1642431
1642434
1642435
1642438
1642441
1642444
1642449
1642450
1642451
1642452
1642453
1642454
1642455
1642460
1642465
1642471
1642476
1642481
1642482
1642487
1642492
1642497
1642502
1642504
1642506
1642508
1642510
1642512
1642514
1642516
1642518
1642520
1642522
1642523
1642524
1642525
1642526
1642527
1642528
1642529
1642531
1642537
1642538
1642539
1642541
1642543
1642545
1642547
1642549
1642550
1642551
1642553
1642555
1642556
1642557
1642559
1642565
1642567
1642568
1642570
1642572
1642574
1642576
1642577
1642578
1642579
1642581
1642583
1642584
1642586
1642588
1642592
1642593
1642594
1642595
1642596
1642597
1642598
1642600
1642602
1642604
1642607
1642608
1642609
1642610
1642611
1642614
1642618
1642620
1642622
1642624
1642626
1642628
1642630
1642632
1642634
1642635
1642636
1642637
1642639
1642641
1642643
1642647
1642651
1642655
1642656
1642657
1642659
1642661
1642663
1642664
1642665
1642667
1642669
1642671
1642675
1642676
1642677
1642678
1642682
1642683
1642687
1642688
1642689
1642690
1642691
1642692
1642693
1642694
1642698
1642699
1642700
1642701
1642702
1642703
1642704
1642705
1642706
1642707
1642708
1642712
1642713
1642714
1642715
1642716
1642717
1642817
1642818
1642819
1642820
1642821
1642889
1642955
1643021
1643022
1643023
1643024
1643025
1643094
1643095
1643096
1643097
1643098
1643154
1643155
1643156
1643222
1643223
1643291
1643358
1643426
1643488
1643489
1643490
1643558
1643612
1643666
1643712
1643758
1643805
1643806
1643807
1643876
1643877
1643878
1643879
1643880
1643964
1643966
1643967
1643969
1643971
1643973
1643975
1643977
1643979
1643982
1643983
1643985
1643987
1643989
1643991
1643992
1643993
1643995
1643997
1643999
1644000
1644001
1644003
1644005
1644007
1644008
1644009
1644010
1644011
1644014
1644017
1644020
1644021
1644022
1644023
1644024
1644027
1644030
1644031
1644034
1644035
1644036
1644037
1644038
1644039
1644042
1644045
1644048
1644050
1644052
1644054
1644056
1644058
1644060
1644062
1644064
1644067
1644070
1644073
1644076
1644079
1644082
1644085
1644088
1644089
1644092
1644095
1644098
1644101
1644104
1644107
1644110
1644111
1644114
1644117
1644118
1644121
1644157
1644158
1644159
1644160
1644161
1644162
1644163
1644164
1644165
1644166
1644167
1644168
1644169
1644170
1644171
1644172
1644173
1644174
1644175
1644176
1644208
1644209
1644239
1644270
1644271
1644272
1644273
1644274
1644275
1644276
1644277
1644278
1644279
1644280
1644281
1644282
1644283
1644284
1644320
1644321
1644322
1644323
1644324
1644325
1644326
1644327
1644328
1644329
1644330
1644331
1644332
1644333
1644334
1644335
1644336
1644337
1644338
1644339
1644370
1644372
1644373
1644375
1644376
1644377
1644379
1644380
1644382
1644383
1644384
1644387
1644390
1644393
1644396
1644397
1644400
1644403
1644406
1644409
1644412
1644413
1644414
1644417
1644420
1644423
1644426
1644427
1644430
1644431
1644434
1644435
1644436
1644437
1644440
1644443
1644444
1644445
1644446
1644447
1644448
1644451
1644452
1644453
1644454
1644455
1644456
1644457
1644458
1644461
1644464
1644467
1644470
1644471
1644472
1644473
1644474
1644475
1644476
1644479
1644480
1644483
1644486
1644487
1644518
1644519
1644520
1644521
1644522
1644553
1644583
1644584
1644627
1644628
1644629
1644672
1644784
1644785
1644786
1644795
1644804
1644813
1644822
1644823
1644832
1644841
1644843
1644845
1644847
1644849
1644851
1644853
1644855
1644856
1644857
1644858
1644859
1644860
1644862
1644864
1644866
1644867
1644868
1644870
1644872
1644874
1644876
1644878
1644879
1644880
1644881
1644882
1644883
1644884
1644886
1644895
1644896
1644897
1644898
1644899
1644900
1644906
1644907
1644908
1644909
1644910
1644911
1644912
1644913
1644914
1644915
1644921
1644927
1644933
1644939
1644945
1644946
1644952
1644958
1644964
1644965
1644966
1644972
1644978
1644979
1644980
1644981
1644982
1644983
1644984
1644985
1644986
1644987
1644988
1644989
1644990
1644996
1644997
1644998
1644999
1645000
1645004
1645008
1645009
1645010
1645011
1645014
1645017
1645020
1645023
1645026
1645027
1645028
1645029
1645030
1645031
1645035
1645036
1645037
1645038
1645039
1645043
1645047
1645051
1645057
1645063
1645069
1645075
1645081
1645134
1645136
1645137
1645138
1645139
1645140
1645142
1645144
1645146
1645148
1645150
1645152
1645154
1645156
1645157
1645158
1645159
1645161
1645163
1645165
1645167
1645169
1645170
1645172
1645174
1645176
1645177
1645178
1645179
1645180
1645182
1645184
1645185
1645186
1645188
1645190
1645290
1645343
1645344
1645345
1645397
1645426
1645427
1645428
1645429
1645430
1645431
1645462
1645463
1645464
1645465
1645466
1645467
1645468
1645469
1645470
1645471
1645472
1645473
1645533
1645605
1645676
1645765
1645767
1645768
1645769
1645770
1645772
1645774
1645775
1645777
1645779
1645780
1645781
1645782
1645784
1645786
1645788
1645790
1645791
1645793
1645795
1645796
1645798
1645800
1645802
1645804
1645806
1645807
1645808
1645899
1645900
1645901
1645902
1645903
1645904
1645908
1645912
1645916
1645920
1645924
1645928
1645932
1645936
1645940
1645941
1645942
1645946
1645950
1645954
1645955
1645956
1645957
1645958
1645962
1645966
1645967
1645968
1645972
1645973
1645977
1645981
1645985
1645986
1645987
1645988
1645992
1645996
1645997
1645998
1645999
1646000
1646001
1646002
1646003
1646004
1646008
1646009
1646010
1646011
1646012
1646013
1646014
1646045
1646075
1646105
1646135
1646166
1646194
1646222
1646223
1646224
1646225
1646226
1646227
1646229
1646231
1646233
1646234
1646236
1646238
1646240
1646242
1646244
1646245
1646246
1646247
1646248
1646250
1646252
1646286
1646287
1646308
1646329
1646350
1646371
1646372
1646373
1646374
1646375
1646376
1646379
1646380
1646381
1646382
1646385
1646388
1646391
1646394
1646395
1646396
1646399
1646400
1646401
1646402
1646405
1646406
1646407
1646408
1646409
1646412
1646415
1646418
1646419
1646420
1646423
1646426
1646429
1646432
1646435
1646438
1646439
1646440
1646441
1646498
1646550
1646602
1646654
1646700
1646747
1646794
1646841
1646892
1646943
1646993
1647046
1647093
1647139
1647185
1647233
1647234
1647235
1647284
1647333
1647374
1647375
1647376
1647377
1647378
1647379
1647380
1647381
1647382
1647383
1647424
1647464
1647503
1647504
1647505
1647506
1647547
1647594
1647595
1647596
1647597
1647598
1647599
1647600
1647653
1647706
1647759
1647812
1647865
1647866
1647933
1647934
1647935
1647936
1647937
1647938
1647939
1647940
1647941
1647942
1647999
1648000
1648025
1648029
1648031
1648033
1648035
1648036
1648037
1648038
1648040
1648041
1648042
1648043
1648045
1648047
1648049
1648053
1648054
1648058
1648060
1648062
1648064
1648065
1648066
1648067
1648069
1648071
1648073
1648074
1648076
1648077
1648078
1648079
1648080
1648082
1648086
1648088
1648089
1648091
1648093
1648095
1648097
1648099
1648101
1648103
1648105
1648107
1648109
1648111
1648115
1648116
1648117
1648118
1648122
1648123
1648127
1648128
1648129
1648130
1648136
1648142
1648148
1648154
1648155
1648161
1648165
1648166
1648167
1648168
1648169
1648173
1648174
1648175
1648176
1648177
1648181
1648182
1648183
1648184
1648185
1648188
1648189
1648190
1648191
1648192
1648193
1648194
1648197
1648200
1648201
1648202
1648203
1648204
1648208
1648215
1648216
1648217
1648218
1648219
1648220
1648221
1648222
1648223
1648230
1648237
1648238
1648239
1648240
1648241
1648242
1648243
1648244
1648245
1648246
1648247
1648254
1648255
1648262
1648269
1648276
1648283
1648290
1648297
1648304
1648305
1648329
1648358
1648385
1648386
1648387
1648388
1648389
1648416
1648443
1648470
1648497
1648524
1648525
1648526
1648527
1648528
1648556
1648584
1648612
1648640
1648668
1648712
1648714
1648716
1648718
1648720
1648721
1648722
1648724
1648726
1648728
1648730
1648731
1648733
1648735
1648737
1648739
1648741
1648743
1648744
1648746
1648748
1648749
1648751
1648753
1648754
1648774
1648775
1648776
1648777
1648780
1648783
1648784
1648787
1648790
1648791
1648794
1648795
1648796
1648797
1648800
1648803
1648806
1648809
1648812
1648815
1648818
1648821
1648824
1648825
1648826
1648827
1648830
1648833
1648835
1648837
1648838
1648839
1648840
1648842
1648843
1648844
1648845
1648867
1648889
1648911
1648912
1648913
1648914
1648915
1648916
1648917
1648918
1648940
1648941
1648943
1648945
1648947
1648948
1648950
1648952
1648954
1648955
1648957
1648959
1648960
1648961
1648963
1648965
1648967
1648969
1648970
1648972
1648973
1648974
1648975
1648977
1649007
1649008
1649009
1649010
1649011
1649012
1649013
1649014
1649015
1649016
1649017
1649018
1649019
1649020
1649021
1649022
1649023
1649024
1649025
1649026
1649027
1649475
1649476
1649477
1649478
1649479
1649480
1649481
1649494
1649507
1649518
1649519
1649520
1649521
1649532
1649533
1649534
1649535
1649546
1649547
1649548
1649549
1649560
1649561
1649562
1649563
1649564
1649575
1649576
1649587
1649598
1649599
1649610
1649621
1649622
1649623
1649624
1649635
1649646
1649657
1649668
1649679
1649690
1649701
1649712
1649723
1649734
1649745
1649756
1649767
1649778
1649789
1649802
1649814
1649826
1649827
1649828
1649829
1649841
1649842
1649843
1649855
1649856
1649867
1649878
1649879
1649890
1649901
1649912
1649924
1649925
1649926
1649927
1649928
1649929
1649930
1649941
1649942
1649953
1649964
1649965
1649966
1649967
1649968
1649969
1649970
1649981
1649992
1649993
1650004
1650015
1650016
1650017
1650018
1650019
1650020
1650021
1650022
1650023
1650024
1650035
1650046
1650047
1650048
1650049
1650050
1650061
1650073
1650084
1650087
1650090
1650093
1650094
1650097
1650100
1650101
1650104
1650107
1650108
1650111
1650114
1650117
1650118
1650121
1650122
1650125
1650126
1650129
1650132
1650135
1650136
1650137
1650138
1650139
1650140
1650143
1650144
1650145
1650146
1650185
1650188
1650191
1650192
1650193
1650194
1650195
1650196
1650197
1650198
1650199
1650202
1650203
1650204
1650205
1650206
1650207
1650210
1650213
1650214
1650215
1650216
1650217
1650218
1650219
1650222
1650223
1650224
1650225
1650226
1650227
1650228
1650231
1650234
1650235
1650238
1650241
1650244
1650247
1650250
1650251
1650252
1650253
1650254
1650255
1650256
1650259
1650260
1650261
1650262
1650263
1650264
1650265
1650266
1650267
1650470
1650534
1650535
1650536
1650537
1650538
1650539
1650602
1650603
1650604
1650668
1650669
1650670
1650671
1650672
1650673
1650674
1650675
1650676
1650677
1650678
1650679
1650680
1650681
1650682
1650683
1650684
1650685
1650686
1650687
1650721
1650723
1650725
1650727
1650729
1650731
1650732
1650733
1650734
1650735
1650736
1650737
1650739
1650741
1650743
1650744
1650745
1650746
1650748
1650750
1650752
1650753
1650755
1650757
1650759
1650761
1650763
1650764
1650765
1650766
1650767
1650768
1650769
1650801
1650832
1650833
1650834
1650835
1650836
1650837
1650838
1650839
1650840
1650841
1650842
1650843
1650844
1650845
1650846
1650847
1650848
1650849
1650850
1650851
1650882
1650883
1650884
1650885
1650886
1650887
1650888
1650889
1650926
1650927
1650928
1650929
1650930
1650932
1650933
1650935
1650936
1650938
1650939
1650940
1650942
1650944
1650946
1650948
1650949
1650951
1650952
1650954
1650956
1650958
1650960
1650962
1650963
1650964
1650966
1650968
1650970
1651003
1651004
1651005
1651006
1651007
1651008
1651009
1651010
1651011
1651012
1651013
1651014
1651015
1651016
1651017
1651018
1651019
1651020
1651021
1651022
1651023
1651024
1651059
1651351
1651352
1651353
1651354
1651355
1651356
1651357
1651358
1651359
1651360
1651365
1651366
1651367
1651372
1651377
1651378
1651383
1651388
1651393
1651398
1651399
1651400
1651401
1651402
1651403
1651404
1651405
1651406
1651411
1651416
1651417
1651419
1651421
1651422
1651423
1651425
1651427
1651429
1651431
1651433
1651435
1651436
1651437
1651439
1651441
1651447
1651453
1651454
1651455
1651456
1651457
1651458
1651459
1651460
1651461
1651462
1651463
1651464
1651470
1651476
1651482
1651483
1651484
1651485
1651486
1651492
1651498
1651500
1651502
1651503
1651504
1651506
1651508
1651510
1651512
1651514
1651516
1651518
1651520
1651522
1651524
1651530
1651534
1651535
1651536
1651537
1651538
1651539
1651540
1651544
1651548
1651549
1651550
1651551
1651555
1651559
1651563
1651567
1651571
1651575
1651579
1651583
1651587
1651593
1651594
1651595
1651596
1651597
1651598
1651599
1651600
1651601
1651602
1651603
1651604
1651605
1651610
1651615
1651616
1651617
1651622
1651627
1651632
1651633
1651634
1651635
1651636
1651637
1651638
1651639
1651640
1651641
1651646
1651647
1651648
1651649
1651650
1651651
1651652
1651653
1651654
1651655
1652004
1652069
1652134
1652194
1652253
1652312
1652371
1652372
1652431
1652495
1652559
1652560
1652561
1652624
1652688
1652797
1652798
1652799
1652800
1652801
1652802
1652803
1652804
1652805
1652912
1652913
1653043
1653145
1653247
1653248
1653356
1653358
1653360
1653361
1653362
1653364
1653366
1653367
1653369
1653370
1653372
1653374
1653376
1653378
1653380
1653382
1653384
1653386
1653388
1653390
1653392
1653394
1653396
1653398
1653400
1653402
1653403
1653405
1653407
1653409
1653411
1653413
1653415
1653417
1653419
1653421
1653423
1653746
1654067
1654371
1654667
1654970
1655277
1655278
1655279
1655280
1655710
1655711
1655713
1655715
1655717
1655719
1655721
1655722
1655723
1655724
1655725
1655727
1655729
1655733
1655734
1655735
1655736
1655737
1655741
1655745
1655746
1655747
1655749
1655751
1655753
1655755
1655757
1655759
1655761
1655763
1655765
1655767
1655771
1655772
1655773
1655774
1655775
1655776
1655778
1655779
1655780
1655781
1655782
1655783
1655790
1655791
1655792
1655793
1655794
1655795
1655800
1655802
1655803
1655805
1655807
1655809
1655810
1655812
1655814
1655816
1655818
1655819
1655821
1655826
1655827
1655832
1655837
1655838
1655839
1655844
1655845
1655846
1655847
1655848
1655849
1655850
1655851
1655852
1655853
1655854
1655859
1655860
1655861
1655862
1655863
1655868
1655869
1656005
1656119
1656233
1656234
1656362
1656491
1656619
1656748
1656877
1657011
1657144
1657326
1657333
1657340
1657344
1657348
1657352
1657356
1657357
1657361
1657362
1657366
1657368
1657369
1657371
1657372
1657374
1657376
1657378
1657380
1657381
1657382
1657385
1657386
1657387
1657388
1657389
1657390
1657393
1657397
1657403
1657404
1657411
1657412
1657413
1657414
1657417
1657418
1657421
1657422
1657423
1657424
1657427
1657428
1657429
1657430
1657431
1657434
1657437
1657440
1657441
1657442
1657443
1657444
1657447
1657450
1657453
1657454
1657455
1657458
1657461
1657467
1657473
1657479
1657485
1657486
1657487
1657493
1657500
1657501
1657502
1657503
1657504
1657505
1657506
1657513
1657514
1657515
1657522
1657529
1657536
1657543
1657550
1657557
1657564
1657571
1657578
1657585
1657592
1657593
1657609
1657610
1657611
1657616
1657621
1657622
1657623
1657624
1657625
1657626
1657627
1657632
1657637
1657638
1657639
1657640
1657641
1657642
1657643
1657644
1657645
1657646
1657647
1657648
1657653
1657658
1657663
1657664
1657669
1657670
1657675
1657680
1657681
1657682
1657683
1657684
1657685
1657690
1657691
1657692
1657697
1657702
1657704
1657705
1657706
1657707
1657708
1657709
1657710
1657711
1657713
1657715
1657717
1657718
1657720
1657721
1657722
1657724
1657725
1657726
1657731
1657736
1657741
1657746
1657747
1657749
1657750
1657752
1657754
1657756
1657758
1657760
1657762
1657764
1657766
1657768
1657770
1657772
1657783
1657784
1657785
1657786
1657787
1657788
1657791
1657794
1657795
1657798
1657801
1657804
1657806
1657807
1657808
1657810
1657812
1657814
1657815
1657817
1657820
1657821
1657822
1657823
1657824
1657825
1657826
1657827
1657830
1657840
1657841
1657842
1657843
1657844
1657845
1657846
1657847
1657848
1657849
1657850
1657860
1657861
1657862
1657863
1657864
1657865
1657866
1657867
1657868
1657869
1657870
1657871
1657872
1657891
1657909
1657927
1657945
1657964
1657980
1657981
1657997
1658013
1658029
1658030
1658031
1658032
1658033
1658034
1658035
1658036
1658037
1658038
1658039
1658055
1660500
1660501
1660502
1660503
1660505
1660507
1660509
1660511
1660513
1660515
1660517
1660519
1660521
1660523
1660525
1660527
1660529
1660530
1660531
1660532
1660533
1660535
1660537
1660539
1660541
1660543
1660545
1660547
1660549
1660551
1660553
1660554
1660555
1660557
1660559
1660561
1660562
1660563
1660564
1660639
1660702
1660765
1660828
1660892
1660893
1660894
1660958
1660959
1660960
1660961
1660962
1660963
1660964
1660965
1660966
1660967
1660968
1660969
1660970
1660971
1660972
1660973
1660974
1660975
1660976
1660977
1660978
1661030
1661031
1661032
1661033
1661034
1661035
1661036
1661094
1661152
1661210
1661211
1661212
1661213
1661214
1661276
1661338
1661403
1661405
1661407
1661409
1661411
1661413
1661415
1661416
1661417
1661418
1661419
1661421
1661423
1661424
1661425
1661426
1661427
1661429
1661430
1661431
1661433
1661434
1661435
1661437
1661439
1661441
1661443
1661444
1661445
1661446
1661448
1661451
1661454
1661457
1661458
1661460
1661461
1661462
1661464
1661465
1661466
1661467
1661469
1661471
1661473
1661476
1661477
1661478
1661481
1661482
1661483
1661484
1661485
1661486
1661487
1661488
1661491
1661494
1661496
1661498
1661500
1661502
1661504
1661506
1661507
1661508
1661510
1661511
1661512
1661686
1661784
1661785
1661786
1661787
1661788
1661789
1661886
1661984
1662085
1662226
1662228
1662230
1662232
1662234
1662235
1662236
1662238
1662240
1662241
1662243
1662245
1662246
1662248
1662250
1662252
1662254
1662255
1662256
1662258
1662259
1662260
1662261
1662262
1662264
1662265
1662266
1662267
1662269
1662271
1662272
1662273
1662274
1662275
1662276
1662578
1662714
1662854
1662989
1663134
1663135
1663239
1663344
1663449
1663553
1663658
1663762
1663866
1663972
1664074
1664173
1664274
1664383
1664384
1664385
1664386
1664387
1664388
1664389
1664390
1664391
1664392
1664396
1664400
1664404
1664405
1664409
1664413
1664417
1664421
1664425
1664429
1664431
1664433
1664435
1664437
1664439
1664440
1664442
1664444
1664445
1664447
1664449
1664451
1664455
1664456
1664460
1664461
1664465
1664466
1664470
1664474
1664476
1664478
1664479
1664480
1664481
1664482
1664483
1664484
1664485
1664486
1664490
1664494
1664495
1664499
1664501
1664503
1664505
1664507
1664509
1664510
1664511
1664512
1664513
1664514
1664515
1664516
1664518
1664520
1664521
1664525
1664526
1664530
1664532
1664534
1664535
1664536
1664538
1664540
1664542
1664544
1664545
1664546
1664548
1664549
1664616
1664617
1664618
1664619
1664620
1664759
1664885
1665011
1665149
1665372
1665373
1665374
1665375
1665376
1665377
1665378
1665379
1665380
1665381
1665382
1665394
1665396
1665397
1665399
1665400
1665402
1665404
1665406
1665408
1665410
1665412
1665413
1665415
1665417
1665419
1665421
1665423
1665425
1665427
1665428
1665429
1665444
1665458
1665472
1665486
1665501
1665515
1665529
1665543
1665544
1665545
1665546
1665547
1665548
1665549
1665563
1665564
1665579
1665594
1665595
1665596
1665597
1665598
1665599
1665600
1665601
1665602
1665603
1665616
1665617
1665618
1665619
1665620
1665621
1665622
1665623
1665638
1665653
1665654
1665655
1665656
1665657
1665658
1665659
1665660
1665661
1665662
1665666
1665670
1665671
1665672
1665673
1665674
1665675
1665679
1665683
1665684
1665688
1665689
1665690
1665691
1665692
1665696
1665700
1665704
1665708
1665712
1665713
1665714
1665723
1665724
1665725
1665726
1665727
1665728
1665729
1665730
1665731
1665732
1665733
1665734
1665735
1665736
1665745
1665754
1665763
1665772
1665781
1665790
1665799
1665808
1665817
1665818
1665819
1665820
1665821
1665901
1665902
1665903
1665904
1665905
1665906
1665907
1665908
1665909
1665910
1665911
1665912
1665913
1665914
1665915
1665916
1665917
1665918
1665919
1665999
1666000
1666001
1666093
1666181
1666182
1666183
1666184
1666266
1666267
1666345
1666425
1666507
1666590
1666591
1666592
1666593
1666595
1666596
1666598
1666600
1666602
1666604
1666606
1666608
1666609
1666610
1666612
1666614
1666615
1666616
1666618
1666620
1666622
1666624
1666625
1666626
1666627
1666629
1666631
1666632
1666633
1666634
1666724
1666808
1666894
1666982
1667070
1667160
1667342
1667404
1667466
1667528
1667590
1667652
1667653
1667654
1667655
1667656
1667657
1667658
1667711
1667764
1667814
1667864
1667914
1667965
1668016
1668067
1668068
1668069
1668070
1668122
1668192
1668193
1668221
1668222
1668227
1668232
1668237
1668242
1668247
1668252
1668253
1668258
1668263
1668264
1668269
1668270
1668271
1668276
1668281
1668286
1668291
1668296
1668297
1668298
1668299
1668304
1668309
1668310
1668311
1668316
1668317
1668318
1668319
1668325
1668326
1668327
1668328
1668329
1668330
1668331
1668332
1668333
1668339
1668345
1668351
1668357
1668358
1668359
1668360
1668361
1668362
1668368
1668369
1668375
1668381
1668387
1668388
1668394
1668400
1668401
1668402
1668403
1668404
1668405
1668411
1668412
1668413
1668419
1668425
1668431
1668437
1668443
1668444
1668450
1668451
1668457
1668458
1668464
1668465
1668466
1668467
1668468
1668469
1668470
1668471
1668472
1668478
1668479
1668480
1668481
1668482
1668483
1668489
1668490
1668491
1668492
1668493
1668494
1668495
1668496
1668497
1668533
1668535
1668537
1668539
1668541
1668543
1668545
1668546
1668547
1668549
1668551
1668553
1668555
1668556
1668558
1668560
1668562
1668564
1668566
1668568
1668570
1668571
1668572
1668573
1668575
1668577
1668579
1668601
1668623
1668645
1668667
1668668
1668690
1668712
1668713
1668714
1668715
1668716
1668717
1668738
1668741
1668742
1668743
1668744
1668747
1668750
1668753
1668756
1668759
1668760
1668763
1668766
1668767
1668770
1668771
1668772
1668775
1668778
1668779
1668780
1668783
1668786
1668787
1668788
1668791
1668794
1668795
1668796
1668799
1668800
1668801
1668804
1668807
1668810
1668811
1668812
1668813
1668814
1668815
1668818
1668819
1668820
1668821
1668822
1668823
1668826
1668827
1668828
1668831
1668834
1668837
1668889
1668890
1668891
1668892
1668893
1668894
1668895
1668896
1668897
1668903
1668904
1668910
1668911
1668912
1668913
1668914
1668916
1668918
1668920
1668921
1668922
1668923
1668924
1668926
1668927
1668928
1668929
1668930
1668931
1668932
1668938
1668939
1668940
1668941
1668942
1668944
1668945
1668946
1668948
1668950
1668951
1668952
1668953
1668955
1668958
1668961
1668964
1668967
1668970
1668973
1668976
1668988
1668991
1668992
1668993
1668994
1668997
1669000
1669003
1669006
1669007
1669008
1669009
1669012
1669015
1669018
1669021
1669022
1669025
1669028
1669029
1669032
1669033
1669036
1669039
1669042
1669045
1669046
1669047
1669048
1669051
1669052
1669053
1669054
1669055
1669056
1669057
1669061
1669062
1669063
1669064
1669065
1669076
1669079
1669082
1669085
1669088
1669091
1669092
1669093
1669094
1669095
1669096
1669097
1669100
1669103
1669106
1669109
1669112
1669113
1669114
1669115
1669116
1669117
1669120
1669123
1669124
1669127
1669130
1669133
1669134
1669137
1669138
1669141
1669144
1669147
1669158
1669160
1669162
1669164
1669166
1669167
1669169
1669170
1669172
1669174
1669176
1669178
1669180
1669181
1669182
1669183
1669184
1669185
1669187
1669188
1669189
1669201
1669203
1669204
1669206
1669208
1669210
1669212
1669214
1669216
1669217
1669218
1669220
1669222
1669224
1669226
1669228
1669229
1669230
1669367
1669495
1669619
1669743
1669867
1669993
1670118
1670251
1670252
1670253
1670254
1670255
1670256
1670257
1670393
1670424
1670425
1670426
1670427
1670428
1670429
1670430
1670431
1670460
1670461
1670462
1670463
1670464
1670493
1670494
1670495
1670496
1670497
1670563
1670592
1670621
1670622
1670623
1670624
1670625
1670654
1670655
1670656
1670657
1670658
1670659
1670660
1670661
1670662
1670663
1670664
1670665
1670735
1670803
1670871
1670939
1672936
1672937
1672938
1672939
1672940
1672941
1672942
1672943
1672987
1673031
1673075
1673118
1673162
1673206
1673250
1673295
1673340
1673341
1673342
1673343
1673344
1673345
1673346
1673347
1673348
1673349
1673350
1673351
1673352
1673353
1673354
1673355
1673356
1673403
1673404
1673405
1673406
1673407
1673408
1673409
1673410
1673411
1673412
1673413
1673414
1673415
1673416
1673464
1673465
1673466
1673467
1673468
1673469
1673470
1673471
1673472
1673483
1673490
1673492
1673494
1673496
1673498
1673500
1673501
1673503
1673504
1673505
1673507
1673509
1673511
1673513
1673514
1673516
1673523
1673524
1673531
1673532
1673539
1673546
1673553
1673560
1673567
1673574
1673576
1673578
1673580
1673582
1673584
1673586
1673587
1673589
1673590
1673592
1673594
1673595
1673596
1673603
1673604
1673605
1673606
1673607
1673608
1673609
1673610
1673611
1673612
1673613
1673614
1673615
1673622
1673624
1673626
1673627
1673629
1673631
1673632
1673634
1673635
1673637
1673639
1673640
1673642
1673643
1673650
1673657
1673658
1673670
1673681
1673692
1673703
1673704
1673705
1673706
1673707
1673708
1673709
1673710
1673713
1673716
1673719
1673722
1673725
1673728
1673729
1673730
1673731
1673732
1673735
1673736
1673737
1673738
1673740
1673741
1673742
1673743
1673744
1673746
1673757
1673768
1673779
1673790
1673791
1673792
1673803
1673804
1673815
1673826
1673837
1673838
1673849
1673860
1673871
1673872
1673873
1673884
1673895
1673896
1673907
1673923
1673938
1673939
1673940
1673941
1673942
1673943
1673944
1673973
1673974
1673975
1673976
1674001
1674023
1674024
1674025
1674026
1674027
1674052
1674077
1674102
1674127
1674128
1674153
1674154
1674179
1674180
1674205
1674231
1674257
1674258
1674284
1674285
1674286
1674287
1674313
1674334
1674335
1674336
1674337
1674338
1674359
1674360
1674361
1674381
1674402
1674423
1674449
1674450
1674451
1674474
1674497
1674520
1674543
1674566
1674589
1674590
1674591
1674592
1674593
1674594
1674595
1674596
1674597
1674598
1674621
1674622
1674623
1674624
1674625
1674626
1674627
1674628
1674629
1674652
1674653
1674654
1674677
1674700
1674701
1674725
1674726
1674727
1674728
1674729
1674730
1674731
1674732
1674733
1674734
1674735
1674745
1674746
1674747
1674748
1674749
1674750
1674760
1674761
1674763
1674764
1674766
1674768
1674769
1674770
1674772
1674774
1674775
1674777
1674779
1674781
1674783
1674793
1674803
1674804
1674805
1674806
1674807
1674808
1674809
1674810
1674811
1674812
1674813
1674823
1674833
1674834
1674835
1674836
1674837
1674838
1674839
1674849
1674858
1674868
1674877
1674886
1674895
1674896
1674897
1674906
1674916
1674926
1674936
1674937
1674938
1674948
1674949
1674950
1674951
1674952
1674953
1674954
1674955
1674956
1674957
1674958
1674959
1674960
1674970
1674980
1674981
1674982
1674983
1674984
1674985
1674995
1674996
1674997
1674998
1674999
1675000
1675001
1675011
1675021
1675031
1675041
1675051
1675052
1675053
1675054
1675055
1675056
1675057
1675067
1675068
1675069
1675070
1675071
1675072
1675073
1675083
1675093
1675239
1675240
1675241
1675256
1675257
1675258
1675259
1675260
1675261
1675262
1675263
1675264
1675279
1675280
1675281
1675282
1675283
1675284
1675285
1675286
1675287
1675288
1675289
1675290
1675291
1675306
1675321
1675322
1675337
1675338
1675339
1675354
1675355
1675356
1675357
1675360
1675361
1675362
1675365
1675366
1675367
1675368
1675369
1675372
1675373
1675374
1675375
1675376
1675379
1675382
1675385
1675386
1675387
1675388
1675392
1675394
1675395
1675397
1675399
1675401
1675403
1675405
1675407
1675408
1675409
1675410
1675411
1675412
1675413
1675418
1675419
1675420
1675421
1675422
1675423
1675424
1675425
1675426
1675473
1675476
1675479
1675482
1675483
1675484
1675487
1675490
1675493
1675494
1675495
1675498
1675501
1675504
1675507
1675510
1675511
1675514
1675517
1675520
1675521
1675522
1675525
1675528
1675531
1675532
1675533
1675534
1675537
1675540
1675543
1675546
1675549
1675550
1675551
1675552
1675553
1675554
1675557
1675558
1675561
1675573
1675575
1675577
1675579
1675581
1675583
1675585
1675587
1675589
1675591
1675592
1675594
1675596
1675597
1675599
1675600
1675602
1675603
1675604
1675605
1675618
1675630
1675642
1675643
1675644
1675645
1675646
1675657
1675668
1675679
1675680
1675691
1675702
1675703
1675704
1675705
1675706
1675707
1675708
1675719
1675730
1675731
1675742
1675753
1675765
1675777
1675789
1675801
1675813
1675825
1675826
1675827
1675839
1675841
1675843
1675845
1675847
1675849
1675851
1675853
1675855
1675857
1675859
1675861
1675863
1675865
1675867
1675869
1675871
1675873
1675875
1675876
1675890
1675904
1675918
1675932
1675945
1675958
1675971
1675984
1675998
1676012
1676013
1676026
1676039
1676041
1676043
1676044
1676046
1676047
1676048
1676049
1676051
1676052
1676054
1676056
1676058
1676060
1676062
1676064
1676066
1676068
1676069
1676070
1676071
1676073
1676075
1676077
1676078
1676091
1676104
1676117
1676130
1676143
1676156
1676157
1676158
1676159
1676160
1676161
1676184
1676189
1676190
1676191
1676192
1676196
1676200
1676201
1676202
1676206
1676207
1676208
1676212
1676214
1676216
1676218
1676220
1676222
1676224
1676225
1676226
1676227
1676228
1676229
1676233
1676237
1676238
1676239
1676240
1676241
1676242
1676243
1676247
1676251
1676255
1676256
1676257
1676258
1676259
1676260
1676261
1676262
1676266
1676270
1676275
1676280
1676281
1676282
1676287
1676292
1676293
1676294
1676295
1676296
1676446
1676476
1676477
1676478
1676479
1676480
1676481
1676482
1676483
1676484
1676485
1676486
1676487
1676488
1676489
1676490
1676491
1676492
1676493
1676494
1676495
1676496
1676525
1676527
1676529
1676531
1676533
1676535
1676537
1676539
1676541
1676543
1676544
1676545
1676547
1676549
1676550
1676551
1676552
1676553
1676554
1676555
1676556
1676558
1676560
1676562
1676564
1676565
1676567
1676569
1676571
1676572
1676574
1676575
1676577
1676578
1676579
1676581
1676583
1676585
1676587
1676671
1676673
1676675
1676677
1676678
1676679
1676680
1676682
1676684
1676686
1676688
1676690
1676691
1676692
1676693
1676694
1676696
1676697
1676699
1676701
1676703
1676704
1676705
1676706
1676707
1676709
1676710
1676711
1676713
1676715
1676717
1676718
1676753
1676755
1676757
1676758
1676759
1676761
1676763
1676765
1676767
1676769
1676771
1676773
1676775
1676777
1676779
1676781
1676783
1676785
1676787
1676788
1676790
1676792
1676793
1676795
1676796
1676798
1676800
1677631
1678678
1678936
1679197
1679198
1679199
1679200
1679201
1679202
1679203
1679204
1679205
1679206
1679207
1679208
1679209
1679210
1679211
1679212
1679213
1679214
1679365
1679366
1679367
1679368
1679369
1679370
1679371
1679518
1679520
1679521
1679522
1679523
1679524
1679525
1679527
1679529
1679531
1679532
1679533
1679535
1679536
1679537
1679539
1679541
1679543
1679544
1679546
1679548
1679550
1679552
1679554
1679556
1679558
1679560
1679562
1679563
1679565
1679567
1679569
1679571
1679573
1679575
1679946
1679949
1679952
1679955
1679956
1679957
1679958
1679961
1679964
1679967
1679970
1679973
1679974
1679975
1679976
1679977
1679978
1679979
1679980
1679981
1679984
1679985
1679986
1679987
1679988
1679989
1679990
1679993
1679994
1679995
1679998
1680001
1680004
1680007
1680010
1680013
1680014
1680017
1680020
1680021
1680024
1680025
1680026
1680029
1680032
1680035
1680049
1680050
1680064
1680065
1680066
1680067
1680068
1680069
1680070
1680071
1680072
1680073
1680074
1680088
1680089
1680103
1680104
1680105
1680106
1680107
1680108
1680122
1680137
1680138
1680139
1680140
1680141
1680142
1680144
1680145
1680146
1680147
1680148
1680149
1680152
1680153
1680154
1680155
1680158
1680161
1680164
1680167
1680170
1680173
1680176
1680179
1680180
1680183
1680186
1680187
1680190
1680195
1680200
1680205
1680206
1680207
1680208
1680209
1680210
1680212
1680214
1680215
1680216
1680218
1680220
1680222
1680224
1680226
1680228
1680230
1680243
1680244
1680245
1680257
1680269
1680281
1680293
1680294
1680295
1680296
1680297
1680298
1680299
1680300
1680313
1680325
1680337
1680349
1680361
1680373
1680386
1680399
1680412
1680425
1680438
1680450
1680451
1680452
1680453
1680454
1680455
1680456
1680457
1680470
1680482
1680483
1680484
1680485
1680486
1680499
1680500
1680501
1680502
1680503
1680515
1680528
1680529
1680544
1680548
1680552
1680556
1680560
1680561
1680562
1680565
1680566
1680569
1680570
1680574
1680578
1680582
1680583
1680584
1680585
1680589
1680590
1680591
1680592
1680593
1680594
1680598
1680602
1680603
1680604
1680605
1680606
1680607
1680611
1680615
1680619
1680623
1680627
1680628
1680632
1680636
1680650
1680651
1680652
1680653
1680654
1680655
1680656
1681056
1681057
1681058
1681059
1681060
1681061
1681062
1681063
1681064
1681065
1681066
1681067
1681068
1681069
1681070
1681071
1681072
1681073
1681074
1681075
1681076
1681077
1681078
1681079
1681080
1681369
1681370
1681371
1681372
1681373
1681374
1681375
1681376
1681377
1681378
1681379
1681380
1681381
1681382
1681383
1681384
1681385
1681386
1681387
1681388
1681389
1682351
1682600
1682601
1682851
1683099
1683345
1683590
1683840
1683841
1683842
1683843
1683844
1683845
1683846
1683847
1683848
1683849
1683850
1683851
1683852
1683853
1683854
1683855
1683856
1683857
1683858
1683859
1683897
1683935
1683937
1683938
1683940
1683942
1683943
1683945
1683947
1683949
1683951
1683953
1683954
1683955
1683956
1683957
1683958
1683959
1683961
1683963
1683964
1683966
1683968
1683970
1683971
1683972
1683974
1683976
1683978
1683980
1683981
1683982
1683983
1683984
1683985
1683986
1683988
1683990
1683992
1683993
1683995
1683996
1683998
1684000
1684002
1684004
1684042
1684045
1684048
1684051
1684054
1684055
1684058
1684061
1684064
1684067
1684068
1684071
1684074
1684075
1684078
1684079
1684080
1684081
1684082
1684085
1684088
1684089
1684090
1684091
1684092
1684093
1684094
1684095
1684096
1684099
1684100
1684101
1684102
1684103
1684106
1684109
1684110
1684113
1684114
1684117
1684118
1684119
1684120
1684123
1684126
1684129
1684130
1684131
1684132
1684133
1684136
1684139
1684142
1684145
1684146
1684149
1684152
1684153
1684156
1684159
1684160
1684161
1684162
1684165
1684168
1684171
1684172
1684175
1684178
1684181
1684184
1684187
1684188
1684189
1684190
1684191
1688534
1688536
1688538
1688539
1688540
1688541
1688543
1688545
1688546
1688547
1688549
1688551
1688553
1688555
1688557
1688558
1688559
1688560
1688561
1688562
1688564
1688590
1688594
1688595
1688596
1688597
1688598
1688599
1688600
1688601
1688605
1688607
1688609
1688611
1688613
1688614
1688615
1688617
1688618
1688620
1688621
1688623
1688625
1688627
1688629
1688633
1688634
1688635
1688636
1688637
1688638
1688639
1688640
1688641
1688642
1688646
1688650
1688654
1688655
1688656
1688657
1688658
1688659
1688660
1688661
1688662
1688663
1688667
1688671
1688675
1688679
1688681
1688683
1688685
1688687
1688689
1688691
1688692
1688694
1688696
1688698
1688700
1688704
1688733
1688735
1688736
1688737
1688739
1688741
1688743
1688744
1688746
1688748
1688750
1688752
1688754
1688756
1688758
1688760
1688761
1688762
1688764
1688766
1688777
1688778
1688779
1688780
1688781
1688782
1688783
1688784
1688785
1688795
1688798
1688799
1688800
1688801
1688802
1688805
1688806
1688807
1688808
1688809
1688812
1688813
1688814
1688815
1688816
1688818
1688820
1688823
1688824
1688825
1688828
1688831
1688834
1688835
1688836
1688846
1688856
1688859
1688860
1688863
1688866
1688869
1688872
1688875
1688878
1688881
1688884
1688887
1688888
1688891
1688892
1688893
1688894
1688895
1688898
1688899
1688902
1688905
1688908
1688911
1688914
1688917
1688918
1688921
1688922
1688925
1688928
1688931
1688932
1688933
1688934
1688935
1688945
1688955
1688965
1688982
1688997
1688998
1689013
1689014
1689029
1689044
1689045
1689060
1689075
1689076
1689077
1689092
1689107
1689122
1689123
1689139
1689155
1689156
1689160
1689161
1689162
1689163
1689167
1689168
1689169
1689170
1689171
1689172
1689176
1689180
1689184
1689188
1689192
1689193
1689194
1689195
1689196
1689197
1689198
1689199
1689203
1689208
1689209
1689210
1689215
1689220
1689225
1689230
1689231
1689232
1689233
1689234
1689235
1689236
1689241
1689246
1689251
1689256
1689261
1689266
1689267
1689272
1689273
1689278
1689294
1689295
1689309
1689310
1689311
1689312
1689313
1689314
1689315
1689316
1689317
1689318
1689319
1689320
1689321
1689322
1689336
1689349
1689362
1689376
1689390
1689404
1689432
1689433
1689434
1689435
1689436
1689437
1689438
1689445
1689446
1689447
1689448
1689449
1689450
1689451
1689452
1689453
1689454
1689455
1689456
1689457
1689464
1689465
1689466
1689467
1689468
1689469
1689470
1689477
1689484
1689485
1689492
1689499
1689500
1689507
1689508
1689509
1689510
1689511
1689512
1689519
1689526
1689533
1689534
1689541
1689548
1689549
1689556
1689563
1689564
1689565
1689566
1689567
1689568
1689569
1689576
1689583
1689590
1689597
1689598
1689605
1689612
1689619
1689626
1689633
1689640
1689647
1689648
1689649
1689650
1689651
1689652
1689659
1689666
1689667
1689668
1689669
1689670
1689671
1689672
1689673
1689674
1689675
1689676
1689683
1689685
1689687
1689689
1689691
1689693
1689695
1689697
1689699
1689701
1689703
1689705
1689706
1689708
1689710
1689712
1689714
1689716
1689718
1689720
1689727
1689728
1689735
1689736
1689743
1689744
1689745
1689746
1689747
1689748
1689749
1689750
1689757
1689764
1689771
1689774
1689777
1689780
1689783
1689786
1689787
1689790
1689791
1689792
1689793
1689794
1689795
1689796
1689797
1689800
1689803
1689806
1689807
1689808
1689809
1689810
1689811
1689812
1689813
1689822
1689831
1689840
1689841
1689850
1689859
1689868
1689877
1689886
1689895
1689904
1689905
1689906
1689907
1689908
1689909
1689910
1689919
1689920
1689921
1689922
1689931
1689932
1689933
1689934
1689943
1689952
1689953
1689962
1689971
1689980
1689989
1689998
1689999
1690008
1690017
1690026
1690035
1690044
1690045
1690046
1690047
1690049
1690051
1690052
1690053
1690054
1690056
1690058
1690060
1690062
1690064
1690066
1690068
1690069
1690070
1690072
1690074
1690076
1690078
1690080
1690081
1690083
1690244
1690245
1690246
1690247
1690248
1690249
1690250
1690277
1690304
1690306
1690307
1690309
1690310
1690311
1690312
1690313
1690315
1690317
1690319
1690321
1690322
1690323
1690325
1690327
1690328
1690329
1690330
1690331
1690337
1690343
1690344
1690345
1690346
1690352
1690358
1690364
1690365
1690371
1690377
1690383
1690384
1690385
1690386
1690387
1690388
1690389
1690390
1690396
1690402
1690408
1690414
1690415
1690421
1690422
1690424
1690426
1690428
1690430
1690432
1690434
1690436
1690437
1690439
1690441
1690442
1690443
1690498
1690521
1690522
1690523
1690524
1690526
1690528
1690530
1690532
1690534
1690536
1690539
1690540
1690541
1690542
1690543
1690544
1690547
1690550
1690553
1690556
1690559
1690562
1690565
1690568
1690571
1690574
1690577
1690580
1690583
1690586
1690587
1690588
1690591
1690594
1690597
1690598
1690601
1690604
1690605
1690606
1690609
1690630
1690634
1690635
1690636
1690637
1690641
1690642
1690643
1690644
1690648
1690652
1690653
1690654
1690655
1690656
1690657
1690658
1690659
1690660
1690664
1690665
1690666
1690667
1690668
1690669
1690670
1690674
1690675
1690676
1690677
1690681
1690685
1690689
1690690
1690691
1690695
1690696
1690697
1690698
1690699
1690711
1690713
1690714
1690716
1690718
1690720
1690722
1690723
1690724
1690725
1690726
1690727
1690729
1690730
1690732
1690733
1690734
1690736
1690738
1690739
1690740
1690741
1690742
1690743
1690744
1690746
1690747
1690749
1690750
1690751
1690752
1690753
1690754
1690755
1690767
1690768
1690769
1690770
1690771
1690772
1690773
1690774
1690789
1690790
1690791
1690792
1690793
1690794
1690795
1690796
1690797
1690811
1690812
1690813
1690814
1690815
1690816
1690829
1690831
1690833
1690834
1690835
1690837
1690839
1690841
1690842
1690843
1690845
1690847
1690848
1690850
1690852
1690854
1690855
1690857
1690859
1690860
1690861
1690862
1690863
1690864
1690865
1690867
1690902
1690903
1690904
1690905
1690906
1690907
1690908
1690909
1690910
1690940
1690970
1691000
1691030
1691060
1691064
1691068
1691072
1691076
1691080
1691084
1691088
1691092
1691096
1691097
1691098
1691099
1691100
1691101
1691102
1691103
1691104
1691108
1691109
1691110
1691114
1691115
1691116
1691117
1691118
1691119
1691120
1691121
1691122
1691126
1691130
1691134
1691138
1691142
1691146
1691147
1691149
1691151
1691153
1691155
1691157
1691158
1691160
1691162
1691163
1691164
1691165
1691167
1691205
1691344
1691345
1691348
1691349
1691352
1691355
1691358
1691361
1691364
1691365
1691366
1691369
1691372
1691375
1691376
1691377
1691378
1691381
1691382
1691383
1691386
1691389
1691390
1691391
1691394
1691397
1691400
1691403
1691406
1691407
1691410
1691411
1691412
1691413
1691416
1691417
1691420
1691423
1691426
1691429
1691432
1691435
1691460
1691477
1691478
1691494
1691510
1691526
1691542
1691559
1691560
1691561
1691562
1691563
1691564
1691565
1691566
1691567
1691568
1691585
1691602
1691620
1691621
1691622
1691641
1691643
1691645
1691647
1691649
1691650
1691651
1691653
1691654
1691656
1691657
1691658
1691659
1691661
1691663
1691668
1691669
1691674
1691679
1691681
1691683
1691685
1691687
1691688
1691690
1691692
1691694
1691696
1691698
1691700
1691702
1691706
1691707
1691708
1691709
1691710
1691711
1691712
1691713
1691714
1691715
1691720
1691721
1691722
1691723
1691724
1691725
1691730
1691735
1691740
1691745
1691760
1691775
1691776
1691793
1691810
1691827
1691844
1691845
1691846
1691847
1691848
1691849
1691850
1691851
1691852
1691853
1691854
1691855
1691856
1691994
1691995
1691996
1691997
1691998
1691999
1692000
1692001
1692002
1692003
1692004
1692265
1692266
1692267
1692268
1692269
1692270
1692272
1692274
1692276
1692278
1692279
1692280
1692281
1692283
1692284
1692286
1692288
1692289
1692290
1692291
1692292
1692293
1692295
1692297
1692299
1692300
1692302
1692304
1692306
1692308
1692355
1692357
1692359
1692360
1692361
1692362
1692363
1692364
1692366
1692368
1692369
1692370
1692371
1692372
1692373
1692375
1692377
1692379
1692381
1692382
1692384
1692386
1692388
1692390
1692391
1692392
1692393
1692394
1692396
1692397
1692399
1692401
1692402
1692403
1692404
1692406
1692408
1692410
1692411
1692412
1692413
1692414
1692416
1692418
1692420
1692422
1692424
1692425
1692426
1692428
1692430
1692431
1692432
1692433
1692491
1692492
1692493
1692494
1692495
1692496
1692497
1692498
1692499
1692500
1692501
1692518
1692533
1692535
1692537
1692539
1692541
1692543
1692545
1692547
1692549
1692551
1692553
1692555
1692556
1692557
1692559
1692560
1692561
1692562
1692564
1692565
1692566
1692567
1692569
1692583
1692597
1692598
1692612
1692613
1692627
1692628
1692629
1692630
1692644
1692646
1692648
1692650
1692651
1692652
1692654
1692655
1692656
1692657
1692659
1692661
1692663
1692665
1692667
1692668
1692669
1692671
1692673
1692688
1692703
1692721
1692722
1692723
1692726
1692729
1692730
1692731
1692734
1692735
1692736
1692737
1692738
1692739
1692742
1692745
1692748
1692751
1692754
1692755
1692757
1692759
1692761
1692763
1692765
1692767
1692769
1692772
1692775
1692776
1692779
1692782
1692785
1692786
1692787
1692788
1692789
1692806
1692807
1692824
1692841
1692858
1692875
1692892
1692894
1692896
1692898
1692899
1692901
1692903
1692904
1692905
1692906
1692907
1692909
1692911
1692913
1692914
1692915
1692916
1692918
1692920
1692922
1692984
1692986
1692988
1692990
1692991
1692992
1692993
1692995
1692997
1692998
1692999
1693000
1693001
1693003
1693005
1693006
1693008
1693009
1693011
1693013
1693014
1693016
1693018
1693020
1693022
1693024
1693026
1693028
1693030
1693032
1693034
1693036
1693038
1693040
1693041
1693042
1693043
1693044
1693046
1693048
1693050
1693052
1693054
1693056
1693058
1693060
1693116
1693117
1693118
1693119
1693121
1693123
1693125
1693127
1693129
1693131
1693132
1693133
1693135
1693137
1693139
1693141
1693143
1693145
1693147
1693149
1693151
1693153
1693154
1693155
1693157
1693159
1693160
1693161
1693162
1693163
1693164
1693166
1693168
1693169
1693170
1693171
1693172
1693173
1693174
1693175
1693177
1693256
1693309
1693310
1693311
1693365
1693366
1693367
1693368
1693369
1693370
1693371
1693424
1693425
1693480
1693481
1693482
1693535
1693589
1693643
1693644
1693645
1693646
1693647
1693648
1693649
1693703
1693704
1693781
1693782
1693785
1693788
1693791
1693792
1693795
1693798
1693799
1693800
1693801
1693802
1693803
1693804
1693807
1693810
1693811
1693812
1693813
1693814
1693815
1693818
1693821
1693822
1693823
1693826
1693829
1693830
1693833
1693836
1693837
1693838
1693839
1693842
1693845
1693846
1693849
1693852
1693853
1693854
1693857
1693860
1693863
1693864
1693865
1693866
1693867
1693868
1693869
1693872
1693875
1693878
1693881
1693882
1693883
1693886
1693887
1693890
1693891
1693892
1693893
1693894
1693895
1693896
1693897
1694730
1694917
1695102
1695103
1695293
1695294
1695295
1695297
1695299
1695301
1695303
1695305
1695307
1695309
1695310
1695312
1695313
1695314
1695316
1695318
1695320
1695321
1695322
1695324
1695325
1695326
1695327
1695328
1695329
1695331
1695333
1695335
1695337
1695339
1695340
1695523
1695524
1695525
1695526
1695527
1695528
1695529
1695530
1695531
1695708
1695837
1695966
1696093
1696223
1696335
1696446
1696447
1696552
1696657
1696752
1696753
1696754
1696755
1696756
1696757
1696895
1697032
1697033
1697034
1697035
1697036
1697037
1697038
1697174
1697321
1697462
1697608
1697609
1697755
1697927
1698085
1698243
1698401
1698556
1698725
1698726
1698727
1698728
1698729
1698730
1698731
1698732
1698733
1698734
1698896
1698897
1698898
1698899
1698900
1698901
1698902
1698903
1699158
1699400
1699643
1699884
1700135
1700379
1700380
1700381
1700382
1700383
1700641
1700654
1700667
1700680
1700681
1700682
1700683
1700684
1700685
1700686
1700700
1700710
1700711
1700721
1700731
1700741
1700751
1700761
1700771
1700772
1700773
1700774
1700775
1700776
1700777
1700778
1700779
1700789
1700799
1700800
1700810
1700820
1700830
1700840
1700850
1700860
1700864
1700868
1700872
1700876
1700877
1700881
1700885
1700889
1700893
1700894
1700898
1700899
1700900
1700901
1700902
1700906
1700910
1700911
1700915
1700916
1700920
1700924
1700928
1700932
1700936
1700940
1700944
1700945
1700949
1700950
1700951
1700952
1700956
1700957
1700958
1700959
1700960
1700961
1700962
1700963
1700967
1700968
1700978
1700980
1700982
1700984
1700986
1700988
1700990
1700992
1700994
1700996
1700997
1700998
1700999
1701001
1701003
1701005
1701007
1701009
1701011
1701013
1701015
1701016
1701018
1701020
1701030
1701040
1701041
1701042
1701043
1701044
1701054
1701064
1701074
1701086
1701089
1701092
1701095
1701096
1701099
1701101
1701103
1701105
1701107
1701109
1701111
1701113
1701115
1701117
1701120
1701123
1701126
1701129
1701132
1701133
1701136
1701139
1701142
1701145
1701146
1701149
1701152
1701155
1701156
1701157
1701168
1701179
1701190
1701201
1701212
1701213
1701214
1701215
1701216
1701217
1701218
1701219
1701220
1701221
1701232
1701233
1701244
1701245
1701256
1701267
1701268
1701279
1701290
1701304
1701305
1701306
1701307
1701308
1701309
1701310
1701311
1701312
1701313
1701314
1701315
1701316
1701317
1701318
1701319
1701320
1701332
1701333
1701334
1701335
1701336
1701337
1701349
1701361
1701362
1701368
1701374
1701375
1701376
1701377
1701378
1701379
1701385
1701391
1701395
1701396
1701397
1701398
1701399
1701400
1701401
1701402
1701403
1701407
1701408
1701412
1701416
1701417
1701421
1701425
1701429
1701433
1701434
1701435
1701436
1701437
1701438
1701439
1701440
1701441
1701442
1701454
1701455
1701456
1701457
1701458
1701459
1701460
1701461
1701462
1701476
1701478
1701480
1701481
1701482
1701483
1701484
1701485
1701486
1701488
1701489
1701491
1701493
1701495
1701497
1701499
1701501
1701503
1701505
1701506
1701507
1701508
1701509
1701510
1701511
1701512
1701526
1701540
1701541
1701555
1701569
1701583
1701597
1701598
1701599
1701600
1701601
1701602
1701603
1701617
1701929
1701982
1701983
1701984
1701985
1701986
1701987
1701988
1701989
1701990
1701991
1701992
1701993
1701994
1701995
1701996
1701997
1701998
1701999
1702000
1702001
1702002
1702034
1702035
1702037
1702039
1702041
1702042
1702043
1702045
1702047
1702049
1702050
1702051
1702053
1702055
1702056
1702057
1702058
1702059
1702060
1702068
1702073
1702078
1702083
1702088
1702093
1702094
1702095
1702096
1702097
1702098
1702099
1702100
1702105
1702106
1702107
1702108
1702109
1702110
1702113
1702116
1702119
1702122
1702125
1702128
1702129
1702130
1702132
1702134
1702136
1702138
1702140
1702141
1702142
1702147
1702152
1702153
1702154
1702155
1702156
1702157
1702166
1702167
1702168
1702169
1702170
1702171
1702172
1702173
1702175
1702176
1702178
1702179
1702180
1702181
1702182
1702184
1702186
1702188
1702197
1702198
1702199
1702200
1702201
1702202
1702203
1702204
1702205
1702206
1702207
1702223
1702238
1702252
1702266
1702267
1702268
1702269
1702270
1702271
1702286
1702301
1702302
1702303
1702328
1702330
1702332
1702334
1702336
1702337
1702338
1702340
1702342
1702344
1702345
1702347
1702349
1702351
1702353
1702355
1702357
1702358
1702360
1702362
1702364
1702392
1702393
1702416
1702417
1702418
1702419
1702420
1702421
1702422
1702423
1702447
1702448
1702449
1702450
1702451
1702452
1702453
1702454
1702455
1702456
1702457
1702458
1702459
1702460
1702461
1702462
1702487
1702511
1702535
1702559
1702583
1702584
1702585
1702609
1702633
1702634
1702635
1702636
1702660
1702693
1702699
1702705
1702711
1702717
1702723
1702724
1702730
1702736
1702737
1702738
1702739
1702745
1702746
1702747
1702748
1702749
1702750
1702756
1702757
1702758
1702759
1702760
1702761
1702762
1702763
1702764
1702765
1702766
1702772
1702778
1702784
1702790
1702796
1702802
1702808
1702810
1702811
1702812
1702814
1702815
1702816
1702817
1702818
1702819
1702820
1702821
1702823
1702824
1702826
1702827
1702828
1702829
1702835
1702836
1702837
1702843
1702844
1702845
1702846
1702847
1702849
1702851
1702853
1702855
1702857
1702859
1702861
1702862
1702863
1702869
1702870
1702871
1702872
1702873
1702874
1702875
1702876
1702877
1702878
1702879
1702880
1702886
1702892
1702893
1702899
1702900
1702901
1702902
1702903
1702904
1702905
1702906
1702912
1702920
1702927
1702929
1702931
1702933
1702935
1702937
1702939
1702941
1702943
1702944
1702945
1702947
1702949
1702951
1702958
1702965
1702966
1702973
1702980
1702987
1702988
1702995
1702996
1702997
1702998
1702999
1703000
1703001
1703002
1703003
1703010
1703017
1703020
1703021
1703022
1703023
1703026
1703029
1703030
1703031
1703032
1703033
1703036
1703037
1703038
1703039
1703040
1703043
1703044
1703045
1703046
1703047
1703048
1703055
1703056
1703063
1703069
1703075
1703081
1703087
1703093
1703099
1703106
1703107
1703114
1703115
1703122
1703129
1703130
1703131
1703132
1703133
1703140
1703147
1703154
1703161
1703162
1703169
1703176
1703184
1703185
1703186
1703187
1703188
1703195
1703202
1703209
1703265
1703266
1703267
1703268
1703269
1703270
1703271
1703272
1703273
1703274
1703275
1703276
1703277
1703278
1703279
1703280
1703281
1703282
1703283
1703307
1703308
1703309
1703333
1703357
1703382
1703383
1703384
1703385
1703386
1703387
1703388
1703389
1703405
1703406
1703407
1703408
1703409
1703410
1703411
1703412
1703413
1703414
1703415
1703416
1703431
1703446
1703447
1703448
1703449
1703450
1703451
1703452
1703467
1703468
1703469
1703470
1703471
1703472
1703473
1703474
1703475
1703479
1703480
1703481
1703485
1703486
1703487
1703491
1703495
1703496
1703500
1703504
1703508
1703512
1703513
1703517
1703518
1703519
1703520
1703521
1703525
1703529
1703530
1703531
1703532
1703533
1703537
1703541
1703545
1703557
1703559
1703561
1703563
1703564
1703565
1703566
1703568
1703570
1703572
1703574
1703576
1703578
1703579
1703580
1703582
1703584
1703586
1703594
1703595
1703596
1703597
1703598
1703599
1703600
1703601
1703602
1703609
1703610
1703611
1703612
1703613
1703614
1703615
1703616
1703617
1703625
1703626
1703627
1703628
1703629
1703630
1703638
1703646
1703647
1703648
1703649
1703650
1703651
1703652
1703653
1703654
1703655
1703656
1703664
1703672
1703673
1703674
1703675
1703676
1703677
1703685
1703686
1703687
1703695
1703703
1703711
1703719
1703720
1703732
1703733
1703734
1703735
1703736
1703737
1703738
1703739
1703740
1703754
1703755
1703756
1703757
1703758
1703768
1703769
1703779
1703789
1703799
1703809
1703819
1703829
1703839
1703849
1703859
1703861
1703863
1703865
1703867
1703869
1703871
1703873
1703875
1703877
1703879
1703881
1703883
1703884
1703885
1703905
1703907
1703908
1703909
1703910
1703912
1703913
1703915
1703917
1703918
1703920
1703921
1703923
1703925
1703927
1703929
1703931
1703933
1703934
1703935
1703936
1703938
1703939
1703940
1703942
1703944
1703946
1703948
1703950
1703952
1703954
1703974
1703976
1703977
1703979
1703980
1703982
1703984
1703986
1703988
1703990
1703992
1703994
1703996
1703997
1703999
1704000
1704002
1704004
1704005
1704006
1704007
1704024
1704025
1704026
1704027
1704028
1704029
1704030
1704031
1704032
1704033
1704034
1704035
1704036
1704037
1704038
1704039
1704040
1704041
1704060
1704061
1704080
1704081
1704082
1704083
1704084
1704085
1704086
1704087
1704110
1704111
1704112
1704113
1704114
1704115
1704116
1704117
1704118
1704119
1704120
1704121
1704122
1704123
1704124
1704147
1704148
1704149
1704150
1704151
1704152
1704153
1704154
1704155
1704176
1704177
1704197
1704198
1704199
1704200
1704201
1704222
1704238
1704254
1704270
1704286
1704287
1704288
1704289
1704305
1704306
1704307
1704308
1704309
1704310
1704311
1704312
1704313
1704314
1704330
1704331
1704332
1704333
1704334
1704335
1704336
1704337
1704338
1704353
1704368
1704383
1704398
1704413
1704428
1704429
1704430
1704431
1704432
1704447
1704463
1704483
1704484
1704504
1704540
1704541
1704542
1704548
1704554
1704560
1704566
1704567
1704568
1704569
1704570
1704576
1704582
1704583
1704589
1704595
1704596
1704597
1704603
1704605
1704606
1704607
1704608
1704609
1704611
1704613
1704615
1704617
1704619
1704620
1704621
1704623
1704625
1704627
1704629
1704634
1704635
1704636
1704637
1704638
1704639
1704640
1704641
1704642
1704643
1704644
1704649
1704654
1704659
1704660
1704665
1704666
1704667
1704668
1704673
1704674
1704675
1704676
1704681
1704682
1704683
1704684
1704689
1704694
1704695
1704700
1704705
1704706
1704707
1704708
1704709
1704851
1704868
1704885
1704901
1704902
1704919
1704936
1704953
1704970
1704987
1704989
1704990
1704991
1704993
1704994
1704995
1704997
1704999
1705001
1705002
1705003
1705005
1705007
1705009
1705010
1705012
1705013
1705015
1705016
1705033
1705034
1705035
1705036
1705052
1705068
1705084
1705099
1705100
1705101
1705116
1705131
1705146
1705150
1705154
1705158
1705162
1705166
1705170
1705174
1705178
1705182
1705183
1705184
1705185
1705186
1705190
1705191
1705195
1705199
1705203
1705204
1705205
1705206
1705207
1705208
1705212
1705216
1705220
1705221
1705222
1705226
1705230
1705231
1705247
1705263
1705279
1705280
1705296
1705297
1705313
1705329
1705330
1705331
1705332
1705349
1705359
1705360
1705361
1705362
1705363
1705364
1705374
1705384
1705394
1705395
1705405
1705416
1705426
1705436
1705446
1705447
1705448
1705449
1705460
1705461
1705462
1705463
1705464
1705465
1705476
1705487
1705488
1705489
1705490
1705491
1705492
1705493
1705494
1705495
1705496
1705497
1705508
1705519
1705521
1705523
1705525
1705526
1705527
1705528
1705530
1705532
1705534
1705536
1705538
1705539
1705540
1705541
1705542
1705544
1705545
1705546
1705547
1705548
1705549
1705550
1705551
1705578
1705644
1705691
1705738
1705739
1705740
1705741
1705742
1705743
1705744
1705792
1705839
1705889
1705890
1705891
1705941
1705991
1706055
1706060
1706061
1706062
1706063
1706064
1706065
1706070
1706075
1706076
1706077
1706078
1706079
1706080
1706081
1706082
1706083
1706084
1706089
1706094
1706099
1706104
1706109
1706114
1706119
1706124
1706125
1706126
1706127
1706128
1706129
1706130
1706131
1706132
1706133
1706137
1706141
1706145
1706149
1706150
1706154
1706155
1706159
1706160
1706164
1706165
1706170
1706171
1706172
1706173
1706174
1706179
1706180
1706181
1706186
1706193
1706196
1706199
1706202
1706205
1706208
1706211
1706214
1706217
1706220
1706223
1706226
1706229
1706232
1706235
1706238
1706241
1706242
1706243
1706246
1706252
1706258
1706259
1706260
1706261
1706262
1706263
1706264
1706265
1706266
1706267
1706268
1706269
1706270
1706276
1706282
1706288
1706289
1706290
1706296
1706297
1706298
1706299
1706305
1706311
1706312
1706318
1706324
1706330
1706336
1706337
1706338
1706339
1706340
1706341
1706342
1706343
1706344
1706350
1706356
1706362
1706363
1706369
1706370
1706372
1706374
1706376
1706378
1706380
1706381
1706382
1706384
1706385
1706386
1706388
1706389
1706390
1706391
1706392
1706394
1706471
1706472
1706473
1706474
1706476
1706478
1706480
1706482
1706484
1706485
1706486
1706487
1706489
1706491
1706493
1706495
1706497
1706498
1706499
1706500
1706502
1706504
1706506
1706525
1706526
1706527
1706528
1706530
1706532
1706534
1706536
1706538
1706539
1706540
1706541
1706542
1706544
1706546
1706548
1706550
1706552
1706554
1706573
1706575
1706577
1706579
1706580
1706582
1706584
1706586
1706588
1706590
1706592
1706593
1706594
1706596
1706597
1706598
1706600
1706602
1706604
1706622
1706624
1706625
1706626
1706627
1706628
1706629
1706630
1706631
1706633
1706634
1706636
1706638
1706639
1706640
1706641
1706642
1706643
1706644
1706646
1706647
1706649
1706650
1706651
1706652
1706653
1706654
1706655
1706657
1706676
1706677
1706678
1706695
1706712
1706731
1706750
1706751
1706752
1706753
1706769
1706785
1706801
1706817
1706833
1706848
1706863
1706878
1706893
1706894
1706895
1706896
1706912
1706928
1706943
1706958
1706973
1706974
1706989
1707004
1707019
1707035
1707051
1707067
1707068
1707084
1707100
1707116
1707125
1707126
1707135
1707136
1707137
1707138
1707139
1707140
1707141
1707142
1707143
1707144
1707145
1707154
1707157
1707158
1707159
1707160
1707163
1707166
1707169
1707172
1707175
1707176
1707177
1707178
1707181
1707184
1707187
1707190
1707193
1707196
1707199
1707202
1707205
1707208
1707211
1707214
1707217
1707226
1707227
1707228
1707229
1707230
1707231
1707232
1707233
1707242
1707243
1707244
1707245
1707246
1707247
1707248
1707249
1707250
1707251
1707252
1707253
1707254
1707263
1707264
1707265
1707266
1707267
1707268
1707277
1707278
1707280
1707281
1707283
1707285
1707286
1707288
1707290
1707292
1707294
1707296
1707298
1707300
1707302
1707359
1707406
1707407
1707408
1707409
1707456
1707457
1707458
1707500
1707542
1707543
1707544
1707586
1707629
1707672
1707714
1707715
1707716
1707717
1707718
1707748
1707778
1707808
1707838
1707839
1707869
1707900
1707901
1707902
1707932
1707964
1708001
1708043
1708085
1708142
1708193
1708194
1708195
1708246
1708247
1708248
1708249
1708250
1708251
1708252
1708303
1708355
1708407
1708460
1708513
1708570
1708573
1708576
1708579
1708582
1708585
1708586
1708587
1708590
1708593
1708594
1708595
1708596
1708599
1708602
1708605
1708606
1708607
1708610
1708611
1708612
1708613
1708615
1708617
1708619
1708620
1708621
1708623
1708625
1708627
1708629
1708631
1708634
1708637
1708640
1708643
1708646
1708649
1708652
1708655
1708658
1708661
1708911
1708912
1708932
1708952
1708953
1708973
1708993
1709013
1709014
1709015
1709035
1709055
1709056
1709057
1709077
1709097
1709098
1709118
1709138
1709158
1709178
1709179
1709199
1709219
1709239
1709259
1709279
1709280
1709281
1709300
1709322
1709323
1709343
1709363
1709364
1709384
1709403
1709404
1709405
1709425
1709426
1709427
1709428
1709429
1709430
1709431
1709432
1709433
1709434
1709435
1709436
1709437
1709438
1709439
1709440
1709441
1709442
1709443
1709464
1709473
1709481
1709482
1709483
1709484
1709485
1709486
1709487
1709488
1709489
1709490
1709493
1709496
1709499
1709500
1709503
1709504
1709505
1709506
1709507
1709508
1709509
1709512
1709513
1709514
1709515
1709518
1709527
1709536
1709537
1709538
1709547
1709556
1709557
1709559
1709561
1709562
1709564
1709566
1709568
1709570
1709572
1709574
1709576
1709578
1709580
1709582
1709584
1709585
1709586
1709588
1709590
1709591
1709600
1709601
1709602
1709603
1709612
1709613
1709614
1709615
1709616
1709617
1709618
1709627
1709636
1709637
1709638
1709646
1709647
1709656
1709657
1709665
1709673
1709674
1709675
1709676
1709677
1709685
1709693
1709701
1709709
1709710
1709718
1709726
1709734
1709742
1709750
1709758
1709775
1709808
1709810
1709812
1709814
1709816
1709818
1709820
1709822
1709824
1709825
1709826
1709827
1709829
1709831
1709833
1709835
1709839
1709843
1709847
1709851
1709855
1709859
1709863
1709864
1709865
1709866
1709867
1709868
1709872
1709873
1709874
1709875
1709876
1709877
1709881
1709885
1709889
1709893
1709897
1709898
1709899
1709900
1709901
1709902
1709903
1709904
1709908
1709912
1709916
1709920
1709925
1709930
1709935
1709936
1709937
1709938
1709939
1709940
1709941
1709961
1709962
1709963
1709964
1709965
1709966
1709967
1709968
1709969
1709970
1709971
1709972
1709973
1709989
1710005
1710020
1710035
1710050
1710051
1710066
1710082
1710098
1710099
1710115
1710131
1710147
1710163
1710164
1710180
1710198
1710202
1710203
1710207
1710208
1710209
1710210
1710211
1710212
1710213
1710214
1710215
1710219
1710223
1710227
1710231
1710235
1710239
1710243
1710247
1710251
1710254
1710255
1710256
1710257
1710258
1710259
1710263
1710267
1710268
1710269
1710273
1710289
1710305
1710320
1710335
1710350
1710365
1710434
1710435
1710462
1710463
1710464
1710491
1710518
1710545
1710572
1710573
1710574
1710575
1710576
1710577
1710580
1710581
1710582
1710584
1710585
1710586
1710588
1710590
1710592
1710594
1710597
1710598
1710599
1710600
1710601
1710602
1710603
1710606
1710607
1710610
1710613
1710614
1710615
1710618
1710620
1710621
1710623
1710624
1710625
1710626
1710627
1710629
1710630
1710633
1710660
1710661
1710688
1710689
1710690
1710691
1710692
1710693
1710694
1710695
1710696
1710697
1710698
1710699
1710725
1710751
1710777
1710804
1710830
1710856
1710882
1710934
1710936
1710938
1710940
1710942
1710944
1710946
1710947
1710949
1710951
1710953
1710955
1710957
1710961
1710965
1710969
1710970
1710971
1710972
1710973
1710974
1710978
1710979
1710983
1710987
1710991
1710992
1710996
1711000
1711004
1711008
1711012
1711016
1711017
1711018
1711019
1711023
1711024
1711025
1711029
1711033
1711034
1711035
1711039
1711043
1711047
1711048
1711052
1711056
1711057
1711061
1711062
1711063
1711064
1711065
1711066
1711067
1711068
1711072
1711076
1711077
1711078
1711079
1711080
1711081
1711082
1711083
1711084
1711088
1711140
1711190
1711191
1711192
1711242
1711243
1711244
1711245
1711246
1711247
1711248
1711249
1711250
1711251
1711252
1711253
1711304
1711355
1711409
1711410
1711411
1711412
1711417
1711422
1711423
1711424
1711425
1711426
1711431
1711436
1711437
1711442
1711447
1711452
1711453
1711458
1711459
1711464
1711469
1711474
1711475
1711476
1711477
1711482
1711487
1711492
1711493
1711494
1711499
1711504
1711505
1711510
1711515
1711516
1711517
1711518
1711519
1711520
1711525
1711530
1711535
1711541
1711544
1711547
1711550
1711551
1711552
1711553
1711556
1711559
1711562
1711563
1711564
1711565
1711566
1711567
1711568
1711569
1711573
1711577
1711578
1711579
1711580
1711581
1711582
1711586
1711590
1711594
1711598
1711644
1711647
1711648
1711649
1711652
1711655
1711658
1711659
1711662
1711663
1711666
1711669
1711670
1711671
1711672
1711673
1711674
1711675
1711676
1711677
1711680
1711683
1711684
1711685
1711686
1711689
1711692
1711695
1711696
1711699
1711702
1711703
1711704
1711705
1711706
1711709
1711710
1711711
1711712
1711713
1711716
1711719
1711722
1711725
1711726
1711727
1711730
1711733
1711734
1711735
1711736
1711737
1711738
1711739
1711740
1711743
1711746
1711747
1711812
1711813
1711814
1711815
1711819
1711820
1711821
1711822
1711823
1711824
1711825
1711829
1711830
1711831
1711832
1711836
1711840
1711844
1711848
1711849
1711853
1711857
1711861
1711862
1711863
1711867
1711868
1711872
1711876
1711877
1711878
1711879
1711880
1711884
1711885
1711886
1711890
1711891
1711892
1711893
1711894
1711895
1711896
1711900
1711904
1711908
1711909
1711910
1711911
1711915
1711919
1711923
1711927
1711931
1711935
1711936
1711937
1711938
1711942
1711944
1711945
1711947
1711949
1711951
1711953
1711955
1711957
1711959
1711961
1712067
1712068
1712069
1712070
1712071
1712072
1712073
1712074
1712075
1712076
1712077
1712078
1712079
1712080
1712081
1712082
1712083
1712125
1712166
1712208
1712250
1712251
1712293
1712335
1712376
1712418
1712419
1712420
1712421
1712422
1712423
1712474
1712475
1712476
1712477
1712493
1712494
1712495
1712496
1712497
1712498
1712499
1712500
1712501
1712502
1712514
1712515
1712516
1712517
1712518
1712522
1712523
1712527
1712531
1712535
1712536
1712537
1712538
1712539
1712540
1712543
1712546
1712547
1712548
1712551
1712552
1712553
1712556
1712557
1712558
1712559
1712560
1712563
1712566
1712569
1712572
1712576
1712577
1712578
1712582
1712586
1712590
1712602
1712603
1712604
1712605
1712606
1712607
1712608
1712609
1712610
1712611
1712623
1712624
1712625
1712626
1712627
1712640
1712641
1712642
1712645
1712647
1712649
1712650
1712652
1712653
1712655
1712656
1712658
1712660
1712663
1712664
1712665
1712666
1712667
1712668
1712669
1712672
1712675
1712676
1712679
1712680
1712683
1712686
1712689
1712692
1712693
1712694
1712697
1712698
1712699
1712700
1712715
1712716
1712717
1712718
1712719
1712720
1712721
1712722
1712737
1712738
1712739
1712740
1712741
1712742
1712743
1712744
1712745
1712746
1712747
1712748
1712749
1712750
1712767
1712770
1712773
1712774
1712775
1712778
1712779
1712782
1712785
1712786
1712787
1712788
1712789
1712792
1712793
1712794
1712795
1712796
1712799
1712800
1712801
1712802
1712804
1712806
1712807
1712808
1712809
1712810
1712813
1712816
1712819
1712822
1712823
1712824
1712825
1712828
1712884
1712888
1712892
1712896
1712900
1712901
1712904
1712907
1712910
1712913
1712916
1712918
1712920
1712922
1712924
1712926
1712928
1712930
1712931
1712932
1712934
1712938
1712942
1712946
1712950
1712954
1712958
1712962
1712965
1712968
1712969
1712970
1712973
1712976
1712979
1712982
1712983
1712986
1712987
1712988
1712991
1712994
1712997
1713000
1713003
1713004
1713005
1713006
1713009
1713010
1713014
1713018
1713019
1713020
1713021
1713022
1713023
1713024
1713025
1713026
1713030
1713031
1713035
1713036
1713037
1713041
1713045
1713049
1713053
1713113
1713117
1713121
1713122
1713123
1713124
1713125
1713126
1713127
1713131
1713135
1713136
1713140
1713144
1713145
1713146
1713147
1713148
1713149
1713150
1713154
1713158
1713159
1713160
1713161
1713165
1713169
1713173
1713177
1713181
1713185
1713186
1713187
1713191
1713195
1713199
1713200
1713201
1713205
1713206
1713207
1713208
1713209
1713213
1713214
1713215
1713216
1713217
1713218
1713233
1713234
1713235
1713236
1713237
1713241
1713242
1713244
1713245
1713247
1713248
1713250
1713252
1713254
1713256
1713258
1713262
1713266
1713270
1713274
1713278
1713282
1713286
1713287
1713288
1713289
1713290
1713294
1713295
1713298
1713301
1713302
1713304
1713305
1713306
1713309
1713310
1713311
1713312
1713313
1713314
1713315
1713316
1713353
1713362
1713371
1713380
1713381
1713382
1713383
1713384
1713393
1713402
1713411
1713420
1713429
1713430
1713431
1713432
1713433
1713434
1713435
1713436
1713437
1713438
1713447
1713448
1713449
1713450
1713451
1713452
1713453
1713454
1713455
1713464
1713465
1713466
1713467
1713468
1713469
1713470
1713471
1713472
1713473
1713474
1713483
1713484
1713485
1713486
1713487
1713497
1713507
1713517
1713518
1713529
1713530
1713531
1713532
1713533
1713539
1713545
1713551
1713557
1713558
1713559
1713561
1713563
1713565
1713566
1713567
1713568
1713569
1713570
1713571
1713572
1713574
1713576
1713578
1713580
1713582
1713588
1713594
1713600
1713601
1713602
1713603
1713604
1713610
1713616
1713617
1713618
1713620
1713621
1713623
1713624
1713626
1713628
1713629
1713630
1713632
1713633
1713634
1713640
1713641
1713642
1713648
1713654
1713655
1713656
1713657
1713658
1713659
1713660
1713661
1713662
1713663
1713669
1713675
1713681
1713682
1713683
1713684
1713685
1713686
1713687
1713688
1713694
1713695
1713704
1713705
1713706
1713707
1713708
1713709
1713717
1713719
1713720
1713722
1713723
1713724
1713725
1713727
1713729
1713731
1713733
1713735
1713737
1713738
1713739
1713740
1713742
1713743
1713751
1713752
1713753
1713761
1713769
1713777
1713785
1713793
1713794
1713802
1713803
1713804
1713805
1713806
1713807
1713808
1713809
1713810
1713811
1713819
1713828
1713837
1713838
1713847
1713856
1713857
1713858
1713859
1713860
1713869
1713870
1713871
1713880
1713889
1713898
1713907
1713916
1713917
1713926
1713936
1713946
1713956
1713957
1713958
1713959
1713960
1713961
1713962
1713963
1713964
1713965
1713966
1713967
1713977
1714097
1714098
1714099
1714100
1714101
1714102
1714103
1714104
1714116
1714128
1714140
1714152
1714164
1714177
1714178
1714179
1714180
1714181
1714182
1714183
1714196
1714198
1714200
1714202
1714204
1714206
1714208
1714210
1714212
1714214
1714215
1714216
1714218
1714219
1714221
1714223
1714224
1714225
1714227
1714228
1714230
1714232
1714234
1714236
1714238
1714251
1714264
1714265
1714266
1714267
1714268
1714269
1714270
1714271
1714272
1714273
1714274
1714286
1714298
1714310
1714322
1714323
1714336
1714348
1714349
1714350
1714362
1714363
1714364
1714365
1714377
1714390
1714391
1714392
1714405
1714406
1714407
1714408
1714409
1714410
1714422
1714434
1714435
1714436
1714437
1714438
1714439
1714440
1714453
1714466
1714479
1714491
1714503
1714515
1714527
1714539
1714552
1714565
1714578
1714591
1714604
1714617
1714618
1714619
1714620
1714633
1714651
1714652
1714653
1714654
1714655
1714656
1714657
1714658
1714659
1714660
1714661
1714662
1714663
1714664
1714681
1714683
1714685
1714687
1714689
1714691
1714693
1714695
1714697
1714699
1714700
1714702
1714704
1714705
1714706
1714708
1714709
1714710
1714711
1714712
1714713
1714715
1714716
1714718
1714720
1714722
1714723
1714724
1714725
1714740
1714755
1714770
1714785
1714786
1714787
1714788
1714789
1714790
1714805
1714806
1714809
1714810
1714813
1714815
1714816
1714817
1714818
1714819
1714821
1714823
1714824
1714825
1714826
1714828
1714831
1714833
1714835
1714837
1714839
1714841
1714843
1714845
1714847
1714849
1714852
1714855
1714856
1714859
1714860
1714863
1714866
1714869
1714872
1714875
1714878
1714881
1714884
1714887
1714888
1714889
1714890
1714891
1714894
1714909
1714910
1714925
1714926
1714942
1714949
1714956
1714963
1714970
1714971
1714972
1714973
1714974
1714975
1714976
1714983
1714990
1714991
1714992
1714999
1715000
1715007
1715008
1715009
1715010
1715011
1715018
1715021
1715024
1715025
1715028
1715031
1715034
1715035
1715038
1715041
1715042
1715043
1715046
1715049
1715052
1715055
1715058
1715059
1715060
1715061
1715064
1715065
1715066
1715067
1715068
1715069
1715070
1715073
1715080
1715081
1715082
1715083
1715084
1715091
1715092
1715093
1715094
1715095
1715096
1715097
1715104
1715111
1715136
1715138
1715139
1715141
1715142
1715144
1715146
1715147
1715149
1715151
1715153
1715155
1715157
1715159
1715161
1715162
1715163
1715165
1715166
1715168
1715169
1715171
1715173
1715185
1715186
1715187
1715188
1715189
1715201
1715202
1715203
1715204
1715205
1715206
1715207
1715219
1715231
1715243
1715255
1715267
1715279
1715291
1715303
1715304
1715305
1715306
1715318
1715319
1715332
1715333
1715334
1715335
1715336
1715337
1715338
1715339
1715352
1715365
1715376
1715377
1715388
1715399
1715410
1715421
1715422
1715424
1715426
1715427
1715428
1715429
1715431
1715432
1715434
1715436
1715437
1715438
1715440
1715442
1715444
1715446
1715448
1715450
1715452
1715454
1715456
1715458
1715469
1715480
1715481
1715482
1715493
1715504
1715505
1715516
1715527
1715538
1715539
1715540
1715550
1715560
1715571
1715582
1715593
1715604
1715605
1715606
1715607
1715608
1715619
1715620
1715621
1715622
1715623
1715624
1715625
1715636
1715646
1715647
1715657
1715667
1715668
1715678
1715688
1715689
1715690
1715691
1715692
1715693
1715703
1715713
1715723
1715733
1715744
1715745
1715746
1715747
1715748
1715749
1715750
1715751
1715752
1715771
1715775
1715779
1715783
1715787
1715788
1715789
1715790
1715791
1715795
1715796
1715800
1715804
1715806
1715808
1715810
1715812
1715814
1715816
1715818
1715820
1715821
1715823
1715825
1715826
1715830
1715831
1715832
1715833
1715834
1715835
1715836
1715837
1715838
1715842
1715843
1715844
1715845
1715849
1715853
1715871
1715873
1715875
1715877
1715879
1715881
1715883
1715885
1715886
1715888
1715890
1715892
1715894
1715896
1715897
1715899
1715901
1715903
1715904
1715906
1715908
1715910
1715912
1715914
1715916
1715917
1715919
1715936
1715953
1715969
1715970
1715971
1715972
1715973
1715990
1715991
1715992
1715993
1715994
1715995
1715996
1715997
1715998
1715999
1716016
1716017
1716034
1716050
1716051
1716052
1716053
1716054
1716055
1716056
1716057
1716301
1716302
1716303
1716304
1716305
1716306
1716307
1716308
1716309
1716310
1716311
1716312
1716380
1716381
1716382
1716383
1716384
1716388
1716392
1716393
1716394
1716395
1716399
1716403
1716404
1716405
1716406
1716407
1716408
1716409
1716410
1716411
1716415
1716416
1716420
1716424
1716425
1716426
1716427
1716428
1716432
1716436
1716440
1716444
1716448
1716449
1716450
1716451
1716452
1716456
1716457
1716458
1716459
1716460
1716461
1716465
1716469
1716473
1716477
1716481
1716485
1716486
1716487
1716491
1716495
1716499
1716503
1716507
1716508
1716509
1716510
1716511
1716515
1716519
1716523
1716527
1716531
1716534
1716535
1716536
1716537
1716540
1716543
1716544
1716545
1716546
1716548
1716549
1716550
1716551
1716552
1716553
1716555
1716559
1716563
1716567
1716568
1716572
1716576
1716580
1716655
1716657
1716659
1716661
1716663
1716665
1716667
1716669
1716670
1716671
1716672
1716674
1716676
1716677
1716679
1716684
1716689
1716694
1716695
1716696
1716697
1716698
1716699
1716700
1716701
1716702
1716707
1716708
1716709
1716710
1716711
1716712
1716713
1716714
1716715
1716721
1716724
1716727
1716728
1716729
1716730
1716733
1716736
1716739
1716742
1716743
1716744
1716745
1716746
1716749
1716752
1716755
1716758
1716759
1716760
1716761
1716762
1716765
1716771
1716777
1716783
1716789
1716795
1716796
1716802
1716804
1716806
1716808
1716810
1716812
1716814
1716816
1716818
1716820
1716822
1716823
1716824
1716825
1716831
1716832
1716833
1716834
1716840
1716842
1716844
1716846
1716848
1716850
1716852
1716854
1716856
1716858
1716860
1716861
1716862
1716863
1716864
1716866
1716873
1716880
1716881
1716882
1716883
1716884
1716885
1716886
1716887
1716969
1716970
1716971
1716972
1716973
1716974
1716976
1716977
1716979
1716981
1716982
1716983
1716984
1716986
1716988
1716990
1716992
1716994
1716996
1716997
1716998
1717000
1717002
1717004
1717005
1717006
1717007
1717009
1717011
1717012
1717013
1717014
1717015
1717017
1717019
1717020
1717022
1717024
1717026
1717028
1717030
1717090
1717146
1717147
1717148
1717149
1717150
1717151
1717152
1717153
1717154
1717155
1717225
1717227
1717229
1717231
1717233
1717235
1717237
1717238
1717240
1717241
1717242
1717243
1717245
1717247
1717248
1717249
1717251
1717252
1717254
1717255
1717256
1717257
1717258
1717260
1717261
1717262
1717264
1717265
1717266
1717336
1717338
1717340
1717342
1717344
1717346
1717347
1717349
1717351
1717352
1717354
1717355
1717357
1717359
1717361
1717363
1717374
1717375
1717376
1717377
1717378
1717379
1717380
1717381
1717382
1717383
1717384
1717394
1717404
1717414
1717424
1717434
1717435
1717436
1717437
1717438
1717439
1717440
1717441
1717442
1717443
1717444
1717445
1717446
1717447
1717448
1717449
1717450
1717460
1717470
1717480
1717490
1717500
1717503
1717506
1717509
1717510
1717511
1717512
1717513
1717514
1717517
1717518
1717519
1717520
1717523
1717526
1717527
1717530
1717533
1717536
1717539
1717542
1717543
1717544
1717545
1717548
1717551
1717561
1717571
1717581
1717582
1717592
1717602
1717612
1717613
1717623
1717633
1717634
1717635
1717636
1717637
1717638
1717639
1717640
1717641
1717642
1717643
1717654
1717655
1717661
1717667
1717668
1717669
1717670
1717671
1717672
1717673
1717679
1717685
1717686
1717687
1717688
1717689
1717695
1717696
1717697
1717698
1717699
1717700
1717701
1717702
1717703
1717704
1717705
1717706
1717712
1717718
1717719
1717720
1717721
1717722
1717723
1717724
1717725
1717730
1717735
1717740
1717745
1717750
1717751
1717756
1717757
1717758
1717759
1717760
1717761
1717762
1717765
1717766
1717767
1717768
1717771
1717775
1717778
1717779
1717780
1717783
1717786
1717787
1717788
1717791
1717794
1717797
1717800
1717803
1717808
1717813
1717814
1717819
1717820
1717821
1717822
1717823
1717824
1717832
1717835
1717836
1717837
1717840
1717843
1717846
1717849
1717852
1717853
1717856
1717857
1717858
1717859
1717860
1717861
1717862
1717863
1717866
1717868
1717870
1717872
1717873
1717875
1717876
1717878
1717879
1717881
1717882
1717883
1717890
1718010
1718011
1718012
1718023
1718034
1718045
1718047
1718049
1718051
1718053
1718054
1718055
1718057
1718059
1718060
1718062
1718064
1718066
1718068
1718069
1718078
1718087
1718088
1718097
1718098
1718107
1718116
1718125
1718134
1718143
1718152
1718161
1718170
1718179
1718188
1718197
1718206
1718215
1718224
1718225
1718226
1718227
1718228
1718238
1718240
1718242
1718244
1718246
1718248
1718250
1718252
1718254
1718255
1718257
1718258
1718260
1718262
1718263
1718265
1718267
1718268
1718275
1718276
1718277
1718278
1718285
1718286
1718287
1718288
1718289
1718296
1718303
1718310
1718317
1718324
1718325
1718326
1718327
1718334
1718335
1718336
1718337
1718338
1718339
1718340
1718342
1718343
1718345
1718347
1718349
1718351
1718353
1718354
1718355
1718356
1718357
1718363
1718364
1718365
1718373
1718374
1718375
1718376
1718377
1718378
1718379
1718380
1718381
1718382
1718383
1718389
1718390
1718391
1718397
1718403
1718404
1718410
1718416
1718417
1718418
1718424
1718425
1718426
1718432
1718433
1718434
1718440
1718446
1718452
1718453
1718454
1718455
1718456
1718459
1718460
1718461
1718462
1718463
1718466
1718469
1718472
1718475
1718478
1718479
1718480
1718481
1718482
1718485
1718488
1718489
1718490
1718493
1718494
1718497
1718502
1718505
1718506
1718507
1718510
1718511
1718512
1718515
1718516
1718517
1718518
1718519
1718520
1718521
1718522
1718523
1718526
1718527
1718528
1718529
1718530
1718531
1718534
1718537
1718540
1718543
1718566
1718585
1718586
1718605
1718606
1718623
1718624
1718641
1718660
1718679
1718680
1718681
1718682
1718683
1718684
1718686
1718688
1718690
1718692
1718694
1718695
1718697
1718698
1718699
1718701
1718703
1718704
1718706
1718707
1718719
1718731
1718743
1718744
1718745
1718746
1718747
1718748
1718749
1718750
1718762
1718763
1718764
1718765
1718766
1718771
1718776
1718781
1718782
1718783
1718784
1718785
1718786
1718787
1718792
1718793
1718798
1718799
1718800
1718801
1718806
1718807
1718808
1718809
1718810
1718811
1718812
1718813
1718814
1718819
1718820
1718821
1718822
1718827
1718832
1718837
1718842
1718843
1718844
1718845
1718846
1718847
1718848
1718849
1718850
1718851
1718856
1718857
1718858
1718859
1718860
1718861
1718866
1718867
1718869
1718870
1718872
1718874
1718876
1718878
1718880
1718882
1718884
1718886
1718888
1718890
1718902
1718903
1718914
1718925
1718935
1718945
1718955
1718966
1718977
1718988
1718999
1719000
1719001
1719002
1719003
1719004
1719005
1719006
1719007
1719008
1719019
1719030
1719041
1719042
1719053
1719072
1719091
1719110
1719129
1719147
1719165
1719183
1719202
1719203
1719222
1719240
1719258
1719276
1719277
1719296
1719297
1719298
1719299
1719300
1719301
1719302
1719303
1719337
1719345
1719346
1719354
1719356
1719358
1719360
1719362
1719364
1719366
1719367
1719368
1719369
1719372
1719375
1719376
1719377
1719378
1719379
1719380
1719383
1719386
1719387
1719390
1719393
1719396
1719397
1719398
1719399
1719400
1719403
1719411
1719412
1719413
1719414
1719415
1719416
1719417
1719418
1719419
1719420
1719421
1719422
1719423
1719431
1719432
1719440
1719441
1719449
1719457
1719465
1719473
1719481
1719490
1719497
1719504
1719511
1719518
1719519
1719526
1719533
1719540
1719547
1719554
1719561
1719562
1719563
1719564
1719571
1719578
1719579
1719580
1719587
1719588
1719589
1719595
1719602
1719608
1719614
1719620
1719627
1719634
1719642
1719643
1719644
1719645
1719646
1719647
1719648
1719649
1719650
1719651
1719658
1719659
1719667
1719675
1719683
1719691
1719699
1719707
1719715
1719716
1719724
1719732
1719733
1719734
1719735
1719736
1719737
1719738
1719739
1719740
1719741
1719742
1719743
1719744
1719752
1719760
1719768
1719775
1719782
1719789
1719797
1719798
1719799
1719800
1719801
1719802
1719803
1719804
1719805
1719806
1719807
1719814
1719822
1719830
1719831
1719832
1719833
1719834
1719835
1719836
1719837
1719838
1719846
1719857
1719868
1719879
1719880
1719881
1719882
1719883
1719884
1719885
1719886
1719887
1719898
1719909
1719910
1719911
1719913
1719915
1719917
1719919
1719921
1719923
1719925
1719926
1719929
1719932
1719935
1719938
1719941
1719942
1719943
1719944
1719945
1719948
1719951
1719954
1719955
1719958
1719961
1719964
1719967
1719970
1719973
1719976
1719977
1719978
1719986
1719987
1719990
1719993
1719996
1719999
1720002
1720003
1720006
1720007
1720008
1720009
1720012
1720015
1720018
1720021
1720024
1720027
1720028
1720031
1720034
1720035
1720038
1720039
1720042
1720043
1720046
1720047
1720048
1720049
1720050
1720051
1720052
1720071
1720072
1720073
1720082
1720087
1720088
1720093
1720094
1720099
1720104
1720109
1720110
1720111
1720116
1720121
1720122
1720127
1720132
1720137
1720142
1720147
1720152
1720157
1720162
1720163
1720164
1720165
1720166
1720167
1720172
1720174
1720175
1720177
1720179
1720180
1720182
1720184
1720186
1720188
1720190
1720192
1720193
1720194
1720199
1720204
1720209
1720210
1720211
1720216
1720221
1720222
1720223
1720224
1720229
1720231
1720233
1720234
1720235
1720236
1720238
1720240
1720242
1720244
1720245
1720247
1720248
1720257
1720263
1720264
1720270
1720271
1720277
1720283
1720289
1720295
1720301
1720307
1720313
1720319
1720325
1720326
1720327
1720328
1720334
1720335
1720336
1720337
1720343
1720349
1720350
1720356
1720357
1720358
1720359
1720360
1720366
1720367
1720368
1720369
1720375
1720376
1720382
1720383
1720384
1720385
1720386
1720392
1720393
1720394
1720395
1720396
1720397
1720403
1720409
1720410
1720411
1720412
1720413
1720414
1720420
1720421
1720422
1720423
1720424
1720425
1720431
1720432
1720438
1720444
1720445
1720446
1720447
1720448
1720449
1720450
1720451
1720457
1720458
1720464
1720465
1720485
1720486
1720487
1720488
1720489
1720490
1720491
1720492
1720493
1720494
1720495
1720496
1720497
1720498
1720499
1720500
1720501
1720502
1720519
1720520
1720537
1720538
1720539
1720540
1720541
1720542
1720543
1720544
1720545
1720546
1720563
1720564
1720581
1720598
1720615
1720632
1720649
1720666
1720667
1720668
1720669
1720670
1720671
1720672
1720673
1720674
1720675
1720693
1720694
1720695
1720697
1720698
1720699
1720700
1720701
1720702
1720704
1720705
1720707
1720709
1720711
1720712
1720713
1720715
1720717
1720719
1720721
1720723
1720725
1720726
1720727
1720728
1720729
1720731
1720733
1720752
1720753
1720755
1720756
1720758
1720760
1720761
1720763
1720765
1720767
1720769
1720770
1720771
1720773
1720775
1720777
1720779
1720781
1720783
1720785
1720787
1720789
1720791
1720793
1720795
1720812
1720829
1720846
1720863
1720880
1720897
1720914
1720933
1720951
1720969
1720987
1721005
1721006
1721025
1721026
1721027
1721028
1721029
1721030
1721031
1721032
1721033
1721034
1721035
1721049
1721063
1721077
1721078
1721079
1721080
1721081
1721082
1721097
1721111
1721112
1721113
1721114
1721115
1721116
1721117
1721118
1721119
1721120
1721121
1721122
1721123
1721124
1721125
1721140
1721141
1721142
1721143
1721144
1721145
1721162
1721179
1721180
1721197
1721214
1721231
1721259
1721273
1721274
1721278
1721282
1721286
1721290
1721294
1721298
1721302
1721306
1721310
1721314
1721318
1721322
1721323
1721327
1721329
1721331
1721333
1721335
1721337
1721338
1721339
1721341
1721343
1721345
1721349
1721350
1721351
1721355
1721359
1721363
1721364
1721365
1721366
1721367
1721368
1721372
1721387
1721390
1721393
1721396
1721399
1721400
1721401
1721402
1721403
1721404
1721405
1721406
1721409
1721412
1721414
1721415
1721417
1721419
1721421
1721423
1721425
1721426
1721427
1721428
1721429
1721430
1721433
1721436
1721437
1721438
1721444
1721445
1721446
1721447
1721448
1721454
1721455
1721457
1721459
1721461
1721463
1721464
1721465
1721466
1721468
1721470
1721472
1721474
1721476
1721478
1721484
1721489
1721490
1721495
1721500
1721505
1721510
1721515
1721516
1721521
1721522
1721523
1721528
1721529
1721530
1721531
1721532
1721533
1721534
1721535
1721536
1721541
1721542
1721543
1721544
1721545
1721546
1721551
1721556
1721561
1721566
1721571
1721576
1721581
1721586
1721591
1721596
1721601
1721602
1721603
1721604
1721605
1721606
1721607
1721612
1721617
1721618
1721619
1721620
1721621
1721622
1721627
1721628
1721643
1721650
1721657
1721658
1721659
1721660
1721661
1721662
1721663
1721664
1721665
1721666
1721667
1721674
1721681
1721687
1721688
1721689
1721695
1721701
1721707
1721713
1721719
1721725
1721726
1721727
1721728
1721729
1721730
1721731
1721732
1721733
1721734
1721735
1721742
1721743
1721744
1721745
1721746
1721747
1721748
1721749
1721750
1721756
1721762
1721768
1721775
1721782
1721783
1721784
1721785
1721792
1721799
1721806
1721813
1721820
1721827
1721834
1721841
1721848
1721849
1721850
1721851
1721852
1721868
1721869
1721870
1721871
1721872
1721873
1721874
1721880
1721886
1721887
1721888
1721889
1721890
1721896
1721897
1721898
1721899
1721900
1721901
1721902
1721908
1721914
1721918
1721919
1721920
1721924
1721928
1721932
1721935
1721936
1721937
1721938
1721939
1721942
1721943
1721944
1721945
1721946
1721949
1721952
1721955
1721956
1721957
1721958
1721959
1721962
1721965
1721968
1721971
1721972
1721976
1721977
1721978
1721979
1721983
1721984
1721985
1721989
1721993
1721994
1721995
1721996
1722000
1722006
1722007
1722008
1722009
1722010
1722011
1722012
1722013
1722014
1722020
1722026
1722027
1722028
1722029
1722030
1722031
1722032
1722033
1722034
1722035
1722041
1722043
1722045
1722046
1722047
1722049
1722051
1722053
1722055
1722056
1722057
1722058
1722059
1722060
1722062
1722063
1722064
1722065
1722066
1722122
1722137
1722152
1722167
1722168
1722169
1722170
1722171
1722172
1722173
1722174
1722175
1722190
1722205
1722213
1722221
1722229
1722230
1722231
1722232
1722233
1722234
1722235
1722236
1722237
1722238
1722246
1722253
1722254
1722259
1722260
1722261
1722262
1722263
1722264
1722265
1722271
1722277
1722278
1722284
1722290
1722291
1722292
1722293
1722294
1722295
1722296
1722297
1722298
1722304
1722305
1722306
1722307
1722308
1722309
1722310
1722311
1722312
1722313
1722314
1722315
1722321
1722327
1722334
1722341
1722348
1722355
1722356
1722357
1722358
1722359
1722360
1722367
1722374
1722375
1722382
1722389
1722396
1722397
1722398
1722399
1722400
1722401
1722402
1722440
1722442
1722443
1722444
1722445
1722446
1722448
1722450
1722451
1722453
1722454
1722455
1722456
1722460
1722461
1722465
1722469
1722470
1722474
1722478
1722482
1722483
1722487
1722488
1722492
1722493
1722494
1722498
1722499
1722500
1722501
1722502
1722506
1722507
1722511
1722515
1722516
1722520
1722524
1722528
1722529
1722530
1722531
1722532
1722536
1722537
1722538
1722539
1722540
1722541
1722542
1722543
1722544
1722545
1722577
1722578
1722579
1722580
1722581
1722615
1722616
1722617
1722618
1722657
1722659
1722661
1722663
1722664
1722665
1722667
1722668
1722669
1722671
1722673
1722675
1722676
1722677
1722679
1722681
1722683
1722685
1722687
1722688
1722690
1722692
1722693
1722694
1722696
1722697
1722699
1722736
1722737
1722738
1722739
1722740
1722741
1722742
1722743
1722744
1722745
1722746
1722791
1722792
1722793
1722794
1722795
1722796
1722798
1722800
1722802
1722804
1722806
1722808
1722809
1722810
1722811
1722812
1722814
1722816
1722818
1722820
1722822
1722824
1722826
1722828
1722830
1722832
1722834
1722836
1722837
1722838
1722839
1722841
1722843
1722845
1722860
1722861
1722873
1722874
1722885
1722886
1722887
1722888
1722889
1722890
1722901
1722902
1722903
1722904
1722905
1722906
1722917
1722926
1722935
1722944
1722953
1722962
1722971
1722972
1722981
1722982
1722983
1722993
1723006
1723007
1723008
1723009
1723022
1723035
1723048
1723049
1723050
1723051
1723052
1723053
1723054
1723055
1723056
1723057
1723058
1723059
1723060
1723061
1723071
1723081
1723082
1723083
1723084
1723097
1723098
1723100
1723102
1723104
1723106
1723107
1723109
1723111
1723113
1723115
1723116
1723118
1723120
1723122
1723123
1723124
1723126
1723128
1723130
1723131
1723133
1723146
1723159
1723172
1723173
1723174
1723175
1723176
1723177
1723178
1723179
1723180
1723191
1723192
1723193
1723194
1723195
1723196
1723197
1723198
1723199
1723200
1723201
1723202
1723203
1723214
1723225
1723236
1723247
1723258
1723259
1723260
1723261
1723262
1723273
1723284
1723297
1723309
1723312
1723315
1723318
1723321
1723322
1723323
1723324
1723327
1723328
1723329
1723330
1723332
1723333
1723334
1723336
1723338
1723340
1723343
1723344
1723345
1723346
1723347
1723350
1723353
1723356
1723359
1723362
1723365
1723368
1723371
1723374
1723377
1723380
1723381
1723395
1723404
1723405
1723406
1723407
1723408
1723417
1723426
1723434
1723442
1723450
1723459
1723460
1723461
1723470
1723478
1723486
1723494
1723495
1723504
1723512
1723520
1723528
1723529
1723530
1723538
1723546
1723554
1723562
1723564
1723565
1723567
1723569
1723571
1723572
1723573
1723574
1723575
1723576
1723578
1723580
1723581
1723582
1723584
1723592
1723595
1723596
1723597
1723598
1723599
1723602
1723605
1723608
1723611
1723614
1723617
1723618
1723619
1723620
1723621
1723622
1723623
1723624
1723625
1723628
1723631
1723632
1723633
1723636
1723639
1723640
1723641
1723642
1723647
1723652
1723657
1723662
1723667
1723668
1723669
1723670
1723671
1723672
1723677
1723682
1723687
1723690
1723693
1723696
1723697
1723698
1723699
1723702
1723704
1723706
1723708
1723710
1723712
1723714
1723716
1723718
1723720
1723722
1723723
1723726
1723727
1723728
1723729
1723730
1723735
1723736
1723737
1723742
1723747
1723752
1723757
1723758
1723759
1723760
1723761
1723762
1723770
1723771
1723772
1723773
1723774
1723776
1723777
1723778
1723779
1723780
1723781
1723783
1723785
1723787
1723790
1723791
1723794
1723797
1723800
1723803
1723806
1723807
1723808
1723809
1723841
1723847
1723853
1723859
1723860
1723861
1723867
1723868
1723869
1723870
1723871
1723872
1723873
1723874
1723875
1723876
1723877
1723883
1723889
1723890
1723891
1723892
1723893
1723899
1723905
1723911
1723917
1723918
1723919
1723920
1723921
1723927
1723930
1723933
1723936
1723939
1723940
1723943
1723946
1723949
1723952
1723955
1723956
1723957
1723958
1723959
1723962
1723965
1723966
1723967
1723970
1723976
1723977
1723978
1723979
1723980
1723983
1723986
1723989
1723992
1723995
1723998
1724001
1724004
1724007
1724010
1724013
1724014
1724017
1724020
1724021
1724339
1724344
1724349
1724354
1724355
1724356
1724357
1724358
1724363
1724368
1724369
1724370
1724371
1724372
1724373
1724374
1724375
1724376
1724377
1724378
1724383
1724388
1724393
1724398
1724403
1724408
1724413
1724418
1724423
1724425
1724427
1724429
1724431
1724433
1724435
1724436
1724437
1724438
1724439
1724441
1724442
1724443
1724445
1724452
1724458
1724464
1724465
1724471
1724477
1724478
1724479
1724480
1724481
1724482
1724483
1724484
1724485
1724491
1724492
1724493
1724494
1724495
1724496
1724497
1724498
1724499
1724500
1724501
1724502
1724503
1724509
1724510
1724511
1724517
1724518
1724524
1724525
1724531
1724537
1724538
1724539
1724540
1724541
1724542
1724543
1724544
1724545
1724546
1724547
1724548
1724555
1724556
1724557
1724558
1724559
1724566
1724567
1724568
1724569
1724570
1724571
1724572
1724573
1724574
1724575
1724576
1724583
1724584
1724585
1724586
1724593
1724600
1724607
1724614
1724623
1724624
1724625
1724626
1724627
1724628
1724629
1724630
1724631
1724632
1724633
1724634
1724635
1724636
1724645
1724654
1724663
1724672
1724681
1724690
1724699
1724708
1724709
1724716
1724717
1724718
1724719
1724720
1724721
1724722
1724729
1724735
1724736
1724737
1724738
1724742
1724746
1724749
1724750
1724751
1724752
1724753
1724754
1724755
1724758
1724759
1724760
1724761
1724764
1724765
1724766
1724767
1724768
1724769
1724770
1724771
1724774
1724777
1724780
1724786
1724792
1724798
1724799
1724800
1724806
1724807
1724808
1724809
1724810
1724818
1724819
1724826
1724833
1724834
1724842
1724849
1724856
1724857
1724858
1724859
1724860
1724861
1724862
1724863
1724864
1724865
1724866
1724867
1724868
1724875
1724882
1724884
1724885
1724887
1724888
1724890
1724892
1724893
1724894
1724896
1724898
1724900
1724901
1724902
1724909
1724918
1724919
1724920
1724921
1724922
1724923
1724924
1724925
1724926
1724931
1724932
1724933
1724934
1724935
1724936
1724937
1724942
1724947
1724948
1724949
1724954
1724956
1724957
1724958
1724959
1724961
1724962
1724964
1724966
1724967
1724969
1724971
1724973
1724974
1724975
1724977
1724978
1724983
1724988
1724989
1724990
1724991
1724992
1724993
1724994
1724999
1725004
1725009
1725027
1725028
1725029
1725030
1725031
1725032
1725033
1725034
1725035
1725036
1725037
1725038
1725043
1725048
1725053
1725058
1725063
1725068
1725069
1725070
1725071
1725072
1725073
1725074
1725075
1725076
1725077
1725082
1725083
1725084
1725085
1725086
1725087
1725088
1725093
1725098
1725099
1725100
1725101
1725102
1725103
1725104
1725105
1725106
1725107
1725108
1725113
1725118
1725133
1725134
1725135
1725136
1725137
1725138
1725139
1725140
1725141
1725155
1725158
1725159
1725160
1725161
1725164
1725165
1725168
1725171
1725174
1725177
1725180
1725183
1725186
1725187
1725190
1725193
1725196
1725197
1725198
1725199
1725200
1725201
1725202
1725205
1725208
1725209
1725210
1725211
1725212
1725215
1725218
1725221
1725224
1725227
1725228
1725231
1725234
1725237
1725251
1725252
1725253
1725254
1725255
1725256
1725257
1725258
1725276
1725277
1725278
1725279
1725280
1725281
1725282
1725283
1725285
1725287
1725288
1725289
1725291
1725292
1725293
1725294
1725295
1725296
1725298
1725299
1725300
1725301
1725302
1725303
1725304
1725305
1725307
1725308
1725310
1725328
1725329
1725330
1725331
1725332
1725333
1725334
1725335
1725336
1725337
1725383
1725384
1725385
1725391
1725392
1725393
1725394
1725395
1725396
1725397
1725398
1725399
1725400
1725406
1725407
1725413
1725414
1725420
1725426
1725427
1725428
1725429
1725430
1725431
1725432
1725433
1725439
1725445
1725446
1725452
1725453
1725459
1725460
1725466
1725472
1725478
1725484
1725485
1725486
1725487
1725488
1725489
1725490
1725491
1725492
1725493
1725494
1725495
1725501
1725507
1725513
1725514
1725515
1725521
1725527
1725533
1725534
1725540
1725546
1725552
1725558
1725564
1725565
1725571
1725577
1725578
1725584
1725585
1725586
1725587
1725588
1725589
1725590
1725591
1725592
1725593
1725594
1725595
1725596
1725602
1725608
1725614
1725615
1725616
1725622
1725628
1725629
1725630
1725631
1725632
1725633
1725634
1725635
1725636
1725642
1725643
1725644
1725645
1725646
1725647
1725648
1725663
1725664
1725665
1725666
1725667
1725668
1725669
1725670
1725671
1725672
1725673
1725674
1725675
1725676
1725677
1725678
1725679
1725693
1725694
1725695
1725696
1725697
1725698
1725699
1725700
1725701
1725702
1725703
1725704
1725705
1725706
1725707
1725708
1725709
1725728
1725729
1725730
1725748
1725766
1725767
1725768
1725769
1725787
1725805
1725807
1725808
1725810
1725812
1725814
1725816
1725818
1725820
1725822
1725824
1725826
1725827
1725828
1725829
1725831
1725832
1725833
1725835
1725853
1725914
1725916
1725917
1725918
1725919
1725921
1725922
1725923
1725925
1725926
1725927
1725929
1725932
1725935
1725936
1725937
1725938
1725939
1725942
1725945
1725948
1725951
1725954
1725957
1725960
1725963
1725964
1725965
1725966
1725969
1725972
1725975
1725999
1726001
1726002
1726004
1726005
1726007
1726009
1726011
1726013
1726015
1726017
1726018
1726019
1726020
1726022
1726024
1726026
1726027
1726028
1726029
1726031
1726044
1726057
1726070
1726083
1726096
1726109
1726122
1726135
1726136
1726137
1726138
1726152
1726153
1726155
1726156
1726157
1726158
1726160
1726162
1726164
1726166
1726167
1726168
1726170
1726171
1726172
1726174
1726176
1726177
1726179
1726180
1726181
1726183
1726185
1726187
1726202
1726203
1726204
1726205
1726206
1726207
1726208
1726209
1726210
1726211
1726223
1726235
1726245
1726255
1726265
1726275
1726286
1726287
1726288
1726299
1726310
1726321
1726332
1726343
1726344
1726345
1726346
1726347
1726348
1726349
1726350
1726351
1726352
1726363
1726364
1726365
1726366
1726367
1726368
1726379
1726380
1726381
1726382
1726383
1726384
1726385
1726386
1726387
1726388
1726389
1726390
1726391
1726392
1726393
1726404
1726415
1726426
1726428
1726429
1726431
1726433
1726434
1726435
1726436
1726438
1726440
1726441
1726443
1726445
1726446
1726448
1726449
1726451
1726452
1726454
1726456
1726458
1726460
1726462
1726464
1726466
1726477
1726488
1726489
1726490
1726491
1726492
1726493
1726494
1726505
1726506
1726518
1726530
1726542
1726554
1726566
1726578
1726590
1726602
1726614
1726626
1726627
1726639
1726651
1726663
1726675
1726676
1726677
1726678
1726691
1726692
1726693
1726694
1726695
1726696
1726697
1726698
1726699
1726707
1726708
1726709
1726710
1726711
1726712
1726713
1726714
1726715
1726716
1726717
1726718
1726725
1726726
1726727
1726734
1726739
1726744
1726749
1726754
1726759
1726764
1726769
1726770
1726771
1726776
1726782
1726785
1726788
1726789
1726790
1726791
1726794
1726797
1726800
1726801
1726804
1726807
1726808
1726811
1726814
1726817
1726818
1726819
1726820
1726821
1726822
1726823
1726824
1726827
1726833
1726840
1726841
1726842
1726843
1726844
1726851
1726852
1726853
1726854
1726855
1726856
1726857
1726858
1726859
1726867
1726868
1726869
1726871
1726872
1726873
1726875
1726876
1726877
1726879
1726881
1726883
1726888
1726893
1726894
1726899
1726904
1726909
1726914
1726919
1726924
1726925
1726926
1726931
1726936
1726937
1726938
1726943
1726948
1726953
1726954
1726955
1726960
1726965
1726970
1726975
1726980
1726981
1726982
1726983
1726991
1726999
1727007
1727008
1727009
1727010
1727011
1727012
1727020
1727028
1727036
1727037
1727048
1727051
1727052
1727053
1727056
1727059
1727062
1727063
1727064
1727065
1727068
1727069
1727070
1727071
1727074
1727077
1727080
1727081
1727082
1727083
1727084
1727085
1727086
1727087
1727089
1727090
1727091
1727092
1727094
1727096
1727098
1727100
1727102
1727996
1728023
1728046
1728069
1728091
1728114
1728136
1728158
1728180
1728202
1728225
1728226
1728227
1728228
1728230
1728232
1728234
1728236
1728238
1728239
1728241
1728243
1728245
1728247
1728249
1728251
1728253
1728254
1728256
1728258
1728284
1728285
1728286
1728287
1728288
1728289
1728290
1728291
1728292
1728317
1728342
1728367
1728398
1728428
1728458
1728459
1728460
1728461
1728492
1728536
1728580
1728581
1728582
1728624
1728666
1728667
1728668
1728669
1728670
1728671
1728672
1728673
1728713
1728764
1728765
1728766
1728767
1728768
1728769
1728771
1728773
1728775
1728776
1728778
1728780
1728782
1728783
1728785
1728787
1728789
1728791
1728793
1728794
1728795
1728796
1728798
1728800
1728802
1728804
1728805
1728806
1728807
1728893
1728896
1728899
1728900
1728901
1728902
1728903
1728906
1728909
1728912
1728915
1728918
1728921
1728922
1728925
1728926
1728929
1728932
1728935
1728936
1728937
1728938
1728941
1728944
1728947
1728950
1728953
1728956
1728959
1728962
1728965
1728966
1728967
1728968
1728971
1728974
1728975
1728976
1728977
1728978
1728979
1728980
1728983
1728984
1728985
1728986
1728987
1728988
1728989
1728992
1728995
1728996
1728997
1728998
1729001
1729004
1729007
1729008
1729009
1729012
1729013
1729014
1729017
1729020
1729023
1729024
1729121
1729122
1729123
1729124
1729125
1729126
1729127
1729128
1729129
1729130
1729131
1729132
1729138
1729139
1729140
1729146
1729147
1729148
1729149
1729150
1729151
1729152
1729153
1729154
1729155
1729156
1729157
1729163
1729168
1729173
1729178
1729183
1729188
1729193
1729194
1729198
1729202
1729206
1729210
1729214
1729215
1729216
1729217
1729218
1729219
1729220
1729221
1729222
1729226
1729230
1729234
1729238
1729239
1729240
1729241
1729245
1729249
1729254
1729255
1729256
1729257
1729258
1729259
1729260
1729261
1729262
1729267
1729268
1729269
1729270
1729271
1729272
1729277
1729282
1729287
1729292
1729297
1729298
1729299
1729300
1729301
1729302
1729303
1729308
1729309
1729310
1729311
1729312
1729313
1729318
1729323
1729328
1729333
1729338
1729343
1729348
1729353
1729358
1729363
1729368
1729373
1729374
1729492
1729503
1729504
1729515
1729526
1729527
1729528
1729529
1729530
1729531
1729532
1729533
1729534
1729535
1729536
1729546
1729556
1729566
1729576
1729578
1729580
1729582
1729584
1729586
1729588
1729590
1729591
1729593
1729595
1729596
1729598
1729600
1729601
1729602
1729603
1729605
1729606
1729608
1729618
1729628
1729629
1729630
1729640
1729641
1729651
1729652
1729662
1729671
1729680
1729689
1729699
1729700
1729701
1729702
1729703
1729704
1729705
1729706
1729707
1729708
1729709
1729719
1729730
1729741
1729742
1729743
1729744
1729745
1729756
1729767
1729768
1729769
1729770
1729771
1729772
1729773
1729774
1729775
1729776
1729777
1729778
1729779
1729780
1729781
1729792
1729794
1729795
1729796
1729797
1729798
1729799
1729801
1729803
1729804
1729806
1729808
1729809
1729811
1729812
1729813
1729815
1729816
1729826
1729828
1729829
1729830
1729831
1729833
1729834
1729835
1729837
1729839
1729840
1729842
1729844
1729846
1729847
1729849
1729850
1729851
1729853
1729855
1729857
1729859
1729861
1729862
1729872
1729873
1729874
1729875
1729876
1729877
1729878
1729879
1729880
1729882
1729884
1729886
1729888
1729890
1729892
1729926
1729938
1729950
1729962
1729974
1729986
1729998
1730010
1730011
1730012
1730013
1730014
1730015
1730016
1730017
1730018
1730019
1730020
1730021
1730022
1730023
1730024
1730025
1730026
1730038
1730050
1730056
1730057
1730058
1730059
1730060
1730061
1730067
1730068
1730069
1730070
1730071
1730072
1730073
1730074
1730075
1730080
1730081
1730082
1730083
1730084
1730089
1730094
1730099
1730104
1730105
1730110
1730115
1730120
1730125
1730126
1730127
1730128
1730129
1730130
1730135
1730136
1730137
1730138
1730139
1730144
1730145
1730146
1730147
1730148
1730149
1730150
1730151
1730152
1730153
1730154
1730165
1730166
1730167
1730168
1730187
1730188
1730189
1730190
1730191
1730192
1730193
1730194
1730195
1730196
1730197
1730204
1730211
1730212
1730213
1730214
1730215
1730222
1730226
1730227
1730231
1730235
1730239
1730243
1730247
1730251
1730255
1730258
1730261
1730264
1730267
1730270
1730273
1730276
1730277
1730278
1730279
1730280
1730281
1730284
1730287
1730290
1730291
1730292
1730293
1730298
1730299
1730300
1730301
1730302
1730303
1730310
1730311
1730312
1730313
1730314
1730325
1730329
1730333
1730334
1730335
1730336
1730337
1730338
1730342
1730346
1730350
1730354
1730358
1730359
1730360
1730361
1730362
1730363
1730367
1730371
1730372
1730376
1730377
1730378
1730379
1730380
1730384
1730388
1730392
1730396
1730397
1730401
1730410
1730411
1730412
1730413
1730414
1730415
1730416
1730417
1730418
1730419
1730420
1730421
1730422
1730423
1730432
1730434
1730436
1730437
1730439
1730441
1730442
1730443
1730445
1730447
1730449
1730451
1730453
1730455
1730457
1730459
1730468
1730473
1730474
1730475
1730480
1730485
1730490
1730491
1730492
1730493
1730494
1730495
1730500
1730505
1730506
1730507
1730508
1730509
1730514
1730519
1730524
1730529
1730534
1730535
1730536
1730537
1730538
1730539
1730540
1730541
1730542
1730543
1730544
1730545
1730546
1730551
1730552
1730553
1730554
1730555
1730556
1730557
1730558
1730559
1730560
1730561
1730562
1730563
1730572
1730577
1730579
1730581
1730583
1730585
1730587
1730588
1730589
1730590
1730591
1730592
1730594
1730595
1730597
1730602
1730607
1730612
1730613
1730614
1730615
1730616
1730617
1730618
1730619
1730620
1730621
1730626
1730631
1730632
1730633
1730634
1730635
1730636
1730637
1730642
1730647
1730648
1730649
1730650
1730651
1730652
1730653
1730654
1730655
1730656
1730657
1730658
1730672
1730673
1730674
1730675
1730678
1730681
1730684
1730685
1730686
1730689
1730691
1730693
1730694
1730696
1730698
1730699
1730701
1730703
1730705
1730707
1730710
1730713
1730716
1730719
1730722
1730725
1730728
1730729
1730732
1730735
1730736
1730737
1730740
1730743
1730746
1730749
1730750
1730753
1730754
1730755
1730756
1730768
1730770
1730772
1730774
1730776
1730778
1730780
1730782
1730784
1730786
1730788
1730790
1730791
1730792
1730793
1730794
1730796
1730798
1730799
1730800
1730812
1730813
1730814
1730815
1730816
1730817
1730818
1730829
1730840
1730841
1730852
1730853
1730864
1730875
1730886
1730898
1730899
1730900
1730901
1730902
1730903
1730913
1730914
1730915
1730916
1730917
1730918
1730962
1730979
1730995
1730996
1730997
1730998
1731014
1731031
1731032
1731033
1731034
1731035
1731036
1731037
1731038
1731039
1731040
1731059
1731060
1731061
1731078
1731095
1731112
1731129
1731146
1731163
1731180
1731197
1731214
1731233
1731250
1731267
1731268
1731269
1731270
1731271
1731272
1731273
1731274
1731275
1731276
1731277
1731296
1731297
1731298
1731299
1731301
1731303
1731305
1731307
1731309
1731311
1731313
1731314
1731316
1731318
1731319
1731320
1731321
1731322
1731324
1731338
1731339
1731340
1731341
1731342
1731343
1731344
1731345
1731346
1731347
1731348
1731349
1731350
1731360
1731361
1731362
1731363
1731364
1731365
1731366
1731367
1731368
1731369
1731370
1731371
1731372
1731381
1731391
1731392
1731393
1731394
1731395
1731396
1731397
1731398
1731399
1731400
1731401
1731402
1731403
1731404
1731414
1731415
1731416
1731417
1731418
1731419
1731429
1731430
1731440
1731441
1731452
1731456
1731460
1731461
1731465
1731469
1731473
1731477
1731481
1731483
1731485
1731486
1731488
1731490
1731491
1731492
1731494
1731496
1731497
1731498
1731502
1731506
1731507
1731508
1731511
1731514
1731517
1731520
1731523
1731526
1731529
1731532
1731535
1731538
1731541
1731544
1731547
1731558
1731569
1731570
1731571
1731582
1731601
1731605
1731606
1731607
1731608
1731609
1731613
1731617
1731621
1731622
1731623
1731624
1731625
1731626
1731630
1731634
1731638
1731639
1731640
1731641
1731642
1731643
1731647
1731648
1731649
1731650
1731651
1731652
1731653
1731654
1731658
1731662
1731663
1731664
1731668
1731669
1731670
1731674
1731675
1731676
1731677
1731681
1731682
1731683
1731684
1731688
1731689
1731690
1731691
1731692
1731693
1731694
1731695
1731696
1731700
1731704
1731708
1731709
1731713
1731714
1731715
1731716
1731717
1731721
1731725
1731726
1731727
1731728
1731729
1731730
1731731
1731732
1731733
1731734
1731753
1731754
1731755
1731756
1731757
1731758
1731776
1731777
1731778
1731796
1731814
1731832
1731850
1731868
1731886
1731904
1731905
1731906
1731907
1731908
1731909
1731910
1731911
1731912
1731913
1731914
1731915
1731916
1731917
1731918
1731919
1731920
1731921
1731996
1732001
1732002
1732003
1732004
1732005
1732006
1732007
1732008
1732009
1732012
1732015
1732016
1732017
1732018
1732019
1732020
1732023
1732026
1732029
1732030
1732031
1732032
1732033
1732036
1732039
1732042
1732043
1732046
1732049
1732054
1732055
1732060
1732065
1732066
1732067
1732072
1732077
1732082
1732083
1732088
1732089
1732094
1732095
1732100
1732101
1732102
1732107
1732112
1732113
1732114
1732115
1732120
1732124
1732129
1732134
1732139
1732144
1732149
1732150
1732151
1732152
1732156
1732160
1732161
1732162
1732163
1732168
1732169
1732170
1732171
1732172
1732174
1732176
1732177
1732178
1732180
1732182
1732183
1732184
1732185
1732186
1732187
1732191
1732192
1732193
1732194
1732195
1732199
1732203
1732207
1732209
1732211
1732212
1732213
1732215
1732217
1732219
1732221
1732222
1732223
1732225
1732229
1732234
1732235
1732236
1732237
1732242
1732254
1732262
1732263
1732264
1732265
1732267
1732269
1732271
1732272
1732274
1732275
1732276
1732278
1732279
1732280
1732281
1732282
1732290
1732291
1732292
1732300
1732308
1732309
1732310
1732311
1732312
1732320
1732328
1732336
1732344
1732352
1732360
1732361
1732369
1732370
1732378
1732379
1732388
1732389
1732390
1732391
1732393
1732395
1732396
1732397
1732399
1732401
1732403
1732405
1732407
1732409
1732411
1732413
1732414
1732415
1732430
1732433
1732434
1732435
1732438
1732440
1732441
1732443
1732444
1732446
1732447
1732449
1732451
1732454
1732455
1732456
1732457
1732458
1732459
1732460
1732462
1732463
1732464
1732465
1732466
1732468
1732469
1732470
1732471
1732472
1732474
1732475
1732477
1732492
1732494
1732495
1732496
1732497
1732498
1732499
1732501
1732503
1732505
1732506
1732507
1732508
1732510
1732512
1732514
1732516
1732518
1732519
1732520
1732522
1732524
1732526
1732528
1732530
1732532
1732534
1732536
1732538
1732540
1732542
1732557
1732558
1732559
1732560
1732588
1732590
1732592
1732594
1732596
1732597
1732599
1732601
1732602
1732604
1732606
1732607
1732608
1732610
1732612
1732614
1732616
1732618
1732619
1732620
1732622
1732623
1732624
1732626
1732628
1732630
1732657
1732658
1732685
1732686
1732712
1732738
1732765
1732766
1732799
1732800
1732801
1732802
1732803
1732804
1732806
1732807
1732809
1732811
1732813
1732815
1732817
1732819
1732821
1732823
1732825
1732827
1732838
1732840
1732841
1732843
1732845
1732846
1732847
1732848
1732849
1732851
1732853
1732855
1732857
1732859
1732861
1732862
1732872
1732882
1732892
1732893
1732894
1732895
1732896
1732897
1732909
1732915
1732921
1732926
1732931
1732932
1732933
1732938
1732939
1732940
1732945
1732951
1732957
1732958
1732959
1732960
1732961
1732962
1732963
1732966
1732969
1732972
1732975
1732978
1732979
1732980
1732981
1732984
1732987
1732990
1732993
1732996
1732999
1733004
1733005
1733007
1733008
1733010
1733012
1733014
1733016
1733018
1733020
1733021
1733023
1733024
1733029
1733032
1733035
1733038
1733041
1733044
1733045
1733048
1733051
1733054
1733057
1733060
1733063
1733064
1733065
1733066
1733067
1733068
1733069
1733070
1733073
1733076
1733077
1733078
1733079
1733080
1733081
1733082
1733083
1733089
1733094
1733095
1733100
1733105
1733106
1733107
1733112
1733113
1733118
1733119
1733121
1733123
1733124
1733125
1733126
1733127
1733129
1733130
1733131
1733132
1733133
1733135
1733137
1733142
1733147
1733148
1733149
1733150
1733151
1733152
1733157
1733158
1733159
1733164
1733165
1733170
1733175
1733180
1733185
1733209
1733210
1733211
1733212
1733213
1733214
1733215
1733225
1733234
1733243
1733252
1733261
1733270
1733271
1733273
1733275
1733277
1733279
1733281
1733283
1733285
1733286
1733288
1733290
1733292
1733294
1733296
1733297
1733298
1733307
1733314
1733321
1733328
1733335
1733336
1733337
1733344
1733345
1733346
1733347
1733348
1733349
1733350
1733351
1733352
1733353
1733354
1733355
1733362
1733368
1733369
1733370
1733376
1733377
1733378
1733379
1733380
1733381
1733382
1733383
1733384
1733391
1733399
1733400
1733401
1733402
1733403
1733404
1733405
1733406
1733407
1733408
1733409
1733410
1733416
1733417
1733418
1733419
1733420
1733421
1733422
1733423
1733424
1733425
1733426
1733427
1733445
1733460
1733475
1733476
1733491
1733506
1733524
1733525
1733526
1733527
1733528
1733529
1733551
1733552
1733559
1733560
1733561
1733562
1733563
1733570
1733571
1733572
1733573
1733574
1733580
1733586
1733587
1733588
1733589
1733590
1733591
1733597
1733598
1733604
1733610
1733611
1733617
1733618
1733624
1733625
1733626
1733627
1733628
1733629
1733630
1733631
1733632
1733633
1733634
1733635
1733636
1733642
1733643
1733649
1733655
1733661
1733668
1733669
1733670
1733671
1733672
1733673
1733680
1733681
1733682
1733683
1733684
1733685
1733692
1733693
1733700
1733707
1733708
1733709
1733710
1733717
1733718
1733719
1733720
1733721
1733722
1733723
1733724
1733725
1733726
1733727
1733728
1733729
1733738
1733747
1733751
1733752
1733753
1733754
1733755
1733756
1733757
1733758
1733762
1733764
1733765
1733767
1733769
1733770
1733771
1733772
1733774
1733776
1733778
1733780
1733782
1733787
1733792
1733793
1733794
1733795
1733796
1733797
1733798
1733803
1733811
1733812
1733813
1733814
1733815
1733816
1733817
1733826
1733835
1733844
1733853
1733862
1733871
1733880
1733889
1733898
1733907
1733916
1733925
1733934
1733943
1733944
1733953
1733954
1733963
1733964
1733965
1733966
1733967
1733968
1733969
1733970
1733971
1733975
1733979
1733983
1733987
1733991
1733995
1733996
1733997
1733998
1734002
1734006
1734010
1734014
1734018
1734022
1734023
1734024
1734028
1734032
1734036
1734040
1734044
1734045
1734049
1734053
1734065
1734066
1734067
1734068
1734069
1734081
1734093
1734104
1734116
1734128
1734129
1734141
1734142
1734143
1734144
1734145
1734146
1734158
1734190
1734217
1734218
1734219
1734220
1734221
1734222
1734223
1734224
1734225
1734252
1734277
1734302
1734327
1734352
1734377
1734402
1734403
1734404
1734405
1734430
1734455
1734479
1734503
1734528
1734553
1734577
1734602
1734631
1734659
1734660
1734661
1734662
1734663
1734664
1734665
1734666
1734695
1734726
1734757
1734851
1734853
1734855
1734856
1734858
1734859
1734860
1734862
1734864
1734866
1734868
1734869
1734870
1734871
1734873
1734875
1734877
1734879
1734880
1734881
1734882
1734884
1734885
1734886
1734887
1734889
1734891
1734892
1734893
1734895
1734896
1734897
1734900
1734914
1734927
1734940
1734941
1734942
1734943
1734956
1734970
1734971
1734972
1734973
1734974
1734975
1734978
1734981
1734982
1734985
1734986
1734987
1734988
1734989
1734990
1734991
1734992
1734993
1734996
1734998
1735000
1735002
1735004
1735006
1735008
1735009
1735010
1735011
1735014
1735017
1735018
1735021
1735022
1735025
1735026
1735027
1735030
1735031
1735032
1735033
1735034
1735035
1735036
1735037
1735038
1735041
1735058
1735059
1735060
1735061
1735062
1735063
1735064
1735065
1735066
1735067
1735068
1735069
1735070
1735071
1735072
1735073
1735088
1735102
1735116
1735130
1735131
1735132
1735133
1735134
1735148
1735162
1735176
1735190
1735191
1735192
1735193
1735208
1735219
1735220
1735226
1735229
1735232
1735235
1735238
1735239
1735240
1735241
1735242
1735245
1735248
1735249
1735250
1735251
1735252
1735253
1735254
1735255
1735258
1735261
1735264
1735267
1735270
1735273
1735276
1735283
1735289
1735290
1735291
1735292
1735293
1735299
1735300
1735301
1735307
1735313
1735319
1735325
1735331
1735337
1735343
1735349
1735355
1735361
1735367
1735368
1735374
1735380
1735381
1735382
1735383
1735384
1735385
1735386
1735387
1735393
1735394
1735395
1735396
1735397
1735403
1735409
1735415
1735416
1735417
1735418
1735419
1735420
1735421
1735427
1735428
1735434
1735435
1735436
1735437
1735438
1735439
1735440
1735441
1735442
1735443
1735444
1735453
1735454
1735458
1735462
1735463
1735467
1735471
1735475
1735479
1735483
1735487
1735488
1735489
1735490
1735491
1735492
1735493
1735494
1735498
1735499
1735500
1735501
1735502
1735503
1735504
1735505
1735506
1735507
1735511
1735512
1735513
1735517
1735518
1735522
1735526
1735530
1735534
1735538
1735542
1735546
1735562
1735563
1735564
1735565
1735566
1735568
1735569
1735571
1735573
1735574
1735576
1735578
1735579
1735581
1735582
1735584
1735586
1735587
1735588
1735589
1735590
1735591
1735592
1735594
1735595
1735596
1735597
1735598
1735600
1735602
1735604
1735621
1735635
1735641
1735642
1735643
1735644
1735645
1735646
1735652
1735658
1735664
1735670
1735671
1735677
1735683
1735689
1735695
1735701
1735702
1735703
1735704
1735705
1735711
1735717
1735723
1735724
1735730
1735736
1735742
1735748
1735754
1735760
1735766
1735772
1735773
1735774
1735775
1735776
1735777
1735778
1735784
1735790
1735796
1735797
1735798
1735799
1735800
1735801
1735816
1735817
1735818
1735831
1735844
1735857
1735858
1735859
1735872
1735873
1735874
1735888
1735902
1735904
1735906
1735907
1735909
1735911
1735913
1735915
1735917
1735919
1735921
1735923
1735924
1735925
1735927
1735929
1735931
1735932
1735933
1735935
1735936
1735938
1735940
1735942
1735943
1735944
1735945
1735959
1735973
1735987
1736001
1736015
1736029
1736043
1736044
1736045
1736046
1736060
1736075
1736076
1736077
1736078
1736079
1736080
1736081
1736082
1736083
1736097
1736098
1736099
1736100
1736101
1736116
1736117
1736118
1736119
1736120
1736121
1736123
1736124
1736125
1736126
1736127
1736128
1736130
1736132
1736134
1736136
1736138
1736140
1736142
1736144
1736145
1736146
1736147
1736148
1736161
1736162
1736164
1736165
1736167
1736169
1736170
1736172
1736174
1736175
1736176
1736178
1736180
1736181
1736182
1736183
1736185
1736187
1736189
1736191
1736193
1736195
1736197
1736198
1736349
1736352
1736353
1736354
1736355
1736356
1736357
1736360
1736361
1736364
1736367
1736370
1736373
1736376
1736379
1736380
1736383
1736384
1736385
1736386
1736387
1736390
1736391
1736394
1736395
1736396
1736397
1736398
1736399
1736400
1736403
1736406
1736407
1736408
1736409
1736410
1736411
1736412
1736413
1736414
1736464
1736509
1736554
1736600
1736601
1736602
1736603
1736604
1736605
1736640
1736686
1736730
1736774
1736818
1736819
1736863
1736902
1736936
1736970
1737004
1737038
1737073
1737108
1737109
1737110
1737111
1737112
1737148
1737149
1737150
1737151
1737152
1737153
1737189
1737225
1737275
1737311
1737347
1737383
1737419
1737456
1737457
1737493
1737494
1737495
1737532
1737569
1737570
1737571
1737572
1737573
1737574
1737612
1737650
1737676
1737702
1737728
1737729
1737730
1737731
1737732
1737758
1737784
1737811
1737813
1737815
1737817
1737819
1737821
1737823
1737825
1737827
1737829
1737831
1737832
1737834
1737836
1737838
1737840
1737842
1737843
1737844
1737846
1737848
1737850
1737852
1737854
1737856
1737858
1737860
1737861
1737863
1737865
1737867
1737869
1737871
1737873
1737875
1737877
1737913
1737940
1737941
1737942
1737943
1737944
1737945
1737946
1737973
1737999
1738000
1738003
1738006
1738007
1738010
1738013
1738015
1738016
1738018
1738019
1738020
1738021
1738023
1738025
1738027
1738030
1738033
1738034
1738035
1738038
1738041
1738042
1738043
1738044
1738045
1738048
1738049
1738050
1738051
1738052
1738053
1738054
1738057
1738060
1738063
1738091
1738109
1738127
1738128
1738146
1738164
1738165
1738183
1738201
1738219
1738238
1738239
1738240
1738241
1738242
1738243
1738244
1738245
1738257
1738269
1738281
1738293
1738295
1738297
1738299
1738301
1738303
1738305
1738307
1738309
1738311
1738312
1738314
1738316
1738318
1738319
1738320
1738321
1738322
1738333
1738334
1738335
1738336
1738337
1738346
1738347
1738356
1738365
1738374
1738383
1738384
1738385
1738386
1738387
1738388
1738397
1738398
1738399
1738408
1738417
1738426
1738435
1738436
1738437
1738438
1738439
1738440
1738450
1738462
1738473
1738474
1738475
1738476
1738487
1738488
1738499
1738500
1738501
1738512
1738513
1738524
1738525
1738526
1738527
1738528
1738529
1738530
1738531
1738532
1738533
1738534
1738535
1738536
1738547
1738558
1738569
1738580
1738591
1738592
1738603
1738615
1738616
1738628
1738640
1738641
1738653
1738665
1738677
1738678
1738679
1738680
1738692
1738693
1738694
1738695
1738707
1738726
1738732
1738738
1738744
1738750
1738756
1738762
1738763
1738765
1738767
1738768
1738769
1738771
1738772
1738773
1738775
1738776
1738777
1738778
1738780
1738786
1738787
1738788
1738789
1738790
1738791
1738792
1738793
1738794
1738795
1738796
1738797
1738798
1738803
1738808
1738809
1738810
1738816
1738817
1738818
1738824
1738830
1738831
1738833
1738834
1738835
1738837
1738839
1738840
1738841
1738842
1738843
1738845
1738848
1738849
1738850
1738852
1738854
1738855
1738856
1738858
1738860
1738863
1738869
1738875
1738876
1738877
1738878
1738884
1738885
1738891
1738892
1738893
1738894
1738895
1738901
1738907
1738910
1738913
1738914
1738915
1738916
1738917
1738920
1738923
1738926
1738927
1738928
1738929
1738930
1738931
1738934
1738935
1738936
1738937
1738938
1738941
1738944
1738950
1738952
1738953
1738954
1738955
1738956
1738958
1738959
1738961
1738963
1738964
1738965
1738966
1738967
1738969
1738971
1738972
1738973
1738974
1738976
1738982
1738988
1738994
1739000
1739001
1739002
1739008
1739085
1739087
1739088
1739090
1739092
1739093
1739094
1739095
1739097
1739099
1739100
1739101
1739103
1739104
1739105
1739106
1739107
1739109
1739110
1739112
1739114
1739116
1739118
1739120
1739122
1739124
1739126
1739128
1739130
1739132
1739133
1739134
1739135
1739137
1739138
1739139
1739140
1739180
1739181
1739182
1739183
1739184
1739185
1739186
1739187
1739188
1739189
1739190
1739191
1739192
1739193
1739194
1739195
1739196
1739232
1739233
1739234
1739235
1739236
1739237
1739238
1739239
1739240
1739241
1739242
1739243
1739244
1739245
1739246
1739247
1739248
1739284
1739285
1739286
1739321
1739356
1739392
1739434
1739440
1739446
1739452
1739453
1739454
1739460
1739466
1739467
1739473
1739479
1739480
1739486
1739492
1739498
1739499
1739500
1739506
1739507
1739508
1739509
1739510
1739511
1739516
1739521
1739526
1739527
1739528
1739529
1739534
1739539
1739544
1739549
1739550
1739551
1739552
1739553
1739554
1739555
1739560
1739561
1739562
1739567
1739568
1739569
1739570
1739572
1739574
1739576
1739578
1739580
1739582
1739583
1739584
1739585
1739586
1739591
1739593
1739594
1739595
1739596
1739598
1739600
1739602
1739604
1739606
1739608
1739609
1739610
1739611
1739612
1739617
1739618
1739623
1739628
1739633
1739638
1739643
1739648
1739653
1739654
1739655
1739660
1739661
1739714
1739715
1739716
1739717
1739718
1739719
1739720
1739721
1739722
1739723
1739724
1739725
1739726
1739727
1739728
1739729
1739730
1739731
1739732
1739733
1739734
1739735
1739736
1740357
1740358
1740397
1740437
1740477
1740478
1740479
1740480
1740481
1740482
1740483
1740484
1740485
1740486
1740487
1740526
1740558
1740559
1740591
1740623
1740655
1740656
1740657
1740689
1740888
1740889
1740890
1740891
1740892
1740893
1740894
1740895
1740896
1740897
1740898
1740899
1740900
1740901
1740991
1740992
1740993
1740994
1740995
1740996
1740997
1740998
1740999
1741096
1741097
1741098
1741099
1741100
1741101
1741311
1741426
1741541
1741542
1741660
1741661
1741756
1741757
1741758
1741759
1741760
1741761
1741762
1741763
1741764
1741860
1741861
1742050
1742052
1742054
1742056
1742057
1742058
1742059
1742061
1742063
1742064
1742065
1742066
1742068
1742070
1742072
1742074
1742076
1742077
1742079
1742081
1742082
1742083
1742084
1742086
1742088
1742090
1742092
1742094
1742606
1742607
1742920
1743209
1743501
1743502
1743503
1743504
1743505
1743800
1743999
1744216
1744423
1744626
1744835
1745190
1745191
1745192
1745193
1745194
1745522
1745887
1746033
1746034
1746035
1746036
1746113
1746190
1746268
1746347
1746425
1746426
1746427
1746428
1746429
1746430
1746431
1746432
1746433
1746434
1746435
1746436
1746437
1746768
1747219
1747616
1748009
1748383
1748761
1749140
1749511
1749906
1750321
1750322
1750323
1750324
1750325
1750326
1750327
1750328
1750329
1750330
1750331
1750332
1750333
1750334
1750335
1750336
1750337
1750338
1775773
1775793
1775794
1775815
1775836
1775838
1775839
1775841
1775843
1775845
1775847
1775848
1775849
1775850
1775852
1775854
1775856
1775858
1775860
1775861
1775862
1775864
1775866
1775868
1775870
1775872
1775894
1775896
1775898
1775900
1775902
1775904
1775905
1775907
1775909
1775911
1775913
1775914
1775916
1775920
1775921
1775922
1775923
1775924
1775925
1775926
1775927
1775931
1775935
1775939
1775943
1775947
1775951
1775955
1775959
1775963
1775967
1775968
1775972
1775976
1775980
1775981
1775982
1775986
1775987
1775991
1775995
1775996
1775997
1776001
1776002
1776003
1776004
1776005
1776006
1776010
1776011
1776035
1776036
1776037
1776038
1776040
1776041
1776042
1776043
1776044
1776046
1776047
1776048
1776049
1776050
1776052
1776054
1776055
1776056
1776057
1776059
1776061
1776062
1776063
1776064
1776066
1776068
1776069
1776070
1776071
1776072
1776073
1776086
1776087
1776089
1776091
1776092
1776093
1776094
1776095
1776096
1776098
1776099
1776100
1776101
1776102
1776103
1776105
1776106
1776107
1776108
1776109
1776110
1776112
1776129
1776146
1776163
1776165
1776166
1776168
1776170
1776172
1776173
1776175
1776176
1776177
1776179
1776180
1776182
1776184
1776186
1776187
1776188
1776189
1776191
1776193
1776195
1776197
1776199
1776200
1776201
1776202
1776204
1776213
1776214
1776215
1776216
1776217
1776218
1776219
1776220
1776221
1776222
1776223
1776224
1776234
1776244
1776245
1776246
1776247
1776248
1776249
1776250
1776251
1776252
1776253
1776261
1776262
1776270
1776271
1776280
1776288
1776296
1776304
1776312
1776320
1776328
1776336
1776344
1776345
1776353
1776358
1776359
1776360
1776361
1776362
1776363
1776364
1776369
1776370
1776371
1776376
1776377
1776382
1776387
1776392
1776397
1776402
1776407
1776412
1776414
1776416
1776417
1776419
1776421
1776423
1776425
1776427
1776429
1776430
1776431
1776432
1776437
1776442
1776447
1776452
1776457
1776462
1776467
1776472
1776477
1776494
1776495
1776496
1776497
1776500
1776503
1776504
1776507
1776508
1776511
1776512
1776513
1776514
1776515
1776518
1776521
1776524
1776527
1776530
1776531
1776532
1776533
1776534
1776535
1776536
1776538
1776539
1776540
1776541
1776542
1776543
1776544
1776546
1776560
1776574
1776590
1776591
1776607
1776608
1776624
1776625
1776641
1776658
1776659
1776660
1776661
1776662
1776663
1776664
1776665
1776666
1776667
1776668
1776685
1776686
1776687
1776688
1776689
1776690
1776691
1776692
1776693
1776694
1776695
1776712
1776810
1776811
1776812
1776813
1776814
1776815
1776816
1776817
1776818
1776892
1776966
1776967
1776968
1776969
1776970
1776972
1776974
1776976
1776978
1776980
1776982
1776984
1776986
1776988
1776990
1776992
1776994
1776996
1776998
1777000
1777002
1777004
1777006
1777008
1777009
1777010
1777011
1777013
1777015
1777017
1777019
1777021
1777023
1777091
1777151
1777211
1777213
1777215
1777217
1777219
1777220
1777221
1777223
1777225
1777226
1777227
1777229
1777231
1777232
1777234
1777236
1777238
1777239
1777240
1777242
1777244
1777246
1777248
1777250
1777251
1777252
1777254
1777295
1777382
1777384
1777386
1777388
1777389
1777390
1777391
1777392
1777394
1777396
1777398
1777399
1777401
1777403
1777405
1777407
1777409
1777411
1777413
1777415
1777417
1777419
1777420
1777421
1777422
1777424
1777425
1777426
1777427
1777429
1777500
1777570
1777640
1777713
1777714
1777715
1777716
1777717
1777718
1777719
1777720
1777721
1777722
1777723
1777724
1777725
1777773
1777775
1777776
1777777
1777779
1777781
1777783
1777785
1777787
1777788
1777789
1777791
1777793
1777795
1777797
1777798
1777800
1777802
1777803
1777804
1777806
1777808
1777809
1777810
1777812
1777814
1777815
1777816
1777818
1777820
1777866
1777867
1777868
1777869
1777870
1777871
1777872
1777873
1777874
1777875
1777876
1777877
1777953
1777959
1777960
1777961
1777962
1777963
1777964
1777965
1777971
1777976
1777981
1777986
1777987
1777992
1777997
1778002
1778003
1778008
1778009
1778010
1778011
1778012
1778017
1778022
1778027
1778032
1778033
1778034
1778040
1778046
1778048
1778050
1778051
1778053
1778055
1778057
1778059
1778061
1778063
1778064
1778065
1778066
1778067
1778069
1778071
1778073
1778078
1778081
1778084
1778087
1778088
1778089
1778090
1778091
1778092
1778093
1778094
1778095
1778098
1778101
1778102
1778103
1778106
1778109
1778112
1778115
1778116
1778117
1778120
1778123
1778126
1778632
1778633
1778634
1778637
1778638
1778641
1778644
1778647
1778650
1778651
1778652
1778655
1778658
1778661
1778662
1778665
1778666
1778669
1778670
1778673
1778674
1778677
1778680
1778681
1778684
1778685
1778686
1778687
1778690
1778691
1778694
1778697
1778698
1778701
1778702
1778703
1778704
1778707
1778710
1778713
1778714
1778715
1778716
1778717
1778718
1778755
1778756
1778757
1778758
1778791
1778792
1778824
1778857
1779021
1779303
1779581
1779582
1779859
1780180
1780181
1780182
1780183
1780184
1780185
1780521
1780812
1780813
1780814
1780815
1780816
1781110
1781111
1781112
1781113
1781114
1781402
1781403
1781404
1781405
1781406
1781407
1781408
1781409
1781410
1781411
1781412
1781413
1781414
1782038
1782093
1782148
1782152
1782156
1782160
1782161
1782165
1782166
1782170
1782171
1782172
1782173
1782174
1782178
1782179
1782180
1782181
1782182
1782183
1782184
1782185
1782186
1782190
1782194
1782198
1782199
1782200
1782201
1782202
1782203
1782207
1782208
1782212
1782213
1782214
1782224
1782225
1782226
1782227
1782230
1782231
1782232
1782235
1782236
1782237
1782240
1782243
1782246
1782247
1782248
1782249
1782252
1782253
1782254
1782255
1782258
1782261
1782264
1782267
1782270
1782273
1782276
1782279
1782282
1782358
1782432
1782494
1782495
1782496
1782563
1782630
1782698
1782766
1782834
1782903
1782971
1783041
1783109
1783177
1783245
1783314
1783383
1783452
1783527
1783529
1783530
1783531
1783533
1783535
1783536
1783538
1783540
1783542
1783544
1783546
1783547
1783549
1783551
1783553
1783555
1783557
1783558
1783560
1783562
1783563
1783564
1783565
1783567
1783569
1783570
1783571
1783572
1783574
1783686
1783687
1783688
1783689
1783690
1783691
1783692
1783693
1783694
1783695
1783696
1783697
1783698
1783699
1783962
1783963
1783964
1783965
1783966
1783967
1783969
1783970
1783972
1783973
1783974
1783976
1783978
1783980
1783982
1783983
1783984
1783985
1783986
1783987
1783989
1783991
1783993
1783995
1783997
1784010
1784023
1784036
1784049
1784062
1784063
1784064
1784065
1784066
1784067
1784068
1784069
1784070
1784084
1784097
1784110
1784111
1784112
1784113
1784114
1784115
1784128
1784141
1784142
1784143
1784144
1784145
1784146
1784147
1784148
1784149
1784150
1784151
1784152
1784153
1784154
1784155
1784168
1784179
1784190
1784201
1784212
1784223
1784234
1784235
1784236
1784237
1784248
1784259
1784270
1784271
1784282
1784293
1784304
1784305
1784306
1784317
1784318
1784319
1784320
1784321
1784322
1784323
1784324
1784325
1784326
1784327
1784328
1784329
1784330
1784331
1784332
1784333
1784349
1784358
1784367
1784370
1784373
1784374
1784375
1784377
1784378
1784379
1784381
1784383
1784385
1784387
1784388
1784390
1784391
1784394
1784397
1784400
1784403
1784406
1784409
1784412
1784415
1784418
1784419
1784420
1784421
1784424
1784427
1784437
1784439
1784440
1784441
1784442
1784444
1784446
1784448
1784450
1784452
1784454
1784456
1784458
1784460
1784467
1784468
1784469
1784470
1784471
1784472
1784473
1784474
1784475
1784476
1784477
1784484
1784485
1784486
1784493
1784494
1784495
1784502
1784509
1784510
1784511
1784512
1784513
1784514
1784515
1784516
1784523
1784524
1784525
1784526
1784527
1784528
1784535
1784536
1784537
1784538
1784539
1784540
1784542
1784544
1784545
1784547
1784549
1784551
1784553
1784554
1784556
1784557
1784559
1784561
1784568
1784575
1784582
1784583
1784584
1784585
1784586
1784587
1784588
1784595
1784596
1784597
1784598
1784599
1784600
1784601
1784608
1784615
1784616
1784617
1784623
1784630
1784631
1784638
1784645
1784652
1784659
1784666
1784673
1784680
1784681
1784682
1784683
1784684
1784685
1784686
1784687
1784694
1784701
1784708
1784715
1784722
1784723
1784724
1784725
1784731
1784737
1784743
1784744
1784750
1784756
1784763
1784764
1784771
1784778
1784785
1784792
1784799
1784800
1784801
1784808
1784815
1784822
1784829
1784836
1784843
1784850
1784851
1784852
1784859
1784860
1784861
1784868
1784875
1784882
1784899
1784914
1784929
1784944
1784959
1784974
1784989
1784990
1784991
1784992
1784993
1785008
1785009
1785010
1785011
1785026
1785041
1785042
1785043
1785058
1785059
1785060
1785061
1785062
1785063
1785078
1785093
1785109
1785125
1785140
1785155
1785172
1785181
1785190
1785199
1785200
1785201
1785202
1785203
1785204
1785205
1785206
1785207
1785208
1785217
1785225
1785226
1785234
1785235
1785243
1785251
1785252
1785253
1785261
1785269
1785277
1785285
1785293
1785294
1785295
1785296
1785297
1785298
1785299
1785300
1785301
1785302
1785303
1785311
1785319
1785327
1785335
1785336
1785344
1785352
1785360
1785361
1785362
1785363
1785364
1785365
1785373
1785374
1785382
1785390
1785391
1785392
1785393
1785395
1785397
1785399
1785400
1785402
1785404
1785405
1785406
1785407
1785410
1785412
1785414
1785415
1785416
1785417
1785418
1785420
1785422
1785423
1785424
1785425
1785426
1785427
1785428
1785429
1785431
1785441
1785450
1785459
1785468
1785477
1785478
1785479
1785480
1785481
1785490
1785499
1785500
1785501
1785502
1785503
1785512
1785522
1785532
1785542
1785552
1785553
1785554
1785555
1785565
1785575
1785585
1785586
1785587
1785588
1785589
1785590
1785591
1785592
1785602
1785603
1785613
1785673
1785732
1785733
1785734
1785735
1785736
1785737
1785738
1785739
1785740
1785741
1785742
1785743
1785744
1785804
1785805
1785863
1785921
1785979
1785980
1785981
1785982
1785983
1786042
1786101
1786160
1786338
1786340
1786342
1786343
1786344
1786345
1786346
1786347
1786349
1786350
1786352
1786354
1786356
1786358
1786360
1786361
1786362
1786364
1786366
1786368
1786370
1786371
1786373
1786375
1786376
1786378
1786380
1786381
1786382
1786384
1786386
1786387
1786389
1786391
1786393
1786394
1786395
1786396
1786397
1786399
1786400
1786401
1786403
1786455
1786501
1786547
1786548
1786549
1786550
1786564
1786578
1786592
1786606
1786619
1786632
1786645
1786659
1786673
1786687
1786701
1786715
1786729
1786730
1786732
1786734
1786736
1786738
1786740
1786742
1786744
1786745
1786746
1786748
1786750
1786752
1786753
1786754
1786756
1786758
1786759
1786774
1786788
1786802
1786803
1786817
1786818
1786832
1786846
1786847
1786861
1786875
1786889
1786899
1786908
1786909
1786910
1786911
1786912
1786913
1786914
1786915
1786916
1786917
1786918
1786919
1786920
1786921
1786930
1786931
1786932
1786942
1786951
1786960
1786969
1786979
1786980
1786982
1786983
1786985
1786987
1786989
1786991
1786993
1786995
1786997
1786998
1787000
1787001
1787003
1787005
1787006
1787008
1787010
1787012
1787013
1787015
1787025
1787026
1787028
1787030
1787031
1787032
1787033
1787035
1787037
1787039
1787041
1787043
1787045
1787047
1787049
1787051
1787052
1787053
1787055
1787057
1787059
1787061
1787075
1787089
1787138
1787145
1787146
1787147
1787154
1787161
1787162
1787163
1787167
1787168
1787169
1787170
1787174
1787178
1787182
1787186
1787187
1787188
1787189
1787190
1787191
1787192
1787193
1787194
1787195
1787199
1787203
1787207
1787209
1787211
1787213
1787215
1787216
1787217
1787218
1787219
1787220
1787222
1787224
1787226
1787228
1787232
1787236
1787237
1787238
1787242
1787246
1787250
1787254
1787258
1787262
1787263
1787267
1787268
1787269
1787273
1787274
1787275
1787281
1787287
1787293
1787294
1787295
1787296
1787297
1787303
1787304
1787310
1787317
1787324
1787331
1787338
1787345
1787352
1787359
1787360
1787361
1787362
1787363
1787364
1787371
1787373
1787375
1787377
1787379
1787381
1787383
1787385
1787387
1787388
1787390
1787392
1787393
1787394
1787395
1787397
1787404
1787405
1787406
1787407
1787408
1787415
1787422
1787429
1787436
1787443
1787444
1787445
1787452
1787459
1787460
1787461
1787468
1787469
1787470
1787471
1787472
1787473
1787480
1787481
1787482
1787485
1787488
1787491
1787494
1787497
1787500
1787503
1787504
1787505
1787508
1787511
1787514
1787517
1787520
1787523
1787526
1787527
1787530
1787533
1787536
1787539
1787540
1787541
1787542
1787543
1787544
1787545
1787552
1787559
1787560
1787561
1787569
1787570
1787575
1787577
1787579
1787581
1787583
1787584
1787585
1787587
1787588
1787589
1787590
1787591
1787593
1787597
1787598
1787602
1787603
1787604
1787608
1787612
1787616
1787620
1787624
1787628
1787629
1787633
1787637
1787641
1787645
1787646
1787647
1787648
1787649
1787650
1787651
1787739
1787767
1787768
1787769
1787770
1787771
1787772
1787773
1787774
1787775
1787776
1787777
1787778
1787779
1787780
1787781
1787806
1787832
1787858
1787859
1787860
1787861
1787863
1787865
1787867
1787869
1787871
1787872
1787874
1787876
1787878
1787880
1787881
1787883
1787884
1787886
1787888
1787889
1787891
1787893
1787894
1787895
1787896
1787897
1787899
1787900
1787934
1787967
1787999
1788031
1788063
1788095
1788128
1788161
1788194
1788195
1788196
1788197
1788198
1788230
1788261
1788262
1788293
1788324
1788354
1788355
1788356
1788388
1788389
1788390
1788391
1788392
1788393
1788427
1788428
1788429
1788430
1788431
1788432
1788433
1788434
1788435
1788436
1788437
1788438
1788439
1788440
1788441
1788442
1788443
1788477
1788511
1788512
1788513
1788514
1788515
1788516
1788517
1788518
1788519
1788520
1788521
1788522
1788523
1788524
1788557
1788622
1788671
1788672
1788673
1788722
1788723
1788724
1788725
1788726
1788727
1788728
1788729
1788730
1788731
1788732
1788733
1788811
1788900
1788901
1788902
1788903
1788904
1788905
1788906
1788907
1788908
1788909
1788989
1789070
1789148
1789226
1789304
1789305
1789383
1789459
1789535
1789773
1789897
1789898
1789899
1789900
1789901
1789902
1790026
1790150
1790151
1790152
1790153
1790267
1790384
1790385
1790386
1790387
1790388
1790389
1790516
1790517
1790518
1790519
1790520
1790521
1790522
1790628
1790751
1790866
1790867
1790980
1791099
1791204
1791310
1791413
1791516
1791517
1791625
1791733
1791842
1791843
1791844
1791845
1791846
1791847
1791848
1791849
1791850
1791851
1791852
1791979
1792056
1792133
1792210
1792287
1792288
1792289
1792290
1792364
1792365
1792366
1792367
1792457
1792549
1792551
1792552
1792554
1792555
1792556
1792557
1792559
1792561
1792563
1792565
1792567
1792569
1792571
1792573
1792575
1792576
1792577
1792578
1792580
1792582
1792584
1792585
1792586
1792588
1792590
1792592
1792594
1792596
1792598
1792600
1792602
1792603
1792678
1792679
1792680
1792681
1792682
1792757
1792831
1792905
1792980
1793068
1793150
1793237
1793318
1793406
1794641
1794643
1794644
1794646
1794647
1794649
1794651
1794653
1794655
1794657
1794659
1794661
1794663
1794665
1794666
1794667
1794669
1794671
1794673
1794675
1794677
1794679
1794680
1794681
1794682
1794684
1794686
1794688
1794690
1794692
1794694
1794695
1794696
1794697
1794699
1794701
1794703
1795285
1795341
1795385
1795429
1795473
1795515
1795516
1795517
1795559
1795603
1795604
1795605
1795606
1795607
1795608
1795609
1795610
1795658
1795659
1795708
1795754
1795800
1795846
1795892
1795938
1795939
1795984
1796030
1796031
1796032
1796033
1796034
1796035
1796036
1796037
1796039
1796041
1796043
1796045
1796046
1796047
1796048
1796049
1796051
1796052
1796053
1796055
1796057
1796058
1796060
1796062
1796063
1796064
1796065
1796066
1796067
1796069
1796071
1796072
1796073
1796075
1796077
1796079
1796081
1796082
1796083
1796084
1796085
1796086
1796088
1796089
1796091
1796092
1796139
1796140
1796141
1796142
1796143
1796144
1796145
1796146
1796147
1796148
1796149
1796150
1796151
1796208
1796211
1796214
1796217
1796218
1796219
1796222
1796225
1796228
1796229
1796230
1796231
1796232
1796233
1796234
1796235
1796236
1796239
1796240
1796241
1796244
1796247
1796248
1796251
1796252
1796253
1796254
1796255
1796256
1796259
1796260
1796263
1796266
1796269
1796270
1796271
1796272
1796275
1796278
1796281
1796284
1796287
1796290
1796291
1796294
1796297
1796300
1796356
1796357
1796358
1796359
1796360
1796361
1796362
1796396
1796430
1796464
1796497
1796530
1796564
1796610
1796611
1796612
1796613
1796614
1796615
1796616
1796617
1796618
1796619
1796620
1796621
1796664
1796707
1796708
1796709
1796710
1796711
1796712
1796713
1796714
1796715
1796716
1796717
1796718
1796719
1796720
1796721
1796722
1796767
1796768
1796812
1796813
1796814
1796815
1796859
1796916
1796917
1796918
1796919
1796920
1796921
1796922
1796926
1796930
1796934
1796935
1796936
1796937
1796938
1796939
1796940
1796941
1796942
1796943
1796947
1796951
1796952
1796953
1796954
1796955
1796956
1796957
1796958
1796959
1796960
1796964
1796965
1796969
1796970
1796971
1796972
1796973
1796974
1796979
1796980
1796981
1796982
1796983
1796984
1796985
1796986
1796991
1796996
1797000
1797001
1797002
1797006
1797008
1797010
1797011
1797013
1797015
1797017
1797019
1797021
1797022
1797024
1797025
1797030
1797031
1797032
1797033
1797034
1797035
1797036
1797037
1797038
1797039
1797044
1797049
1797054
1797055
1797056
1797057
1797058
1797063
1797068
1797069
1797070
1797071
1797072
1797073
1797074
1797075
1797076
1797077
1797078
1797079
1797084
1797085
1797086
1797087
1797088
1797089
1797090
1797095
1797096
1797097
1797098
1797099
1797100
1797101
1797106
1797107
1797108
1797109
1797110
1797111
1797116
1797117
1797118
1797119
1797120
1797125
1797130
1797135
1797140
1797145
1797150
1797151
1797156
1797407
1797408
1797409
1797410
1797411
1797412
1797537
1797661
1797781
1797920
1798048
1798049
1798050
1798051
1798052
1798053
1798054
1798055
1798056
1798057
1798058
1798187
1798188
1798189
1798311
1798433
1798571
1798702
1798829
1798830
1798831
1798832
1798833
1798834
1798835
1798966
1799095
1799215
1799340
1799341
1799342
1799343
1799344
1799345
1799346
1799844
1799845
1799846
1799847
1799848
1799849
1799850
1799851
1799852
1800028
1800030
1800031
1800033
1800035
1800036
1800038
1800039
1800040
1800042
1800043
1800044
1800046
1800048
1800049
1800050
1800051
1800053
1800055
1800057
1800059
1800060
1800061
1800062
1800064
1800066
1800068
1800069
1800070
1800072
1800074
1800076
1800077
1800262
1800265
1800266
1800269
1800270
1800273
1800276
1800279
1800280
1800283
1800286
1800289
1800292
1800295
1800297
1800299
1800300
1800301
1800303
1800305
1800307
1800308
1800310
1800312
1800314
1800316
1800318
1800320
1800322
1800324
1800326
1800328
1800330
1800332
1800333
1800334
1800335
1800336
1800337
1800338
1800340
1800341
1800556
1800752
1800753
1800950
1801092
1801235
1801360
1801484
1801688
1801689
1801782
1801875
1801968
1802173
1802174
1802175
1802176
1802455
1802694
1802695
1802696
1802697
1802698
1802699
1802700
1802702
1802704
1802706
1802707
1802708
1802710
1802711
1802712
1802714
1802716
1802718
1802719
1802727
1802735
1802742
1802743
1802744
1802751
1802759
1802767
1802768
1802769
1802770
1802771
1802772
1802773
1802774
1802775
1802776
1802777
1802783
1802790
1802791
1802798
1802805
1802806
1802807
1802808
1802809
1802816
1802817
1802818
1802825
1802832
1802835
1802838
1802839
1802840
1802841
1802844
1802847
1802850
1802851
1802852
1802853
1802856
1802859
1802860
1802861
1802862
1802865
1802868
1802869
1802870
1802871
1802872
1802875
1802878
1802881
1802884
1802885
1802886
1802887
1802894
1802895
1802896
1802903
1802904
1802905
1802906
1802907
1802908
1802909
1802910
1802917
1802919
1802920
1802921
1802922
1802924
1802926
1802928
1802930
1802931
1802932
1802933
1802935
1802937
1802938
1802945
1802952
1802959
1802966
1802967
1802974
1803021
1803024
1803027
1803030
1803033
1803034
1803037
1803040
1803043
1803046
1803048
1803049
1803051
1803053
1803055
1803057
1803059
1803060
1803063
1803066
1803069
1803072
1803073
1803074
1803075
1803076
1803077
1803080
1803081
1803082
1803083
1803084
1803085
1803088
1803091
1803094
1803097
1803098
1803099
1803100
1803103
1803106
1803107
1803110
1803111
1803114
1803115
1803116
1803117
1803118
1803119
1803166
1803167
1803168
1803169
1803170
1803194
1803195
1803196
1803197
1803221
1803245
1803270
1803295
1803296
1803297
1803298
1803323
1803324
1803325
1803343
1803344
1803345
1803346
1803366
1803386
1803406
1803425
1803444
1803463
1803482
1803483
1803484
1803485
1803486
1803487
1803488
1803489
1803490
1803491
1803492
1803493
1803494
1803495
1803496
1803497
1803516
1803517
1803518
1803519
1803538
1803582
1803586
1803587
1803588
1803589
1803590
1803591
1803592
1803596
1803597
1803598
1803599
1803600
1803601
1803602
1803606
1803610
1803614
1803615
1803616
1803617
1803618
1803622
1803626
1803630
1803634
1803638
1803642
1803646
1803650
1803654
1803659
1803660
1803661
1803662
1803663
1803664
1803665
1803666
1803667
1803672
1803673
1803674
1803675
1803676
1803681
1803685
1803689
1803693
1803694
1803695
1803699
1803704
1803705
1803706
1803707
1803708
1803713
1803715
1803717
1803719
1803721
1803723
1803724
1803726
1803728
1803730
1803732
1803734
1803735
1803736
1803738
1803744
1803745
1803746
1803747
1803748
1803749
1803750
1803751
1803752
1803795
1803796
1803838
1803839
1803840
1803841
1803842
1803843
1803844
1803845
1803846
1803847
1803848
1803849
1803891
1803933
1803934
1803935
1803977
1803978
1804078
1804174
1804175
1804176
1804177
1804273
1804274
1804275
1804276
1804371
1804467
1804468
1804469
1804470
1804570
1804812
1804813
1804814
1805039
1805269
1805499
1805500
1805501
1805502
1805503
1805504
1805505
1805506
1805507
1805508
1805509
1805510
1805511
1805512
1805513
1805514
1805515
1805516
1805517
1805518
1805519
1805520
1805521
1805522
1805523
1805840
1805928
1805929
1805930
1805967
1805970
1805973
1805976
1805979
1805982
1805983
1805986
1805989
1805992
1805993
1805996
1805999
1806000
1806001
1806002
1806003
1806004
1806005
1806006
1806007
1806010
1806011
1806012
1806013
1806014
1806015
1806016
1806019
1806020
1806021
1806024
1806027
1806030
1806031
1806034
1806037
1806038
1806039
1806040
1806041
1806042
1806045
1806048
1806049
1806050
1806053
1806054
1806055
1806056
1806059
1806060
1806061
1806062
1806063
1806066
1806106
1806107
1806108
1806109
1806110
1806111
1806112
1806113
1806114
1806154
1806199
1806200
1806201
1806202
1806203
1806204
1806205
1806207
1806209
1806211
1806213
1806215
1806217
1806219
1806220
1806222
1806224
1806225
1806227
1806228
1806229
1806230
1806231
1806233
1806235
1806237
1806239
1806241
1806243
1806245
1806246
1806247
1806248
1806249
1806250
1806252
1806280
1806282
1806283
1806285
1806286
1806287
1806288
1806289
1806290
1806291
1806293
1806295
1806297
1806299
1806301
1806303
1806305
1806306
1806308
1806309
1806310
1806311
1806312
1806313
1806315
1806317
1806318
1806319
1806320
1806321
1806322
1806323
1806324
1806347
1806348
1806349
1806350
1806351
1806352
1806353
1806377
1806378
1806380
1806381
1806383
1806385
1806386
1806387
1806388
1806389
1806391
1806392
1806394
1806396
1806397
1806398
1806399
1806400
1806402
1806403
1806426
1806427
1806428
1806429
1806430
1806431
1806432
1806433
1806434
1806435
1806436
1806437
1806438
1806439
1806460
1806461
1806463
1806465
1806467
1806469
1806471
1806473
1806475
1806477
1806479
1806481
1806483
1806485
1806487
1806488
1806490
1806491
1806493
1806494
1806495
1806496
1806498
1806499
1806521
1806522
1806523
1806524
1806525
1806547
1806573
1806575
1806577
1806579
1806581
1806582
1806584
1806586
1806588
1806590
1806592
1806594
1806596
1806598
1806600
1806602
1806604
1806605
1806606
1806608
1806609
1806611
1806613
1806614
1806615
1806617
1806619
1806621
1806623
1806625
1806695
1806696
1806697
1806702
1806707
1806708
1806709
1806714
1806719
1806724
1806729
1806734
1806739
1806744
1806745
1806746
1806747
1806748
1806753
1806758
1806763
1806768
1806773
1806774
1806775
1806780
1806785
1806790
1806795
1806796
1806797
1806798
1806799
1806800
1806801
1806802
1806803
1806804
1806817
1806824
1806825
1806826
1806827
1806828
1806835
1806836
1806837
1806838
1806839
1806846
1806853
1806854
1806855
1806862
1806869
1806870
1806871
1806872
1806873
1806874
1806875
1806881
1806882
1806883
1806889
1806895
1806896
1806902
1806908
1806914
1806920
1806926
1806927
1806928
1806934
1806940
1806946
1806952
1806953
1806954
1806955
1806956
1806957
1806958
1806959
1806960
1806961
1806962
1806963
1806974
1806975
1806980
1806985
1806990
1806995
1807000
1807005
1807010
1807015
1807020
1807021
1807022
1807023
1807024
1807025
1807026
1807027
1807028
1807029
1807034
1807039
1807044
1807046
1807048
1807050
1807052
1807054
1807055
1807056
1807057
1807058
1807060
1807062
1807063
1807064
1807065
1807066
1807067
1807076
1807077
1807078
1807079
1807080
1807086
1807091
1807096
1807101
1807107
1807108
1807109
1807110
1807111
1807112
1807114
1807115
1807117
1807119
1807121
1807123
1807125
1807127
1807129
1807135
1807140
1807145
1807146
1807147
1807148
1807149
1807150
1807151
1807153
1807155
1807157
1807159
1807161
1807162
1807163
1807164
1807166
1807168
1807170
1807172
1807177
1807182
1807188
1807194
1807195
1807200
1807201
1807206
1807211
1807212
1807213
1807214
1807215
1807216
1807222
1807223
1807225
1807226
1807227
1807229
1807231
1807233
1807235
1807236
1807237
1807239
1807240
1807241
1807242
1807244
1807246
1807248
1807249
1807479
1807694
1807704
1807705
1807706
1807707
1807717
1807727
1807737
1807747
1807757
1807758
1807768
1807769
1807779
1807789
1807790
1807800
1807810
1807819
1807820
1807821
1807830
1807831
1807832
1807833
1807834
1807835
1807836
1807845
1807846
1807847
1807848
1807857
1807866
1807875
1807884
1807893
1807894
1807895
1807896
1807905
1807906
1807907
1807908
1807909
1807910
1807911
1807920
1807929
1807938
1807947
1807956
1807964
1807972
1807973
1807981
1807989
1807997
1808006
1808015
1808016
1808017
1808018
1808019
1808020
1808021
1808022
1808023
1808024
1808025
1808026
1808027
1808028
1808048
1808068
1808088
1808089
1808090
1808091
1808092
1808093
1808094
1808095
1808096
1808116
1808136
1808137
1808157
1808158
1808159
1808160
1808161
1808181
1808201
1808202
1808222
1808244
1808245
1808246
1808247
1808248
1808249
1808250
1808251
1808269
1808287
1808307
1808308
1808309
1808310
1808311
1808312
1808313
1808314
1808315
1808316
1808317
1808318
1808338
1808339
1808356
1808372
1808388
1808404
1808420
1808421
1808438
1808455
1808472
1808489
1808509
1808528
1808547
1808548
1808549
1808566
1808582
1808598
1808614
1808615
1808632
1808649
1808666
1808683
1808700
1808718
1808736
1808754
1808770
1808771
1808772
1808773
1808774
1808792
1808810
1808829
1808830
1808848
1808849
1808850
1808868
1808886
1808887
1808888
1808906
1808924
1808942
1808965
1808974
1808983
1808989
1808995
1809001
1809007
1809013
1809019
1809025
1809026
1809027
1809028
1809029
1809030
1809031
1809032
1809033
1809036
1809039
1809040
1809041
1809042
1809045
1809048
1809051
1809054
1809057
1809060
1809063
1809066
1809074
1809075
1809082
1809089
1809090
1809091
1809092
1809093
1809094
1809095
1809096
1809103
1809104
1809105
1809106
1809114
1809116
1809117
1809118
1809119
1809121
1809123
1809125
1809127
1809128
1809129
1809130
1809132
1809134
1809136
1809137
1809138
1809139
1809141
1809150
1809153
1809156
1809159
1809162
1809165
1809168
1809171
1809174
1809177
1809180
1809181
1809182
1809185
1809188
1809191
1809194
1809197
1809198
1809199
1809200
1809201
1809202
1809203
1809204
1809205
1809214
1809215
1809216
1809217
1809218
1809219
1809220
1809221
1809224
1809227
1809230
1809233
1809236
1809237
1809240
1809241
1809242
1809243
1809246
1809247
1809250
1809253
1809256
1809259
1809262
1809263
1809266
1809269
1809272
1809281
1809283
1809285
1809287
1809288
1809289
1809291
1809293
1809294
1809295
1809296
1809297
1809299
1809301
1809302
1809303
1809304
1809305
1809307
1809308
1809310
1809312
1809314
1809315
1809317
1809319
1809321
1809323
1809325
1809327
1809449
1809450
1809451
1809452
1809453
1809455
1809457
1809459
1809461
1809463
1809465
1809467
1809469
1809470
1809471
1809472
1809474
1809476
1809477
1809479
1809481
1809483
1809485
1809487
1809489
1809491
1809493
1809541
1809542
1809543
1809599
1809600
1809601
1809663
1809664
1809665
1809666
1809667
1809668
1809671
1809672
1809673
1809676
1809679
1809681
1809683
1809685
1809687
1809689
1809691
1809693
1809695
1809697
1809699
1809701
1809703
1809705
1809708
1809711
1809712
1809713
1809714
1809715
1809716
1809717
1809720
1809721
1809722
1809723
1809724
1809725
1809726
1809729
1809730
1809731
1809732
1809733
1809736
1809737
1809738
1809741
1809742
1809743
1809744
1809745
1809779
1809806
1809829
1809830
1809831
1809854
1809855
1809878
1809901
1809924
1809948
1809972
1809999
1810000
1810001
1810002
1810003
1810030
1810031
1810058
1810087
1810116
1810144
1810145
1810173
1810201
1810229
1810258
1810260
1810262
1810264
1810266
1810268
1810269
1810270
1810272
1810274
1810276
1810277
1810278
1810280
1810282
1810284
1810286
1810287
1810288
1810290
1810291
1810292
1810294
1810296
1810297
1810299
1810301
1810303
1810376
1810377
1810378
1810379
1810404
1810411
1810418
1810419
1810420
1810427
1810428
1810435
1810442
1810443
1810450
1810457
1810458
1810459
1810460
1810461
1810462
1810463
1810464
1810465
1810466
1810467
1810468
1810475
1810482
1810489
1810490
1810497
1810504
1810511
1810518
1810525
1810526
1810533
1810534
1810535
1810543
1810545
1810546
1810548
1810550
1810551
1810553
1810555
1810557
1810559
1810562
1810563
1810564
1810565
1810566
1810567
1810568
1810571
1810572
1810573
1810574
1810575
1810576
1810577
1810578
1810601
1810624
1810650
1810653
1810656
1810657
1810658
1810659
1810660
1810663
1810666
1810669
1810670
1810671
1810672
1810673
1810674
1810677
1810680
1810683
1810686
1810687
1810688
1810689
1810690
1810691
1810694
1810697
1810700
1810701
1810702
1810705
1810708
1810711
1810714
1810715
1810716
1810717
1810718
1810719
1810720
1810721
1810789
1810826
1810863
1810900
1810937
1810938
1810971
1811004
1811037
1811070
1811071
1811072
1811073
1811074
1811075
1811077
1811079
1811081
1811083
1811085
1811087
1811089
1811090
1811091
1811092
1811094
1811096
1811097
1811098
1811099
1811101
1811123
1811145
1811167
1811189
1811211
1811212
1811213
1811214
1811215
1811252
1811256
1811257
1811258
1811259
1811263
1811267
1811271
1811275
1811276
1811277
1811281
1811284
1811287
1811290
1811293
1811296
1811299
1811302
1811305
1811308
1811309
1811312
1811315
1811318
1811321
1811322
1811325
1811326
1811327
1811328
1811329
1811332
1811333
1811334
1811337
1811340
1811341
1811342
1811343
1811344
1811345
1811346
1811349
1811352
1811355
1811356
1811357
1811358
1811359
1811360
1811361
1811362
1811366
1811367
1811368
1811369
1811370
1811374
1811377
1811378
1811379
1811383
1811387
1811391
1811395
1811399
1811400
1811401
1811402
1811403
1811404
1811405
1811406
1811407
1811408
1811467
1811500
1811533
1811566
1811600
1811601
1811602
1811603
1811604
1811605
1811606
1811607
1811608
1811609
1811610
1811611
1811612
1811646
1811647
1811648
1811681
1811716
1811720
1811721
1811722
1811723
1811727
1811731
1811735
1811736
1811737
1811741
1811745
1811746
1811747
1811751
1811755
1811756
1811757
1811758
1811759
1811760
1811764
1811765
1811766
1811767
1811768
1811769
1811770
1811771
1811775
1811776
1811777
1811778
1811779
1811780
1811781
1811782
1811783
1811784
1811788
1811789
1811790
1811791
1811795
1811799
1811803
1811805
1811807
1811809
1811810
1811811
1811812
1811813
1811814
1811816
1811817
1811818
1811819
1811821
1811823
1811824
1811825
1811830
1811835
1811836
1811841
1811846
1811851
1811856
1811861
1811862
1811867
1811872
1811920
1811921
1811922
1811923
1811924
1811925
1811926
1811927
1811957
1811958
1811991
1811992
1812024
1812057
1812090
1812123
1812155
1812187
1812220
1812221
1812253
1812294
1812295
1812296
1812297
1812298
1812299
1812300
1812301
1812302
1812303
1812304
1812343
1812380
1812416
1812417
1812418
1812454
1812510
1812513
1812516
1812517
1812518
1812519
1812520
1812521
1812524
1812525
1812526
1812527
1812528
1812531
1812534
1812535
1812536
1812537
1812538
1812539
1812540
1812541
1812542
1812545
1812548
1812551
1812552
1812555
1812558
1812562
1812565
1812566
1812567
1812568
1812569
1812570
1812573
1812576
1812579
1812580
1812583
1812586
1812587
1812590
1812593
1812596
1812597
1812598
1812601
1812602
1812603
1812606
1812607
1812608
1812611
1812614
1812615
1812616
1812617
1812618
1812619
1812620
1812720
1812755
1812790
1812825
1812860
1812861
1812862
1812863
1812897
1812925
1812953
1812954
1812955
1812956
1812957
1812958
1812959
1812987
1813021
1813054
1813090
1813092
1813094
1813096
1813098
1813100
1813101
1813102
1813104
1813106
1813108
1813110
1813112
1813113
1813114
1813115
1813117
1813119
1813120
1813122
1813124
1813126
1813128
1813130
1813132
1813134
1813135
1813137
1813138
1813139
1813141
1813143
1813144
1813146
1813148
1813150
1813152
1813153
1813154
1813156
1813158
1813160
1813162
1813199
1813200
1813201
1813202
1813203
1813204
1813205
1813206
1813207
1813208
1813209
1813210
1813211
1813212
1813213
1813214
1813215
1813251
1813291
1813292
1813293
1813294
1813295
1813296
1813297
1813298
1813303
1813308
1813309
1813311
1813313
1813314
1813316
1813317
1813318
1813320
1813321
1813322
1813323
1813325
1813327
1813332
1813335
1813336
1813339
1813340
1813343
1813346
1813347
1813348
1813349
1813350
1813351
1813352
1813353
1813356
1813357
1813358
1813359
1813360
1813361
1813362
1813363
1813366
1813371
1813376
1813381
1813382
1813387
1813392
1813397
1813402
1813407
1813412
1813413
1813414
1813415
1813420
1813425
1813427
1813429
1813431
1813433
1813435
1813436
1813438
1813440
1813441
1813442
1813444
1813446
1813451
1813452
1813453
1813454
1813455
1813456
1813457
1813462
1813463
1813464
1813465
1813466
1813467
1813468
1813473
1813475
1813476
1813477
1813479
1813480
1813481
1813482
1813483
1813485
1813487
1813488
1813489
1813490
1813491
1813492
1813494
1813502
1813503
1813509
1813515
1813516
1813522
1813528
1813529
1813535
1813536
1813542
1813543
1813544
1813545
1813546
1813547
1813548
1813549
1813550
1813551
1813552
1813553
1813559
1813565
1813571
1813577
1813578
1813579
1813585
1813591
1813597
1813598
1813599
1813600
1813601
1813602
1813603
1813609
1813610
1813611
1813612
1813613
1813620
1813621
1813627
1813628
1813634
1813640
1813646
1813652
1813658
1813664
1813670
1813676
1813682
1813688
1813694
1813700
1813706
1813712
1813718
1813719
1813720
1813721
1813722
1813723
1813724
1813725
1813726
1813727
1813728
1813729
1813735
1813736
1813737
1813743
1813749
1813755
1813756
1813762
1813763
1813770
1813818
1813825
1813832
1813839
1813840
1813841
1813848
1813849
1813850
1813857
1813864
1813871
1813872
1813873
1813874
1813875
1813876
1813883
1813890
1813897
1813898
1813899
1813900
1813901
1813902
1813903
1813904
1813905
1813906
1813907
1813914
1813915
1813917
1813919
1813921
1813923
1813924
1813926
1813928
1813930
1813931
1813932
1813933
1813935
1813936
1813937
1813944
1813945
1813946
1813948
1813950
1813951
1813952
1813954
1813956
1813958
1813960
1813962
1813964
1813966
1813967
1813968
1813976
1813984
1813991
1813998
1813999
1814000
1814007
1814014
1814015
1814016
1814023
1814024
1814025
1814026
1814027
1814028
1814035
1814042
1814049
1814056
1814057
1814058
1814059
1814060
1814061
1814062
1814063
1814064
1814065
1814066
1814067
1814074
1814347
1814348
1814349
1814382
1814383
1814384
1814385
1814386
1814387
1814388
1814389
1814390
1814391
1814392
1814393
1814394
1814395
1814396
1814430
1814432
1814434
1814436
1814438
1814439
1814441
1814443
1814444
1814446
1814448
1814450
1814452
1814453
1814454
1814455
1814457
1814458
1814459
1814461
1814463
1814465
1814466
1814467
1814469
1814471
1814473
1814475
1814477
1814479
1814481
1814483
1814484
1814485
1814486
1814488
1814490
1814492
1814494
1814496
1814497
1814498
1814499
1814580
1814590
1814600
1814602
1814604
1814606
1814608
1814610
1814611
1814612
1814614
1814616
1814617
1814618
1814620
1814622
1814624
1814626
1814628
1814630
1814632
1814634
1814644
1814654
1814664
1814674
1814675
1814676
1814677
1814678
1814679
1814689
1814691
1814693
1814695
1814697
1814699
1814701
1814703
1814705
1814707
1814708
1814709
1814710
1814712
1814714
1814716
1814718
1814720
1814722
1814731
1814736
1814741
1814746
1814747
1814748
1814749
1814754
1814759
1814764
1814766
1814768
1814769
1814770
1814772
1814774
1814776
1814778
1814780
1814782
1814784
1814785
1814787
1814792
1814797
1814802
1814803
1814808
1814809
1814814
1814819
1814824
1814834
1814838
1814842
1814846
1814850
1814854
1814858
1814862
1814866
1814867
1814868
1814869
1814870
1814871
1814872
1814873
1814874
1814875
1814879
1814880
1814881
1814882
1814883
1814884
1814885
1814888
1814889
1814890
1814891
1814892
1814893
1814894
1814897
1814900
1814903
1814906
1814910
1814914
1814918
1814922
1814926
1814937
1814945
1814953
1814961
1814969
1814977
1814985
1814993
1814994
1814995
1814996
1814997
1814998
1814999
1815000
1815001
1815009
1815010
1815011
1815019
1815020
1815021
1815022
1815023
1815024
1815025
1815026
1815027
1815028
1815029
1815030
1815031
1815032
1815040
1815048
1815056
1815057
1815058
1815066
1815074
1815075
1815076
1815077
1815078
1815079
1815081
1815083
1815085
1815087
1815089
1815091
1815093
1815095
1815097
1815098
1815100
1815102
1815104
1815106
1815108
1815110
1815112
1815113
1815114
1815115
1815117
1815125
1815133
1815141
1815149
1815150
1815151
1815152
1815153
1815154
1815167
1815168
1815169
1815170
1815171
1815172
1815173
1815174
1815175
1815176
1815185
1815194
1815195
1815196
1815203
1815210
1815217
1815218
1815219
1815220
1815221
1815222
1815229
1815230
1815237
1815244
1815251
1815258
1815265
1815272
1815279
1815281
1815283
1815285
1815287
1815289
1815290
1815292
1815294
1815296
1815297
1815298
1815300
1815302
1815303
1815304
1815305
1815306
1815314
1815315
1815322
1815329
1815330
1815331
1815332
1815333
1815334
1815341
1815353
1815358
1815363
1815368
1815369
1815374
1815379
1815380
1815381
1815382
1815387
1815392
1815397
1815402
1815407
1815412
1815417
1815422
1815424
1815426
1815428
1815430
1815432
1815433
1815434
1815435
1815437
1815439
1815441
1815442
1815443
1815444
1815445
1815446
1815453
1815454
1815455
1815456
1815457
1815464
1815465
1815472
1815473
1815474
1815475
1815476
1815478
1815479
1815481
1815482
1815484
1815486
1815488
1815490
1815492
1815494
1815501
1815508
1815509
1815516
1815517
1815518
1815519
1815520
1815521
1815522
1815523
1815524
1815525
1815526
1815527
1815528
1815535
1815542
1815549
1815556
1815563
1815564
1815565
1815572
1815579
1815586
1815593
1815618
1815619
1815620
1815621
1815622
1815623
1815624
1815629
1815634
1815639
1815640
1815641
1815642
1815643
1815644
1815649
1815654
1815655
1815656
1815657
1815658
1815663
1815664
1815665
1815666
1815667
1815668
1815673
1815674
1815675
1815680
1815685
1815687
1815689
1815690
1815692
1815693
1815695
1815697
1815698
1815699
1815700
1815701
1815703
1815704
1815705
1815706
1815707
1815708
1815709
1815714
1815719
1815720
1815721
1815726
1815727
1815728
1815735
1815737
1815739
1815740
1815742
1815744
1815746
1815748
1815749
1815751
1815753
1815755
1815757
1815759
1815761
1815763
1815764
1815770
1815771
1815772
1815776
1815777
1815778
1815779
1815780
1815784
1815786
1815787
1815788
1815789
1815790
1815792
1815794
1815796
1815797
1815799
1815801
1815803
1815805
1815807
1815811
1815815
1815819
1815823
1815827
1815841
1815846
1815847
1815848
1815853
1815858
1815863
1815864
1815865
1815866
1815871
1815872
1815873
1815874
1815875
1815876
1815881
1815886
1815891
1815896
1815897
1815902
1815907
1815912
1815913
1815914
1815915
1815916
1815917
1815918
1815919
1815920
1815921
1815922
1815927
1815932
1815933
1815934
1815935
1815936
1815937
1815938
1815943
1815948
1815949
1815954
1815955
1815956
1815957
1815958
1815959
1815988
1815989
1815991
1815992
1815994
1815996
1815998
1816000
1816002
1816004
1816005
1816006
1816008
1816010
1816011
1816013
1816015
1816017
1816019
1816021
1816023
1816025
1816027
1816029
1816030
1816031
1816033
1816055
1816057
1816059
1816061
1816063
1816065
1816066
1816067
1816069
1816071
1816073
1816077
1816081
1816082
1816083
1816084
1816088
1816089
1816090
1816094
1816098
1816102
1816106
1816107
1816108
1816112
1816113
1816117
1816118
1816122
1816126
1816131
1816132
1816133
1816134
1816135
1816139
1816143
1816144
1816145
1816146
1816147
1816151
1816155
1816159
1816160
1816161
1816162
1816163
1816167
1816171
1816175
1816179
1816180
1816181
1816182
1816183
1816210
1816211
1816214
1816215
1816218
1816221
1816222
1816225
1816228
1816231
1816232
1816234
1816236
1816238
1816239
1816240
1816241
1816243
1816245
1816247
1816250
1816252
1816254
1816256
1816258
1816260
1816262
1816264
1816266
1816267
1816269
1816272
1816273
1816274
1816275
1816278
1816281
1816301
1816302
1816303
1816304
1816305
1816306
1816307
1816308
1816309
1816310
1816311
1816312
1816313
1816314
1816315
1816316
1816317
1816318
1816319
1816343
1816366
1816367
1816390
1816391
1816415
1816438
1816461
1816462
1816485
1816509
1816510
1816511
1816534
1816557
1816580
1816581
1816582
1816605
1816628
1816651
1816674
1816675
1816676
1816699
1816722
1816745
1816746
1816770
1816771
1816772
1816794
1816816
1816817
1816818
1816840
1816862
1816863
1816864
1816887
1816888
1816889
1816890
1816912
1816935
1816936
1816960
1816983
1817005
1817028
1817051
1817052
1817053
1817075
1817098
1817099
1817100
1817122
1817123
1817373
1817535
1817680
1817681
1817682
1817827
1817974
1818121
1818122
1818272
1818273
1818497
1818719
1818955
1818956
1819139
1819327
1819504
1819673
1819848
1820016
1820208
1820402
1820577
1820578
1820579
1820763
1820949
1821141
1821347
1821503
1821653
1821800
1821946
1821947
1822072
1822212
1822367
1822522
1822675
1822828
1822981
1823204
1823425
1823426
1823427
1823428
1823621
1823622
1823819
1823820
1823821
1823822
1824039
1825950
1827178
1828054
1828936
1828937
1828938
1828939
1828940
1828941
1830200
1830335
1830336
1830337
1830338
1830339
1830340
1830341
1830342
1830416
1830417
1830421
1830422
1830423
1830424
1830425
1830426
1830427
1830428
1830432
1830436
1830440
1830444
1830448
1830452
1830453
1830454
1830455
1830456
1830457
1830458
1830459
1830463
1830464
1830465
1830469
1830473
1830477
1830481
1830485
1830486
1830487
1830491
1830492
1830496
1830500
1830504
1830508
1830509
1830510
1830511
1830512
1830513
1830514
1830518
1830519
1830520
1830521
1830522
1830526
1830529
1830532
1830535
1830538
1830541
1830544
1830545
1830546
1830547
1830550
1830553
1830556
1830559
1830562
1830565
1830568
1830571
1830575
1830579
1830580
1830581
1830585
1830652
1830653
1830654
1830657
1830658
1830659
1830660
1830663
1830664
1830665
1830666
1830667
1830670
1830671
1830672
1830673
1830674
1830677
1830680
1830683
1830686
1830687
1830688
1830690
1830691
1830692
1830694
1830696
1830697
1830698
1830701
1830702
1830704
1830706
1830708
1830710
1830712
1830714
1830716
1830719
1830722
1830725
1830781
1830836
1830891
1830946
1831001
1831042
1831083
1831084
1831125
1831181
1831182
1831183
1831184
1831185
1831186
1831187
1831188
1831189
1831190
1831289
1831361
1831433
1831505
1831506
1831571
1831636
1831700
1831764
1831833
1831905
1831906
1831907
1831908
1831909
1831910
1831911
1831912
1831916
1831917
1831918
1831919
1831920
1831922
1831924
1831925
1831926
1831927
1831928
1831929
1831931
1831935
1831939
1831943
1831947
1831951
1831952
1831953
1831954
1831955
1831956
1831960
1831961
1831962
1831963
1831964
1831965
1831969
1831973
1831977
1831978
1831982
1831986
1831990
1831994
1831998
1831999
1832000
1832001
1832002
1832006
1832010
1832014
1832018
1832022
1832026
1832027
1832028
1832029
1832030
1832032
1832034
1832035
1832036
1832038
1832040
1832142
1832143
1832144
1832145
1832149
1832153
1832154
1832155
1832156
1832157
1832158
1832159
1832160
1832161
1832162
1832166
1832170
1832174
1832178
1832179
1832180
1832181
1832182
1832183
1832184
1832185
1832186
1832187
1832191
1832192
1832193
1832194
1832195
1832199
1832203
1832204
1832205
1832209
1832213
1832214
1832215
1832216
1832217
1832218
1832222
1832223
1832224
1832225
1832226
1832227
1832233
1832234
1832235
1832236
1832237
1832238
1832239
1832244
1832245
1832246
1832247
1832252
1832257
1832262
1832267
1832272
1832278
1832279
1832280
1832281
1832282
1832283
1832284
1832285
1832286
1832287
1832288
1832295
1832296
1832297
1832298
1832299
1832300
1832301
1832302
1832305
1832306
1832307
1832308
1832309
1832310
1832311
1832312
1832315
1832318
1832319
1832320
1832321
1832322
1832329
1832336
1832337
1832338
1832339
1832340
1832342
1832343
1832344
1832345
1832346
1832348
1832350
1832351
1832352
1832354
1832356
1832358
1832360
1832361
1832363
1832376
1832384
1832392
1832393
1832394
1832402
1832403
1832411
1832419
1832420
1832421
1832422
1832423
1832424
1832425
1832426
1832427
1832428
1832429
1832430
1832431
1832439
1832440
1832441
1832449
1832457
1832458
1832459
1832460
1832461
1832469
1832470
1832471
1832472
1832473
1832475
1832476
1832477
1832479
1832481
1832483
1832485
1832487
1832489
1832491
1832493
1832501
1832509
1832510
1832511
1832512
1832513
1832514
1832515
1832516
1832517
1832518
1832519
1832520
1832528
1832537
1832545
1832553
1832561
1832569
1832570
1832571
1832572
1832573
1832581
1832582
1832583
1832584
1832585
1832586
1832587
1832595
1832603
1832611
1832619
1832627
1832635
1832643
1832651
1832652
1832660
1832668
1832669
1832670
1832678
1832686
1832694
1832695
1832703
1832711
1832719
1832727
1832735
1832736
1832748
1832750
1832751
1832752
1832754
1832755
1832756
1832757
1832758
1832761
1832764
1832767
1832770
1832773
1832774
1832775
1832776
1832777
1832778
1832779
1832782
1832788
1832793
1832794
1832795
1832796
1832801
1832806
1832807
1832812
1832817
1832818
1832823
1832824
1832825
1832826
1832827
1832828
1832829
1832830
1832831
1832832
1832838
1832839
1832845
1832846
1832847
1832881
1832882
1832883
1832884
1832887
1832888
1832889
1832890
1832893
1832894
1832895
1832896
1832897
1832898
1832899
1832902
1832905
1832908
1832909
1832910
1832911
1832912
1832915
1832918
1832921
1832924
1832927
1832930
1832933
1832936
1832939
1832942
1832943
1832944
1832945
1832948
1832951
1832954
1832974
1832993
1832994
1832995
1832996
1832997
1832998
1832999
1833000
1833001
1833002
1833003
1833004
1833005
1833006
1833024
1833042
1833060
1833078
1833096
1833114
1833115
1833116
1833117
1833118
1833119
1833120
1833121
1833122
1833123
1833145
1833166
1833187
1833207
1833227
1833247
1833268
1833289
1833306
1833323
1833340
1833356
1833372
1833388
1833389
1833390
1833391
1833392
1833393
1833394
1833395
1833413
1833431
1833449
1833450
1833451
1833452
1833470
1833494
1833495
1833496
1833501
1833506
1833507
1833508
1833513
1833514
1833515
1833516
1833517
1833518
1833519
1833520
1833521
1833522
1833523
1833528
1833529
1833530
1833535
1833540
1833545
1833550
1833555
1833560
1833565
1833566
1833567
1833572
1833577
1833582
1833586
1833587
1833589
1833591
1833593
1833595
1833597
1833598
1833600
1833602
1833603
1833605
1833609
1833613
1833617
1833622
1833627
1833629
1833631
1833632
1833634
1833636
1833638
1833639
1833640
1833642
1833643
1833644
1833649
1833654
1833659
1833664
1833665
1833670
1833675
1833699
1833722
1833745
1833768
1833791
1833814
1833837
1833838
1833839
1833840
1833841
1833842
1833843
1833844
1833845
1833846
1833847
1833848
1833849
1833850
1833851
1833852
1833853
1833854
1833855
1833900
1833901
1833902
1833903
1833904
1833905
1833906
1833907
1833908
1833909
1833910
1833911
1833912
1833928
1833944
1833960
1833976
1833977
1833978
1833979
1833980
1833981
1833983
1833984
1833985
1833987
1833988
1833989
1833990
1833991
1833992
1833993
1833994
1833995
1834021
1834022
1834023
1834024
1834025
1834026
1834027
1834028
1834029
1834030
1834031
1834032
1834058
1834059
1834060
1834061
1834062
1834063
1834064
1834065
1834066
1834067
1834068
1834069
1834070
1834071
1834072
1834085
1834098
1834111
1834112
1834113
1834114
1834127
1834140
1834154
1834155
1834156
1834157
1834158
1834159
1834160
1834161
1834162
1834163
1834164
1834174
1834175
1834176
1834177
1834178
1834179
1834182
1834183
1834184
1834185
1834186
1834187
1834188
1834189
1834192
1834195
1834196
1834197
1834198
1834199
1834200
1834201
1834204
1834205
1834208
1834211
1834222
1834223
1834224
1834225
1834226
1834227
1834228
1834229
1834230
1834231
1834232
1834233
1834242
1834251
1834252
1834253
1834254
1834255
1834264
1834273
1834282
1834291
1834292
1834293
1834294
1834295
1834296
1834305
1834316
1834317
1834318
1834319
1834320
1834321
1834322
1834323
1834325
1834327
1834329
1834331
1834333
1834335
1834337
1834339
1834341
1834343
1834344
1834345
1834347
1834349
1834351
1834353
1834354
1834355
1834357
1834360
1834363
1834366
1834369
1834370
1834371
1834374
1834386
1834396
1834397
1834398
1834399
1834400
1834401
1834402
1834403
1834404
1834405
1834406
1834417
1834418
1834419
1834420
1834421
1834422
1834423
1834424
1834425
1834426
1834427
1834428
1834429
1834430
1834454
1834477
1834500
1834523
1834546
1834569
1834591
1834592
1834593
1834594
1834595
1834596
1834597
1834598
1834620
1834642
1834664
1834686
1834687
1834688
1834689
1834711
1834734
1834757
1834758
1834781
1834804
1834827
1834850
1834874
1834875
1834876
1834877
1834878
1834879
1834880
1834941
1835037
1835038
1835039
1835040
1835041
1835042
1835053
1835064
1835065
1835076
1835077
1835078
1835079
1835080
1835081
1835082
1835083
1835084
1835095
1835096
1835107
1835108
1835109
1835120
1835131
1835142
1835153
1835154
1835165
1835166
1835167
1835168
1835169
1835170
1835171
1835172
1835173
1835174
1835175
1835176
1835177
1835178
1835179
1835180
1835181
1835192
1835204
1835217
1835218
1835219
1835220
1835221
1835222
1835223
1835236
1835237
1835238
1835239
1835241
1835242
1835244
1835246
1835247
1835249
1835251
1835252
1835253
1835255
1835257
1835259
1835261
1835263
1835265
1835267
1835268
1835270
1835291
1835292
1835304
1835305
1835306
1835319
1835332
1835333
1835334
1835347
1835359
1835360
1835361
1835362
1835363
1835364
1835365
1835366
1835367
1835368
1835369
1835382
1835383
1835384
1835385
1835398
1835402
1835406
1835407
1835408
1835409
1835410
1835411
1835412
1835413
1835416
1835419
1835420
1835423
1835424
1835425
1835426
1835429
1835432
1835435
1835438
1835439
1835442
1835445
1835449
1835453
1835454
1835455
1835459
1835460
1835464
1835468
1835472
1835473
1835474
1835475
1835476
1835480
1835483
1835486
1835489
1835492
1835495
1835498
1835502
1835506
1835510
1835514
1835518
1835522
1835553
1835554
1835555
1835556
1835557
1835561
1835562
1835566
1835570
1835574
1835575
1835576
1835580
1835581
1835582
1835586
1835588
1835590
1835592
1835594
1835596
1835597
1835598
1835600
1835602
1835604
1835606
1835610
1835612
1835613
1835615
1835617
1835618
1835620
1835622
1835623
1835625
1835626
1835628
1835629
1835633
1835643
1835644
1835645
1835646
1835647
1835648
1835649
1835650
1835651
1835652
1835653
1835664
1835666
1835668
1835670
1835672
1835674
1835675
1835676
1835678
1835679
1835680
1835682
1835684
1835686
1835687
1835689
1835696
1835697
1835698
1835699
1835700
1835701
1835702
1835703
1835704
1835705
1835706
1835713
1835715
1835717
1835719
1835720
1835721
1835722
1835723
1835725
1835727
1835729
1835730
1835731
1835732
1835733
1835734
1835736
1835741
1835742
1835747
1835752
1835757
1835758
1835763
1835768
1835769
1835770
1835771
1835772
1835773
1835774
1835775
1835776
1835777
1835778
1835779
1835784
1835789
1835794
1835799
1835804
1835809
1835814
1835819
1835824
1835829
1835834
1835835
1835836
1835845
1835846
1835847
1835848
1835849
1835856
1835862
1835868
1835874
1835880
1835881
1835882
1835883
1835884
1835885
1835886
1835887
1835888
1835894
1835895
1835896
1835897
1835898
1835904
1835910
1835916
1835922
1835928
1835934
1835935
1835941
1835947
1835953
1835959
1835960
1835961
1835967
1835973
1835979
1835985
1835987
1835989
1835990
1835992
1835994
1835996
1835998
1835999
1836000
1836001
1836003
1836004
1836005
1836006
1836012
1836018
1836019
1836020
1836021
1836022
1836028
1836029
1836030
1836031
1836032
1836033
1836034
1836035
1836036
1836037
1836038
1836039
1836045
1836051
1836060
1836108
1836151
1836193
1836194
1836195
1836196
1836238
1836282
1836325
1836326
1836327
1836370
1836414
1836415
1836416
1836417
1836418
1836422
1836423
1836427
1836428
1836429
1836433
1836434
1836435
1836439
1836440
1836441
1836442
1836443
1836444
1836445
1836449
1836453
1836457
1836458
1836462
1836463
1836464
1836465
1836466
1836467
1836468
1836472
1836473
1836474
1836475
1836476
1836477
1836478
1836482
1836485
1836486
1836487
1836488
1836489
1836490
1836491
1836492
1836495
1836498
1836501
1836504
1836507
1836508
1836512
1836513
1836514
1836515
1836516
1836517
1836518
1836570
1836571
1836601
1836602
1836603
1836604
1836605
1836606
1836635
1836665
1836691
1836717
1836743
1836769
1836795
1836796
1836797
1836798
1836824
1836825
1836851
1836877
1836907
1836937
1836938
1836939
1836940
1836967
1836991
1837015
1837039
1837040
1837041
1837065
1837066
1837067
1837091
1837121
1837122
1837123
1837124
1837128
1837132
1837136
1837137
1837138
1837142
1837146
1837147
1837148
1837152
1837156
1837160
1837164
1837165
1837166
1837167
1837168
1837169
1837170
1837171
1837175
1837176
1837177
1837178
1837182
1837183
1837184
1837185
1837186
1837187
1837188
1837189
1837190
1837194
1837195
1837196
1837197
1837201
1837205
1837209
1837213
1837217
1837218
1837222
1837226
1837269
1837311
1837312
1837354
1837396
1837397
1837398
1837444
1837452
1837453
1837461
1837469
1837470
1837478
1837479
1837480
1837481
1837482
1837483
1837484
1837485
1837486
1837487
1837488
1837495
1837496
1837497
1837505
1837506
1837514
1837522
1837523
1837524
1837525
1837526
1837527
1837528
1837529
1837530
1837531
1837539
1837543
1837547
1837548
1837549
1837550
1837551
1837552
1837553
1837554
1837555
1837556
1837560
1837564
1837565
1837566
1837567
1837568
1837569
1837570
1837571
1837575
1837576
1837580
1837584
1837585
1837586
1837587
1837591
1837592
1837593
1837594
1837598
1837602
1837603
1837604
1837614
1837618
1837621
1837622
1837623
1837624
1837625
1837628
1837629
1837630
1837631
1837634
1837637
1837638
1837641
1837642
1837643
1837644
1837646
1837647
1837648
1837649
1837651
1837653
1837656
1837659
1837662
1837665
1837668
1837671
1837675
1837679
1837689
1837691
1837693
1837695
1837697
1837699
1837701
1837703
1837705
1837707
1837709
1837711
1837713
1837714
1837716
1837717
1837723
1837724
1837726
1837727
1837729
1837730
1837732
1837734
1837736
1837738
1837739
1837740
1837741
1837743
1837745
1837746
1837752
1837753
1837759
1837765
1837771
1837778
1837779
1837780
1837781
1837788
1837795
1837802
1837809
1837816
1837823
1837824
1837831
1837838
1837845
1837846
1837847
1837848
1837849
1837850
1838092
1838128
1838164
1838199
1838234
1838269
1838304
1838339
1838374
1838409
1838444
1838479
1838480
1838481
1838482
1838483
1838484
1838485
1838520
1838555
1838590
1838629
1838630
1838659
1838688
1838717
1838745
1838772
1838773
1838774
1838775
1838776
1838804
1838805
1838832
1838859
1838860
1838861
1838890
1838891
1838892
1838921
1838949
1838950
1838951
1838952
1838953
1838954
1838987
1839020
1839052
1839084
1839117
1839150
1839182
1839183
1839184
1839185
1839217
1839249
1839281
1839314
1839366
1839367
1839368
1839369
1839370
1839371
1839372
1839373
1839374
1839375
1839376
1839377
1839378
1839379
1839380
1839381
1839382
1839425
1839468
1839511
1839512
1839513
1839514
1839548
1839582
1839615
1839648
1839682
1839715
1839748
1839783
1839823
1839862
1839900
1839901
1839902
1839903
1839904
1839942
1839981
1840020
1840069
1840073
1840077
1840081
1840085
1840089
1840093
1840097
1840101
1840102
1840106
1840110
1840114
1840118
1840122
1840126
1840130
1840134
1840135
1840136
1840137
1840138
1840142
1840143
1840144
1840145
1840146
1840147
1840153
1840154
1840155
1840156
1840157
1840158
1840163
1840164
1840169
1840170
1840171
1840176
1840177
1840178
1840179
1840180
1840181
1840182
1840183
1840184
1840185
1840190
1840191
1840192
1840193
1840194
1840195
1840201
1840207
1840212
1840217
1840223
1840230
1840237
1840239
1840241
1840243
1840245
1840247
1840249
1840251
1840253
1840255
1840257
1840258
1840259
1840261
1840262
1840263
1840270
1840276
1840281
1840286
1840291
1840296
1840297
1840298
1840303
1840308
1840313
1840314
1840315
1840316
1840317
1840318
1840319
1840320
1840325
1840330
1840335
1840340
1840345
1840346
1840351
1840356
1840357
1840358
1840359
1840360
1840361
1840362
1840363
1840364
1840371
1840377
1840383
1840389
1840395
1840401
1840407
1840408
1840409
1840410
1840411
1840412
1840413
1840419
1840434
1840435
1840436
1840437
1840438
1840439
1840440
1840441
1840442
1840443
1840444
1840445
1840446
1840447
1840448
1840449
1840450
1840469
1840470
1840471
1840472
1840473
1840474
1840475
1840482
1840483
1840484
1840491
1840498
1840505
1840512
1840513
1840521
1840529
1840530
1840538
1840546
1840554
1840555
1840563
1840571
1840574
1840577
1840578
1840579
1840582
1840585
1840588
1840590
1840592
1840594
1840595
1840596
1840598
1840600
1840602
1840604
1840607
1840610
1840613
1840616
1840619
1840622
1840623
1840624
1840625
1840626
1840629
1840637
1840651
1840663
1840675
1840687
1840688
1840689
1840690
1840691
1840692
1840693
1840694
1840695
1840699
1840700
1840704
1840705
1840709
1840710
1840714
1840718
1840719
1840720
1840724
1840728
1840732
1840733
1840737
1840741
1840742
1840743
1840747
1840751
1840752
1840753
1840757
1840758
1840759
1840763
1840767
1840768
1840772
1840776
1840780
1840784
1840788
1840792
1840796
1840800
1840812
1840813
1840814
1840815
1840816
1840817
1840820
1840821
1840822
1840823
1840824
1840827
1840828
1840831
1840834
1840837
1840838
1840839
1840842
1840845
1840846
1840849
1840851
1840852
1840853
1840854
1840855
1840856
1840857
1840859
1840860
1840861
1840862
1840863
1840875
1840876
1840877
1840878
1840879
1840880
1840881
1840882
1840883
1840886
1840889
1840890
1840891
1840892
1840893
1840894
1840897
1840898
1840899
1840900
1840901
1840904
1840907
1840908
1840909
1840912
1840913
1840916
1840917
1840920
1840923
1840983
1840984
1840986
1840988
1840989
1840991
1840993
1840995
1840997
1840999
1841001
1841002
1841004
1841006
1841008
1841010
1841011
1841012
1841013
1841014
1841016
1841018
1841020
1841022
1841024
1841026
1841028
1841029
1841031
1841033
1841035
1841037
1841039
1841041
1841042
1841043
1841044
1841045
1841047
1841049
1841051
1841052
1841053
1841055
1841057
1841059
1841112
1841114
1841115
1841116
1841117
1841118
1841120
1841121
1841122
1841123
1841125
1841126
1841130
1841134
1841138
1841142
1841146
1841147
1841148
1841149
1841153
1841157
1841158
1841159
1841160
1841164
1841168
1841172
1841176
1841177
1841178
1841179
1841183
1841187
1841191
1841195
1841196
1841197
1841198
1841199
1841203
1841204
1841205
1841206
1841207
1841208
1841209
1841210
1841211
1841215
1841216
1841217
1841221
1841222
1841223
1841224
1841225
1841226
1841227
1841228
1841232
1841236
1841237
1841238
1841239
1841243
1841247
1841251
1841255
1841256
1841260
1841264
1841265
1841266
1841267
1841268
1841269
1841300
1841301
1841302
1841303
1841304
1841305
1841306
1841307
1841308
1841309
1841310
1841317
1841323
1841324
1841325
1841331
1841337
1841343
1841349
1841350
1841351
1841354
1841357
1841358
1841359
1841360
1841361
1841364
1841367
1841370
1841373
1841374
1841375
1841376
1841377
1841380
1841381
1841382
1841383
1841384
1841387
1841393
1841399
1841400
1841401
1841407
1841408
1841409
1841410
1841416
1841417
1841423
1841424
1841430
1841436
1841437
1841438
1841439
1841445
1841446
1841447
1841448
1841449
1841450
1841451
1841452
1841453
1841454
1841455
1841456
1841457
1841491
1841493
1841495
1841497
1841499
1841500
1841501
1841502
1841504
1841506
1841507
1841509
1841510
1841511
1841513
1841515
1841516
1841518
1841519
1841520
1841521
1841522
1841523
1841525
1841527
1841535
1841542
1841545
1841548
1841551
1841552
1841553
1841556
1841557
1841560
1841563
1841564
1841567
1841568
1841571
1841574
1841577
1841579
1841580
1841581
1841583
1841584
1841585
1841586
1841588
1841590
1841597
1841598
1841599
1841600
1841601
1841602
1841603
1841610
1841611
1841612
1841613
1841614
1841615
1841616
1841617
1841625
1841633
1841641
1841649
1841657
1841665
1841673
1841674
1841675
1841676
1841677
1841683
1841684
1841685
1841686
1841687
1841688
1841689
1841690
1841691
1841692
1841693
1841694
1841695
1841700
1841701
1841702
1841703
1841704
1841705
1841706
1841707
1841708
1841709
1841710
1841711
1841712
1841717
1841722
1841723
1841724
1841725
1841726
1841727
1841728
1841733
1841738
1841743
1841744
1841745
1841746
1841751
1841756
1841757
1841758
1841759
1841760
1841761
1841766
1841771
1841776
1841777
1841778
1841779
1841780
1841781
1841880
1841886
1841892
1841898
1841904
1841910
1841911
1841912
1841913
1841914
1841915
1841916
1841922
1841928
1841934
1841937
1841940
1841943
1841946
1841949
1841952
1841955
1841958
1841961
1841964
1841967
1841968
1841971
1841974
1841977
1841980
1841983
1841988
1841989
1841994
1841995
1842000
1842001
1842006
1842007
1842012
1842018
1842023
1842025
1842026
1842027
1842028
1842030
1842032
1842034
1842036
1842037
1842038
1842039
1842041
1842043
1842048
1842049
1842050
1842051
1842052
1842057
1842062
1842067
1842068
1842069
1842070
1842071
1842072
1842077
1842082
1842087
1842088
1842095
1842096
1842097
1842107
1842117
1842127
1842128
1842129
1842139
1842148
1842149
1842158
1842159
1842172
1842173
1842174
1842175
1842176
1842177
1842190
1842203
1842216
1842229
1842242
1842243
1842256
1842257
1842258
1842259
1842260
1842272
1842285
1842286
1842299
1842312
1842383
1842384
1842385
1842386
1842387
1842388
1842389
1842390
1842391
1842392
1842393
1842394
1842395
1842396
1842397
1842398
1842399
1842400
1842401
1842402
1842403
1842404
1842474
1842476
1842477
1842479
1842481
1842483
1842485
1842487
1842489
1842491
1842493
1842495
1842496
1842497
1842498
1842499
1842501
1842503
1842504
1842506
1842508
1842510
1842512
1842514
1842515
1842517
1842587
1842657
1842727
1842728
1842729
1842969
1842973
1842977
1842981
1842985
1842989
1842992
1842993
1842994
1842997
1842998
1842999
1843002
1843005
1843008
1843011
1843014
1843017
1843018
1843019
1843023
1843027
1843028
1843029
1843033
1843034
1843038
1843042
1843043
1843044
1843045
1843046
1843047
1843048
1843049
1843053
1843054
1843055
1843056
1843057
1843069
1843070
1843071
1843074
1843077
1843080
1843081
1843082
1843083
1843086
1843089
1843092
1843095
1843098
1843101
1843104
1843107
1843110
1843111
1843112
1843113
1843114
1843115
1843116
1843117
1843118
1843121
1843124
1843127
1843129
1843131
1843132
1843133
1843134
1843136
1843137
1843138
1843139
1843140
1843141
1843144
1843148
1843152
1843156
1843157
1843170
1843182
1843194
1843206
1843207
1843219
1843231
1843232
1843244
1843256
1843268
1843269
1843281
1843293
1843306
1843307
1843308
1843309
1843310
1843314
1843318
1843319
1843320
1843321
1843322
1843323
1843324
1843325
1843326
1843327
1843331
1843335
1843339
1843343
1843347
1843348
1843349
1843350
1843351
1843355
1843359
1843363
1843367
1843371
1843375
1843379
1843383
1843387
1843391
1843392
1843393
1843394
1843395
1843396
1843397
1843398
1843402
1843406
1843501
1843502
1843503
1843504
1843506
1843508
1843510
1843512
1843514
1843516
1843518
1843520
1843522
1843524
1843526
1843528
1843530
1843532
1843534
1843536
1843538
1843540
1843542
1843543
1843545
1843547
1843549
1843551
1843553
1843555
1843556
1843557
1843559
1843561
1843563
1843641
1843717
1843718
1843719
1843720
1843721
1843779
1843837
1843901
1843964
1844024
1844084
1844144
1844201
1844202
1844203
1844258
1844259
1844260
1844316
1844379
1844380
1844463
1844534
1844535
1844603
1844668
1844669
1844670
1844671
1844672
1844739
1844806
1844872
1844939
1844940
1844941
1844942
1844943
1845063
1845064
1845065
1845066
1845067
1845068
1845069
1845070
1845071
1845072
1845073
1845074
1845075
1845076
1845095
1845096
1845097
1845115
1845131
1845147
1845148
1845164
1845180
1845198
1845199
1845200
1845201
1845220
1845235
1845236
1845251
1845266
1845281
1845296
1845311
1845312
1845327
1845342
1845357
1845372
1845387
1845388
1845389
1845390
1845409
1845410
1845411
1845412
1845413
1845414
1845415
1845416
1845417
1845418
1845419
1845420
1845421
1845422
1845448
1845473
1845474
1845475
1845476
1845477
1845478
1845479
1845480
1845481
1845506
1845507
1845532
1845557
1845592
1845593
1845594
1845595
1845628
1845631
1845634
1845637
1845640
1845643
1845646
1845649
1845650
1845651
1845652
1845653
1845656
1845659
1845662
1845665
1845668
1845671
1845672
1845673
1845674
1845675
1845678
1845681
1845682
1845685
1845688
1845691
1845692
1845693
1845696
1845697
1845700
1845701
1845702
1845703
1845706
1845707
1845708
1845711
1845714
1845715
1845716
1845719
1845722
1845725
1845728
1845799
1845800
1845801
1845802
1845803
1845806
1845809
1845812
1845814
1845815
1845817
1845819
1845821
1845823
1845824
1845826
1845828
1845829
1845831
1845834
1845837
1845840
1845843
1845846
1845847
1845850
1845853
1845856
1845859
1845862
1845865
1845868
1845871
1845874
1845885
1845886
1845887
1845888
1845889
1845890
1845891
1845892
1845903
1845904
1845915
1845926
1845927
1845928
1845939
1845950
1845952
1845954
1845956
1845958
1845960
1845962
1845964
1845966
1845967
1845968
1845970
1845971
1845973
1845975
1845986
1845997
1846008
1846019
1846020
1846031
1846043
1846046
1846049
1846052
1846053
1846054
1846055
1846056
1846059
1846062
1846065
1846068
1846069
1846070
1846071
1846072
1846075
1846078
1846081
1846084
1846087
1846090
1846093
1846096
1846097
1846100
1846103
1846104
1846107
1846110
1846111
1846114
1846115
1846118
1846121
1846124
1846127
1846128
1846129
1846132
1846135
1846138
1846139
1846140
1846141
1846142
1846145
1846146
1846147
1846148
1846149
1846152
1846155
1846156
1846157
1846158
1846159
1846163
1846167
1846171
1846173
1846175
1846177
1846178
1846179
1846180
1846181
1846183
1846184
1846185
1846189
1846193
1846194
1846195
1846196
1846197
1846198
1846202
1846249
1846251
1846253
1846255
1846257
1846259
1846261
1846262
1846263
1846265
1846267
1846269
1846271
1846273
1846275
1846276
1846277
1846279
1846281
1846283
1846285
1846287
1846289
1846291
1846292
1846293
1846294
1846296
1846297
1846298
1846299
1846338
1846339
1846377
1846378
1846379
1846380
1846381
1846382
1846392
1846393
1846394
1846402
1846404
1846406
1846408
1846409
1846410
1846412
1846414
1846416
1846418
1846419
1846420
1846421
1846425
1846426
1846430
1846434
1846438
1846442
1846446
1846447
1846451
1846452
1846453
1846454
1846455
1846456
1846457
1846464
1846470
1846476
1846482
1846484
1846486
1846487
1846488
1846490
1846492
1846494
1846496
1846498
1846500
1846502
1846504
1846505
1846506
1846507
1846508
1846510
1846512
1846514
1846516
1846517
1846519
1846527
1846533
1846539
1846545
1846551
1846552
1846558
1846564
1846570
1846576
1846577
1846578
1846579
1846580
1846581
1846582
1846583
1846584
1846585
1846591
1846593
1846595
1846597
1846598
1846599
1846601
1846603
1846604
1846606
1846608
1846610
1846612
1846614
1846616
1846622
1846628
1846634
1846640
1846641
1846642
1846643
1846644
1846645
1846646
1846647
1846648
1846649
1846650
1846658
1846659
1846706
1846709
1846710
1846711
1846714
1846717
1846720
1846723
1846724
1846725
1846726
1846729
1846730
1846733
1846734
1846735
1846736
1846737
1846738
1846741
1846744
1846747
1846748
1846749
1846750
1846751
1846754
1846755
1846758
1846762
1846763
1846766
1846769
1846770
1846773
1846776
1846777
1846778
1846779
1846780
1846781
1846782
1846783
1846784
1846787
1846788
1846789
1846792
1846795
1846796
1846797
1846800
1846803
1846804
1846807
1846808
1846811
1846814
1846815
1846816
1846817
1846820
1846821
1846822
1846823
1846824
1846827
1846830
1846833
1846836
1846839
1846840
1846841
1846842
1846843
1846844
1846845
1846848
1846849
1846875
1846899
1846900
1846924
1846948
1846972
1846996
1847020
1847044
1847068
1847092
1847116
1847117
1847118
1847119
1847120
1847145
1847147
1847149
1847151
1847152
1847153
1847154
1847155
1847157
1847159
1847161
1847162
1847164
1847166
1847168
1847170
1847171
1847172
1847173
1847183
1847192
1847193
1847194
1847195
1847196
1847197
1847206
1847215
1847216
1847217
1847226
1847227
1847228
1847229
1847238
1847247
1847256
1847265
1847274
1847283
1847292
1847301
1847310
1847319
1847322
1847325
1847328
1847329
1847330
1847333
1847336
1847339
1847342
1847345
1847348
1847349
1847352
1847353
1847356
1847359
1847360
1847361
1847362
1847363
1847364
1847365
1847368
1847371
1847372
1847375
1847376
1847377
1847378
1847381
1847382
1847383
1847392
1847418
1847419
1847420
1847421
1847422
1847424
1847425
1847426
1847427
1847428
1847430
1847431
1847433
1847434
1847435
1847436
1847437
1847438
1847439
1847440
1847446
1847452
1847458
1847464
1847470
1847476
1847482
1847483
1847485
1847487
1847489
1847490
1847492
1847494
1847496
1847498
1847500
1847502
1847504
1847505
1847506
1847507
1847509
1847511
1847517
1847518
1847519
1847520
1847521
1847522
1847531
1847540
1847541
1847550
1847552
1847554
1847556
1847558
1847560
1847561
1847563
1847564
1847566
1847567
1847569
1847571
1847572
1847574
1847583
1847592
1847601
1847610
1847619
1847640
1847641
1847642
1847643
1847644
1847645
1847646
1847647
1847648
1847651
1847654
1847655
1847656
1847657
1847658
1847659
1847660
1847661
1847662
1847665
1847666
1847667
1847668
1847669
1847670
1847673
1847674
1847675
1847676
1847679
1847680
1847681
1847768
1847808
1847848
1847888
1847928
1847968
1848008
1848009
1848050
1848068
1848069
1848070
1848071
1848072
1848073
1848075
1848077
1848078
1848079
1848080
1848081
1848082
1848084
1848086
1848088
1848089
1848090
1848092
1848093
1848095
1848097
1848098
1848100
1848102
1848104
1848106
1848108
1848109
1848111
1848113
1848131
1848132
1848133
1848151
1848169
1848187
1848205
1848223
1848224
1848242
1848243
1848266
1848270
1848271
1848272
1848276
1848280
1848281
1848282
1848283
1848284
1848285
1848286
1848287
1848291
1848292
1848293
1848294
1848295
1848296
1848297
1848302
1848303
1848304
1848305
1848306
1848307
1848308
1848309
1848313
1848315
1848317
1848319
1848321
1848323
1848325
1848326
1848327
1848329
1848331
1848332
1848337
1848339
1848341
1848342
1848343
1848344
1848345
1848346
1848348
1848350
1848352
1848354
1848356
1848357
1848358
1848363
1848367
1848369
1848370
1848371
1848373
1848375
1848377
1848379
1848381
1848383
1848385
1848387
1848389
1848391
1848395
1848399
1848403
1848407
1848408
1848409
1848413
1848414
1848415
1848419
1848421
1848422
1848423
1848424
1848425
1848426
1848427
1848429
1848430
1848431
1848432
1848433
1848435
1848437
1848438
1848442
1848444
1848446
1848448
1848450
1848452
1848453
1848454
1848455
1848457
1848459
1848461
1848463
1848468
1848473
1848478
1848479
1848484
1848489
1848494
1848499
1848500
1848505
1848510
1848515
1848520
1848521
1848522
1848523
1848524
1848525
1848526
1848531
1848536
1848541
1848542
1848547
1848548
1848580
1848582
1848584
1848586
1848588
1848589
1848590
1848591
1848593
1848595
1848596
1848598
1848600
1848602
1848603
1848604
1848605
1848607
1848609
1848611
1848613
1848615
1848617
1848619
1848621
1848623
1848625
1848627
1848629
1848631
1848633
1848635
1848672
1848673
1848675
1848677
1848678
1848679
1848680
1848682
1848683
1848684
1848685
1848687
1848688
1848690
1848692
1848693
1848695
1848696
1848697
1848699
1848700
1848701
1848702
1848704
1848705
1848706
1848707
1848709
1848711
1848744
1848777
1848778
1848779
1848780
1848781
1848782
1848783
1848784
1848816
1848818
1848819
1848821
1848823
1848825
1848827
1848829
1848831
1848833
1848834
1848835
1848839
1848843
1848844
1848845
1848846
1848850
1848851
1848852
1848853
1848854
1848855
1848856
1848857
1848858
1848859
1848860
1848864
1848866
1848868
1848869
1848870
1848871
1848873
1848875
1848877
1848878
1848879
1848881
1848883
1848884
1848886
1848891
1848895
1848899
1848900
1848901
1848902
1848906
1848910
1848914
1848915
1848916
1848917
1848918
1848919
1848920
1848921
1848922
1848923
1848927
1848931
1848935
1848939
1848940
1848944
1848948
1848978
1848979
1848980
1849010
1849047
1849048
1849049
1849051
1849053
1849055
1849056
1849058
1849060
1849061
1849063
1849065
1849066
1849067
1849069
1849071
1849073
1849075
1849077
1849079
1849080
1849081
1849106
1849107
1849110
1849113
1849116
1849119
1849120
1849121
1849122
1849123
1849124
1849125
1849126
1849129
1849132
1849135
1849136
1849137
1849138
1849141
1849142
1849143
1849145
1849147
1849148
1849149
1849150
1849152
1849153
1849154
1849156
1849157
1849158
1849159
1849160
1849162
1849163
1849164
1849165
1849166
1849167
1849168
1849169
1849171
1849173
1849175
1849177
1849179
1849181
1849182
1849306
1849307
1849308
1849310
1849312
1849314
1849316
1849318
1849320
1849322
1849325
1849328
1849329
1849330
1849331
1849332
1849333
1849334
1849335
1849338
1849341
1849342
1849343
1849344
1849347
1849350
1849351
1849352
1849353
1849354
1849355
1849356
1849357
1849360
1849363
1849365
1849366
1849367
1849368
1849369
1849371
1849373
1849375
1849377
1849379
1849382
1849383
1849384
1849385
1849386
1849387
1849388
1849389
1849390
1849393
1849421
1849423
1849424
1849425
1849427
1849428
1849430
1849431
1849432
1849434
1849436
1849438
1849439
1849440
1849442
1849444
1849446
1849448
1849450
1849452
1849454
1849455
1849456
1849457
1849458
1849459
1849461
1849482
1849483
1849484
1849485
1849486
1849487
1849488
1849493
1849494
1849495
1849496
1849501
1849503
1849505
1849507
1849508
1849509
1849510
1849512
1849514
1849515
1849516
1849518
1849520
1849522
1849524
1849526
1849531
1849536
1849541
1849546
1849551
1849556
1849561
1849562
1849563
1849564
1849565
1849566
1849571
1849572
1849573
1849574
1849579
1849584
1849585
1849586
1849587
1849588
1849589
1849590
1849607
1849609
1849611
1849612
1849613
1849615
1849617
1849618
1849619
1849621
1849623
1849624
1849625
1849627
1849629
1849631
1849633
1849635
1849637
1849639
1849641
1849643
1849644
1849645
1849647
1849649
1849651
1849653
1849671
1849672
1849673
1849674
1849675
1849676
1849677
1849678
1849679
1849680
1849681
1849682
1849683
1849684
1849716
1849727
1849728
1849729
1849730
1849731
1849732
1849733
1849744
1849755
1849758
1849761
1849762
1849763
1849764
1849765
1849766
1849767
1849768
1849769
1849772
1849775
1849778
1849781
1849782
1849783
1849784
1849785
1849786
1849787
1849788
1849791
1849794
1849797
1849798
1849799
1849800
1849801
1849804
1849807
1849810
1849811
1849814
1849827
1849828
1849829
1849830
1849831
1849843
1849844
1849845
1849846
1849847
1849848
1849849
1849850
1849863
1849864
1849865
1849866
1849879
1849892
1849893
1849894
1849895
1849896
1849897
1849898
1849899
1849912
1849913
1849914
1849915
1849916
1849917
1849918
1849931
1849944
1849945
1849946
1849947
1849960
1849961
1849962
1849975
1849992
1850006
1850007
1850008
1850009
1850010
1850011
1850012
1850013
1850014
1850015
1850016
1850031
1850032
1850033
1850034
1850035
1850036
1850037
1850038
1850052
1850053
1850054
1850055
1850056
1850057
1850058
1850059
1850074
1850088
1850089
1850090
1850091
1850095
1850099
1850103
1850107
1850111
1850114
1850117
1850118
1850119
1850120
1850121
1850124
1850125
1850126
1850129
1850132
1850135
1850136
1850137
1850138
1850139
1850143
1850147
1850152
1850157
1850159
1850160
1850162
1850163
1850164
1850166
1850168
1850169
1850170
1850171
1850173
1850175
1850176
1850178
1850180
1850181
1850187
1850188
1850189
1850190
1850191
1850192
1850193
1850194
1850195
1850210
1850211
1850212
1850227
1850228
1850229
1850230
1850243
1850244
1850245
1850246
1850247
1850248
1850249
1850250
1850251
1850252
1850253
1850254
1850267
1850280
1850281
1850282
1850283
1850284
1850285
1850286
1850287
1850300
1850313
1850326
1850339
1850354
1850355
1850356
1850357
1850358
1850359
1850362
1850365
1850366
1850369
1850370
1850371
1850372
1850373
1850375
1850376
1850377
1850378
1850379
1850382
1850385
1850386
1850387
1850388
1850389
1850392
1850393
1850394
1850395
1850396
1850399
1850402
1850405
1850406
1850407
1850408
1850409
1850410
1850411
1850414
1850415
1850416
1850432
1850446
1850460
1850474
1850488
1850502
1850516
1850529
1850542
1850543
1850545
1850546
1850547
1850549
1850550
1850552
1850554
1850556
1850558
1850560
1850562
1850564
1850566
1850567
1850569
1850570
1850572
1850573
1850575
1850588
1850590
1850591
1850593
1850595
1850597
1850599
1850601
1850603
1850605
1850607
1850609
1850611
1850612
1850613
1850615
1850616
1850617
1850618
1850619
1850620
1850622
1850636
1850637
1850638
1850639
1850653
1850667
1850668
1850669
1850670
1850671
1850683
1850684
1850685
1850687
1850689
1850691
1850693
1850694
1850695
1850697
1850698
1850700
1850701
1850702
1850704
1850706
1850708
1850709
1850711
1850712
1850714
1850715
1850727
1850740
1850741
1850742
1850743
1850744
1850745
1850746
1850747
1850748
1850749
1850750
1850751
1850752
1850753
1850754
1850755
1850756
1850768
1850780
1850793
1850795
1850797
1850798
1850799
1850800
1850802
1850804
1850806
1850808
1850810
1850811
1850812
1850814
1850816
1850818
1850820
1850822
1850824
1850840
1850855
1850861
1850867
1850868
1850869
1850870
1850876
1850882
1850888
1850894
1850900
1850901
1850902
1850908
1850914
1850920
1850921
1850922
1850923
1850924
1850925
1850926
1850932
1850938
1850944
1850950
1850956
1850957
1850958
1850959
1850960
1850961
1850962
1850963
1850964
1850965
1850966
1850967
1850973
1850974
1850975
1850976
1850977
1850978
1850979
1850980
1850981
1850982
1850991
1850992
1850993
1850994
1850995
1850996
1850997
1850998
1850999
1851000
1851001
1851019
1851037
1851055
1851056
1851074
1851075
1851076
1851077
1851095
1851178
1851179
1851180
1851181
1851182
1851183
1851184
1851185
1851186
1851187
1851188
1851224
1851260
1851295
1851330
1851365
1851400
1851435
1851436
1851471
1851507
1851544
1851545
1851546
1851547
1851548
1851549
1851550
1851551
1851552
1851553
1851554
1851555
1851556
1851557
1851558
1851559
1851560
1851561
1851562
1851563
1851593
1851594
1851595
1851626
1851657
1851688
1851719
1851750
1851782
1851783
1851784
1851786
1851788
1851790
1851792
1851793
1851794
1851795
1851796
1851797
1851799
1851800
1851801
1851802
1851803
1851804
1851805
1851806
1851808
1851810
1851812
1851814
1851815
1851817
1851819
1851821
1851822
1851823
1851824
1851825
1851826
1851827
1851829
1851860
1851907
1851908
1851909
1851910
1851911
1851943
1851975
1851976
1851977
1851978
1851979
1851980
1852022
1852064
1852105
1852146
1852184
1852185
1852226
1852267
1852308
1852350
1852391
1852432
1852473
1852514
1852555
1852596
1852638
1852676
1852714
1852759
1852760
1852761
1852762
1852763
1852765
1852767
1852768
1852769
1852770
1852771
1852772
1852773
1852775
1852776
1852778
1852780
1852781
1852782
1852783
1852784
1852792
1852793
1852794
1852795
1852796
1852797
1852798
1852799
1852804
1852809
1852814
1852819
1852820
1852825
1852830
1852835
1852840
1852845
1852850
1852855
1852856
1852857
1852862
1852863
1852864
1852869
1852874
1852879
1852880
1852885
1852890
1852891
1852892
1852893
1852898
1852899
1852908
1852916
1852917
1852918
1852926
1852934
1852942
1852950
1852958
1852966
1852974
1852982
1852990
1852991
1852992
1852993
1852994
1852995
1852996
1852997
1852998
1852999
1853000
1853001
1853002
1853003
1853011
1853019
1853027
1853035
1853036
1853044
1853052
1853060
1853061
1853062
1853063
1853064
1853065
1853073
1853081
1853089
1853097
1853098
1853099
1853100
1853101
1853137
1853138
1853163
1853188
1853189
1853190
1853191
1853216
1853241
1853265
1853289
1853316
1853320
1853322
1853324
1853326
1853328
1853329
1853331
1853333
1853335
1853336
1853338
1853340
1853341
1853345
1853346
1853347
1853348
1853349
1853350
1853351
1853352
1853353
1853357
1853361
1853362
1853363
1853364
1853365
1853366
1853367
1853368
1853369
1853370
1853371
1853376
1853380
1853381
1853384
1853387
1853390
1853393
1853396
1853397
1853398
1853401
1853404
1853407
1853410
1853411
1853412
1853413
1853416
1853419
1853423
1853424
1853425
1853426
1853427
1853428
1853453
1853477
1853501
1853525
1853549
1853573
1853597
1853683
1853737
1853738
1853739
1853740
1853741
1853742
1853743
1853811
1853879
1853952
1854001
1854050
1854051
1854099
1854147
1854148
1854149
1854220
1854221
1854292
1854363
1854433
1854511
1854512
1854513
1854514
1854515
1854516
1854517
1854569
1854570
1854571
1854572
1854619
1854671
1854728
1854729
1854730
1854731
1854770
1854826
1854877
1854928
1854976
1855031
1855086
1855181
1855240
1855241
1855281
1855321
1855360
1855399
1855439
1855440
1855442
1855444
1855446
1855447
1855449
1855451
1855453
1855454
1855455
1855456
1855458
1855460
1855462
1855464
1855465
1855466
1855467
1855469
1855471
1855472
1855474
1855475
1855513
1855566
1855627
1855688
1855747
1855748
1855749
1855750
1855815
1855816
1855821
1855826
1855831
1855836
1855841
1855846
1855847
1855848
1855849
1855854
1855859
1855864
1855865
1855866
1855867
1855868
1855869
1855874
1855879
1855884
1855889
1855894
1855899
1855900
1855905
1855910
1855915
1855920
1855921
1855926
1855931
1855932
1855933
1855938
1855943
1855944
1855949
1855950
1855955
1855960
1855962
1855964
1855966
1855968
1855970
1855971
1855972
1855974
1855976
1855977
1855978
1855979
1855999
1856019
1856039
1856059
1856079
1856099
1856119
1856140
1856141
1856159
1856177
1856195
1856213
1856231
1856249
1856267
1856285
1856304
1856305
1856324
1856340
1856356
1856357
1856373
1856389
1856406
1856423
1856440
1856442
1856443
1856444
1856445
1856446
1856447
1856448
1856449
1856450
1856452
1856453
1856454
1856455
1856457
1856458
1856459
1856460
1856476
1856477
1856478
1856479
1856480
1856481
1856482
1856483
1856484
1856485
1856486
1856502
1856503
1856519
1856520
1856799
1856800
1856801
1856802
1856803
1856804
1856862
1856918
1856974
1857027
1857028
1857081
1857082
1857136
1857188
1857240
1857292
1857344
1857396
1857397
1857398
1857399
1857400
1857401
1857402
1857403
1857404
1857405
1857406
1857407
1857408
1857409
1857410
1857411
1857412
1857465
1857518
1857576
1857577
1857578
1857579
1857580
1857581
1857582
1857583
1857584
1857585
1857586
1857587
1857588
1857589
1857590
1857591
1857592
1857593
1857662
1857664
1857666
1857668
1857670
1857672
1857674
1857676
1857678
1857680
1857682
1857684
1857685
1857686
1857687
1857689
1857691
1857693
1857695
1857696
1857697
1857698
1857700
1857702
1857704
1857706
1857708
1857710
1857712
1857739
1857766
1857767
1857768
1857769
1857770
1857771
1857772
1857773
1857795
1857815
1857835
1857836
1857837
1857838
1857839
1857859
1857879
1857880
1857881
1857882
1857883
1857885
1857886
1857887
1857888
1857889
1857892
1857893
1857894
1857897
1857898
1857899
1857900
1857901
1857902
1857903
1857904
1857909
1857914
1857915
1857916
1857917
1857918
1857923
1857924
1857925
1857926
1857927
1857928
1857929
1857934
1857935
1857936
1857941
1857942
1857944
1857945
1857947
1857949
1857951
1857953
1857955
1857957
1857959
1857961
1857963
1857964
1857966
1857967
1857969
1858002
1858004
1858006
1858007
1858008
1858009
1858010
1858012
1858014
1858016
1858018
1858020
1858022
1858024
1858025
1858027
1858029
1858031
1858033
1858034
1858036
1858038
1858039
1858040
1858042
1858044
1858045
1858047
1858049
1858050
1858051
1858052
1858053
1858054
1858087
1858088
1858089
1858091
1858093
1858095
1858096
1858098
1858099
1858101
1858103
1858105
1858107
1858109
1858111
1858112
1858114
1858116
1858117
1858119
1858121
1858123
1858125
1858127
1858129
1858131
1858163
1858164
1858165
1858166
1858167
1858168
1858169
1858170
1858171
1858172
1858173
1858174
1858175
1858372
1858373
1858374
1858377
1858378
1858380
1858381
1858383
1858385
1858387
1858388
1858389
1858390
1858393
1858394
1858395
1858397
1858398
1858399
1858400
1858401
1858403
1858404
1858405
1858406
1858407
1858410
1858413
1858416
1858419
1858422
1858424
1858426
1858428
1858430
1858432
1858434
1858436
1858438
1858440
1858443
1858446
1858449
1858450
1858451
1858452
1858453
1858456
1858459
1858462
1858465
1858468
1858471
1858474
1858477
1858480
1858482
1858484
1858486
1858488
1858489
1858490
1858492
1858493
1858495
1858496
1858499
1858502
1858505
1858508
1858510
1858512
1858514
1858515
1858516
1858517
1858518
1858519
1858521
1858523
1858525
1858528
1858529
1858530
1858531
1858534
1858535
1858536
1858539
1858565
1858570
1858575
1858576
1858577
1858582
1858583
1858584
1858585
1858586
1858587
1858588
1858589
1858590
1858591
1858592
1858597
1858601
1858605
1858606
1858610
1858614
1858615
1858616
1858617
1858618
1858622
1858623
1858624
1858625
1858626
1858627
1858631
1858635
1858636
1858640
1858644
1858649
1858654
1858659
1858660
1858661
1858666
1858671
1858672
1858674
1858675
1858676
1858677
1858678
1858679
1858680
1858681
1858683
1858684
1858685
1858686
1858687
1858688
1858689
1858694
1858695
1858696
1858701
1858706
1858710
1858711
1858715
1858719
1858723
1858724
1858725
1858726
1858728
1858729
1858730
1858732
1858734
1858736
1858737
1858739
1858744
1858745
1858746
1858747
1858748
1858749
1858754
1858759
1858764
1858765
1858766
1858767
1858768
1858769
1858770
1858771
1858772
1858773
1858778
1858783
1858788
1858793
1858794
1858795
1858796
1858801
1858802
1858803
1858804
1858839
1858840
1858841
1858842
1858843
1858844
1858869
1858870
1858895
1858920
1858921
1858948
1858975
1859002
1859003
1859004
1859005
1859036
1859066
1859096
1859125
1859126
1859127
1859156
1859157
1859158
1859187
1859188
1859189
1859190
1859191
1859192
1859193
1859194
1859195
1859196
1859197
1859198
1859229
1859239
1859240
1859241
1859242
1859243
1859244
1859254
1859255
1859256
1859257
1859258
1859259
1859260
1859261
1859272
1859282
1859283
1859284
1859285
1859286
1859287
1859288
1859289
1859290
1859291
1859292
1859293
1859294
1859295
1859305
1859306
1859314
1859315
1859316
1859317
1859318
1859319
1859326
1859333
1859340
1859347
1859354
1859361
1859368
1859375
1859382
1859389
1859396
1859397
1859398
1859399
1859400
1859401
1859402
1859403
1859410
1859411
1859412
1859413
1859420
1859427
1859428
1859429
1859430
1859437
1859444
1859454
1859458
1859460
1859462
1859464
1859466
1859468
1859470
1859472
1859474
1859476
1859479
1859480
1859481
1859484
1859485
1859486
1859489
1859492
1859495
1859498
1859501
1859502
1859503
1859507
1859508
1859509
1859510
1859511
1859512
1859513
1859514
1859515
1859516
1859520
1859524
1859528
1859539
1859540
1859541
1859542
1859543
1859544
1859545
1859556
1859567
1859568
1859569
1859570
1859571
1859582
1859593
1859604
1859615
1859626
1859637
1859648
1859659
1859670
1859671
1859672
1859673
1859674
1859675
1859676
1859677
1859678
1859679
1859680
1859681
1859682
1859684
1859686
1859688
1859733
1859734
1859768
1859802
1859803
1859804
1859805
1859839
1859873
1859907
1859941
1859976
1859977
1859978
1859979
1859980
1859981
1859982
1859983
1859984
1859985
1859986
1859987
1859988
1859989
1859990
1859991
1860017
1860018
1860019
1860020
1860021
1860022
1860023
1860045
1860046
1860047
1860049
1860051
1860053
1860055
1860057
1860059
1860060
1860062
1860064
1860066
1860068
1860070
1860072
1860073
1860074
1860090
1860092
1860094
1860096
1860097
1860098
1860099
1860100
1860101
1860103
1860105
1860107
1860109
1860110
1860111
1860112
1860113
1860117
1860121
1860122
1860123
1860124
1860125
1860126
1860127
1860128
1860129
1860130
1860134
1860138
1860142
1860146
1860150
1860154
1860158
1860159
1860163
1860164
1860168
1860172
1860176
1860180
1860184
1860188
1860192
1860196
1860197
1860219
1860220
1860221
1860222
1860223
1860224
1860225
1860226
1860227
1860228
1860248
1860249
1860250
1860251
1860252
1860253
1860254
1860255
1860256
1860257
1860258
1860259
1860260
1860261
1860262
1860287
1860318
1860323
1860324
1860325
1860326
1860327
1860328
1860329
1860334
1860335
1860336
1860337
1860338
1860339
1860340
1860341
1860342
1860343
1860346
1860349
1860352
1860355
1860358
1860359
1860360
1860361
1860362
1860363
1860366
1860367
1860368
1860369
1860371
1860373
1860375
1860377
1860378
1860380
1860381
1860386
1860389
1860392
1860395
1860398
1860401
1860404
1860405
1860406
1860409
1860410
1860411
1860412
1860413
1860416
1860417
1860418
1860421
1860422
1860423
1860430
1860437
1860438
1860439
1860440
1860441
1860442
1860443
1860444
1860445
1860446
1860447
1860448
1860449
1860456
1860457
1860458
1860459
1860460
1860461
1860462
1860463
1860464
1860470
1860472
1860474
1860475
1860476
1860478
1860480
1860481
1860482
1860484
1860485
1860486
1860487
1860488
1860489
1860491
1860492
1860497
1860498
1860499
1860500
1860501
1860506
1860507
1860508
1860509
1860510
1860511
1860512
1860513
1860518
1860523
1860530
1860531
1860532
1860533
1860534
1860535
1860536
1860537
1860538
1860544
1860550
1860551
1860552
1860558
1860564
1860570
1860571
1860577
1860583
1860587
1860591
1860592
1860593
1860594
1860595
1860596
1860597
1860598
1860602
1860603
1860607
1860611
1860615
1860619
1860623
1860627
1860628
1860629
1860630
1860631
1860632
1860633
1860634
1860635
1860639
1860643
1860671
1860672
1860673
1860674
1860675
1860676
1860677
1860678
1860681
1860684
1860687
1860688
1860689
1860692
1860695
1860696
1860697
1860698
1860701
1860702
1860705
1860708
1860711
1860712
1860713
1860716
1860719
1860722
1860725
1860728
1860731
1860734
1860737
1860740
1860743
1860746
1860747
1860748
1860751
1860754
1860757
1860760
1860763
1860764
1860765
1860766
1860767
1860768
1860771
1860774
1860775
1860778
1860781
1860782
1860783
1860784
1860785
1860788
1860791
1860794
1860797
1860801
1860803
1860805
1860806
1860808
1860809
1860810
1860811
1860812
1860813
1860814
1860816
1860817
1860818
1860819
1860821
1860830
1860836
1860842
1860843
1860849
1860855
1860861
1860862
1860863
1860864
1860865
1860866
1860872
1860873
1860874
1860880
1860882
1860883
1860884
1860885
1860886
1860888
1860890
1860892
1860894
1860896
1860897
1860898
1860900
1860902
1860903
1860904
1860910
1860916
1860917
1860918
1860919
1860920
1860921
1860922
1860923
1860924
1860925
1860926
1860927
1860928
1860933
1860938
1860939
1860940
1860941
1860942
1860943
1860948
1860953
1860954
1860955
1860957
1860959
1860961
1860963
1860965
1860967
1860969
1860970
1860971
1860972
1860973
1860974
1860975
1860977
1860982
1860987
1860988
1860989
1860990
1860991
1860992
1860998
1860999
1861005
1861028
1861029
1861030
1861031
1861032
1861034
1861036
1861037
1861039
1861041
1861043
1861045
1861047
1861049
1861051
1861053
1861054
1861055
1861057
1861058
1861060
1861062
1861064
1861065
1861087
1861088
1861110
1861132
1861154
1861155
1861156
1861157
1861179
1861203
1861211
1861212
1861213
1861214
1861215
1861216
1861224
1861232
1861233
1861241
1861242
1861250
1861258
1861259
1861267
1861275
1861276
1861277
1861278
1861286
1861293
1861300
1861302
1861304
1861306
1861308
1861309
1861310
1861312
1861313
1861314
1861315
1861317
1861318
1861319
1861321
1861322
1861323
1861325
1861327
1861329
1861335
1861337
1861338
1861339
1861340
1861341
1861342
1861344
1861345
1861347
1861349
1861351
1861352
1861353
1861354
1861355
1861356
1861358
1861360
1861362
1861370
1861371
1861372
1861380
1861381
1861389
1861390
1861391
1861392
1861393
1861394
1861395
1861396
1861397
1861398
1861399
1861400
1861401
1861409
1861410
1861411
1861419
1861427
1861428
1861436
1861444
1861452
1861460
1861650
1861701
1861705
1861709
1861713
1861714
1861715
1861719
1861720
1861721
1861722
1861723
1861724
1861725
1861729
1861730
1861731
1861732
1861733
1861735
1861737
1861738
1861739
1861741
1861742
1861743
1861744
1861745
1861749
1861756
1861757
1861764
1861771
1861778
1861785
1861786
1861787
1861788
1861789
1861790
1861797
1861804
1861805
1861812
1861813
1861814
1861821
1861823
1861824
1861826
1861828
1861829
1861831
1861833
1861834
1861835
1861836
1861838
1861839
1861840
1861841
1861842
1861844
1861848
1861849
1861850
1861851
1861853
1861855
1861857
1861858
1861859
1861860
1861861
1861862
1861864
1861865
1861867
1861871
1861875
1861879
1861883
1861885
1861886
1861887
1861889
1861891
1861892
1861893
1861894
1861896
1861898
1861900
1861902
1861906
1861910
1861914
1861918
1861919
1861920
1861921
1861925
1861929
1861930
1861936
1861942
1861948
1861949
1861950
1861951
1861957
1861958
1861959
1861960
1861961
1861967
1861968
1861969
1861970
1861971
1861972
1861973
1861974
1861975
1861976
1861977
1861983
1861984
1861990
1861991
1861992
1861993
1861994
1861995
1861996
1862002
1862003
1862004
1862006
1862008
1862010
1862011
1862013
1862015
1862017
1862019
1862021
1862023
1862024
1862025
1862027
1862054
1862074
1862077
1862080
1862083
1862086
1862087
1862088
1862089
1862090
1862093
1862096
1862099
1862102
1862105
1862108
1862111
1862112
1862113
1862114
1862115
1862118
1862121
1862122
1862123
1862124
1862127
1862128
1862129
1862130
1862133
1862136
1862139
1862142
1862144
1862145
1862147
1862149
1862150
1862151
1862153
1862155
1862157
1862159
1862161
1862164
1862167
1862185
1862187
1862189
1862190
1862192
1862194
1862196
1862197
1862198
1862199
1862201
1862202
1862204
1862206
1862208
1862210
1862212
1862214
1862216
1862218
1862220
1862221
1862222
1862223
1862224
1862248
1862249
1862270
1862271
1862292
1862313
1862334
1862355
1862376
1862397
1862398
1862418
1862419
1862420
1862421
1862422
1862442
1862465
1862466
1862468
1862470
1862472
1862474
1862476
1862477
1862479
1862480
1862482
1862484
1862486
1862487
1862491
1862492
1862496
1862500
1862501
1862502
1862503
1862504
1862508
1862509
1862510
1862511
1862512
1862516
1862520
1862521
1862525
1862528
1862529
1862530
1862533
1862536
1862537
1862538
1862539
1862540
1862541
1862542
1862543
1862546
1862549
1862552
1862555
1862558
1862559
1862560
1862561
1862564
1862567
1862591
1862614
1862615
1862616
1862639
1862662
1862667
1862672
1862677
1862682
1862687
1862692
1862697
1862698
1862703
1862708
1862709
1862714
1862719
1862724
1862725
1862726
1862731
1862736
1862737
1862738
1862739
1862740
1862741
1862742
1862743
1862744
1862749
1862754
1862759
1862764
1862766
1862768
1862770
1862771
1862772
1862773
1862774
1862775
1862777
1862778
1862780
1862782
1862784
1862786
1862787
1862792
1862794
1862796
1862798
1862800
1862802
1862803
1862805
1862806
1862808
1862809
1862811
1862813
1862818
1862820
1862822
1862824
1862826
1862828
1862830
1862831
1862833
1862835
1862836
1862838
1862840
1862842
1862843
1862848
1862877
1862878
1862879
1862880
1862881
1862882
1862883
1862884
1862885
1862896
1862897
1862898
1862899
1862900
1862901
1862902
1862903
1862914
1862925
1862936
1862937
1862938
1862939
1862940
1862941
1862942
1862943
1862944
1862945
1862956
1862957
1862958
1862959
1862960
1862961
1862972
1862973
1862974
1862975
1862976
1862977
1862978
1862979
1862980
1862991
1863002
1863003
1863004
1863005
1863006
1863007
1863008
1863009
1863010
1863021
1863032
1863044
1863054
1863055
1863056
1863066
1863076
1863086
1863096
1863106
1863117
1863118
1863119
1863130
1863140
1863150
1863160
1863170
1863180
1863181
1863182
1863183
1863184
1863185
1863186
1863187
1863188
1863189
1863190
1863191
1863192
1863193
1863203
1863204
1863214
1863224
1863234
1863244
1863255
1863256
1863257
1863258
1863259
1863260
1863270
1863271
1863272
1863273
1863274
1863275
1863276
1863277
1863278
1863279
1863282
1863283
1863284
1863285
1863286
1863289
1863292
1863293
1863294
1863297
1863298
1863299
1863300
1863301
1863302
1863303
1863304
1863307
1863310
1863313
1863314
1863315
1863318
1863321
1863324
1863334
1863335
1863336
1863346
1863356
1863366
1863367
1863368
1863377
1863386
1863387
1863388
1863397
1863407
1863417
1863420
1863423
1863426
1863429
1863432
1863433
1863434
1863435
1863436
1863437
1863440
1863443
1863444
1863446
1863448
1863450
1863451
1863453
1863455
1863456
1863459
1863460
1863461
1863464
1863465
1863466
1863469
1863472
1863500
1863501
1863502
1863503
1863504
1863505
1863531
1863532
1863533
1863534
1863535
1863536
1863537
1863538
1863539
1863540
1863541
1863542
1863543
1863544
1863545
1863546
1863570
1863572
1863574
1863575
1863577
1863579
1863581
1863583
1863584
1863586
1863588
1863590
1863591
1863592
1863593
1863594
1863595
1863597
1863599
1863601
1863602
1863604
1863606
1863608
1863609
1863610
1863611
1863612
1863613
1863614
1863645
1863646
1863647
1863648
1863649
1863650
1863651
1863652
1863678
1863705
1863732
1863733
1863734
1863735
1863736
1863762
1863763
1863764
1863765
1863766
1863767
1863768
1863769
1863770
1863771
1863772
1863773
1863774
1863775
1863776
1863777
1863807
1863810
1863811
1863812
1863813
1863814
1863817
1863820
1863823
1863826
1863829
1863832
1863833
1863836
1863837
1863840
1863843
1863846
1863849
1863850
1863851
1863854
1863857
1863860
1863861
1863862
1863863
1863866
1863867
1863868
1863869
1863870
1863897
1863898
1863899
1863900
1863901
1863902
1863903
1863904
1863905
1863906
1863907
1863908
1863909
1863910
1863911
1863933
1863936
1863939
1863942
1863945
1863946
1863947
1863948
1863949
1863950
1863951
1863952
1863955
1863958
1863961
1863964
1863967
1863970
1863973
1863974
1863975
1863976
1863977
1863980
1863983
1863986
1863989
1863990
1863991
1863992
1863993
1863996
1864198
1864199
1864200
1864201
1864202
1864203
1864207
1864208
1864212
1864213
1864217
1864221
1864225
1864226
1864227
1864231
1864235
1864239
1864240
1864241
1864242
1864246
1864247
1864248
1864249
1864250
1864255
1864260
1864265
1864270
1864271
1864276
1864281
1864286
1864291
1864296
1864297
1864298
1864303
1864308
1864310
1864312
1864314
1864316
1864318
1864320
1864322
1864323
1864324
1864325
1864327
1864329
1864331
1864336
1864341
1864346
1864351
1864356
1864361
1864368
1864369
1864370
1864371
1864372
1864373
1864374
1864375
1864376
1864377
1864378
1864379
1864380
1864387
1864388
1864390
1864391
1864393
1864395
1864397
1864399
1864401
1864403
1864405
1864407
1864409
1864411
1864413
1864415
1864417
1864419
1864426
1864428
1864429
1864430
1864431
1864433
1864434
1864436
1864438
1864440
1864442
1864444
1864445
1864447
1864448
1864449
1864456
1864530
1864560
1864583
1864584
1864585
1864587
1864589
1864591
1864593
1864595
1864597
1864599
1864600
1864602
1864604
1864605
1864606
1864607
1864609
1864611
1864613
1864615
1864616
1864617
1864640
1864664
1864667
1864668
1864671
1864674
1864677
1864680
1864683
1864686
1864689
1864692
1864695
1864698
1864701
1864704
1864707
1864710
1864713
1864716
1864717
1864718
1864719
1864722
1864725
1864728
1864729
1864730
1864731
1864732
1864733
1864734
1864735
1864736
1864739
1864742
1864745
1864748
1864751
1864754
1864757
1864760
1864761
1864762
1864763
1864764
1864767
1864770
1864789
1864790
1864793
1864796
1864799
1864800
1864801
1864802
1864803
1864804
1864805
1864806
1864809
1864812
1864815
1864817
1864818
1864819
1864820
1864821
1864822
1864823
1864825
1864827
1864829
1864831
1864834
1864837
1864840
1864841
1864844
1864847
1864850
1864853
1864854
1864857
1864860
1864861
1864864
1864867
1864870
1864873
1864876
1864879
1864882
1864906
1864907
1864908
1864909
1864910
1864911
1864912
1864913
1864914
1864932
1864933
1864934
1864935
1864936
1864937
1864957
1864958
1864979
1864980
1864981
1864982
1864983
1864984
1864985
1864986
1864987
1864988
1864989
1864990
1864991
1864992
1864993
1864994
1864995
1864996
1864997
1865019
1865039
1865059
1865080
1865100
1865101
1865102
1865103
1865122
1865141
1865160
1865161
1865180
1865181
1865201
1865221
1865241
1865262
1865284
1865305
1865327
1865329
1865330
1865331
1865332
1865333
1865334
1865336
1865337
1865339
1865341
1865342
1865345
1865348
1865351
1865352
1865353
1865356
1865359
1865362
1865365
1865368
1865371
1865374
1865377
1865378
1865381
1865382
1865385
1865386
1865389
1865390
1865393
1865394
1865397
1865400
1865401
1865402
1865403
1865404
1865406
1865407
1865408
1865409
1865410
1865412
1865415
1865418
1865419
1865420
1865421
1865424
1865851
1865877
1865903
1865929
1865930
1865956
1865983
1866010
1866011
1866039
1866043
1866044
1866048
1866052
1866055
1866056
1866057
1866058
1866059
1866060
1866061
1866062
1866065
1866066
1866067
1866070
1866073
1866076
1866079
1866083
1866084
1866085
1866086
1866087
1866088
1866089
1866090
1866091
1866095
1866099
1866103
1866104
1866105
1866106
1866110
1866114
1866118
1866122
1866126
1866127
1866128
1866132
1866148
1866149
1866150
1866151
1866152
1866153
1866168
1866183
1866184
1866185
1866186
1866187
1866188
1866189
1866190
1866191
1866206
1866221
1866236
1866237
1866238
1866239
1866254
1866269
1866284
1866299
1866315
1866317
1866319
1866320
1866322
1866324
1866326
1866328
1866329
1866330
1866332
1866334
1866336
1866338
1866339
1866340
1866342
1866343
1866344
1866361
1866378
1866395
1866412
1866460
1866461
1866509
1866585
1866596
1866607
1866618
1866629
1866640
1866651
1866662
1866663
1866674
1866675
1866676
1866677
1866678
1866679
1866690
1866693
1866694
1866695
1866698
1866701
1866704
1866705
1866706
1866709
1866712
1866713
1866714
1866715
1866716
1866717
1866718
1866719
1866722
1866725
1866726
1866727
1866728
1866729
1866732
1866735
1866738
1866741
1866744
1866747
1866750
1866753
1866756
1866769
1866772
1866775
1866778
1866781
1866784
1866785
1866788
1866791
1866794
1866795
1866798
1866799
1866802
1866805
1866808
1866811
1866814
1866815
1866818
1866821
1866824
1866827
1866828
1866829
1866832
1866835
1866838
1866841
1866844
1866847
1866848
1866849
1866850
1866851
1866852
1866855
1866858
1866859
1866860
1866861
1866873
1866875
1866877
1866879
1866881
1866882
1866884
1866886
1866888
1866890
1866892
1866894
1866896
1866897
1866899
1866901
1866903
1866905
1866907
1866909
1866911
1866924
1866925
1866938
1866951
1866964
1866977
1866990
1867003
1867004
1867005
1867006
1867007
1867008
1867009
1867022
1867035
1867048
1867061
1867062
1867063
1867064
1867065
1867066
1867067
1867068
1867069
1867070
1867071
1867110
1867111
1867112
1867113
1867114
1867115
1867116
1867117
1867118
1867148
1867149
1867179
1867208
1867209
1867238
1867267
1867306
1867307
1867308
1867309
1867310
1867311
1867343
1867344
1867345
1867346
1867375
1867376
1867405
1867436
1867467
1867498
1867536
1867574
1867612
1867650
1867651
1867810
1867811
1867812
1867813
1867814
1867815
1867816
1867819
1867822
1867823
1867824
1867825
1867826
1867827
1867828
1867831
1867834
1867835
1867838
1867841
1867842
1867843
1867844
1867847
1867848
1867849
1867850
1867851
1867854
1867857
1867860
1867863
1867866
1867869
1867870
1867873
1867874
1867877
1867878
1867879
1867880
1867881
1867882
1867885
1867888
1867890
1867891
1867893
1867895
1867896
1867897
1867899
1867901
1867903
1867906
1867909
1867910
1867913
1867916
1867917
1867918
1867919
1867920
1867922
1867924
1867926
1867928
1867930
1867932
1867934
1867936
1867938
1867993
1867994
1867995
1868000
1868002
1868003
1868004
1868005
1868006
1868008
1868010
1868011
1868013
1868015
1868017
1868018
1868019
1868021
1868026
1868027
1868028
1868029
1868030
1868032
1868034
1868035
1868037
1868038
1868039
1868040
1868042
1868043
1868044
1868045
1868047
1868052
1868053
1868054
1868055
1868056
1868057
1868058
1868063
1868069
1868075
1868076
1868077
1868078
1868079
1868080
1868081
1868094
1868107
1868120
1868121
1868134
1868147
1868148
1868160
1868172
1868184
1868196
1868197
1868198
1868199
1868200
1868212
1868225
1868228
1868231
1868232
1868233
1868234
1868235
1868236
1868237
1868238
1868239
1868242
1868245
1868246
1868247
1868248
1868249
1868252
1868253
1868254
1868255
1868256
1868259
1868262
1868265
1868268
1868271
1868274
1868277
1868278
1868279
1868282
1868285
1868286
1868287
1868288
1868289
1868290
1868291
1868292
1868293
1868306
1868318
1868319
1868331
1868343
1868355
1868367
1868379
1868391
1868403
1868415
1868416
1868417
1868418
1868459
1868462
1868465
1868466
1868469
1868472
1868474
1868476
1868477
1868478
1868480
1868481
1868482
1868484
1868485
1868488
1868489
1868490
1868491
1868492
1868493
1868494
1868495
1868498
1868501
1868504
1868506
1868507
1868508
1868510
1868511
1868512
1868513
1868514
1868515
1868517
1868520
1868523
1868524
1868525
1868526
1868527
1868530
1868533
1868534
1868535
1868538
1868541
1868542
1868545
1868548
1868551
1868554
1868555
1868558
1868559
1868560
1868561
1868562
1868591
1868620
1868649
1868678
1868679
1868680
1868681
1868682
1868683
1868712
1868750
1868751
1869109
1869110
1869111
1869112
1869113
1869375
1869469
1869547
1869638
1869733
1869875
1870019
1870092
1870093
1870094
1870095
1870096
1870097
1870098
1870099
1870100
1870101
1870102
1870103
1870104
1870105
1870198
1870290
1870382
1870460
1870603
1870786
1870964
1871143
1871321
1871503
1871662
1871966
1872154
1872346
1872506
1872667
1872830
1872990
1873157
1873298
1873439
1873580
1873722
1873863
1874046
1874154
1874267
1874374
1874375
1874517
1874518
1874519
1874520
1874521
1874522
1874523
1874665
1874807
1875024
1875025
1875026
1875027
1875028
1875029
1875030
1875031
1875032
1875033
1875034
1875035
1875036
1875037
1875038
1875224
1875318
1875387
1875456
1875525
1875595
1875596
1875676
1875756
1875835
1875922
1876009
1876151
1876282
1876283
1876284
1876285
1876286
1876287
1876288
1876289
1876290
1876291
1876292
1876293
1876294
1876524
1876525
1876526
1876753
1877249
1877254
1877255
1877260
1877265
1877270
1877275
1877280
1877281
1877282
1877283
1877284
1877285
1877286
1877287
1877288
1877289
1877290
1877295
1877300
1877301
1877306
1877307
1877312
1877317
1877318
1877323
1877324
1877329
1877334
1877335
1877336
1877341
1877346
1877351
1877356
1877357
1877358
1877363
1877368
1877373
1877374
1877379
1877383
1877387
1877388
1877389
1877390
1877391
1877392
1877396
1877398
1877400
1877402
1877404
1877406
1877407
1877408
1877409
1877411
1877412
1877413
1877414
1877415
1877416
1877420
1877424
1877425
1877426
1877427
1877429
1877431
1877433
1877434
1877435
1877437
1877438
1877439
1877440
1877442
1877446
1877447
1877448
1877449
1877450
1877451
1877456
1877457
1877458
1877459
1877460
1877461
1877462
1877464
1877466
1877468
1877470
1877471
1877472
1877473
1877474
1877475
1877476
1877481
1877482
1877487
1877492
1877493
1877494
1877495
1877496
1877497
1877498
1877503
1877504
1877505
1877510
1877511
1877512
1877513
1877514
1877515
1877516
1877517
1877522
1877527
1877530
1877533
1877536
1877539
1877542
1877543
1877544
1877545
1877546
1877549
1877552
1877555
1877558
1877561
1877564
1877567
1877570
1877573
1877574
1877577
1877716
1877717
1877718
1877719
1877720
1877729
1877738
1877747
1877748
1877749
1877750
1877751
1877752
1877756
1877760
1877764
1877765
1877766
1877767
1877768
1877769
1877770
1877771
1877775
1877779
1877780
1877781
1877782
1877783
1877784
1877785
1877786
1877787
1877788
1877792
1877793
1877794
1877795
1877796
1877797
1877798
1877799
1877800
1877804
1877805
1877806
1877810
1877811
1877815
1877819
1877823
1877827
1877831
1877840
1877842
1877843
1877844
1877845
1877846
1877848
1877850
1877852
1877854
1877856
1877858
1877860
1877862
1877863
1877864
1877865
1877866
1877867
1877876
1877877
1877878
1877879
1877880
1877881
1877882
1877883
1877884
1877885
1877886
1877887
1877888
1877889
1877898
1877899
1877900
1877901
1877902
1877903
1877904
1877905
1877906
1877907
1877908
1877913
1877915
1877916
1877917
1877918
1877919
1877921
1877923
1877925
1877927
1877929
1877931
1877935
1877939
1877943
1877947
1877948
1877949
1877950
1877954
1877958
1877994
1877995
1877996
1877997
1877998
1877999
1878000
1878035
1878036
1878037
1878038
1878039
1878040
1878159
1878160
1878161
1878162
1878163
1878164
1878165
1878166
1878167
1878168
1878169
1878170
1878171
1878172
1878173
1878174
1878175
1878189
1878203
1878204
1878219
1878220
1878233
1878234
1878235
1878236
1878237
1878238
1878239
1878240
1878241
1878254
1878255
1878256
1878257
1878258
1878259
1878260
1878261
1878262
1878263
1878264
1878265
1878271
1878272
1878273
1878274
1878275
1878276
1878277
1878278
1878284
1878285
1878291
1878297
1878303
1878309
1878310
1878311
1878312
1878313
1878314
1878315
1878316
1878322
1878325
1878328
1878331
1878334
1878337
1878340
1878343
1878344
1878345
1878348
1878349
1878352
1878355
1878358
1878361
1878364
1878367
1878370
1878373
1878374
1878377
1878384
1878391
1878398
1878399
1878400
1878401
1878402
1878403
1878404
1878405
1878406
1878407
1878408
1878409
1878416
1878417
1878418
1878425
1878426
1878427
1878434
1878435
1878436
1878437
1878438
1878439
1878440
1878441
1878453
1878455
1878457
1878459
1878461
1878463
1878465
1878466
1878467
1878469
1878470
1878471
1878475
1878476
1878477
1878478
1878482
1878483
1878484
1878485
1878490
1878495
1878500
1878505
1878510
1878515
1878516
1878521
1878526
1878531
1878532
1878533
1878538
1878542
1878543
1878547
1878548
1878549
1878550
1878562
1878577
1878585
1878586
1878587
1878595
1878603
1878604
1878612
1878620
1878628
1878636
1878644
1878652
1878653
1878654
1878661
1878669
1878670
1878678
1878686
1878694
1878695
1878696
1878697
1878698
1878699
1878707
1878715
1878723
1878731
1878732
1878733
1878734
1878735
1878736
1878737
1878738
1878745
1878746
1878747
1878748
1878749
1878756
1878757
1878764
1878771
1878778
1878785
1878792
1878799
1878806
1878813
1878820
1878822
1878824
1878826
1878828
1878830
1878832
1878834
1878836
1878838
1878840
1878841
1878842
1878843
1878844
1878845
1878846
1878848
1878855
1878861
1878867
1878873
1878880
1878881
1878882
1878888
1878895
1878902
1878910
1878911
1878912
1878913
1878914
1878915
1878916
1878917
1878918
1878921
1878924
1878927
1878928
1878929
1878930
1878931
1878932
1878933
1878936
1878939
1878942
1878945
1878948
1878951
1878954
1878957
1878960
1878969
1878970
1878971
1878972
1878973
1878974
1878975
1878976
1878977
1878978
1878983
1878988
1878993
1878998
1879003
1879008
1879013
1879018
1879019
1879024
1879025
1879026
1879027
1879028
1879029
1879033
1879037
1879041
1879045
1879049
1879050
1879054
1879058
1879059
1879060
1879061
1879062
1879063
1879064
1879078
1879092
1879106
1879120
1879134
1879148
1879151
1879153
1879155
1879157
1879159
1879161
1879162
1879164
1879166
1879168
1879171
1879172
1879173
1879174
1879175
1879176
1879179
1879182
1879183
1879186
1879189
1879190
1879191
1879192
1879195
1879198
1879201
1879202
1879203
1879206
1879209
1879210
1879211
1879213
1879214
1879215
1879217
1879218
1879219
1879221
1879224
1879225
1879226
1879227
1879230
1879340
1879341
1879342
1879343
1879344
1879346
1879347
1879349
1879351
1879352
1879354
1879356
1879358
1879359
1879361
1879362
1879363
1879364
1879365
1879367
1879369
1879370
1879371
1879373
1879375
1879377
1879379
1879381
1879382
1879384
1879385
1879386
1879387
1879388
1879390
1879392
1879471
1879529
1879585
1879641
1879642
1879643
1879644
1879691
1879738
1879795
1879873
1879951
1880032
1880033
1880040
1880041
1880042
1880043
1880044
1880051
1880058
1880065
1880066
1880067
1880068
1880069
1880076
1880077
1880078
1880079
1880080
1880081
1880082
1880083
1880084
1880085
1880086
1880087
1880094
1880101
1880102
1880103
1880104
1880105
1880112
1880120
1880123
1880126
1880127
1880128
1880129
1880130
1880133
1880134
1880135
1880136
1880139
1880140
1880141
1880142
1880145
1880146
1880149
1880150
1880151
1880152
1880153
1880156
1880157
1880158
1880166
1880167
1880168
1880170
1880172
1880173
1880174
1880176
1880177
1880178
1880179
1880181
1880183
1880185
1880187
1880189
1880190
1880192
1880194
1880202
1880203
1880204
1880209
1880214
1880219
1880224
1880225
1880226
1880227
1880232
1880233
1880234
1880235
1880236
1880237
1880238
1880239
1880244
1880249
1880250
1880251
1880252
1880253
1880254
1880255
1880256
1880257
1880262
1880267
1880268
1880273
1880278
1880283
1880288
1880293
1880301
1880309
1880317
1880318
1880320
1880322
1880324
1880325
1880326
1880327
1880329
1880331
1880332
1880333
1880334
1880336
1880338
1880339
1880341
1880343
1880344
1880345
1880346
1880347
1880348
1880356
1880364
1880372
1880376
1880380
1880384
1880388
1880389
1880390
1880391
1880392
1880394
1880396
1880398
1880400
1880402
1880404
1880406
1880410
1880414
1880418
1880422
1880426
1880430
1880431
1880432
1880433
1880434
1880435
1880436
1880440
1880444
1880445
1880449
1880453
1880457
1880735
1880833
1880931
1880932
1881030
1881128
1881228
1881237
1881238
1881239
1881248
1881249
1881250
1881251
1881252
1881253
1881254
1881255
1881256
1881257
1881258
1881259
1881260
1881261
1881270
1881271
1881280
1881289
1881298
1881307
1881309
1881311
1881313
1881315
1881317
1881318
1881320
1881321
1881323
1881325
1881326
1881328
1881329
1881330
1881339
1881348
1881349
1881350
1881359
1881360
1881361
1881362
1881363
1881364
1881373
1881382
1881392
1881393
1881394
1881395
1881396
1881397
1881398
1881407
1881416
1881417
1881418
1881419
1881420
1881429
1881431
1881433
1881435
1881437
1881438
1881440
1881442
1881444
1881446
1881447
1881449
1881451
1881453
1881455
1881456
1881457
1881458
1881459
1881461
1881462
1881463
1881464
1881465
1881467
1881476
1881483
1881490
1881491
1881498
1881500
1881501
1881502
1881504
1881506
1881508
1881510
1881512
1881514
1881515
1881516
1881517
1881519
1881520
1881521
1881522
1881528
1881529
1881535
1881541
1881547
1881553
1881559
1881566
1881573
1881574
1881575
1881576
1881577
1881578
1881579
1881580
1881581
1881588
1881595
1881596
1881597
1881598
1881599
1881606
1881617
1881618
1881628
1881629
1881630
1881631
1881632
1881633
1881643
1881644
1881645
1881646
1881656
1881657
1881658
1881659
1881660
1881670
1881680
1881681
1881682
1881692
1881693
1881694
1881695
1881696
1881697
1881698
1881699
1881700
1881701
1881710
1881719
1881728
1881729
1881730
1881731
1881732
1881742
1881744
1881745
1881746
1881748
1881749
1881750
1881752
1881754
1881756
1881758
1881760
1881762
1881764
1881766
1881776
1881821
1881825
1881826
1881830
1881834
1881835
1881839
1881843
1881847
1881851
1881855
1881859
1881860
1881861
1881865
1881869
1881873
1881877
1881878
1881879
1881883
1881887
1881891
1881895
1881896
1881900
1881904
1881908
1881909
1881913
1881917
1881918
1881919
1881920
1881924
1881925
1881926
1881927
1881928
1881932
1881933
1881934
1881938
1881940
1881942
1881944
1881946
1881948
1881950
1881952
1881954
1881956
1881959
1881962
1881963
1881964
1881965
1881966
1881969
1881972
1881973
1881976
1881979
1881982
1881985
1881988
1881991
1881994
1881995
1881996
1881997
1881999
1882001
1882003
1882005
1882007
1882010
1882013
1882016
1882017
1882018
1882019
1882020
1882023
1882026
1882029
1882032
1882033
1882034
1882037
1882040
1882041
1882042
1882043
1882044
1882045
1882046
1882047
1882049
1882051
1882053
1882055
1882056
1882057
1882059
1882061
1882063
1882065
1882067
1882068
1882191
1882192
1882268
1882269
1882270
1882271
1882272
1882273
1882274
1882275
1882276
1882280
1882281
1882285
1882289
1882290
1882293
1882294
1882295
1882296
1882297
1882301
1882302
1882303
1882304
1882305
1882306
1882307
1882308
1882309
1882313
1882314
1882318
1882321
1882322
1882325
1882326
1882327
1882328
1882329
1882330
1882333
1882334
1882335
1882336
1882337
1882338
1882339
1882340
1882341
1882344
1882347
1882350
1882351
1882352
1882353
1882354
1882355
1882356
1882357
1882358
1882361
1882364
1882365
1882368
1882371
1882374
1882375
1882454
1882527
1882528
1882601
1882674
1882747
1882825
1882826
1882903
1882904
1882982
1883068
1883094
1883120
1883146
1883172
1883198
1883199
1883200
1883226
1883252
1883272
1883289
1883290
1883291
1883308
1883325
1883342
1883359
1883360
1883361
1883362
1883363
1883365
1883367
1883369
1883370
1883371
1883372
1883376
1883377
1883381
1883385
1883386
1883387
1883388
1883392
1883393
1883397
1883398
1883400
1883402
1883404
1883405
1883406
1883408
1883410
1883412
1883414
1883418
1883419
1883420
1883421
1883422
1883423
1883424
1883425
1883426
1883430
1883434
1883435
1883436
1883437
1883438
1883442
1883443
1883469
1883485
1883487
1883488
1883490
1883491
1883492
1883494
1883496
1883497
1883498
1883500
1883502
1883504
1883506
1883508
1883510
1883512
1883513
1883514
1883515
1883516
1883517
1883533
1883549
1883550
1883551
1883552
1883553
1883554
1883555
1883571
1883587
1883588
1883614
1883636
1883658
1883680
1883702
1883724
1883748
1883772
1883797
1883822
1883849
1883850
1883851
1883872
1883873
1883874
1883875
1883877
1883879
1883880
1883881
1883883
1883884
1883885
1883886
1883888
1883892
1883896
1883897
1883898
1883899
1883903
1883904
1883905
1883906
1883907
1883908
1883909
1883910
1883914
1883918
1883922
1883926
1883930
1883934
1883938
1883942
1883946
1883947
1883948
1883949
1883953
1883954
1883955
1883959
1883963
1883964
1884149
1884150
1884151
1884152
1884201
1884250
1884251
1884252
1884253
1884318
1884333
1884334
1884335
1884336
1884341
1884342
1884343
1884344
1884345
1884350
1884355
1884360
1884365
1884370
1884371
1884372
1884373
1884378
1884383
1884384
1884389
1884394
1884399
1884404
1884405
1884406
1884411
1884416
1884417
1884422
1884427
1884432
1884437
1884442
1884447
1884452
1884457
1884462
1884467
1884472
1884477
1884478
1884479
1884480
1884481
1884482
1884483
1884484
1884485
1884486
1884487
1884488
1884493
1884494
1884495
1884496
1884501
1884502
1884507
1884508
1884519
1884520
1884521
1884522
1884533
1884534
1884535
1884536
1884537
1884538
1884539
1884540
1884541
1884542
1884543
1884544
1884545
1884546
1884547
1884558
1884569
1884570
1884585
1884600
1884615
1884630
1884645
1884660
1884675
1884690
1884705
1884734
1884735
1884736
1884737
1884738
1884739
1884742
1884745
1884748
1884751
1884752
1884753
1884754
1884757
1884758
1884759
1884760
1884761
1884764
1884767
1884768
1884769
1884772
1884775
1884776
1884777
1884778
1884780
1884782
1884784
1884786
1884787
1884790
1884793
1884794
1884795
1884796
1884816
1884836
1884837
1884838
1884839
1884840
1884841
1884842
1884843
1884844
1884845
1884846
1884847
1884848
1884849
1884850
1884851
1884852
1884853
1884879
1884903
1884904
1884928
1884929
1884953
1884954
1884955
1885913
1885915
1885917
1885919
1885921
1885923
1885924
1885925
1885926
1885927
1885929
1885931
1885933
1885935
1885939
1885940
1885944
1885945
1885946
1885947
1885951
1885953
1885955
1885957
1885958
1885960
1885962
1885964
1885966
1885968
1885970
1885971
1885972
1885974
1885978
1885979
1885983
1885987
1885988
1885989
1885990
1885991
1885992
1885996
1885997
1885998
1885999
1886000
1886001
1886003
1886004
1886006
1886007
1886008
1886009
1886011
1886013
1886015
1886016
1886037
1886038
1886054
1886055
1886070
1886071
1886086
1886087
1886102
1886118
1886122
1886123
1886124
1886125
1886126
1886127
1886131
1886132
1886133
1886134
1886135
1886139
1886140
1886141
1886142
1886143
1886147
1886148
1886149
1886150
1886151
1886155
1886156
1886157
1886158
1886159
1886163
1886167
1886168
1886169
1886170
1886171
1886175
1886179
1886183
1886187
1886191
1886195
1886199
1886203
1886207
1886211
1886227
1886228
1886229
1886230
1886231
1886232
1886233
1886234
1886235
1886250
1886251
1886252
1886253
1886254
1886255
1886256
1886271
1886272
1886286
1886300
1886314
1886315
1886316
1886317
1886331
1886345
1886359
1886375
1886377
1886379
1886381
1886383
1886385
1886386
1886387
1886388
1886390
1886391
1886392
1886393
1886394
1886396
1886398
1886399
1886400
1886401
1886403
1886405
1886406
1886408
1886409
1886411
1886427
1886442
1886457
1886472
1886487
1886502
1886503
1886518
1886533
1886548
1886563
1886564
1886565
1886566
1886581
1886596
1886597
1886598
1886599
1886614
1886631
1886636
1886637
1886638
1886639
1886640
1886641
1886642
1886647
1886652
1886653
1886654
1886655
1886656
1886657
1886658
1886663
1886668
1886669
1886670
1886671
1886672
1886673
1886678
1886679
1886680
1886681
1886686
1886691
1886692
1886693
1886694
1886695
1886699
1886700
1886701
1886702
1886703
1886704
1886705
1886709
1886710
1886711
1886712
1886713
1886714
1886715
1886719
1886724
1886725
1886726
1886727
1886728
1886733
1886753
1886776
1886777
1886780
1886781
1886784
1886787
1886788
1886791
1886792
1886793
1886794
1886795
1886798
1886801
1886804
1886805
1886806
1886809
1886810
1886811
1886812
1886813
1886816
1886819
1886822
1886825
1886828
1886831
1886834
1886837
1886840
1886843
1886844
1886845
1886846
1886847
1886848
1886849
1886850
1886871
1886891
1886892
1886893
1886894
1886895
1886896
1886897
1886898
1886899
1886900
1886901
1886902
1886903
1886904
1886905
1886906
1886945
1886950
1886955
1886960
1886965
1886966
1886967
1886968
1886969
1886970
1886971
1886972
1886973
1886974
1886979
1886984
1886985
1886986
1886987
1886992
1886997
1887002
1887007
1887008
1887009
1887014
1887019
1887020
1887025
1887026
1887027
1887028
1887029
1887030
1887031
1887032
1887033
1887038
1887039
1887040
1887045
1887046
1887047
1887048
1887053
1887054
1887055
1887056
1887057
1887060
1887063
1887066
1887069
1887070
1887071
1887073
1887075
1887077
1887079
1887081
1887083
1887085
1887090
1887091
1887092
1887093
1887094
1887095
1887096
1887097
1887098
1887103
1887104
1887108
1887110
1887112
1887114
1887116
1887117
1887119
1887120
1887121
1887123
1887125
1887127
1887131
1887132
1887133
1887134
1887135
1887136
1887137
1887138
1887139
1887140
1887145
1887150
1887155
1887160
1887165
1887170
1887175
1887180
1887185
1887186
1887187
1887188
1887189
1887190
1887191
1887192
1887193
1887194
1887199
1887218
1887219
1887229
1887239
1887249
1887250
1887251
1887261
1887262
1887263
1887273
1887282
1887283
1887284
1887293
1887294
1887295
1887296
1887297
1887298
1887299
1887300
1887301
1887302
1887303
1887304
1887305
1887314
1887315
1887316
1887325
1887335
1887336
1887337
1887338
1887343
1887344
1887345
1887346
1887347
1887352
1887357
1887358
1887359
1887360
1887361
1887362
1887363
1887364
1887368
1887372
1887376
1887380
1887384
1887388
1887392
1887393
1887394
1887395
1887396
1887400
1887401
1887402
1887403
1887408
1887413
1887414
1887415
1887416
1887421
1887426
1887427
1887428
1887429
1887431
1887432
1887433
1887435
1887437
1887439
1887440
1887442
1887444
1887446
1887447
1887452
1887457
1887458
1887459
1887460
1887461
1887462
1887467
1887472
1887477
1887482
1887487
1887492
1887497
1887502
1887507
1887508
1887509
1887510
1887518
1887519
1887520
1887521
1887522
1887523
1887524
1887525
1887526
1887527
1887528
1887529
1887534
1887539
1887544
1887545
1887546
1887547
1887552
1887557
1887562
1887567
1887572
1887577
1887582
1887587
1887589
1887590
1887591
1887592
1887594
1887596
1887598
1887600
1887602
1887604
1887605
1887606
1887608
1887610
1887616
1887622
1887628
1887629
1887630
1887631
1887632
1887633
1887634
1887635
1887636
1887637
1887643
1887646
1887647
1887650
1887653
1887654
1887657
1887660
1887662
1887664
1887665
1887667
1887669
1887671
1887672
1887673
1887674
1887677
1887680
1887683
1887686
1887689
1887692
1887693
1887694
1887697
1887698
1887699
1887700
1887711
1887713
1887715
1887716
1887717
1887719
1887720
1887721
1887723
1887724
1887725
1887726
1887727
1887729
1887731
1887732
1887734
1887736
1887747
1887748
1887749
1887750
1887751
1887752
1887753
1887754
1887755
1887756
1887757
1887758
1887759
1887760
1887775
1887790
1887805
1887820
1887821
1887833
1887845
1887846
1887847
1887859
1887872
1887885
1887886
1887901
1887902
1887903
1887904
1887919
1887934
1887949
1888236
1888237
1888238
1888240
1888242
1888244
1888246
1888248
1888250
1888252
1888254
1888255
1888256
1888258
1888260
1888262
1888263
1888264
1888265
1888267
1888269
1888271
1888272
1888274
1888275
1888277
1888279
1888281
1888282
1888283
1888284
1888285
1888395
1888426
1888427
1888428
1888429
1888430
1888431
1888432
1888433
1888434
1888465
1888466
1888467
1888468
1888469
1888470
1888471
1888475
1888478
1888481
1888484
1888486
1888487
1888488
1888489
1888491
1888493
1888494
1888495
1888497
1888499
1888502
1888505
1888506
1888507
1888508
1888509
1888512
1888513
1888516
1888519
1888522
1888523
1888524
1888525
1888526
1888527
1888531
1888532
1888533
1888537
1888541
1888545
1888549
1888553
1888557
1888558
1888559
1888560
1888661
1888788
1888789
1888790
1888791
1888792
1888793
1888794
1888795
1888796
1888797
1888798
1888799
1888800
1888801
1888802
1888803
1888804
1888862
1888863
1888864
1888865
1888866
1888867
1888868
1888869
1888870
1888871
1888872
1888873
1888874
1888875
1888876
1888877
1888878
1888879
1888937
1889001
1889002
1889003
1889004
1889005
1889006
1889007
1889008
1889009
1889010
1889011
1889016
1889017
1889018
1889019
1889020
1889021
1889022
1889023
1889024
1889029
1889030
1889031
1889032
1889033
1889034
1889035
1889040
1889045
1889050
1889052
1889054
1889056
1889058
1889059
1889060
1889061
1889063
1889065
1889066
1889067
1889068
1889070
1889072
1889077
1889081
1889085
1889089
1889090
1889094
1889095
1889096
1889097
1889101
1889104
1889107
1889110
1889113
1889116
1889119
1889122
1889125
1889128
1889129
1889130
1889131
1889132
1889133
1889134
1889135
1889141
1889145
1889149
1889150
1889154
1889158
1889159
1889160
1889164
1889165
1889169
1889173
1889177
1889181
1889185
1889186
1889187
1889188
1889189
1889190
1889194
1889195
1889202
1889203
1889204
1889205
1889206
1889209
1889212
1889215
1889218
1889221
1889222
1889225
1889228
1889231
1889234
1889237
1889240
1889243
1889246
1889249
1889253
1889254
1889255
1889258
1889261
1889262
1889263
1889288
1889310
1889332
1889354
1889376
1889398
1889463
1889520
1889576
1889632
1889688
1889746
1889747
1889748
1889749
1889750
1889751
1889752
1889753
1889754
1889755
1889756
1889757
1889758
1889759
1889760
1889761
1889762
1889763
1889816
1889817
1889818
1889871
1890033
1890034
1890035
1890036
1890037
1890038
1890039
1890040
1890041
1890042
1890043
1890072
1890074
1890076
1890077
1890079
1890080
1890082
1890084
1890086
1890088
1890090
1890094
1890095
1890096
1890097
1890098
1890099
1890100
1890101
1890105
1890109
1890113
1890114
1890118
1890119
1890120
1890121
1890122
1890123
1890124
1890128
1890129
1890133
1890137
1890141
1890142
1890143
1890144
1890145
1890149
1890150
1890151
1890152
1890153
1890157
1890161
1890165
1890169
1890173
1890177
1890181
1890182
1890183
1890184
1890185
1890186
1890187
1890188
1890189
1890223
1890224
1890225
1890226
1890228
1890229
1890230
1890232
1890234
1890236
1890238
1890240
1890241
1890242
1890243
1890244
1890245
1890246
1890247
1890249
1890250
1890251
1890261
1890271
1890281
1890291
1890301
1890311
1890313
1890315
1890317
1890318
1890320
1890321
1890323
1890325
1890327
1890329
1890331
1890333
1890335
1890336
1890337
1890338
1890339
1890340
1890342
1890344
1890346
1890348
1890350
1890352
1890362
1890363
1890365
1890367
1890368
1890370
1890371
1890373
1890375
1890378
1890381
1890384
1890387
1890388
1890389
1890390
1890391
1890394
1890397
1890398
1890399
1890400
1890401
1890404
1890414
1890415
1890425
1890426
1890436
1890446
1890447
1890448
1890449
1890450
1890451
1890452
1890453
1890454
1890455
1890456
1890457
1890512
1890513
1890514
1890515
1890516
1890517
1890518
1890519
1890520
1890529
1890530
1890531
1890532
1890533
1890534
1890543
1890544
1890545
1890546
1890547
1890556
1890565
1890574
1890583
1890584
1890585
1890590
1890591
1890596
1890597
1890598
1890599
1890604
1890605
1890606
1890607
1890608
1890609
1890614
1890619
1890620
1890621
1890622
1890623
1890624
1890629
1890634
1890639
1890640
1890641
1890643
1890645
1890646
1890647
1890648
1890650
1890652
1890654
1890656
1890658
1890660
1890661
1890663
1890669
1890670
1890671
1890672
1890678
1890679
1890685
1890691
1890697
1890703
1890724
1890725
1890726
1890727
1890731
1890732
1890733
1890734
1890738
1890739
1890740
1890741
1890742
1890744
1890746
1890747
1890748
1890749
1890750
1890752
1890753
1890754
1890755
1890756
1890760
1890762
1890764
1890766
1890768
1890769
1890770
1890772
1890774
1890776
1890778
1890779
1890783
1890784
1890785
1890786
1890790
1890794
1890796
1890797
1890799
1890801
1890802
1890803
1890804
1890805
1890806
1890807
1890809
1890811
1890813
1890815
1890817
1890819
1890824
1890826
1890828
1890829
1890831
1890833
1890834
1890835
1890837
1890838
1890839
1890841
1890846
1890851
1890852
1890853
1890858
1890859
1890860
1890861
1890866
1890871
1890876
1890877
1890882
1890883
1890884
1890885
1890911
1890920
1890921
1890922
1890923
1890924
1890933
1890942
1890951
1890952
1890953
1890954
1890955
1890956
1890957
1890958
1890959
1890960
1890961
1890962
1890971
1890976
1890978
1890980
1890982
1890983
1890984
1890985
1890986
1890988
1890989
1890991
1890993
1890995
1890996
1890998
1890999
1891001
1891006
1891008
1891010
1891012
1891013
1891014
1891015
1891017
1891019
1891021
1891023
1891025
1891027
1891032
1891041
1891042
1891043
1891044
1891045
1891046
1891047
1891048
1891053
1891054
1891055
1891056
1891058
1891059
1891060
1891061
1891062
1891064
1891065
1891066
1891067
1891071
1891072
1891073
1891075
1891076
1891077
1891078
1891080
1891082
1891084
1891085
1891086
1891088
1891095
1891100
1891101
1891106
1891111
1891116
1891121
1891122
1891127
1891132
1891133
1891134
1891135
1891136
1891137
1891142
1891147
1891152
1891153
1891158
1891160
1891161
1891163
1891164
1891166
1891167
1891168
1891169
1891170
1891171
1891173
1891175
1891177
1891182
1891189
1891196
1891203
1891204
1891211
1891218
1891219
1891226
1891233
1891240
1891241
1891248
1891255
1891262
1891269
1891276
1891277
1891284
1891291
1891292
1891293
1891300
1891307
1891314
1891315
1891316
1891317
1891319
1891321
1891323
1891325
1891327
1891329
1891331
1891333
1891334
1891336
1891338
1891340
1891347
1891348
1891422
1891481
1891536
1891537
1891538
1891592
1891633
1891634
1891635
1891636
1891637
1891638
1891639
1891640
1891641
1891642
1891683
1891724
1891765
1891806
1891876
1891883
1891890
1891897
1891904
1891905
1891906
1891907
1891908
1891909
1891910
1891911
1891912
1891913
1891914
1891922
1891930
1891931
1891932
1891933
1891934
1891942
1891950
1891951
1891952
1891953
1891954
1891955
1891960
1891965
1891970
1891975
1891976
1891977
1891978
1891984
1891989
1891990
1891991
1891992
1891993
1891994
1891997
1891998
1892001
1892004
1892007
1892010
1892013
1892016
1892017
1892020
1892023
1892024
1892025
1892028
1892031
1892034
1892035
1892040
1892042
1892044
1892046
1892048
1892050
1892052
1892054
1892056
1892057
1892058
1892060
1892062
1892064
1892069
1892071
1892073
1892075
1892077
1892078
1892079
1892081
1892083
1892084
1892085
1892087
1892089
1892091
1892097
1892103
1892109
1892157
1892158
1892159
1892160
1892161
1892171
1892179
1892187
1892188
1892189
1892190
1892191
1892199
1892207
1892215
1892223
1892231
1892239
1892247
1892255
1892263
1892264
1892265
1892273
1892276
1892279
1892280
1892283
1892284
1892287
1892290
1892293
1892296
1892299
1892302
1892305
1892308
1892311
1892314
1892315
1892316
1892317
1892320
1892323
1892326
1892329
1892330
1892331
1892332
1892333
1892334
1892337
1892340
1892343
1892346
1892349
1892352
1892355
1892358
1892359
1892360
1892361
1892362
1892363
1892364
1892374
1892375
1892376
1892377
1892378
1892379
1892381
1892383
1892384
1892385
1892387
1892389
1892390
1892391
1892392
1892393
1892395
1892397
1892407
1892408
1892409
1892410
1892411
1892412
1892413
1892414
1892415
1892416
1892417
1892418
1892419
1892420
1892429
1892430
1892439
1892448
1892457
1892466
1892475
1892484
1892485
1892486
1892487
1892488
1892489
1892490
1892491
1892492
1892493
1892494
1892495
1892503
1892511
1892519
1892526
1892533
1892540
1892547
1892554
1892561
1892568
1892575
1892582
1892583
1892584
1892585
1892586
1892587
1892594
1892601
1892602
1892603
1892604
1892611
1892612
1892620
1892621
1892622
1892623
1892632
1892639
1892640
1892641
1892642
1892643
1892644
1892651
1892658
1892659
1892666
1892673
1892680
1892681
1892682
1892689
1892696
1892703
1892710
1892717
1892724
1892725
1892726
1892729
1892730
1892733
1892736
1892739
1892742
1892745
1892748
1892749
1892750
1892751
1892752
1892755
1892756
1892757
1892760
1892763
1892766
1892769
1892772
1892775
1892778
1892785
1892786
1892787
1892788
1892789
1892796
1892803
1892810
1892817
1892824
1892832
1892835
1892838
1892839
1892842
1892845
1892848
1892849
1892852
1892855
1892856
1892859
1892862
1892865
1892868
1892871
1892874
1892877
1892878
1892879
1892880
1892881
1892882
1892885
1892888
1892889
1892892
1892900
1892908
1892909
1892910
1892911
1892912
1892913
1892914
1892915
1892916
1892917
1892929
1892930
1892931
1892932
1892933
1892934
1892935
1892936
1892937
1892938
1892939
1892940
1892941
1892942
1892943
1892944
1893235
1893237
1893238
1893240
1893242
1893243
1893245
1893247
1893249
1893250
1893252
1893254
1893256
1893257
1893258
1893260
1893262
1893264
1893266
1893267
1893269
1893271
1893272
1893273
1893275
1893277
1893279
1893300
1893309
1893318
1893327
1893336
1893345
1893354
1893355
1893363
1893371
1893379
1893380
1893388
1893389
1893397
1893405
1893413
1893421
1893429
1893437
1893445
1893453
1893461
1893462
1893463
1893464
1893465
1893466
1893467
1893468
1893469
1893470
1893478
1893486
1893487
1893488
1893489
1893490
1893491
1893500
1893508
1893516
1893524
1893532
1893540
1893541
1893542
1893543
1893544
1893545
1893546
1893547
1893548
1893549
1893550
1893551
1893552
1893560
1893568
1893576
1893584
1893592
1893600
1893602
1893604
1893606
1893608
1893610
1893612
1893614
1893616
1893618
1893620
1893622
1893624
1893626
1893628
1893629
1893630
1893631
1893632
1893633
1893634
1893636
1893638
1893640
1893642
1893644
1893645
1893646
1893648
1893649
1893658
1893667
1893668
1893677
1893686
1893695
1893696
1893697
1893698
1893707
1893716
1893725
1893734
1893743
1893744
1893745
1893746
1893755
1893764
1893773
1893782
1893791
1893800
1893809
1893817
1893825
1893833
1893841
1893842
1893861
1893872
1893873
1893884
1893885
1893886
1893887
1893888
1893889
1893890
1893891
1893892
1893893
1893894
1893895
1893896
1893907
1893918
1893919
1893931
1893943
1893955
1893967
1893979
1893991
1893994
1893997
1894000
1894003
1894004
1894007
1894010
1894013
1894014
1894015
1894018
1894021
1894022
1894023
1894024
1894027
1894030
1894033
1894036
1894039
1894042
1894045
1894048
1894051
1894054
1894055
1894058
1894061
1894064
1894067
1894070
1894071
1894072
1894073
1894074
1894075
1894076
1894077
1894095
1894113
1894114
1894115
1894133
1894134
1894152
1894153
1894176
1894177
1894178
1894179
1894180
1894181
1894182
1894183
1894184
1894185
1894206
1894227
1894228
1894249
1894270
1894291
1894292
1894293
1894294
1894295
1894296
1894297
1894309
1894321
1894333
1894334
1894335
1894336
1894337
1894338
1894339
1894340
1894352
1894364
1894376
1894377
1894378
1894379
1894380
1894381
1894382
1894383
1894387
1894388
1894389
1894393
1894397
1894401
1894405
1894409
1894410
1894414
1894418
1894419
1894420
1894421
1894423
1894424
1894425
1894426
1894427
1894428
1894430
1894432
1894434
1894436
1894448
1894449
1894450
1894451
1894455
1894459
1894460
1894461
1894462
1894463
1894464
1894465
1894466
1894467
1894471
1894474
1894477
1894478
1894479
1894480
1894481
1894482
1894483
1894484
1894487
1894488
1894489
1894490
1894491
1894492
1894496
1894500
1894501
1894502
1894506
1894507
1894509
1894511
1894513
1894514
1894515
1894517
1894519
1894520
1894521
1894523
1894525
1894527
1894528
1894553
1894554
1894556
1894557
1894559
1894561
1894563
1894565
1894566
1894568
1894570
1894572
1894573
1894574
1894575
1894576
1894578
1894579
1894580
1894581
1894582
1894583
1894584
1894586
1894587
1894588
1894589
1894590
1894613
1894614
1894615
1894637
1894638
1894639
1894640
1894641
1894642
1894643
1894644
1894645
1894646
1894647
1894648
1894649
1894650
1894651
1894652
1895345
1895374
1895378
1895382
1895383
1895387
1895391
1895395
1895398
1895401
1895404
1895405
1895406
1895407
1895408
1895409
1895410
1895411
1895412
1895415
1895419
1895420
1895424
1895426
1895427
1895428
1895430
1895432
1895434
1895436
1895438
1895440
1895442
1895444
1895448
1895452
1895456
1895457
1895458
1895459
1895460
1895461
1895462
1895463
1895464
1895468
1895472
1895473
1895474
1895475
1895476
1895480
1895481
1895482
1895483
1895487
1895488
1895492
1895493
1895497
1895501
1895502
1895503
1895504
1895505
1895506
1895507
1895508
1895509
1895510
1895514
1895543
1895545
1895547
1895549
1895551
1895553
1895554
1895555
1895557
1895559
1895561
1895563
1895565
1895567
1895569
1895570
1895572
1895573
1895575
1895577
1895579
1895581
1895583
1895605
1895627
1895650
1895673
1895674
1895675
1895676
1895677
1895678
1895680
1895681
1895682
1895684
1895685
1895686
1895687
1895688
1895689
1895691
1895693
1895695
1895696
1895697
1895699
1895700
1895701
1895702
1895703
1895704
1895739
1895741
1895743
1895745
1895747
1895749
1895751
1895753
1895755
1895757
1895758
1895760
1895762
1895764
1895766
1895768
1895770
1895771
1895772
1895773
1895774
1895776
1895778
1895780
1895781
1895782
1895784
1895786
1895787
1895788
1895790
1895792
1895794
1895830
1895831
1895832
1895833
1895834
1895835
1895836
1895837
1895838
1895839
1895840
1895841
1895842
1895843
1895844
1895845
1895846
1895847
1895848
1895849
1895850
1895851
1895885
1895919
1895939
1895940
1895942
1895943
1895944
1895946
1895947
1895948
1895950
1895951
1895952
1895954
1895956
1895957
1895958
1895959
1895961
1895963
1895964
1895966
1895968
1895970
1895972
1895988
1896005
1896006
1896007
1896008
1896009
1896010
1896011
1896027
1896043
1896059
1896060
1896077
1896094
1896111
1896128
1896145
1896146
1896163
1896164
1896181
1896212
1896249
1896250
1896251
1896252
1896253
1896254
1896255
1896256
1896257
1896258
1896259
1896260
1896261
1896262
1896263
1896264
1896265
1896266
1896283
1896298
1896313
1896314
1896315
1896316
1896317
1896318
1896319
1896320
1896321
1896322
1896323
1896324
1896325
1896326
1896341
1896356
1896357
1896358
1896359
1896374
1896375
1896376
1896377
1896392
1896393
1896409
1896410
1896411
1896412
1896413
1896414
1896415
1896429
1896443
1896457
1896471
1896485
1896499
1896513
1896527
1896541
1896555
1896569
1896583
1896584
1896598
1896612
1896613
1896614
1896615
1896616
1896617
1896618
1896635
1896652
1896669
1896670
1896687
1896706
1896724
1896742
1896760
1896778
1896796
1896797
1896798
1896816
1896835
1896853
1896875
1896876
1896877
1896878
1896879
1896882
1896883
1896884
1896885
1896886
1896887
1896888
1896889
1896892
1896893
1896894
1896895
1896896
1896901
1896904
1896907
1896910
1896913
1896914
1896915
1896918
1896921
1896922
1896923
1896924
1896925
1896926
1896927
1896928
1896929
1896932
1896935
1896938
1896941
1896944
1896945
1896946
1896947
1896948
1896949
1896950
1896951
1896966
1896967
1896968
1896970
1896971
1896973
1896975
1896977
1896979
1896981
1896983
1896985
1896987
1896989
1896990
1896991
1896993
1896994
1896995
1896997
1896998
1896999
1897000
1897001
1897015
1897029
1897043
1897044
1897058
1897077
1897078
1897079
1897080
1897082
1897084
1897086
1897087
1897088
1897090
1897091
1897092
1897094
1897095
1897096
1897098
1897100
1897101
1897103
1897104
1897105
1897106
1897108
1897127
1897145
1897185
1897188
1897191
1897194
1897197
1897200
1897203
1897206
1897209
1897212
1897213
1897216
1897219
1897222
1897225
1897228
1897231
1897234
1897235
1897238
1897241
1897244
1897247
1897248
1897251
1897254
1897255
1897256
1897257
1897258
1897261
1897264
1897265
1897268
1897271
1897274
1897277
1897280
1897283
1897286
1897289
1897290
1897299
1897306
1897313
1897320
1897327
1897334
1897335
1897342
1897349
1897350
1897357
1897364
1897366
1897367
1897368
1897369
1897370
1897372
1897374
1897376
1897378
1897381
1897383
1897385
1897387
1897388
1897389
1897391
1897393
1897395
1897397
1897400
1897401
1897402
1897403
1897404
1897407
1897408
1897417
1897418
1897419
1897420
1897421
1897422
1897423
1897424
1897446
1897447
1897448
1897449
1897450
1897451
1897452
1897453
1897454
1897455
1897456
1897457
1897471
1897472
1897473
1897474
1897475
1897476
1897490
1897504
1897505
1897506
1897520
1897534
1897548
1897562
1897576
1897577
1897591
1897592
1897593
1897594
1897608
1897622
1897623
1897637
1897651
1897666
1897676
1897686
1897687
1897697
1897698
1897699
1897700
1897701
1897702
1897703
1897704
1897705
1897714
1897724
1897726
1897728
1897730
1897732
1897734
1897736
1897738
1897740
1897742
1897744
1897745
1897746
1897747
1897748
1897749
1897750
1897752
1897754
1897756
1897758
1897760
1897762
1897770
1897778
1897786
1897787
1897788
1897789
1897790
1897791
1897792
1897793
1897794
1897795
1897796
1897797
1897805
1897813
1897814
1897822
1897830
1897838
1897846
1897856
1897857
1897859
1897861
1897862
1897864
1897866
1897868
1897869
1897871
1897872
1897873
1897875
1897877
1897879
1897881
1897883
1897885
1897887
1897889
1897890
1897900
1897901
1897902
1897903
1897904
1897905
1897906
1897907
1897908
1897909
1897913
1897917
1897921
1897922
1897926
1897930
1897931
1897932
1897933
1897934
1897935
1897936
1897937
1897941
1897942
1897943
1897944
1897945
1897946
1897947
1897949
1897951
1897952
1897953
1897957
1897961
1897962
1897963
1897967
1897971
1898042
1898043
1898044
1898045
1898046
1898047
1898048
1898049
1898050
1898054
1898058
1898059
1898060
1898061
1898062
1898063
1898064
1898065
1898069
1898073
1898074
1898075
1898079
1898083
1898084
1898085
1898086
1898087
1898088
1898091
1898092
1898093
1898096
1898099
1898102
1898105
1898109
1898113
1898117
1898121
1898125
1898126
1898127
1898141
1898145
1898149
1898153
1898154
1898155
1898156
1898160
1898164
1898168
1898169
1898170
1898171
1898172
1898176
1898180
1898184
1898188
1898192
1898193
1898197
1898201
1898205
1898209
1898210
1898214
1898218
1898222
1898226
1898231
1898236
1898241
1898242
1898244
1898245
1898247
1898249
1898250
1898252
1898254
1898256
1898257
1898258
1898259
1898261
1898262
1898267
1898268
1898269
1898270
1898271
1898272
1898273
1898278
1898279
1898280
1898281
1898282
1898283
1898284
1898285
1898286
1898287
1898288
1898289
1898294
1898299
1898304
1898309
1898314
1898319
1898324
1898329
1898334
1898338
1898342
1898346
1898350
1898351
1898355
1898356
1898360
1898361
1898365
1898366
1898367
1898368
1898369
1898370
1898371
1898372
1898376
1898396
1898414
1898432
1898433
1898434
1898453
1898472
1898490
1898508
1898509
1898510
1898528
1898547
1898566
1898585
1898586
1898605
1898625
1898643
1898644
1898645
1898646
1898647
1898648
1898649
1898650
1898651
1898652
1898653
1898654
1898655
1898656
1898682
1898701
1898720
1898739
1898758
1898759
1898778
1898797
1898811
1898812
1898813
1898814
1898815
1898816
1898817
1898818
1898832
1898833
1898834
1898835
1898836
1898837
1898851
1898865
1898879
1898893
1898907
1898921
1898935
1898949
1898963
1898977
1898978
1898979
1898980
1898981
1898982
1898997
1899002
1899007
1899008
1899009
1899014
1899019
1899024
1899029
1899030
1899035
1899036
1899037
1899038
1899039
1899040
1899041
1899046
1899051
1899052
1899053
1899054
1899055
1899056
1899057
1899058
1899059
1899064
1899069
1899074
1899075
1899080
1899085
1899088
1899091
1899094
1899097
1899100
1899103
1899106
1899109
1899111
1899112
1899114
1899116
1899118
1899119
1899121
1899123
1899126
1899131
1899136
1899137
1899138
1899143
1899148
1899153
1899158
1899163
1899168
1899173
1899178
1899183
1899188
1899193
1899198
1899213
1899214
1899215
1899218
1899221
1899224
1899227
1899228
1899229
1899230
1899233
1899234
1899235
1899238
1899239
1899240
1899243
1899244
1899245
1899246
1899249
1899250
1899251
1899252
1899253
1899254
1899255
1899256
1899259
1899262
1899265
1899266
1899269
1899272
1899275
1899278
1899281
1899296
1899297
1899298
1899299
1899300
1899301
1899302
1899303
1899304
1899324
1899325
1899326
1899327
1899328
1899335
1899337
1899338
1899340
1899342
1899343
1899344
1899345
1899347
1899349
1899351
1899353
1899355
1899357
1899359
1899361
1899368
1899374
1899375
1899376
1899377
1899378
1899379
1899385
1899391
1899397
1899403
1899409
1899415
1899421
1899427
1899433
1899439
1899445
1899446
1899447
1899448
1899449
1899455
1899461
1899467
1899473
1899479
1899480
1899486
1899492
1899498
1899505
1899512
1899519
1899526
1899534
1899536
1899537
1899538
1899540
1899542
1899544
1899546
1899548
1899550
1899552
1899554
1899556
1899558
1899560
1899562
1899569
1899571
1899573
1899574
1899576
1899578
1899580
1899581
1899582
1899583
1899584
1899585
1899589
1899593
1899597
1899601
1899605
1899606
1899607
1899608
1899609
1899610
1899611
1899612
1899613
1899614
1899615
1899619
1899623
1899624
1899625
1899626
1899627
1899628
1899629
1899633
1899634
1899638
1899639
1899640
1899644
1899645
1899646
1899650
1899654
1899655
1899656
1899657
1899658
1899662
1899666
1899670
1899681
1899691
1899701
1899702
1899703
1899704
1899714
1899715
1899716
1899725
1899734
1899743
1899744
1899753
1899754
1899755
1899756
1899757
1899758
1899759
1899760
1899761
1899762
1899763
1899772
1899773
1899774
1899784
1899794
1899795
1899796
1899797
1899798
1899799
1899800
1899801
1899802
1899803
1899804
1899859
1899860
1899861
1899862
1899863
1899864
1899865
1899866
1899867
1899868
1899869
1899870
1899871
1899872
1899873
1899874
1899875
1899876
1900237
1900238
1900456
1900457
1900458
1900459
1900460
1900461
1900462
1900463
1900679
1900680
1900681
1900682
1900683
1900684
1900685
1900686
1900904
1900905
1901134
1901135
1901136
1901160
1901184
1901208
1901232
1901256
1901257
1901258
1901259
1901284
1901309
1901310
1901335
1901336
1901337
1901338
1901363
1901388
1901414
1901434
1901435
1901455
1901475
1901476
1901496
1901516
1901536
1901556
1901576
1901596
1901616
1901617
1901637
1901638
1901658
1901685
1901686
1901687
1901704
1901720
1901736
1901752
1901768
1901784
1901802
1901804
1901806
1901808
1901810
1901812
1901814
1901816
1901818
1901820
1901822
1901823
1901824
1901825
1901826
1901827
1901829
1901831
1901833
1901834
1901836
1901838
1901840
1901842
1901844
1901845
1901846
1901848
1901866
1901867
1901877
1901879
1901880
1901881
1901883
1901885
1901887
1901889
1901891
1901893
1901894
1901895
1901897
1901899
1901900
1901902
1901904
1901905
1901906
1901908
1901910
1901919
1901920
1901921
1901922
1901931
1901932
1901933
1901934
1901936
1901938
1901939
1901940
1901942
1901944
1901946
1901948
1901950
1901952
1901954
1901956
1901958
1901967
1901976
1901981
1901986
1901987
1901988
1901989
1901993
1901994
1901995
1901996
1902001
1902002
1902007
1902012
1902017
1902022
1902023
1902024
1902025
1902030
1902032
1902033
1902034
1902035
1902036
1902038
1902039
1902040
1902042
1902043
1902044
1902049
1902066
1902067
1902072
1902073
1902074
1902075
1902076
1902077
1902082
1902087
1902092
1902097
1902102
1902103
1902104
1902105
1902110
1902111
1902112
1902113
1902114
1902115
1902118
1902119
1902120
1902121
1902122
1902123
1902126
1902129
1902132
1902135
1902138
1902139
1902140
1902141
1902144
1902149
1902153
1902154
1902155
1902156
1902157
1902158
1902159
1902163
1902167
1902171
1902172
1902173
1902174
1902175
1902176
1902180
1902181
1902185
1902189
1902190
1902191
1902192
1902193
1902194
1902195
1902196
1902197
1902198
1902219
1902227
1902235
1902236
1902237
1902238
1902239
1902247
1902255
1902263
1902264
1902272
1902273
1902274
1902275
1902283
1902291
1902293
1902294
1902296
1902298
1902300
1902301
1902303
1902305
1902307
1902309
1902311
1902313
1902315
1902322
1902330
1902338
1902340
1902342
1902344
1902346
1902348
1902350
1902352
1902354
1902356
1902357
1902358
1902359
1902361
1902363
1902365
1902367
1902369
1902371
1902373
1902375
1902377
1902378
1902380
1902381
1902382
1902383
1902402
1902403
1902421
1902422
1902423
1902424
1902425
1902426
1902427
1902428
1902429
1902430
1902431
1902432
1902433
1902434
1902435
1902436
1902464
1902491
1902511
1902512
1902513
1902514
1902515
1902516
1902517
1902518
1902519
1902520
1902521
1902522
1902547
1902548
1902549
1902550
1902551
1902576
1902577
1902578
1902579
1902580
1902619
1902627
1902628
1902629
1902637
1902645
1902653
1902654
1902655
1902663
1902671
1902679
1902681
1902682
1902684
1902685
1902686
1902687
1902688
1902690
1902692
1902694
1902696
1902698
1902700
1902702
1902704
1902705
1902706
1902708
1902710
1902712
1902714
1902722
1902730
1902731
1902732
1902740
1902748
1902749
1902750
1902751
1902752
1902753
1902754
1902755
1902756
1902757
1902758
1902759
1902760
1902761
1902768
1902775
1902782
1902789
1902797
1902798
1902799
1902800
1902801
1902809
1902817
1902825
1902833
1902841
1902849
1902857
1902865
1902866
1902867
1902868
1902876
1902911
1902912
1902913
1902914
1902915
1902916
1902917
1902920
1902923
1902926
1902929
1902932
1902935
1902938
1902941
1902942
1902945
1902946
1902947
1902948
1902949
1902950
1902951
1902954
1902957
1902959
1902961
1902963
1902965
1902967
1902969
1902970
1902972
1902973
1902975
1902977
1902979
1902982
1902985
1902986
1902989
1902992
1902993
1902994
1902995
1902996
1902997
1902998
1903001
1903004
1903007
1903010
1903011
1903012
1903014
1903016
1903018
1903020
1903022
1903024
1903026
1903028
1903029
1903032
1903035
1903038
1903040
1903042
1903043
1903044
1903045
1903047
1903049
1903051
1903052
1903053
1903054
1903056
1903059
1903160
1903161
1903162
1903163
1903164
1903165
1903166
1903167
1903168
1903169
1903170
1903243
1903244
1903245
1903246
1903247
1903248
1903249
1903250
1903251
1903252
1903253
1903254
1903255
1903256
1903257
1903258
1903259
1903260
1903261
1903262
1903339
1903397
1903455
1903456
1903515
1903516
1903517
1903518
1903519
1903578
1903627
1903676
1903723
1903724
1903725
1903726
1903727
1903728
1903729
1903776
1903823
1903869
1903916
1903963
1904009
1904056
1904057
1904058
1904059
1904106
1904153
1904225
1904226
1904227
1904302
1904303
1904369
1904370
1904436
1904502
1904503
1904592
1904593
1904594
1904595
1904597
1904599
1904600
1904601
1904603
1904604
1904605
1904606
1904607
1904608
1904610
1904612
1904614
1904616
1904617
1904618
1904620
1904621
1904623
1904624
1904626
1904628
1904630
1904632
1904633
1904635
1904637
1904638
1904640
1904642
1904643
1904645
1904692
1904695
1904698
1904701
1904704
1904707
1904708
1904709
1904710
1904711
1904714
1904715
1904716
1904717
1904718
1904719
1904720
1904721
1904724
1904725
1904726
1904727
1904730
1904733
1904736
1904737
1904740
1904741
1904742
1904743
1904744
1904745
1904746
1904749
1904752
1904753
1904754
1904755
1904758
1904761
1904762
1904763
1904764
1904765
1905222
1905253
1905254
1905285
1905316
1905347
1905378
1905411
1905412
1905413
1905446
1905447
1905448
1905449
1905450
1905451
1905452
1905453
1905454
1905455
1905456
1905457
1905458
1905459
1905460
1905495
1905496
1905497
1905498
1905499
1905500
1905501
1905536
1905537
1905538
1905539
1905540
1905541
1905542
1905580
1905606
1905607
1905608
1905609
1905610
1905611
1905612
1905639
1905640
1905641
1905642
1905643
1905644
1905645
1905646
1905647
1905648
1905649
1905676
1905677
1905679
1905680
1905682
1905683
1905685
1905687
1905688
1905690
1905692
1905693
1905694
1905696
1905698
1905700
1905702
1905704
1905706
1905708
1905710
1905742
1905743
1905744
1905759
1905774
1905775
1905776
1905791
1905792
1905793
1905794
1905809
1905823
1905824
1905825
1905839
1905853
1905867
1905868
1905882
1905883
1905897
1905911
1905925
1905939
1905953
1905967
1905981
1905995
1906009
1906023
1906037
1906051
1906065
1906079
1906093
1906094
1906108
1906123
1906138
1906153
1906154
1906155
1906156
1906157
1906158
1906159
1906160
1906175
1906190
1906205
1906220
1906241
1906245
1906246
1906247
1906248
1906249
1906253
1906257
1906259
1906261
1906263
1906264
1906266
1906268
1906269
1906271
1906273
1906275
1906277
1906281
1906282
1906283
1906284
1906285
1906289
1906293
1906297
1906301
1906305
1906309
1906310
1906311
1906312
1906313
1906314
1906315
1906319
1906323
1906324
1906325
1906326
1906327
1906328
1906329
1906333
1906337
1906338
1906339
1906343
1906358
1906359
1906360
1906361
1906362
1906363
1906378
1906393
1906408
1906409
1906410
1906411
1906412
1906413
1906414
1906428
1906442
1906443
1906444
1906445
1906446
1906447
1906461
1906462
1906463
1906464
1906493
1906494
1906520
1906521
1906522
1906523
1906524
1906525
1906526
1906527
1906529
1906531
1906533
1906535
1906537
1906538
1906540
1906541
1906542
1906543
1906544
1906546
1906548
1906549
1906550
1906551
1906553
1906554
1906556
1906558
1906559
1906561
1906563
1906565
1906567
1906568
1906569
1906570
1906571
1906572
1906573
1906598
1906621
1906644
1906667
1906668
1906669
1906670
1906671
1906672
1906673
1906697
1906720
1906721
1906722
1906745
1906772
1906773
1906799
1906825
1906852
1906878
1906904
1906930
1906965
1906966
1906967
1906968
1906994
1906995
1907020
1907021
1907022
1907048
1907069
1907090
1907091
1907112
1907133
1907153
1907173
1907174
1907195
1907216
1907237
1907263
1907289
1907315
1907350
1907351
1907352
1907353
1907354
1907355
1907356
1907362
1907368
1907370
1907372
1907374
1907375
1907376
1907377
1907379
1907380
1907381
1907382
1907384
1907386
1907388
1907390
1907391
1907392
1907393
1907399
1907405
1907411
1907412
1907413
1907414
1907415
1907416
1907417
1907418
1907425
1907426
1907427
1907428
1907429
1907430
1907437
1907444
1907451
1907458
1907459
1907465
1907466
1907467
1907468
1907474
1907480
1907481
1907482
1907488
1907489
1907495
1907501
1907507
1907513
1907519
1907525
1907530
1907535
1907540
1907545
1907550
1907555
1907560
1907565
1907570
1907571
1907572
1907573
1907578
1907583
1907588
1907593
1907598
1907603
1907604
1907609
1907610
1907615
1907616
1907617
1907618
1907619
1907620
1907621
1907622
1907627
1907632
1907637
1907642
1907647
1907648
1907649
1907650
1907651
1907652
1907653
1907658
1907659
1907660
1907661
1907666
1907671
1907676
1907681
1907686
1907691
1907696
1907697
1907703
1907704
1907705
1907706
1907707
1907713
1907719
1907720
1907726
1907749
1907751
1907753
1907754
1907755
1907756
1907758
1907760
1907762
1907764
1907766
1907768
1907770
1907771
1907772
1907774
1907776
1907778
1907780
1907782
1907783
1907784
1907785
1907787
1907804
1907805
1907806
1907823
1907840
1907857
1907874
1907892
1907896
1907900
1907904
1907908
1907912
1907916
1907920
1907924
1907928
1907929
1907930
1907934
1907935
1907936
1907937
1907938
1907939
1907940
1907941
1907945
1907946
1907947
1907948
1907949
1907950
1907954
1907958
1907959
1907961
1907962
1907963
1907964
1907966
1907968
1907969
1907970
1907971
1907972
1907973
1907974
1907978
1907982
1907986
1907988
1907990
1907991
1907993
1907995
1907997
1907999
1908000
1908001
1908003
1908005
1908007
1908040
1908066
1908092
1908118
1908119
1908120
1908121
1908122
1908148
1908174
1908201
1908228
1908255
1908256
1908283
1908310
1908311
1908337
1908363
1908390
1908391
1908418
1908445
1908490
1908491
1908492
1908528
1908556
1908557
1908558
1908559
1908560
1908588
1908589
1908590
1908591
1908627
1908663
1908699
1908735
1908770
1908806
1908841
1908876
1908913
1908914
1908915
1908916
1908917
1908957
1908958
1908959
1908960
1908961
1908962
1908963
1908964
1908965
1908966
1908967
1908968
1908969
1908970
1908971
1908972
1908973
1908974
1909014
1909017
1909018
1909021
1909024
1909027
1909030
1909031
1909032
1909033
1909034
1909035
1909036
1909037
1909039
1909041
1909043
1909044
1909045
1909047
1909050
1909054
1909055
1909056
1909057
1909058
1909061
1909064
1909067
1909068
1909069
1909070
1909071
1909072
1909073
1909074
1909077
1909080
1909083
1909084
1909087
1909090
1909091
1909094
1909097
1909100
1909101
1909102
1909103
1909104
1909105
1909106
1909107
1909110
1909111
1909112
1909115
1909118
1909159
1909160
1909199
1909238
1909239
1909240
1909241
1909242
1909281
1909300
1909301
1909306
1909307
1909312
1909317
1909322
1909327
1909332
1909337
1909338
1909339
1909340
1909341
1909342
1909343
1909348
1909353
1909358
1909363
1909368
1909373
1909378
1909383
1909388
1909393
1909394
1909399
1909404
1909405
1909407
1909408
1909410
1909412
1909414
1909416
1909417
1909418
1909420
1909421
1909422
1909424
1909425
1909426
1909427
1909432
1909437
1909442
1909447
1909448
1909453
1909458
1909463
1909468
1909469
1909470
1909475
1909487
1909499
1909511
1909523
1909525
1909526
1909527
1909528
1909529
1909530
1909532
1909533
1909534
1909535
1909536
1909537
1909538
1909540
1909541
1909542
1909543
1909544
1909545
1909546
1909547
1909549
1909550
1909551
1909552
1909554
1909555
1909557
1909558
1909560
1909562
1909564
1909566
1909578
1909580
1909582
1909584
1909586
1909588
1909589
1909590
1909592
1909594
1909595
1909596
1909597
1909598
1909600
1909602
1909604
1909606
1909626
1909644
1909662
1909680
1909698
1909701
1909702
1909703
1909704
1909705
1909708
1909711
1909714
1909717
1909720
1909723
1909726
1909729
1909732
1909733
1909734
1909735
1909738
1909741
1909742
1909743
1909746
1909749
1909750
1909751
1909754
1909755
1909758
1909761
1909764
1909765
1909766
1909769
1909770
1909771
1909772
1909773
1909776
1909777
1909778
1909781
1909784
1909802
1909804
1909806
1909808
1909810
1909811
1909812
1909814
1909816
1909818
1909819
1909820
1909821
1909823
1909824
1909825
1909826
1909828
1909830
1909852
1909853
1909854
1909855
1909856
1909857
1909878
1909899
1909920
1909941
1909962
1909983
1910019
1910020
1910021
1910022
1910023
1910024
1910025
1910026
1910027
1910028
1910029
1910030
1910050
1910051
1910070
1910089
1910108
1910127
1910146
1910165
1910166
1910185
1910204
1910223
1910242
1910244
1910245
1910246
1910248
1910249
1910251
1910253
1910255
1910257
1910259
1910260
1910262
1910264
1910266
1910268
1910269
1910270
1910272
1910274
1910275
1910276
1910295
1910296
1910297
1910298
1910299
1910300
1910301
1910303
1910304
1910305
1910307
1910309
1910312
1910313
1910314
1910315
1910316
1910317
1910318
1910321
1910322
1910323
1910324
1910325
1910328
1910331
1910334
1910337
1910340
1910343
1910346
1910349
1910352
1910355
1910358
1910361
1910364
1910388
1910389
1910393
1910394
1910395
1910397
1910398
1910399
1910401
1910403
1910405
1910407
1910408
1910409
1910411
1910413
1910414
1910416
1910420
1910421
1910422
1910423
1910427
1910431
1910432
1910436
1910437
1910441
1910445
1910449
1910453
1910457
1910461
1910465
1910469
1910473
1910477
1910478
1910482
1910483
1910484
1910485
1910486
1910487
1910488
1910489
1910490
1910494
1910495
1910499
1910503
1910507
1910508
1910509
1910510
1910610
1910652
1910694
1910695
1910696
1910697
1910698
1910699
1910700
1910701
1910702
1910703
1910704
1910705
1910706
1910707
1910708
1910709
1910710
1910711
1910712
1910713
1910714
1910715
1910716
1910754
1910791
1910828
1910865
1910902
1910903
1910904
1910905
1910906
1910907
1910908
1910909
1910910
1910911
1910912
1910913
1910914
1910915
1910916
1910954
1910955
1910956
1910957
1910958
1910989
1910990
1911021
1911045
1911069
1911093
1911117
1911120
1911121
1911122
1911123
1911124
1911125
1911126
1911129
1911132
1911135
1911138
1911139
1911140
1911143
1911144
1911147
1911150
1911153
1911154
1911155
1911156
1911158
1911160
1911161
1911162
1911163
1911164
1911165
1911168
1911171
1911172
1911175
1911178
1911181
1911184
1911187
1911190
1911191
1911192
1911230
1911231
1911232
1911233
1911234
1911235
1911236
1911269
1911304
1911305
1911306
1911307
1911308
1911309
1911310
1911343
1911378
1911413
1911447
1911482
1911483
1911484
1911485
1911486
1911487
1911488
1911522
1911556
1911590
1911626
1911669
1911672
1911673
1911676
1911679
1911682
1911683
1911684
1911685
1911688
1911691
1911692
1911693
1911696
1911697
1911698
1911699
1911700
1911703
1911706
1911707
1911708
1911709
1911710
1911713
1911714
1911715
1911718
1911721
1911724
1911727
1911728
1911729
1911730
1911731
1911732
1911733
1911734
1911737
1911738
1911739
1911740
1911743
1911744
1911745
1911746
1911747
1911750
1911753
1911754
1911755
1911756
1911757
1911758
1911759
1911834
1911851
1911867
1911868
1911869
1911870
1911871
1911872
1911873
1911874
1911875
1911876
1911877
1911878
1911879
1911880
1911881
1911897
1911898
1911914
1911929
1911944
1911960
1911961
1911962
1911963
1911964
1911981
1911982
1911983
1911984
1911985
1911986
1911987
1912004
1912021
1912038
1912039
1912040
1912041
1912042
1912043
1912044
1912045
1912046
1912047
1912064
1912083
1912087
1912091
1912095
1912096
1912097
1912098
1912102
1912106
1912107
1912108
1912109
1912110
1912111
1912112
1912113
1912114
1912115
1912119
1912123
1912127
1912131
1912135
1912136
1912137
1912141
1912142
1912143
1912147
1912148
1912149
1912150
1912151
1912152
1912156
1912160
1912169
1912178
1912187
1912188
1912189
1912190
1912191
1912192
1912193
1912194
1912203
1912212
1912221
1912222
1912232
1912233
1912234
1912235
1912236
1912237
1912238
1912239
1912240
1912241
1912242
1912243
1912244
1912245
1912256
1912266
1912276
1912277
1912287
1912297
1912307
1912317
1912327
1912337
1912338
1912348
1912358
1912359
1912369
1912370
1912373
1912376
1912377
1912378
1912381
1912384
1912385
1912386
1912387
1912388
1912391
1912392
1912393
1912394
1912395
1912398
1912401
1912404
1912407
1912408
1912411
1912414
1912417
1912418
1912419
1912421
1912422
1912423
1912425
1912427
1912429
1912431
1912432
1912434
1912452
1912456
1912458
1912460
1912462
1912464
1912466
1912468
1912470
1912472
1912473
1912474
1912478
1912482
1912483
1912484
1912485
1912489
1912493
1912497
1912501
1912505
1912509
1912513
1912517
1912521
1912525
1912526
1912527
1912528
1912529
1912530
1912534
1912535
1912536
1912537
1912538
1912539
1912554
1912558
1912559
1912560
1912561
1912562
1912566
1912567
1912568
1912569
1912570
1912571
1912575
1912579
1912580
1912581
1912585
1912586
1912587
1912588
1912592
1912593
1912594
1912595
1912599
1912603
1912607
1912611
1912615
1912619
1912623
1912627
1912642
1912656
1912670
1912684
1912685
1912686
1912687
1912688
1912689
1912690
1912691
1912692
1912693
1912694
1912695
1912696
1912710
1912712
1912713
1912715
1912716
1912718
1912720
1912722
1912724
1912726
1912727
1912728
1912729
1912731
1912733
1912735
1912737
1912739
1912740
1912742
1912744
1912745
1912747
1912749
1912767
1912785
1912786
1912886
1912889
1912892
1912893
1912894
1912895
1912896
1912897
1912898
1912901
1912904
1912907
1912910
1912911
1912914
1912915
1912916
1912917
1912918
1912921
1912924
1912927
1912930
1912933
1912934
1912935
1912938
1912941
1912944
1912947
1912948
1912949
1912952
1912955
1912958
1912961
1912962
1912965
1912966
1912967
1912968
1912981
1912982
1912983
1912985
1912987
1912989
1912991
1912993
1912995
1912997
1912999
1913001
1913002
1913003
1913005
1913007
1913009
1913011
1913013
1913015
1913017
1913019
1913021
1913023
1913025
1913026
1913027
1913029
1913031
1913032
1913033
1913046
1913051
1913056
1913061
1913066
1913071
1913072
1913073
1913074
1913079
1913080
1913085
1913086
1913087
1913092
1913093
1913094
1913095
1913100
1913105
1913106
1913111
1913112
1913113
1913118
1913123
1913124
1913125
1913126
1913127
1913128
1913129
1913134
1913139
1913140
1913145
1913146
1913151
1913164
1913165
1913166
1913167
1913168
1913169
1913170
1913171
1913202
1913224
1913246
1913263
1913280
1913297
1913314
1913315
1913332
1913333
1913334
1913335
1913352
1913353
1913354
1913372
1913373
1913374
1913375
1913376
1913377
1913378
1913379
1913380
1913381
1913392
1913393
1913404
1913415
1913426
1913427
1913438
1913449
1913460
1913471
1913472
1913473
1913474
1913475
1913479
1913480
1913481
1913482
1913483
1913484
1913485
1913489
1913490
1913491
1913492
1913493
1913494
1913495
1913496
1913497
1913498
1913502
1913506
1913510
1913514
1913515
1913516
1913517
1913518
1913522
1913523
1913524
1913525
1913529
1913530
1913534
1913538
1913542
1913546
1913547
1913565
1913566
1913567
1913570
1913572
1913573
1913575
1913577
1913578
1913580
1913582
1913583
1913584
1913586
1913588
1913590
1913591
1913593
1913594
1913596
1913598
1913600
1913601
1913602
1913604
1913606
1913607
1913608
1913609
1913610
1913612
1913613
1913615
1913617
1913619
1913621
1913622
1913623
1913625
1913626
1913627
1913628
1913629
1913649
1913650
1913669
1913687
1913704
1913721
1913738
1913755
1913772
1913789
1913806
1913807
1913808
1913809
1913810
1913828
1913846
1913864
1913865
1913866
1913867
1913868
1913869
1913889
1913908
1913909
1913928
1913947
1913966
1913967
1913986
1914004
1914021
1914038
1914055
1914073
1914074
1914075
1914076
1914091
1914106
1914124
1914126
1914128
1914130
1914131
1914132
1914133
1914134
1914136
1914138
1914140
1914142
1914144
1914146
1914148
1914150
1914152
1914154
1914156
1914157
1914158
1914160
1914254
1914256
1914258
1914260
1914262
1914264
1914266
1914268
1914270
1914272
1914274
1914275
1914276
1914278
1914279
1914280
1914281
1914283
1914284
1914286
1914288
1914289
1914290
1914292
1914294
1914295
1914297
1914298
1914299
1914416
1914426
1914436
1914446
1914456
1914458
1914460
1914462
1914464
1914466
1914467
1914468
1914469
1914470
1914472
1914473
1914475
1914477
1914479
1914481
1914483
1914485
1914487
1914489
1914492
1914494
1914496
1914498
1914500
1914502
1914504
1914506
1914508
1914510
1914512
1914514
1914516
1914526
1914527
1914528
1914529
1914539
1914549
1914550
1914551
1914552
1914553
1914554
1914555
1914564
1914565
1914574
1914583
1914592
1914601
1914602
1914603
1914613
1914615
1914616
1914617
1914619
1914621
1914623
1914624
1914625
1914627
1914628
1914629
1914630
1914631
1914632
1914633
1914635
1914637
1914638
1914640
1914642
1914643
1914653
1914654
1914655
1914656
1914657
1914658
1914661
1914664
1914667
1914670
1914673
1914676
1914678
1914680
1914681
1914682
1914684
1914686
1914688
1914690
1914692
1914695
1914696
1914697
1914698
1914699
1914709
1914719
1914720
1914721
1914722
1914723
1914724
1914725
1914750
1914756
1914762
1914768
1914769
1914770
1914776
1914778
1914780
1914781
1914782
1914784
1914786
1914788
1914790
1914791
1914792
1914794
1914796
1914798
1914800
1914806
1914807
1914808
1914809
1914810
1914813
1914816
1914817
1914820
1914821
1914822
1914823
1914824
1914827
1914830
1914833
1914836
1914839
1914842
1914845
1914848
1914849
1914856
1914863
1914864
1914865
1914866
1914867
1914868
1914869
1914870
1914871
1914872
1914878
1914879
1914880
1914886
1914887
1914893
1914899
1914900
1914901
1914907
1914912
1914917
1914923
1914924
1914925
1914926
1914931
1914936
1914941
1914946
1914951
1914952
1914953
1914954
1914955
1914956
1914957
1914962
1914967
1914972
1914978
1914984
1914990
1914996
1915002
1915007
1915013
1915019
1915024
1915030
1915036
1915042
1915048
1915050
1915052
1915054
1915056
1915058
1915060
1915061
1915062
1915064
1915066
1915068
1915070
1915071
1915072
1915078
1915079
1915080
1915081
1915082
1915083
1915084
1915085
1915086
1915087
1915088
1915089
1915096
1915098
1915100
1915102
1915104
1915106
1915107
1915108
1915110
1915112
1915113
1915115
1915117
1915118
1915120
1915122
1915124
1915156
1915160
1915164
1915168
1915172
1915176
1915180
1915181
1915182
1915183
1915184
1915185
1915189
1915193
1915194
1915198
1915201
1915204
1915205
1915206
1915209
1915212
1915216
1915217
1915221
1915225
1915229
1915233
1915236
1915239
1915242
1915243
1915244
1915245
1915246
1915249
1915252
1915255
1915256
1915257
1915260
1915261
1915262
1915263
1915267
1915271
1915275
1915279
1915280
1915281
1915282
1915283
1915284
1915288
1915292
1915293
1915297
1915301
1915302
1915306
1915310
1915311
1915312
1915313
1915317
1915321
1915322
1915323
1915324
1915325
1915326
1915327
1915328
1915329
1915350
1915355
1915360
1915361
1915362
1915363
1915364
1915365
1915370
1915375
1915380
1915385
1915390
1915395
1915400
1915405
1915410
1915415
1915420
1915425
1915430
1915431
1915432
1915433
1915434
1915435
1915440
1915445
1915446
1915447
1915448
1915449
1915451
1915453
1915455
1915457
1915459
1915460
1915461
1915463
1915468
1915473
1915474
1915475
1915476
1915477
1915478
1915479
1915480
1915481
1915486
1915487
1915488
1915489
1915490
1915491
1915492
1915493
1915494
1915499
1915504
1915505
1915510
1915511
1915512
1915517
1915534
1915535
1915538
1915539
1915542
1915545
1915546
1915547
1915550
1915553
1915555
1915557
1915559
1915561
1915563
1915565
1915567
1915568
1915569
1915571
1915573
1915575
1915581
1915587
1915588
1915589
1915595
1915596
1915597
1915598
1915599
1915600
1915601
1915607
1915613
1915619
1915625
1915631
1915637
1915643
1915649
1915655
1915657
1915658
1915659
1915660
1915661
1915663
1915664
1915666
1915667
1915668
1915670
1915672
1915674
1915676
1915678
1915684
1915690
1915691
1915692
1915693
1915694
1915695
1915701
1915707
1915708
1915709
1915710
1915711
1915712
1915713
1915719
1915720
1915721
1915722
1915723
1915724
1915725
1915726
1915727
1915728
1915734
1915754
1915755
1915756
1915757
1915758
1915759
1915760
1915761
1915770
1915771
1915778
1915785
1915792
1915799
1915800
1915801
1915802
1915803
1915804
1915805
1915806
1915807
1915808
1915815
1915821
1915822
1915823
1915824
1915825
1915831
1915837
1915838
1915839
1915840
1915841
1915847
1915848
1915849
1915850
1915851
1915852
1915855
1915858
1915861
1915864
1915867
1915870
1915871
1915872
1915873
1915874
1915877
1915878
1915879
1915880
1915881
1915882
1915885
1915891
1915897
1915903
1915909
1915915
1915921
1915928
1915929
1915931
1915932
1915933
1915935
1915937
1915938
1915940
1915942
1915944
1915946
1915947
1915949
1915950
1915952
1915954
1915956
1915989
1915990
1915991
1915992
1915993
1915994
1915995
1915996
1915997
1915998
1915999
1916000
1916001
1916002
1916003
1916004
1916005
1916006
1916007
1916008
1916009
1916010
1916084
1916110
1916111
1916112
1916124
1916136
1916148
1916149
1916150
1916162
1916173
1916174
1916185
1916186
1916197
1916198
1916199
1916210
1916222
1916223
1916224
1916236
1916248
1916260
1916272
1916284
1916296
1916308
1916310
1916312
1916313
1916315
1916317
1916319
1916321
1916323
1916325
1916327
1916330
1916331
1916332
1916335
1916338
1916339
1916342
1916343
1916346
1916349
1916350
1916351
1916352
1916353
1916356
1916357
1916358
1916361
1916364
1916367
1916370
1916373
1916374
1916377
1916380
1916383
1916384
1916385
1916386
1916387
1916390
1916391
1916392
1916395
1916408
1916409
1916422
1916423
1916424
1916425
1916426
1916427
1916428
1916429
1916443
1916445
1916447
1916449
1916451
1916453
1916454
1916455
1916457
1916458
1916460
1916462
1916464
1916466
1916468
1916470
1916472
1916473
1916474
1916488
1916502
1916504
1916506
1916507
1916509
1916511
1916513
1916515
1916517
1916519
1916521
1916522
1916524
1916526
1916528
1916529
1916530
1916531
1916533
1916538
1916541
1916544
1916545
1916548
1916549
1916550
1916553
1916556
1916559
1916562
1916565
1916566
1916569
1916572
1916575
1916578
1916581
1916589
1916596
1916597
1916598
1916599
1916600
1916601
1916602
1916603
1916610
1916617
1916624
1916631
1916638
1916640
1916641
1916643
1916644
1916646
1916648
1916650
1916651
1916653
1916654
1916656
1916658
1916660
1916662
1916663
1916664
1916665
1916673
1916675
1916676
1916678
1916680
1916682
1916684
1916686
1916687
1916689
1916690
1916691
1916693
1916695
1916697
1916698
1916700
1916701
1916702
1916703
1916705
1916713
1916714
1916715
1916723
1916731
1916739
1916747
1916755
1916765
1916766
1916767
1916768
1916769
1916770
1916771
1916772
1916781
1916790
1916799
1916800
1916801
1916802
1916805
1916808
1916811
1916812
1916813
1916816
1916819
1916820
1916821
1916824
1916827
1916828
1916829
1916830
1916831
1916832
1916833
1916834
1916835
1916838
1916841
1916844
1916845
1916846
1916847
1916848
1916849
1916850
1916853
1916856
1916859
1916871
1916872
1916873
1916877
1916879
1916881
1916883
1916884
1916886
1916888
1916890
1916892
1916894
1916896
1916900
1916901
1916905
1916909
1916910
1916914
1916915
1916916
1916917
1916918
1916922
1916926
1916927
1916928
1916929
1916930
1916931
1916932
1916933
1916934
1916938
1916939
1916940
1916941
1916942
1916943
1916944
1916945
1916946
1916950
1916954
1916965
1916966
1916977
1916988
1916999
1917000
1917011
1917022
1917023
1917024
1917025
1917026
1917027
1917038
1917049
1917050
1917051
1917062
1917063
1917064
1917075
1917076
1917077
1917078
1917079
1917080
1917081
1917092
1917093
1917094
1917095
1917096
1917097
1917099
1917100
1917102
1917104
1917106
1917108
1917110
1917111
1917113
1917115
1917116
1917118
1917120
1917121
1917123
1917125
1917139
1917152
1917153
1917154
1917155
1917156
1917169
1917182
1917183
1917184
1917185
1917186
1917187
1917199
1917211
1917223
1917235
1917247
1917259
1917271
1917284
1917285
1917286
1917290
1917294
1917295
1917296
1917300
1917301
1917302
1917303
1917304
1917305
1917306
1917309
1917310
1917311
1917314
1917315
1917316
1917317
1917318
1917319
1917320
1917324
1917325
1917326
1917327
1917328
1917329
1917330
1917331
1917335
1917339
1917342
1917343
1917344
1917347
1917348
1917351
1917352
1917353
1917354
1917357
1917360
1917363
1917366
1917369
1917372
1917373
1917569
1917571
1917573
1917575
1917577
1917579
1917581
1917583
1917585
1917587
1917589
1917591
1917593
1917595
1917597
1917599
1917601
1917602
1917604
1917606
1917608
1917610
1917612
1917614
1917616
1917618
1917620
1917622
1917623
1917697
1917769
1917840
1917912
1917984
1917985
1917986
1917987
1917988
1917989
1917990
1917991
1917992
1917993
1917994
1917995
1917996
1918066
1918067
1918068
1918069
1918070
1918138
1918139
1918140
1918141
1918142
1918143
1918144
1918145
1918146
1918147
1918148
1918149
1918213
1918214
1918280
1918344
1918345
1918346
1925186
1925187
1925188
1925189
1925191
1925193
1925195
1925197
1925198
1925200
1925201
1925203
1925204
1925205
1925206
1925207
1925208
1925210
1925212
1925214
1925216
1925217
1925218
1925220
1925221
1925222
1925223
1925224
1925225
1925226
1925227
1925229
1925230
1925231
1925232
1925233
1925235
1925236
1925237
1925311
1925312
1925313
1925402
1925403
1925404
1925405
1925406
1925407
1925408
1925409
1925410
1925411
1925412
1925413
1925414
1925415
1925416
1925417
1925418
1925419
1925420
1925421
1925503
1925584
1925664
1925771
1925864
1925865
1925866
1925867
1925868
1925869
1925870
1925963
1926046
1926047
1926048
1926049
1926050
1926051
1926052
1926053
1926136
1926218
1926299
1926380
1926381
1926382
1926383
1926384
1926466
1926550
1926634
1926715
1926796
1926797
1926798
1926799
1926800
1926883
1927051
1927052
1927053
1927054
1927055
1927056
1927057
1927058
1927059
1927060
1927061
1927062
1927063
1927064
1927065
1927066
1927067
1927068
1927069
1927070
1927071
1927072
1927073
1927074
1927075
1927329
1927330
1927331
1927332
1927333
1927334
1927335
1927336
1927337
1927338
1927515
1927516
1927517
1927518
1927519
1927520
1927521
1927522
1927523
1927722
1927898
1928077
1928249
1928412
1928577
1928736
1928737
1928738
1928739
1928740
1928741
1928742
1928743
1928744
1928745
1928746
1928747
1929092
1929336
1929337
1929338
1929339
1929340
1929341
1929342
1929343
1929590
1931199
1931200
1931201
1931202
1931203
1931204
1931205
1931206
1931207
1931211
1931212
1931213
1931214
1931215
1931216
1931217
1931218
1931219
1931223
1931225
1931226
1931227
1931228
1931230
1931232
1931233
1931235
1931237
1931239
1931241
1931243
1931244
1931248
1931249
1931250
1931251
1931252
1931256
1931257
1931258
1931259
1931260
1931261
1931265
1931267
1931269
1931271
1931273
1931275
1931277
1931278
1931280
1931281
1931283
1931285
1931287
1931291
1931295
1931296
1931297
1931301
1931302
1931303
1931505
1931506
1931507
1931508
1931509
1931510
1931511
1931512
1931513
1931514
1931515
1931516
1931517
1931518
1931519
1931520
1931521
1931522
1931523
1931524
1931808
1932064
1932314
1932568
1932569
1932570
1932571
1932845
1933071
1933299
1933667
1933965
1934264
1934265
1934486
1934487
1934726
1934950
1934951
1934952
1935182
1935773
1935825
1935826
1935827
1935828
1935829
1935830
1935831
1935883
1935938
1935982
1935983
1935984
1935985
1936039
1936040
1936041
1936042
1936043
1936044
1936045
1936099
1936156
1936211
1936284
1936387
1936388
1936389
1936390
1936391
1936392
1936393
1936394
1936395
1936396
1936397
1937724
1938145
1938534
1938928
1938929
1939443
1939982
1940700
1940701
1940702
1940703
1940704
1940705
1940706
1940707
1940708
1940709
1940710
1940711
1940712
1940713
1940714
1940715
1940716
1940717
1940718
1940719
1940720
1941256
1941752
1941753
1942030
1942302
1942303
1942574
1942575
1942958
1943957
1943958
1943959
1944150
1944342
1944378
1944379
1944380
1944381
1944382
1944383
1944384
1944385
1944386
1944387
1944388
1944424
1944425
1944462
1944502
1944503
1944504
1944505
1944506
1944507
1944508
1944509
1944510
1944693
1944694
1944695
1944696
1944697
1944698
1944699
1944700
1944701
1944702
1944703
1944704
1944705
1944788
1944789
1944790
1944874
1944875
1944876
1944960
1944961
1945038
1945115
1945193
1945194
1945195
1945196
1945197
1945198
1945199
1945200
1945201
1945202
1945203
1945204
1945205
1945206
1945207
1945208
1945209
1945210
1945211
1945212
1945213
1945303
1945392
1945481
1945570
1945659
1945746
1945834
1946240
1946595
1946950
1946951
1946952
1946953
1946954
1946955
1947338
1947720
1948194
1948195
1948196
1948197
1948198
1948199
1948200
1948201
1948202
1948203
1948204
1948205
1948206
1948207
1948208
1948209
1948210
1948211
1948476
1948750
1948751
1948752
1948753
1950587
1950590
1950591
1950592
1950593
1950594
1950597
1950600
1950603
1950606
1950609
1950612
1950615
1950618
1950621
1950624
1950627
1950628
1950629
1950630
1950631
1950632
1950633
1950634
1950635
1950638
1950641
1950644
1950647
1950648
1950649
1950652
1950655
1950658
1950661
1950664
1950666
1950668
1950670
1950672
1950674
1950676
1950678
1950680
1950683
1950686
1950689
1950985
1951237
1951484
1951485
1951605
1951606
1951725
1951860
1951861
1951862
1951863
1951864
1951865
1951866
1951867
1952137
1952312
1952313
1952314
1952490
1952680
1952848
1952965
1953082
1953199
1953316
1953458
1954722
1954723
1954724
1954725
1955953
1956542
1956543
1957114
1957577
1958045
1958511
1958979
1959442
1960038
1960039
1960619
1960620
1960621
1960622
1960623
1961700
1963020
1963130
1963221
1963222
1963223
1963224
1963225
1963226
1963227
1963228
1963229
1963230
1963231
1963232
1963233
1963234
1963235
1963236
1963237
1963238
1963239
1963240
1963241
1963242
1963243
1963244
1963245
1963246
1963247
1963248
1963249
1963250
1963251
1963252
1963253
1963254
1963339
1963340
1963341
1963426
1963515
1963604
1963693
1963804
1963900
1963901
1963902
1963903
1963904
1963905
1963906
1963907
1963908
1963909
1963910
1964349
1964679
1964680
1964681
1964682
1964941
1965169
1965170
1965395
1965396
1965397
1965729
1966043
1966358
1966680
1966681
1966682
1966683
1967050
1967051
1967052
1967666
1967667
1967668
1967669
1967670
1967671
1967672
1967673
1967674
1967675
1967712
1967713
1967714
1967715
1967716
1967753
1967754
1967755
1967795
1967831
1967867
1967903
1967939
1967975
1968011
1968046
1968081
1968117
1968153
1968189
1968190
1968191
1968231
1968233
1968235
1968237
1968239
1968241
1968243
1968245
1968246
1968247
1968248
1968250
1968252
1968254
1968256
1968258
1968260
1968262
1968264
1968266
1968267
1968268
1968270
1968271
1968272
1968273
1968275
1968277
1968279
1968281
1968283
1968285
1968287
1968289
1968328
1968366
1968402
1968438
1968439
1968440
1968477
1968514
1968515
1968551
1968590
1968591
1968592
1968593
1969578
1969583
1969584
1969589
1969590
1969595
1969596
1969601
1969606
1969607
1969608
1969609
1969610
1969611
1969612
1969613
1969614
1969615
1969616
1969621
1969626
1969631
1969632
1969633
1969634
1969639
1969644
1969649
1969654
1969655
1969656
1969657
1969658
1969659
1969664
1969665
1969666
1969667
1969668
1969669
1969670
1969671
1969672
1969673
1969678
1969683
1969688
1969693
1969698
1969699
1969700
1969705
1969706
1969707
1969708
1969710
1969712
1969714
1969716
1969718
1969720
1969722
1969724
1969726
1969728
1969730
1969732
1969733
1969738
1969739
1969740
1969742
1969743
1969744
1969745
1969746
1969748
1969750
1969752
1969754
1969755
1969756
1969758
1969784
1969787
1969790
1969793
1969796
1969797
1969798
1969799
1969802
1969805
1969808
1969811
1969814
1969817
1969820
1969823
1969826
1969827
1969828
1969829
1969830
1969833
1969836
1969837
1969838
1969839
1969840
1969841
1969842
1969843
1969846
1969848
1969850
1969852
1969854
1969856
1969857
1969859
1969860
1969861
1969862
1969865
1969866
1969867
1969868
1969869
1969872
1969875
1970040
1970102
1970164
1970165
1970166
1970167
1970168
1970169
1970229
1970284
1970341
1970404
1970463
1970526
1970589
1970654
1970655
1970656
1970720
1970721
1970785
1970858
1970929
1970998
1971047
1971097
1971146
1971196
1971197
1971198
1971199
1971200
1971201
1971202
1971203
1971204
1971205
1971279
1971280
1971281
1971282
1971283
1971284
1971285
1971286
1971287
1971288
1971289
1971290
1971291
1971374
1971375
1971376
1971377
1971378
1971379
1971380
1971381
1971382
1971383
1971384
1971385
1971386
1971387
1971388
1971389
1971390
1971391
1971392
1971393
1971557
1971585
1971586
1971614
1971642
1971670
1971671
1971699
1971700
1971701
1971731
1971732
1971733
1971734
1971764
1971794
1971833
1971834
1971835
1971836
1971837
1971838
1971839
1971840
1971841
1971842
1971843
1971844
1971845
1971846
1971847
1971881
1971882
1971883
1971884
1971885
1971886
1971887
1971888
1971889
1971890
1971891
1971892
1971922
1971923
1971924
1971925
1971947
1971969
1971991
1972014
1972035
1972056
1972077
1972098
1972099
1972120
1972121
1972142
1972163
1972184
1972206
1972228
1972229
1972230
1972231
1972253
1972275
1972276
1972277
1972278
1972281
1972284
1972287
1972288
1972289
1972290
1972293
1972294
1972295
1972296
1972297
1972298
1972299
1972302
1972305
1972308
1972309
1972310
1972313
1972314
1972315
1972316
1972317
1972318
1972319
1972320
1972321
1972324
1972344
1972345
1972365
1972366
1972387
1972407
1972408
1972409
1972429
1972449
1972469
1972470
1972471
1972498
1972524
1972550
1972576
1972635
1972637
1972638
1972640
1972642
1972644
1972646
1972647
1972648
1972650
1972652
1972654
1972656
1972658
1972665
1972666
1972667
1972668
1972669
1972670
1972671
1972672
1972678
1972679
1972680
1972681
1972682
1972683
1972684
1972690
1972696
1972702
1972708
1972714
1972715
1972716
1972717
1972718
1972724
1972730
1972731
1972732
1972733
1972734
1972735
1972736
1972742
1972748
1972754
1972760
1972766
1972772
1972773
1972774
1972775
1972776
1972777
1972778
1972779
1972780
1972786
1972787
1972793
1972794
1972800
1972806
1972812
1972818
1972819
1972825
1972826
1972832
1972838
1972844
1972850
1972851
1972852
1972859
1972860
1972861
1972862
1972863
1972917
1972918
1972919
1972965
1972966
1972967
1972968
1972969
1972970
1972971
1972972
1972973
1973019
1973057
1973058
1973059
1973060
1973061
1973062
1973063
1973064
1973065
1973066
1973067
1973105
1973558
1974143
1974144
1974145
1974146
1974147
1974441
1974604
1974605
1974606
1974607
1974608
1974609
1974610
1974611
1974612
1974613
1974614
1974615
1974616
1974617
1974618
1974619
1974620
1974621
1974776
1974926
1974927
1975109
1975290
1975471
1975692
1975693
1975694
1975695
1975696
1975697
1975698
1975699
1975700
1975701
1975702
1975703
1975704
1975705
1975706
1975707
1975708
1975983
1975984
1976210
1976211
1976212
1976213
1976214
1976215
1976216
1976217
1976218
1976219
1976220
1976221
1976222
1976350
1976558
1977081
1977082
1977083
1977084
1977085
1977086
1977087
1977099
1977100
1977101
1977102
1977103
1977104
1977105
1977106
1977107
1977111
1977112
1977113
1977114
1977115
1977116
1977117
1977121
1977125
1977129
1977133
1977134
1977135
1977136
1977140
1977141
1977142
1977143
1977144
1977148
1977149
1977150
1977151
1977152
1977153
1977157
1977158
1977159
1977160
1977161
1977174
1977175
1977176
1977177
1977188
1977189
1977190
1977191
1977192
1977193
1977199
1977200
1977201
1977202
1977203
1977204
1977205
1977208
1977211
1977212
1977213
1977214
1977217
1977220
1977223
1977224
1977225
1977228
1977229
1977230
1977231
1977232
1977235
1977241
1977247
1977253
1977259
1977260
1977266
1977275
1977276
1977277
1977278
1977279
1977280
1977281
1977282
1977283
1977284
1977285
1977290
1977292
1977293
1977294
1977295
1977297
1977299
1977300
1977301
1977303
1977304
1977307
1977308
1977309
1977310
1977311
1977312
1977313
1977314
1977319
1977331
1977343
1977344
1977345
1977346
1977358
1977370
1977371
1977372
1977373
1977374
1977375
1977376
1977388
1977400
1977412
1977413
1977432
1978533
1978921
1978922
1978923
1979256
1979586
1979587
1979588
1979922
1979923
1980209
1980210
1980211
1980212
1980213
1980214
1980215
1980216
1980217
1980218
1980219
1980220
1980221
1980222
1980223
1980224
1980225
1980226
1980227
1980228
1980229
1980230
1980231
1980232
1980233
1980234
1980235
1980236
1980237
1980474
1980475
1980672
1980875
1980876
1980877
1981091
1981408
1981409
1981411
1981412
1981413
1981414
1981416
1981417
1981419
1981421
1981423
1981425
1981427
1981429
1981431
1981435
1981437
1981439
1981441
1981443
1981444
1981446
1981448
1981450
1981452
1981454
1981456
1981457
1981461
1981465
1981466
1981467
1981471
1981475
1981476
1981477
1981478
1981479
1981483
1981484
1981488
1981492
1981493
1981497
1981501
1981505
1981506
1981510
1981511
1981515
1981516
1981517
1981518
1981519
1981523
1981524
1981525
1981526
1981527
1981528
1981529
1981530
1981531
1981535
1981536
1981537
1981538
1981539
1981540
1981541
1981546
1981548
1981550
1981552
1981554
1981555
1981556
1981557
1981558
1981560
1981562
1981564
1981566
1981568
1981573
1981575
1981577
1981578
1981580
1981582
1981584
1981586
1981588
1981590
1981592
1981593
1981594
1981595
1981597
1981599
1981600
1981968
1981969
1982289
1982290
1982291
1982292
1982293
1982294
1982295
1982296
1982297
1982298
1982299
1982300
1982301
1982646
1982647
1982648
1982649
1982650
1982651
1982652
1982653
1982654
1982655
1982656
1982657
1982658
1982659
1982660
1982661
1982977
1982978
1982979
1982980
1983266
1983551
1983830
1984119
1984402
1984682
1984996
1984997
1984998
1984999
1985000
1985515
1985516
1985517
1985518
1985519
1985520
1985521
1985522
1985523
1985524
1985581
1985582
1985583
1985584
1985587
1985589
1985590
1985591
1985592
1985593
1985595
1985596
1985598
1985600
1985602
1985604
1985607
1985611
1985615
1985616
1985617
1985621
1985622
1985623
1985624
1985625
1985626
1985633
1985639
1985640
1985641
1985642
1985643
1985649
1985655
1985661
1985667
1985668
1985669
1985670
1985676
1985682
1985688
1985694
1985695
1985696
1985697
1985702
1985707
1985708
1985713
1985714
1985720
1985726
1985732
1985738
1985739
1985740
1985741
1985747
1985748
1985749
1985750
1985757
1985761
1985765
1985769
1985770
1985771
1985772
1985773
1985774
1985775
1985776
1985780
1985784
1985788
1985789
1985790
1985791
1985792
1985793
1985794
1985795
1985799
1985800
1985801
1985802
1985803
1985804
1986151
1986153
1986155
1986157
1986158
1986159
1986161
1986163
1986165
1986166
1986167
1986168
1986170
1986172
1986174
1986176
1986178
1986180
1986182
1986184
1986186
1986188
1986190
1986192
1986194
1986196
1986198
1986200
1986202
1986204
1986206
1986208
1986210
1986212
1986214
1986216
1986217
1986218
1986219
1986221
1986223
1986544
1986545
1986546
1986547
1986548
1986549
1987092
1987172
1987252
1987253
1987254
1987255
1987332
1987413
1987414
1987415
1987416
1987417
1987418
1987419
1987420
1987421
1987422
1987423
1987496
1987570
1987643
1987716
1987789
1987862
1988015
1988094
1988174
1988175
1988176
1988177
1988178
1988179
1988180
1988181
1988182
1988183
1988184
1988185
1988186
1988261
1988342
1988343
1988352
1988361
1988362
1988363
1988372
1988373
1988374
1988383
1988392
1988393
1988394
1988403
1988404
1988405
1988414
1988423
1988432
1988433
1988434
1988443
1988452
1988461
1988470
1988479
1988487
1988488
1988489
1988497
1988505
1988515
1988516
1988517
1988518
1988519
1988520
1988521
1988522
1988523
1988533
1988543
1988544
1988545
1988547
1988548
1988549
1988551
1988553
1988555
1988556
1988557
1988559
1988561
1988563
1988565
1988567
1988569
1988571
1988572
1988573
1988583
1988584
1988670
1988671
1988672
1988748
1988749
1988750
1988751
1988752
1988753
1988754
1988755
1988756
1988783
1988784
1988785
1988786
1988787
1988814
1988815
1988842
1988868
1988869
1988953
1988954
1988955
1988956
1989039
1989040
1989041
1989042
1989043
1989118
1989193
1989194
1989195
1989196
1989271
1995994
1995995
1995996
1995997
1995998
1995999
1996000
1996001
1996002
1996003
1996004
1996005
1996006
1996007
1996008
1996009
1996010
1996011
1996012
1996165
1996166
1996261
1996356
1996451
1996452
1996453
1996454
1996549
1996550
1996551
1996552
1996553
1996554
1996555
1996556
1996630
1996631
1996704
1996705
1996706
1996707
1996708
1996796
1996875
1996952
1996953
1997027
1997100
1997171
1997244
1997323
1997411
1997578
1997579
1997580
1997581
1997582
1997583
1997584
1997585
1997586
1997587
1997640
1997692
1997746
1997747
1997748
1997801
1997802
1997803
1997855
1997907
1997959
1998008
1998009
1998057
1998105
1998155
1998207
1998259
1998313
1998314
1998315
1999011
1999315
1999620
1999623
1999626
1999629
1999632
1999633
1999636
1999639
1999640
1999643
1999646
1999647
1999648
1999649
1999652
1999655
1999658
1999661
1999662
1999665
1999668
1999671
1999672
1999673
1999676
1999677
1999678
1999681
1999684
1999685
1999686
1999689
1999690
1999691
1999692
1999693
1999696
1999699
1999702
1999703
1999706
1999709
1999712
1999715
1999716
1999719
1999720
1999873
1999874
1999970
2000066
2000067
2000068
2000069
2000173
2000174
2000175
2000260
2000261
2000262
2000263
2000264
2000353
2000439
2000440
2000441
2000442
2000516
2000588
2000650
2000711
2000772
2000843
2000844
2000930
2001122
2001123
2001253
2001391
2001557
2001558
2001559
2001560
2001734
2001735
2001736
2001737
2001738
2001739
2001740
2001741
2001742
2001743
2001920
2001921
2001922
2001923
2001924
2001925
2001926
2001927
2001928
2001929
2001930
2001931
2001932
2002010
2002012
2002013
2002015
2002017
2002018
2002019
2002021
2002023
2002025
2002027
2002029
2002030
2002031
2002033
2002034
2002035
2002037
2002039
2002041
2002042
2002044
2002046
2002048
2002050
2002052
2002054
2002056
2002057
2002058
2002060
2002062
2002063
2002065
2002067
2002068
2002069
2002070
2002071
2002073
2002075
2002077
2002079
2002081
2002082
2002083
2002085
2002087
2002088
2002090
2002092
2002094
2002096
2002097
2002098
2002099
2002101
2002102
2002104
2002106
2002108
2002110
2002112
2002114
2002115
2002116
2002118
2002120
2002122
2002124
2002126
2003022
2003023
2003024
2003025
2003026
2003027
2003028
2003029
2003287
2003288
2003289
2003290
2003291
2003536
2003785
2003786
2003787
2003788
2003789
2004079
2004315
2004546
2004801
2004802
2004803
2004804
2004805
2004806
2004807
2004808
2004809
2004810
2004811
2004812
2004813
2004814
2005073
2005331
2005612
2005754
2005844
2005845
2005846
2005847
2005848
2005940
2005941
2005942
2005943
2005944
2005945
2006152
2006153
2006154
2006155
2006156
2006157
2006359
2006669
2006671
2006673
2006675
2006677
2006678
2006679
2006680
2006681
2006682
2006683
2006684
2006685
2006686
2006687
2006688
2006689
2006690
2006691
2006692
2006693
2006694
2006695
2006696
2006697
2006698
2006699
2006778
2006857
2006858
2006859
2006860
2006861
2006862
2006863
2006864
2006865
2006944
2007034
2007102
2007103
2007168
2007169
2007234
2007299
2007367
2007435
2007503
2007573
2007643
2007849
2007850
2007851
2007852
2007853
2007854
2007855
2007856
2007857
2007858
2007859
2007860
2008050
2008239
2008444
2008445
2008446
2008640
2008825
2008962
2009094
2009226
2009358
2009495
2009669
2009865
2010006
2010149
2010274
2010398
2010645
2010646
2010882
2011089
2011296
2011297
2011298
2011501
2011502
2011503
2011709
2011913
2011914
2011915
2011916
2012204
2012205
2012206
2012207
2012208
2012209
2012210
2012211
2012212
2012213
2012214
2012215
2012216
2012217
2012218
2012219
2012220
2012221
2012222
2012377
2012378
2012528
2012718
2012719
2012720
2012721
2013088
2013089
2013090
2013391
2013649
2013910
2014173
2014174
2014438
2014732
2014733
2016374
2017316
2017318
2017320
2017322
2017323
2017325
2017327
2017328
2017330
2017331
2017332
2017333
2017335
2017336
2017337
2017338
2017340
2017342
2017343
2017345
2017347
2017349
2017351
2017353
2017355
2017357
2017358
2017359
2017360
2017361
2017362
2017363
2017365
2017366
2017367
2017368
2017370
2017371
2017373
2017375
2017377
2017379
2017381
2017383
2017385
2017802
2017994
2017995
2017996
2018189
2018191
2018192
2018193
2018194
2018195
2018197
2018198
2018199
2018200
2018201
2018203
2018204
2018206
2018207
2018208
2018209
2018211
2018213
2018214
2018215
2018216
2018218
2018220
2018221
2018222
2018223
2018224
2018226
2018227
2018228
2018229
2018230
2018232
2018234
2018236
2018238
2018239
2018240
2018242
2018244
2018246
2018248
2018249
2018251
2018253
2018255
2018257
2018603
2018874
2018875
2019148
2019149
2019425
2019426
2019427
2019428
2019429
2019430
2019613
2019745
2019874
2020004
2020005
2020135
2020316
2020519
2020687
2020688
2020689
2020690
2020691
2020692
2020693
2020694
2020695
2020696
2020697
2020698
2021300
2021364
2021365
2021366
2021432
2021433
2021499
2021500
2021503
2021504
2021505
2021506
2021509
2021510
2021511
2021512
2021513
2021514
2021517
2021519
2021521
2021523
2021525
2021527
2021528
2021529
2021530
2021531
2021533
2021535
2021536
2021537
2021538
2021539
2021541
2021543
2021544
2021545
2021548
2021549
2021550
2021553
2021554
2021557
2021560
2021561
2021564
2021567
2021570
2021571
2021633
2021634
2021635
2021695
2021755
2021756
2021814
2021874
2021936
2021937
2021938
2021939
2021940
2021941
2021942
2021993
2022041
2022554
2022555
2022915
2023246
2023585
2023586
2023928
2024287
2024659
2024660
2024661
2025076
2025491
2025897
2025898
2026309
2026310
2026745
2026747
2026749
2026751
2026753
2026754
2026755
2026756
2026758
2026760
2026762
2026764
2026765
2026767
2026769
2026771
2026772
2026773
2026775
2026777
2026778
2026779
2026781
2026783
2026784
2026786
2026788
2026790
2026791
2026793
2026795
2026797
2026798
2026799
2026800
2026802
2026803
2026804
2026805
2026806
2026808
2026809
2027730
2028536
2029259
2029983
2030711
2031533
2032362
2032618
2032873
2033136
2033394
2033395
2033396
2033397
2033657
2033951
2034063
2034064
2034065
2034066
2034067
2034068
2034069
2034070
2034071
2034072
2034073
2034183
2034184
2034185
2034186
4281174
4332768
4351954
4365122
4373192
4381685
4381686
4402615
4447881
4520328
4523532
4523533
4523534
4526331
4528994
4532200
4692826
4789074
4842407
4908328
